id,width,height,megapixels,aspect_ratio,brightness,contrast,hue_mean,sat_mean,val_mean
train_0001.jpg,720,960,0.6912,0.75,0.27,0.1643,19.0143,0.3893,0.334
train_0002.jpg,720,960,0.6912,0.75,0.4086,0.1908,313.0755,0.1193,0.4358
train_0003.jpg,720,960,0.6912,0.75,0.5299,0.2366,60.1827,0.2626,0.5696
train_0004.jpg,720,960,0.6912,0.75,0.5007,0.2268,214.0408,0.084,0.5205
train_0005.jpg,960,720,0.6912,1.3333,0.5049,0.2111,158.8972,0.1462,0.5296
train_0006.jpg,960,720,0.6912,1.3333,0.6073,0.2197,26.6807,0.1028,0.6272
train_0007.jpg,720,960,0.6912,0.75,0.4357,0.1845,63.3228,0.2098,0.4649
train_0008.jpg,720,960,0.6912,0.75,0.4959,0.2042,263.4304,0.2036,0.561
train_0009.jpg,720,960,0.6912,0.75,0.4507,0.2329,209.1963,0.3487,0.5458
train_0010.jpg,720,960,0.6912,0.75,0.5215,0.2264,10.8446,0.1047,0.5533
train_0011.jpg,720,960,0.6912,0.75,0.569,0.2539,38.4485,0.1093,0.5908
train_0012.jpg,720,960,0.6912,0.75,0.5281,0.1447,184.1178,0.1276,0.5589
train_0013.jpg,720,960,0.6912,0.75,0.3262,0.1438,31.3848,0.2408,0.3599
train_0014.jpg,720,960,0.6912,0.75,0.4963,0.2545,17.0613,0.1806,0.5403
train_0015.jpg,960,720,0.6912,1.3333,0.4666,0.2535,31.5111,0.1273,0.4923
train_0016.jpg,720,960,0.6912,0.75,0.3964,0.2852,54.8455,0.1952,0.4373
train_0017.jpg,1280,720,0.9216,1.7778,0.2961,0.1697,232.6548,0.2624,0.3692
train_0018.jpg,720,960,0.6912,0.75,0.5004,0.2638,33.3871,0.3319,0.5826
train_0019.jpg,1280,720,0.9216,1.7778,0.4546,0.2654,53.4473,0.4087,0.5442
train_0020.jpg,720,1280,0.9216,0.5625,0.5061,0.2104,29.5402,0.2718,0.5632
train_0021.jpg,960,720,0.6912,1.3333,0.5406,0.2547,197.8889,0.1766,0.6001
train_0022.jpg,1700,720,1.224,2.3611,0.473,0.2082,224.6686,0.2542,0.5489
train_0023.jpg,960,720,0.6912,1.3333,0.6171,0.2462,214.5222,0.2016,0.6927
train_0025.jpg,960,720,0.6912,1.3333,0.5178,0.1654,298.1956,0.0941,0.5446
train_0026.jpg,720,1279,0.9209,0.5629,0.4403,0.2184,193.8259,0.2129,0.4895
train_0027.jpg,720,960,0.6912,0.75,0.6831,0.1096,72.049,0.0263,0.6885
train_0028.jpg,720,1280,0.9216,0.5625,0.4664,0.2146,42.9101,0.3845,0.5405
train_0029.jpg,720,960,0.6912,0.75,0.4411,0.2064,33.6472,0.3061,0.5075
train_0030.jpg,720,720,0.5184,1.0,0.4248,0.2017,341.9174,0.0905,0.4416
train_0032.jpg,960,720,0.6912,1.3333,0.3591,0.2123,58.9695,0.2038,0.3856
train_0033.jpg,720,960,0.6912,0.75,0.4653,0.2407,355.2833,0.1091,0.4944
train_0034.jpg,960,720,0.6912,1.3333,0.4354,0.217,211.7789,0.3236,0.5465
train_0035.jpg,960,720,0.6912,1.3333,0.3601,0.2692,358.7789,0.3293,0.4251
train_0036.jpg,720,960,0.6912,0.75,0.415,0.2586,357.0089,0.2752,0.495
train_0037.jpg,720,720,0.5184,1.0,0.4898,0.2992,17.0448,0.2536,0.5588
train_0038.jpg,720,960,0.6912,0.75,0.563,0.2074,148.6819,0.2064,0.6038
train_0039.jpg,720,1558,1.1218,0.4621,0.5052,0.2868,23.5258,0.1296,0.5238
train_0040.jpg,720,960,0.6912,0.75,0.483,0.1872,5.7998,0.2907,0.56
train_0041.jpg,720,960,0.6912,0.75,0.6025,0.2072,193.8426,0.1167,0.6243
train_0042.jpg,720,960,0.6912,0.75,0.4019,0.2763,229.6558,0.4828,0.5608
train_0043.jpg,960,720,0.6912,1.3333,0.5414,0.1917,15.3712,0.0936,0.5647
train_0044.jpg,720,960,0.6912,0.75,0.2559,0.2395,353.7804,0.2884,0.2859
train_0045.jpg,720,960,0.6912,0.75,0.324,0.2478,24.7354,0.2044,0.3666
train_0046.jpg,720,960,0.6912,0.75,0.5383,0.2447,28.2194,0.2396,0.5968
train_0047.jpg,960,720,0.6912,1.3333,0.5019,0.2494,11.9923,0.2341,0.5353
train_0048.jpg,720,720,0.5184,1.0,0.5387,0.1862,332.6728,0.2297,0.6002
train_0050.jpg,720,960,0.6912,0.75,0.5028,0.2159,4.0521,0.0756,0.5162
train_0051.jpg,960,720,0.6912,1.3333,0.4904,0.2409,55.564,0.3834,0.5595
train_0052.jpg,720,960,0.6912,0.75,0.5813,0.1691,48.4057,0.0972,0.5998
train_0053.jpg,720,960,0.6912,0.75,0.5318,0.2283,62.7832,0.2009,0.5735
train_0054.jpg,720,960,0.6912,0.75,0.5089,0.1965,186.1331,0.2218,0.5719
train_0055.jpg,720,960,0.6912,0.75,0.545,0.2962,54.4221,0.2927,0.5922
train_0056.jpg,1280,720,0.9216,1.7778,0.5122,0.2408,215.2834,0.2387,0.5774
train_0057.jpg,720,960,0.6912,0.75,0.4475,0.2094,52.1684,0.0674,0.4547
train_0058.jpg,1280,720,0.9216,1.7778,0.4683,0.2282,236.6247,0.1634,0.5175
train_0059.jpg,720,960,0.6912,0.75,0.3642,0.2135,13.1589,0.2367,0.4233
train_0060.jpg,960,720,0.6912,1.3333,0.384,0.218,133.135,0.2236,0.4215
train_0061.jpg,720,960,0.6912,0.75,0.4654,0.2233,286.103,0.1641,0.5109
train_0062.jpg,720,960,0.6912,0.75,0.5056,0.112,37.621,0.3866,0.5973
train_0064.jpg,720,960,0.6912,0.75,0.5419,0.126,44.1592,0.1665,0.5713
train_0066.jpg,720,960,0.6912,0.75,0.4406,0.2739,218.6975,0.2132,0.5027
train_0067.jpg,720,960,0.6912,0.75,0.5779,0.2523,206.8346,0.1163,0.613
train_0068.jpg,720,960,0.6912,0.75,0.4789,0.2251,139.9068,0.2882,0.5433
train_0069.jpg,960,720,0.6912,1.3333,0.4564,0.2333,195.6223,0.2868,0.5168
train_0070.jpg,720,960,0.6912,0.75,0.5165,0.2121,28.9434,0.0975,0.538
train_0071.jpg,720,960,0.6912,0.75,0.6123,0.1911,34.4262,0.1566,0.6479
train_0073.jpg,849,720,0.6113,1.1792,0.7032,0.1447,36.6582,0.1385,0.7392
train_0074.jpg,720,960,0.6912,0.75,0.5532,0.19,27.1203,0.18,0.5958
train_0078.jpg,960,720,0.6912,1.3333,0.4703,0.1891,31.0623,0.1494,0.498
train_0079.jpg,1542,720,1.1102,2.1417,0.5681,0.3303,222.5583,0.1031,0.5899
train_0081.jpg,960,720,0.6912,1.3333,0.4224,0.1883,93.4589,0.1769,0.4647
train_0082.jpg,720,960,0.6912,0.75,0.5703,0.1718,332.1139,0.1451,0.6248
train_0083.jpg,960,720,0.6912,1.3333,0.5943,0.1797,359.5774,0.1024,0.6199
train_0084.jpg,720,960,0.6912,0.75,0.3205,0.2285,345.4819,0.2896,0.3803
train_0085.jpg,960,720,0.6912,1.3333,0.3897,0.2123,169.3041,0.3279,0.4495
train_0086.jpg,720,960,0.6912,0.75,0.6907,0.2133,34.0391,0.0619,0.7052
train_0087.jpg,720,960,0.6912,0.75,0.5002,0.2318,114.5922,0.1738,0.5235
train_0089.jpg,720,960,0.6912,0.75,0.4937,0.1976,37.3323,0.2385,0.5318
train_0090.jpg,1138,720,0.8194,1.5806,0.3685,0.2135,206.378,0.2488,0.4127
train_0091.jpg,720,960,0.6912,0.75,0.4816,0.2285,214.4081,0.2836,0.5699
train_0092.jpg,960,720,0.6912,1.3333,0.3796,0.2478,36.8513,0.1933,0.4108
train_0093.jpg,720,720,0.5184,1.0,0.5543,0.1505,41.7683,0.15,0.5838
train_0094.jpg,960,720,0.6912,1.3333,0.5456,0.1998,329.1008,0.1776,0.5992
train_0095.jpg,720,960,0.6912,0.75,0.5542,0.2237,37.157,0.1886,0.5969
train_0096.jpg,720,1279,0.9209,0.5629,0.4926,0.2098,25.8845,0.2412,0.5491
train_0097.jpg,720,960,0.6912,0.75,0.4453,0.1798,259.3216,0.2736,0.5163
train_0099.jpg,720,960,0.6912,0.75,0.2174,0.2167,62.3094,0.351,0.2485
train_0100.jpg,720,960,0.6912,0.75,0.4823,0.2403,248.1031,0.2429,0.5454
train_0101.jpg,720,960,0.6912,0.75,0.4531,0.2671,41.343,0.3534,0.5161
train_0102.jpg,720,960,0.6912,0.75,0.5795,0.2286,38.7113,0.3533,0.6407
train_0103.jpg,720,960,0.6912,0.75,0.457,0.1865,45.8903,0.1886,0.4892
train_0104.jpg,720,960,0.6912,0.75,0.419,0.2392,7.4652,0.3326,0.5129
train_0105.jpg,720,960,0.6912,0.75,0.4727,0.2371,345.785,0.1784,0.5198
train_0106.jpg,720,960,0.6912,0.75,0.4855,0.2572,188.3093,0.0594,0.4964
train_0107.jpg,960,720,0.6912,1.3333,0.4167,0.271,34.4972,0.4298,0.5002
train_0108.jpg,720,960,0.6912,0.75,0.1476,0.1294,252.1561,0.3433,0.1997
train_0110.jpg,720,1279,0.9209,0.5629,0.4716,0.201,21.8433,0.3077,0.5476
train_0111.jpg,960,720,0.6912,1.3333,0.5011,0.2233,57.3205,0.106,0.5172
train_0113.jpg,720,960,0.6912,0.75,0.376,0.282,217.5195,0.478,0.4872
train_0114.jpg,960,720,0.6912,1.3333,0.5167,0.2028,27.4219,0.2388,0.5853
train_0115.jpg,720,960,0.6912,0.75,0.557,0.1693,203.7578,0.1176,0.5907
train_0116.jpg,1082,720,0.779,1.5028,0.4649,0.2446,42.6441,0.2137,0.4996
train_0117.jpg,720,960,0.6912,0.75,0.4947,0.2186,61.414,0.1932,0.5381
train_0118.jpg,720,960,0.6912,0.75,0.5958,0.2102,9.0909,0.1968,0.6508
train_0119.jpg,720,960,0.6912,0.75,0.4403,0.1685,34.706,0.3507,0.5091
train_0120.jpg,720,1279,0.9209,0.5629,0.5781,0.2161,44.9699,0.1267,0.6042
train_0121.jpg,720,960,0.6912,0.75,0.4383,0.2409,44.3546,0.1386,0.4611
train_0122.jpg,720,960,0.6912,0.75,0.4153,0.2352,38.6047,0.2807,0.4643
train_0123.jpg,720,960,0.6912,0.75,0.5851,0.2637,65.507,0.2579,0.6251
train_0124.jpg,720,735,0.5292,0.9796,0.576,0.2728,97.4844,0.1167,0.5918
train_0125.jpg,720,960,0.6912,0.75,0.4117,0.1808,22.9929,0.2436,0.4577
train_0126.jpg,720,1558,1.1218,0.4621,0.5307,0.2021,53.2332,0.2108,0.571
train_0127.jpg,720,960,0.6912,0.75,0.3431,0.1997,84.5445,0.2064,0.3825
train_0130.jpg,720,1282,0.923,0.5616,0.505,0.1922,105.7562,0.3291,0.5909
train_0131.jpg,720,960,0.6912,0.75,0.4361,0.2295,33.528,0.3055,0.5119
train_0132.jpg,720,1280,0.9216,0.5625,0.2745,0.1721,220.5307,0.4792,0.3991
train_0133.jpg,720,960,0.6912,0.75,0.166,0.1641,56.2092,0.2831,0.1951
train_0134.jpg,720,960,0.6912,0.75,0.3219,0.2105,28.1379,0.2388,0.3659
train_0135.jpg,720,960,0.6912,0.75,0.4692,0.2363,17.794,0.2433,0.5207
train_0136.jpg,720,960,0.6912,0.75,0.4572,0.2557,65.7353,0.2559,0.4941
train_0137.jpg,720,960,0.6912,0.75,0.5602,0.2146,66.2899,0.1351,0.5932
train_0138.jpg,720,960,0.6912,0.75,0.4176,0.2305,16.7067,0.1988,0.4622
train_0139.jpg,720,960,0.6912,0.75,0.4925,0.2028,216.3168,0.219,0.5661
train_0140.jpg,960,720,0.6912,1.3333,0.4358,0.2659,16.0713,0.2198,0.4796
train_0141.jpg,720,890,0.6408,0.809,0.6042,0.2442,120.4108,0.1548,0.6473
train_0142.jpg,720,960,0.6912,0.75,0.5052,0.2156,22.8208,0.3055,0.5737
train_0143.jpg,960,720,0.6912,1.3333,0.1253,0.1319,354.9373,0.2084,0.1361
train_0144.jpg,958,720,0.6898,1.3306,0.3545,0.2207,86.7567,0.337,0.4032
train_0145.jpg,720,960,0.6912,0.75,0.418,0.2403,24.1146,0.2197,0.4527
train_0146.jpg,960,720,0.6912,1.3333,0.2886,0.2496,263.1788,0.4258,0.4121
train_0147.jpg,720,960,0.6912,0.75,0.4772,0.2351,207.8994,0.2028,0.5271
train_0148.jpg,720,960,0.6912,0.75,0.5896,0.2202,97.821,0.2118,0.6201
train_0150.jpg,720,960,0.6912,0.75,0.5182,0.1515,204.497,0.0974,0.5463
train_0152.jpg,720,960,0.6912,0.75,0.4266,0.2702,200.0599,0.2596,0.4841
train_0153.jpg,720,960,0.6912,0.75,0.3955,0.2272,231.1311,0.1126,0.419
train_0154.jpg,960,720,0.6912,1.3333,0.4371,0.2017,22.4159,0.1325,0.4696
train_0155.jpg,720,960,0.6912,0.75,0.5592,0.2745,175.1332,0.0731,0.5716
train_0156.jpg,720,960,0.6912,0.75,0.4897,0.1723,27.4458,0.2682,0.5511
train_0157.jpg,720,960,0.6912,0.75,0.4584,0.2134,67.0379,0.1457,0.4874
train_0158.jpg,720,960,0.6912,0.75,0.3699,0.2247,320.3555,0.3816,0.5047
train_0159.jpg,720,960,0.6912,0.75,0.3657,0.2305,234.6148,0.3002,0.4199
train_0160.jpg,960,720,0.6912,1.3333,0.601,0.2253,35.4514,0.1666,0.6365
train_0161.jpg,960,720,0.6912,1.3333,0.4645,0.1807,24.4759,0.1663,0.4991
train_0162.jpg,720,960,0.6912,0.75,0.5185,0.2267,46.3429,0.2045,0.5581
train_0163.jpg,720,960,0.6912,0.75,0.5903,0.2621,22.3879,0.0595,0.6006
train_0164.jpg,1279,720,0.9209,1.7764,0.3147,0.2459,9.1697,0.2705,0.3515
train_0165.jpg,960,720,0.6912,1.3333,0.3907,0.2486,306.7041,0.1796,0.4301
train_0167.jpg,720,960,0.6912,0.75,0.5335,0.2295,43.0312,0.1546,0.5687
train_0168.jpg,1481,720,1.0663,2.0569,0.4031,0.2243,8.9023,0.3449,0.492
train_0169.jpg,720,960,0.6912,0.75,0.6598,0.1234,37.7809,0.0666,0.6706
train_0170.jpg,960,720,0.6912,1.3333,0.286,0.2308,4.3863,0.4147,0.3503
train_0171.jpg,720,1280,0.9216,0.5625,0.5078,0.2521,27.2991,0.217,0.5481
train_0172.jpg,720,960,0.6912,0.75,0.5916,0.2169,187.8562,0.0634,0.6046
train_0173.jpg,720,1279,0.9209,0.5629,0.5507,0.3105,223.2161,0.1119,0.58
train_0174.jpg,720,960,0.6912,0.75,0.5669,0.1734,203.5174,0.3017,0.6754
train_0175.jpg,1599,720,1.1513,2.2208,0.4292,0.2025,12.6977,0.3001,0.5084
train_0176.jpg,720,900,0.648,0.8,0.3792,0.3058,144.8083,0.3642,0.4547
train_0177.jpg,1245,720,0.8964,1.7292,0.6698,0.1769,181.1858,0.1488,0.7039
train_0178.jpg,720,960,0.6912,0.75,0.4268,0.2097,216.8631,0.2144,0.4902
train_0179.jpg,720,960,0.6912,0.75,0.5061,0.1742,24.8623,0.3021,0.6023
train_0180.jpg,720,960,0.6912,0.75,0.6269,0.2929,110.6537,0.1527,0.6606
train_0181.jpg,720,960,0.6912,0.75,0.3212,0.2583,25.4663,0.2104,0.3625
train_0182.jpg,960,720,0.6912,1.3333,0.5996,0.1992,36.2642,0.1295,0.6309
train_0183.jpg,720,720,0.5184,1.0,0.4608,0.2124,346.6581,0.5092,0.6903
train_0184.jpg,960,720,0.6912,1.3333,0.4289,0.2343,32.8589,0.2565,0.472
train_0185.jpg,960,720,0.6912,1.3333,0.5331,0.2638,30.8801,0.2715,0.5907
train_0186.jpg,720,960,0.6912,0.75,0.4571,0.2533,196.3836,0.2379,0.5115
train_0187.jpg,720,960,0.6912,0.75,0.4831,0.2358,29.2733,0.2885,0.5628
train_0188.jpg,720,960,0.6912,0.75,0.3701,0.2219,216.5682,0.3562,0.4567
train_0189.jpg,960,720,0.6912,1.3333,0.3813,0.2211,219.7504,0.3754,0.5264
train_0190.jpg,720,960,0.6912,0.75,0.6542,0.1343,131.7223,0.15,0.7033
train_0192.jpg,720,960,0.6912,0.75,0.5372,0.1867,26.3633,0.2071,0.5836
train_0193.jpg,960,720,0.6912,1.3333,0.6588,0.1212,25.2932,0.0655,0.6717
train_0194.jpg,720,960,0.6912,0.75,0.4485,0.1999,338.1476,0.3304,0.5593
train_0195.jpg,730,720,0.5256,1.0139,0.3608,0.2427,224.929,0.1345,0.3871
train_0196.jpg,1280,720,0.9216,1.7778,0.4355,0.1879,19.678,0.1952,0.4905
train_0197.jpg,720,1279,0.9209,0.5629,0.5289,0.1706,215.4282,0.0896,0.5532
train_0198.jpg,720,960,0.6912,0.75,0.5224,0.1745,356.1284,0.4109,0.6414
train_0199.jpg,720,960,0.6912,0.75,0.4879,0.1797,53.4429,0.2821,0.5473
train_0200.jpg,960,720,0.6912,1.3333,0.4908,0.166,287.2462,0.1598,0.5484
train_0201.jpg,720,960,0.6912,0.75,0.5061,0.2653,33.4459,0.2359,0.5532
train_0202.jpg,720,960,0.6912,0.75,0.4962,0.2321,37.697,0.2639,0.5547
train_0203.jpg,720,960,0.6912,0.75,0.5811,0.191,134.1611,0.0933,0.6014
train_0204.jpg,720,960,0.6912,0.75,0.4035,0.2746,219.4881,0.1683,0.4315
train_0205.jpg,720,960,0.6912,0.75,0.557,0.2415,167.9391,0.106,0.5732
train_0206.jpg,720,960,0.6912,0.75,0.5468,0.2772,335.0473,0.0789,0.5688
train_0207.jpg,720,720,0.5184,1.0,0.5279,0.2651,26.6747,0.1538,0.5553
train_0208.jpg,960,720,0.6912,1.3333,0.4708,0.2001,116.6558,0.1974,0.511
train_0210.jpg,720,960,0.6912,0.75,0.5942,0.1689,214.7041,0.1957,0.6766
train_0211.jpg,720,960,0.6912,0.75,0.6069,0.2141,229.6007,0.1519,0.6485
train_0212.jpg,720,960,0.6912,0.75,0.4829,0.2314,114.9529,0.1941,0.5144
train_0213.jpg,960,720,0.6912,1.3333,0.5091,0.2182,196.0148,0.2279,0.5707
train_0215.jpg,720,960,0.6912,0.75,0.5145,0.2814,22.9713,0.1644,0.5609
train_0216.jpg,720,720,0.5184,1.0,0.438,0.2741,16.4543,0.3241,0.5098
train_0217.jpg,720,960,0.6912,0.75,0.3925,0.289,174.6832,0.191,0.4166
train_0220.jpg,720,960,0.6912,0.75,0.4721,0.2502,191.3051,0.1645,0.5119
train_0221.jpg,720,960,0.6912,0.75,0.358,0.1854,77.9624,0.143,0.3759
train_0222.jpg,720,720,0.5184,1.0,0.3569,0.1848,43.94,0.3579,0.4215
train_0224.jpg,720,960,0.6912,0.75,0.2893,0.195,47.5338,0.2854,0.329
train_0225.jpg,720,960,0.6912,0.75,0.6565,0.1317,46.2333,0.1165,0.6851
train_0226.jpg,720,2054,1.4789,0.3505,0.2632,0.1505,232.4391,0.6372,0.4957
train_0227.jpg,720,960,0.6912,0.75,0.4765,0.2836,168.848,0.1855,0.516
train_0228.jpg,720,960,0.6912,0.75,0.6348,0.225,52.0907,0.133,0.6664
train_0229.jpg,720,960,0.6912,0.75,0.4952,0.2006,35.7215,0.1526,0.5202
train_0230.jpg,720,960,0.6912,0.75,0.5109,0.2003,36.1357,0.2384,0.5516
train_0231.jpg,720,908,0.6538,0.793,0.4322,0.2177,316.8247,0.2706,0.5141
train_0232.jpg,720,960,0.6912,0.75,0.535,0.1606,24.2125,0.1216,0.5738
train_0233.jpg,720,960,0.6912,0.75,0.4076,0.2289,35.5979,0.2326,0.4612
train_0234.jpg,1320,720,0.9504,1.8333,0.2155,0.2081,183.9977,0.5424,0.2752
train_0235.jpg,720,960,0.6912,0.75,0.5007,0.2626,26.2069,0.2426,0.5384
train_0236.jpg,720,960,0.6912,0.75,0.521,0.3005,41.8221,0.2676,0.5717
train_0237.jpg,720,960,0.6912,0.75,0.4749,0.1799,29.6036,0.2468,0.5387
train_0239.jpg,720,960,0.6912,0.75,0.4306,0.255,33.1177,0.3325,0.4828
train_0240.jpg,720,960,0.6912,0.75,0.4933,0.2028,215.4654,0.3913,0.6508
train_0241.jpg,720,960,0.6912,0.75,0.3604,0.199,6.5358,0.386,0.4591
train_0242.jpg,720,960,0.6912,0.75,0.5872,0.2705,35.5166,0.3088,0.6653
train_0243.jpg,720,960,0.6912,0.75,0.4944,0.2475,220.1037,0.1324,0.5183
train_0244.jpg,720,960,0.6912,0.75,0.4942,0.2217,17.4398,0.1234,0.5272
train_0245.jpg,720,1279,0.9209,0.5629,0.4513,0.2632,249.8311,0.09,0.4672
train_0246.jpg,960,720,0.6912,1.3333,0.4759,0.1949,11.5715,0.2024,0.5337
train_0247.jpg,720,960,0.6912,0.75,0.5386,0.191,32.0812,0.2383,0.5979
train_0248.jpg,970,720,0.6984,1.3472,0.6153,0.1141,26.7182,0.0971,0.6431
train_0249.jpg,1032,720,0.743,1.4333,0.3754,0.2024,134.7155,0.3105,0.4321
train_0250.jpg,720,960,0.6912,0.75,0.4983,0.2227,354.5469,0.1532,0.534
train_0252.jpg,720,960,0.6912,0.75,0.472,0.1779,205.9577,0.1382,0.5129
train_0253.jpg,720,960,0.6912,0.75,0.5646,0.1818,75.4795,0.1538,0.595
train_0255.jpg,720,960,0.6912,0.75,0.4937,0.2214,271.8785,0.1278,0.5291
train_0256.jpg,720,960,0.6912,0.75,0.4188,0.2308,218.9132,0.077,0.4331
train_0257.jpg,720,1280,0.9216,0.5625,0.5377,0.1629,63.5316,0.2026,0.6028
train_0258.jpg,1279,720,0.9209,1.7764,0.494,0.2249,103.3104,0.1857,0.5279
train_0259.jpg,1320,720,0.9504,1.8333,0.4715,0.2247,43.0495,0.3197,0.5145
train_0260.jpg,720,960,0.6912,0.75,0.3088,0.257,232.7342,0.3227,0.3777
train_0261.jpg,852,720,0.6134,1.1833,0.3913,0.1982,122.1248,0.2649,0.4344
train_0262.jpg,720,960,0.6912,0.75,0.4241,0.1623,197.5444,0.1573,0.4601
train_0263.jpg,720,960,0.6912,0.75,0.401,0.1475,51.8325,0.1053,0.417
train_0264.jpg,960,720,0.6912,1.3333,0.5459,0.2262,52.6549,0.2878,0.6207
train_0265.jpg,808,720,0.5818,1.1222,0.5048,0.1867,16.5686,0.0819,0.53
train_0266.jpg,720,960,0.6912,0.75,0.4367,0.2034,225.9786,0.189,0.4913
train_0267.jpg,720,838,0.6034,0.8592,0.532,0.2336,31.9677,0.2232,0.5897
train_0268.jpg,720,960,0.6912,0.75,0.4215,0.2417,23.717,0.485,0.541
train_0269.jpg,720,960,0.6912,0.75,0.5999,0.2081,207.0835,0.0746,0.6258
train_0271.jpg,720,960,0.6912,0.75,0.4959,0.2358,208.3596,0.1452,0.5322
train_0272.jpg,720,960,0.6912,0.75,0.5957,0.1302,20.0249,0.0981,0.6185
train_0273.jpg,720,960,0.6912,0.75,0.5397,0.2391,72.263,0.1559,0.5608
train_0274.jpg,720,960,0.6912,0.75,0.441,0.1735,12.3228,0.2052,0.4887
train_0275.jpg,720,960,0.6912,0.75,0.4304,0.1776,20.0147,0.2384,0.4949
train_0276.jpg,720,960,0.6912,0.75,0.6043,0.2406,20.6039,0.0962,0.6254
train_0277.jpg,720,960,0.6912,0.75,0.4495,0.2069,72.399,0.2243,0.4817
train_0278.jpg,1320,720,0.9504,1.8333,0.4528,0.2563,29.1838,0.4582,0.5444
train_0279.jpg,960,720,0.6912,1.3333,0.2927,0.24,30.407,0.3336,0.3366
train_0280.jpg,830,720,0.5976,1.1528,0.4147,0.2211,34.909,0.2747,0.4842
train_0281.jpg,720,960,0.6912,0.75,0.4607,0.2409,226.3255,0.2873,0.5561
train_0282.jpg,960,720,0.6912,1.3333,0.4749,0.192,36.9113,0.314,0.532
train_0283.jpg,720,720,0.5184,1.0,0.6591,0.2053,147.7417,0.0781,0.6779
train_0284.jpg,720,1279,0.9209,0.5629,0.6737,0.1412,91.7778,0.1301,0.7046
train_0285.jpg,720,960,0.6912,0.75,0.5349,0.1611,12.9008,0.1032,0.5594
train_0286.jpg,960,720,0.6912,1.3333,0.2401,0.2223,95.7598,0.247,0.2532
train_0287.jpg,720,1279,0.9209,0.5629,0.5004,0.1698,348.2009,0.2265,0.5652
train_0288.jpg,1279,720,0.9209,1.7764,0.5636,0.173,59.5438,0.1314,0.5956
train_0289.jpg,720,960,0.6912,0.75,0.4274,0.2577,112.9324,0.2057,0.4555
train_0290.jpg,960,720,0.6912,1.3333,0.4573,0.1808,28.8928,0.1371,0.493
train_0291.jpg,960,720,0.6912,1.3333,0.5086,0.1922,24.875,0.0969,0.5305
train_0292.jpg,960,720,0.6912,1.3333,0.4045,0.219,25.9549,0.2386,0.4511
train_0294.jpg,960,720,0.6912,1.3333,0.3128,0.2345,325.4535,0.2193,0.3497
train_0296.jpg,720,960,0.6912,0.75,0.5188,0.2088,21.5966,0.4906,0.6761
train_0297.jpg,720,960,0.6912,0.75,0.576,0.2593,211.1261,0.1566,0.6247
train_0298.jpg,720,960,0.6912,0.75,0.3108,0.232,7.2722,0.2949,0.3572
train_0299.jpg,720,960,0.6912,0.75,0.435,0.1924,194.2283,0.0713,0.4443
train_0300.jpg,720,960,0.6912,0.75,0.4584,0.2171,4.7311,0.1992,0.5115
train_0301.jpg,720,960,0.6912,0.75,0.4954,0.2669,234.5814,0.1056,0.5152
train_0302.jpg,720,960,0.6912,0.75,0.4935,0.2168,203.7381,0.1316,0.5246
train_0303.jpg,720,960,0.6912,0.75,0.4941,0.1905,40.8016,0.2413,0.5346
train_0304.jpg,720,960,0.6912,0.75,0.3972,0.288,194.7207,0.2789,0.4571
train_0305.jpg,720,720,0.5184,1.0,0.2967,0.2241,254.6027,0.432,0.4024
train_0307.jpg,720,960,0.6912,0.75,0.603,0.2035,37.675,0.1042,0.6255
train_0308.jpg,960,720,0.6912,1.3333,0.403,0.2057,46.0064,0.1703,0.4394
train_0309.jpg,1080,720,0.7776,1.5,0.4856,0.2379,357.2648,0.1296,0.5211
train_0310.jpg,720,960,0.6912,0.75,0.3696,0.2294,340.5919,0.3988,0.4803
train_0311.jpg,1280,720,0.9216,1.7778,0.4849,0.2175,28.5602,0.195,0.5351
train_0312.jpg,720,960,0.6912,0.75,0.4233,0.1758,217.5463,0.2543,0.4918
train_0313.jpg,720,960,0.6912,0.75,0.4294,0.2565,4.9532,0.3588,0.5513
train_0314.jpg,720,960,0.6912,0.75,0.4517,0.3188,171.083,0.2627,0.4979
train_0315.jpg,1290,720,0.9288,1.7917,0.5554,0.2264,347.4105,0.1979,0.6022
train_0316.jpg,720,960,0.6912,0.75,0.4181,0.1385,14.885,0.1252,0.4481
train_0320.jpg,960,720,0.6912,1.3333,0.5543,0.2899,40.3569,0.1661,0.5778
train_0323.jpg,720,960,0.6912,0.75,0.4378,0.214,34.7407,0.2273,0.4791
train_0324.jpg,720,960,0.6912,0.75,0.5196,0.2088,35.3385,0.1265,0.5476
train_0325.jpg,720,960,0.6912,0.75,0.5978,0.0904,30.2397,0.1611,0.6464
train_0326.jpg,720,960,0.6912,0.75,0.3118,0.2023,205.5544,0.2521,0.357
train_0327.jpg,720,960,0.6912,0.75,0.4533,0.2037,119.213,0.2075,0.4927
train_0328.jpg,720,960,0.6912,0.75,0.4472,0.2094,353.6601,0.3201,0.5585
train_0329.jpg,720,1560,1.1232,0.4615,0.2434,0.2295,27.2867,0.2921,0.3033
train_0330.jpg,720,960,0.6912,0.75,0.5554,0.2242,177.1759,0.147,0.5873
train_0331.jpg,720,960,0.6912,0.75,0.5716,0.2443,152.1361,0.141,0.5956
train_0332.jpg,720,1512,1.0886,0.4762,0.6799,0.2297,275.4964,0.0826,0.7107
train_0333.jpg,720,960,0.6912,0.75,0.4138,0.1998,15.6639,0.1985,0.4509
train_0334.jpg,720,1007,0.725,0.715,0.7374,0.2602,205.6788,0.1281,0.7811
train_0335.jpg,720,720,0.5184,1.0,0.6306,0.1491,100.8987,0.1545,0.6679
train_0337.jpg,720,960,0.6912,0.75,0.3307,0.2193,42.4073,0.2357,0.3634
train_0339.jpg,960,720,0.6912,1.3333,0.511,0.2762,145.7567,0.2642,0.547
train_0340.jpg,960,720,0.6912,1.3333,0.6639,0.1388,238.8522,0.0564,0.6818
train_0341.jpg,960,720,0.6912,1.3333,0.5515,0.1817,28.0345,0.1215,0.5781
train_0342.jpg,720,720,0.5184,1.0,0.4212,0.2381,2.3522,0.168,0.4703
train_0343.jpg,960,720,0.6912,1.3333,0.5032,0.1918,22.3939,0.2092,0.5505
train_0344.jpg,720,960,0.6912,0.75,0.5991,0.243,290.1214,0.1497,0.6473
train_0345.jpg,960,720,0.6912,1.3333,0.5237,0.2756,60.948,0.2018,0.5475
train_0347.jpg,720,960,0.6912,0.75,0.3719,0.205,207.1436,0.135,0.3951
train_0350.jpg,720,959,0.6905,0.7508,0.4903,0.2384,55.7639,0.1964,0.5273
train_0351.jpg,960,720,0.6912,1.3333,0.4845,0.2144,354.8245,0.1549,0.5225
train_0353.jpg,720,960,0.6912,0.75,0.4034,0.1631,16.3824,0.3734,0.4874
train_0354.jpg,960,720,0.6912,1.3333,0.5106,0.2497,20.579,0.1483,0.5427
train_0355.jpg,720,960,0.6912,0.75,0.552,0.2366,78.3882,0.1558,0.5774
train_0356.jpg,720,960,0.6912,0.75,0.6181,0.1104,32.0545,0.0897,0.6397
train_0357.jpg,720,960,0.6912,0.75,0.4694,0.1491,14.6863,0.1886,0.5173
train_0358.jpg,720,1558,1.1218,0.4621,0.5274,0.1052,37.8157,0.1141,0.5551
train_0359.jpg,720,960,0.6912,0.75,0.4811,0.2062,63.7996,0.294,0.5528
train_0360.jpg,960,720,0.6912,1.3333,0.4008,0.2196,290.6584,0.2844,0.4979
train_0361.jpg,720,960,0.6912,0.75,0.4997,0.2323,37.1575,0.1617,0.5292
train_0362.jpg,1320,720,0.9504,1.8333,0.6168,0.2081,198.7825,0.1395,0.6557
train_0363.jpg,720,960,0.6912,0.75,0.5406,0.2536,88.4397,0.1521,0.5695
train_0364.jpg,720,960,0.6912,0.75,0.603,0.1319,25.5654,0.2086,0.6723
train_0365.jpg,720,960,0.6912,0.75,0.5502,0.1954,32.3583,0.1294,0.576
train_0366.jpg,1080,720,0.7776,1.5,0.483,0.1318,236.1196,0.1304,0.5186
train_0368.jpg,720,720,0.5184,1.0,0.3944,0.2558,169.7717,0.1713,0.4254
train_0369.jpg,960,720,0.6912,1.3333,0.4917,0.2232,25.528,0.4622,0.62
train_0370.jpg,720,960,0.6912,0.75,0.4407,0.2254,186.7959,0.2195,0.488
train_0371.jpg,720,1558,1.1218,0.4621,0.3117,0.3082,29.4453,0.0963,0.3296
train_0372.jpg,720,900,0.648,0.8,0.4271,0.2606,189.0512,0.1819,0.4577
train_0373.jpg,720,960,0.6912,0.75,0.4604,0.1641,41.8289,0.3416,0.5549
train_0375.jpg,1481,720,1.0663,2.0569,0.6772,0.1436,48.6061,0.2358,0.7201
train_0376.jpg,960,720,0.6912,1.3333,0.4391,0.2003,89.9236,0.15,0.4644
train_0377.jpg,960,720,0.6912,1.3333,0.3893,0.1753,34.4692,0.287,0.4271
train_0378.jpg,960,720,0.6912,1.3333,0.5005,0.2169,7.244,0.1088,0.533
train_0379.jpg,720,724,0.5213,0.9945,0.4772,0.2013,43.9659,0.3403,0.5719
train_0380.jpg,720,862,0.6206,0.8353,0.3903,0.2092,209.1112,0.2928,0.4564
train_0381.jpg,720,960,0.6912,0.75,0.4855,0.2358,177.2297,0.0884,0.5031
train_0382.jpg,720,960,0.6912,0.75,0.4902,0.1946,26.4709,0.1518,0.5283
train_0383.jpg,746,720,0.5371,1.0361,0.5084,0.217,203.5537,0.1723,0.5607
train_0384.jpg,960,720,0.6912,1.3333,0.4313,0.2289,52.3502,0.1357,0.453
train_0385.jpg,720,960,0.6912,0.75,0.4084,0.226,241.5132,0.2151,0.46
train_0386.jpg,720,960,0.6912,0.75,0.3183,0.22,38.2219,0.3717,0.3841
train_0387.jpg,720,960,0.6912,0.75,0.4884,0.2556,33.1198,0.3282,0.5644
train_0388.jpg,720,960,0.6912,0.75,0.5307,0.2077,33.5828,0.1227,0.551
train_0390.jpg,1279,720,0.9209,1.7764,0.562,0.1756,35.1338,0.0632,0.5759
train_0391.jpg,720,960,0.6912,0.75,0.4476,0.2238,70.8101,0.1974,0.4776
train_0392.jpg,720,960,0.6912,0.75,0.4862,0.2167,111.1255,0.2026,0.5294
train_0393.jpg,720,960,0.6912,0.75,0.5136,0.2158,21.9884,0.1367,0.5416
train_0394.jpg,720,1280,0.9216,0.5625,0.4628,0.274,31.2648,0.1256,0.4806
train_0395.jpg,720,960,0.6912,0.75,0.4116,0.2136,260.0812,0.1945,0.4552
train_0396.jpg,991,720,0.7135,1.3764,0.5642,0.2783,45.6673,0.2788,0.6199
train_0397.jpg,720,960,0.6912,0.75,0.6576,0.1731,1.3487,0.0875,0.6828
train_0398.jpg,720,960,0.6912,0.75,0.281,0.1685,245.1457,0.1816,0.3109
train_0399.jpg,960,720,0.6912,1.3333,0.5679,0.2088,37.4865,0.1955,0.5979
train_0400.jpg,720,960,0.6912,0.75,0.5045,0.2477,52.9427,0.1983,0.544
train_0401.jpg,720,720,0.5184,1.0,0.5423,0.1551,20.6556,0.2026,0.605
train_0402.jpg,720,1279,0.9209,0.5629,0.5055,0.2733,208.1173,0.0835,0.5268
train_0403.jpg,720,960,0.6912,0.75,0.5273,0.115,209.184,0.083,0.5533
train_0404.jpg,720,960,0.6912,0.75,0.42,0.238,28.0204,0.2148,0.4827
train_0406.jpg,720,960,0.6912,0.75,0.472,0.2244,35.8697,0.1784,0.5039
train_0407.jpg,720,960,0.6912,0.75,0.559,0.2291,32.0875,0.2148,0.6035
train_0408.jpg,720,960,0.6912,0.75,0.4569,0.2241,230.378,0.1454,0.4936
train_0409.jpg,720,960,0.6912,0.75,0.3547,0.1956,14.3328,0.2461,0.401
train_0410.jpg,960,720,0.6912,1.3333,0.7387,0.0622,32.2168,0.0774,0.763
train_0411.jpg,720,960,0.6912,0.75,0.5524,0.2309,38.002,0.1245,0.5818
train_0412.jpg,720,960,0.6912,0.75,0.4045,0.2783,47.6456,0.2354,0.4529
train_0413.jpg,720,960,0.6912,0.75,0.4812,0.2083,208.4956,0.1132,0.5108
train_0414.jpg,720,960,0.6912,0.75,0.4807,0.1769,37.0873,0.4067,0.5742
train_0416.jpg,1080,720,0.7776,1.5,0.4904,0.3099,16.0343,0.4042,0.6088
train_0417.jpg,960,720,0.6912,1.3333,0.5523,0.2019,11.6608,0.2057,0.6099
train_0418.jpg,720,960,0.6912,0.75,0.3765,0.2213,348.2553,0.2417,0.4261
train_0419.jpg,720,960,0.6912,0.75,0.435,0.2944,223.4449,0.3788,0.553
train_0420.jpg,960,720,0.6912,1.3333,0.628,0.2187,40.9735,0.1679,0.6768
train_0421.jpg,720,960,0.6912,0.75,0.4542,0.2998,129.1228,0.2431,0.4926
train_0422.jpg,1235,720,0.8892,1.7153,0.5075,0.2508,324.9963,0.1908,0.5706
train_0423.jpg,720,960,0.6912,0.75,0.4724,0.2713,48.097,0.2297,0.5074
train_0424.jpg,960,720,0.6912,1.3333,0.4367,0.1794,28.0067,0.2136,0.4836
train_0425.jpg,720,960,0.6912,0.75,0.4777,0.2738,43.8519,0.196,0.5082
train_0427.jpg,1280,720,0.9216,1.7778,0.4274,0.2486,196.7647,0.1533,0.4565
train_0428.jpg,1037,720,0.7466,1.4403,0.6953,0.1722,41.3766,0.2901,0.7614
train_0429.jpg,960,720,0.6912,1.3333,0.5428,0.1872,66.5779,0.6375,0.6152
train_0430.jpg,720,960,0.6912,0.75,0.3638,0.2029,23.8731,0.3995,0.4253
train_0431.jpg,720,1279,0.9209,0.5629,0.529,0.1645,66.0937,0.0993,0.5418
train_0432.jpg,720,960,0.6912,0.75,0.5007,0.2485,66.6552,0.1394,0.5186
train_0433.jpg,720,960,0.6912,0.75,0.4914,0.2521,301.0335,0.1922,0.542
train_0434.jpg,720,960,0.6912,0.75,0.5051,0.2495,106.9373,0.1473,0.5326
train_0435.jpg,720,960,0.6912,0.75,0.4793,0.2073,348.0232,0.1496,0.5134
train_0436.jpg,720,960,0.6912,0.75,0.4971,0.201,45.1331,0.1976,0.5267
train_0437.jpg,720,720,0.5184,1.0,0.4673,0.2795,207.7449,0.1829,0.5083
train_0438.jpg,960,720,0.6912,1.3333,0.5088,0.1614,37.409,0.2144,0.5416
train_0439.jpg,720,960,0.6912,0.75,0.5155,0.2594,27.9637,0.4028,0.6046
train_0440.jpg,960,720,0.6912,1.3333,0.3925,0.2218,101.4598,0.2215,0.4321
train_0441.jpg,720,1542,1.1102,0.4669,0.6773,0.1754,225.3893,0.0159,0.6795
train_0442.jpg,720,960,0.6912,0.75,0.4774,0.2171,203.2389,0.1205,0.5014
train_0443.jpg,720,1558,1.1218,0.4621,0.4802,0.159,280.8514,0.1224,0.5148
train_0444.jpg,720,960,0.6912,0.75,0.2184,0.2282,18.2238,0.4951,0.3169
train_0446.jpg,960,720,0.6912,1.3333,0.476,0.1996,26.0359,0.2605,0.5429
train_0447.jpg,960,720,0.6912,1.3333,0.5209,0.2248,133.6644,0.1188,0.5463
train_0448.jpg,960,720,0.6912,1.3333,0.5289,0.1524,30.9181,0.2267,0.5827
train_0450.jpg,720,960,0.6912,0.75,0.4996,0.1753,216.2348,0.2046,0.5615
train_0451.jpg,720,960,0.6912,0.75,0.6207,0.2466,325.4542,0.023,0.6221
train_0452.jpg,720,1560,1.1232,0.4615,0.6147,0.2125,313.5338,0.3414,0.7616
train_0453.jpg,960,720,0.6912,1.3333,0.4871,0.1706,190.0006,0.1124,0.5154
train_0454.jpg,720,960,0.6912,0.75,0.3569,0.2503,347.8682,0.171,0.3845
train_0455.jpg,720,960,0.6912,0.75,0.5173,0.2348,233.5917,0.2236,0.6081
train_0456.jpg,823,720,0.5926,1.1431,0.2719,0.1682,214.7395,0.7044,0.4853
train_0457.jpg,720,960,0.6912,0.75,0.4184,0.1799,41.5462,0.1906,0.4476
train_0458.jpg,720,960,0.6912,0.75,0.5376,0.2038,12.4978,0.0783,0.5576
train_0459.jpg,720,1279,0.9209,0.5629,0.3613,0.2276,314.8416,0.2177,0.4045
train_0460.jpg,720,1279,0.9209,0.5629,0.4296,0.2144,209.9744,0.3778,0.5607
train_0462.jpg,720,960,0.6912,0.75,0.4443,0.2152,0.6147,0.1704,0.484
train_0463.jpg,720,960,0.6912,0.75,0.2612,0.1891,34.6624,0.207,0.2861
train_0464.jpg,960,720,0.6912,1.3333,0.3104,0.2424,294.7694,0.3538,0.3632
train_0465.jpg,720,960,0.6912,0.75,0.3993,0.2771,53.6925,0.4521,0.4564
train_0466.jpg,960,720,0.6912,1.3333,0.5685,0.2368,31.4669,0.1037,0.5843
train_0467.jpg,720,960,0.6912,0.75,0.3923,0.223,229.8965,0.2988,0.4716
train_0468.jpg,720,960,0.6912,0.75,0.4727,0.1844,27.2258,0.0977,0.4909
train_0469.jpg,720,960,0.6912,0.75,0.4199,0.2129,64.8919,0.2054,0.4452
train_0470.jpg,720,960,0.6912,0.75,0.3914,0.2029,292.6567,0.489,0.5722
train_0471.jpg,720,960,0.6912,0.75,0.4041,0.2817,62.0811,0.1807,0.4347
train_0472.jpg,720,960,0.6912,0.75,0.3627,0.1792,31.4259,0.2541,0.3993
train_0473.jpg,720,960,0.6912,0.75,0.4333,0.208,106.8975,0.2637,0.4715
train_0474.jpg,960,720,0.6912,1.3333,0.565,0.1871,30.8203,0.1598,0.6033
train_0476.jpg,720,960,0.6912,0.75,0.3329,0.2619,0.2081,0.2253,0.3689
train_0477.jpg,720,960,0.6912,0.75,0.5402,0.2446,109.8054,0.1456,0.5605
train_0478.jpg,720,960,0.6912,0.75,0.5717,0.2237,28.1329,0.1778,0.6108
train_0481.jpg,720,960,0.6912,0.75,0.4853,0.2075,158.9515,0.2531,0.558
train_0482.jpg,960,720,0.6912,1.3333,0.4922,0.3085,252.9994,0.2379,0.5546
train_0483.jpg,720,960,0.6912,0.75,0.4162,0.2404,280.6527,0.1973,0.4556
train_0484.jpg,720,1279,0.9209,0.5629,0.3946,0.1932,28.0662,0.0811,0.4067
train_0485.jpg,720,960,0.6912,0.75,0.6109,0.2529,30.4335,0.1031,0.6314
train_0486.jpg,720,960,0.6912,0.75,0.4607,0.2102,195.321,0.1835,0.5021
train_0487.jpg,720,960,0.6912,0.75,0.5286,0.1561,35.4654,0.4676,0.6465
train_0488.jpg,960,720,0.6912,1.3333,0.4747,0.1725,306.2804,0.0903,0.4979
train_0489.jpg,720,960,0.6912,0.75,0.4464,0.2005,58.8433,0.1237,0.4674
train_0490.jpg,960,720,0.6912,1.3333,0.3972,0.2702,32.3279,0.3428,0.4578
train_0491.jpg,720,960,0.6912,0.75,0.1124,0.1501,238.5209,0.5506,0.186
train_0492.jpg,720,960,0.6912,0.75,0.4429,0.2423,43.2009,0.1512,0.468
train_0493.jpg,720,960,0.6912,0.75,0.5215,0.2554,144.2976,0.1441,0.5452
train_0494.jpg,720,720,0.5184,1.0,0.489,0.212,29.7361,0.3381,0.5604
train_0495.jpg,720,720,0.5184,1.0,0.3983,0.214,3.4423,0.2492,0.452
train_0496.jpg,720,960,0.6912,0.75,0.5563,0.2266,252.248,0.2037,0.6321
train_0498.jpg,720,960,0.6912,0.75,0.6423,0.1445,23.1726,0.0633,0.658
train_0499.jpg,720,960,0.6912,0.75,0.4459,0.1883,123.6326,0.2525,0.5017
train_0500.jpg,720,960,0.6912,0.75,0.5924,0.235,27.2729,0.2474,0.652
train_0501.jpg,720,1559,1.1225,0.4618,0.3609,0.23,24.9001,0.3794,0.4456
train_0503.jpg,720,960,0.6912,0.75,0.4662,0.304,219.3852,0.1024,0.4849
train_0504.jpg,960,720,0.6912,1.3333,0.4929,0.3037,28.3312,0.1932,0.528
train_0506.jpg,1320,720,0.9504,1.8333,0.4305,0.2135,271.5035,0.3343,0.5332
train_0507.jpg,720,743,0.535,0.969,0.5205,0.1732,85.329,0.1195,0.5505
train_0508.jpg,960,720,0.6912,1.3333,0.5271,0.194,93.7495,0.3868,0.6411
train_0509.jpg,960,720,0.6912,1.3333,0.45,0.1911,6.9871,0.1749,0.4877
train_0510.jpg,960,720,0.6912,1.3333,0.2044,0.1818,296.5324,0.2567,0.2337
train_0511.jpg,720,960,0.6912,0.75,0.4802,0.1987,249.9495,0.2988,0.5999
train_0512.jpg,932,720,0.671,1.2944,0.5946,0.1426,33.355,0.0672,0.6147
train_0513.jpg,720,960,0.6912,0.75,0.4705,0.2529,73.0067,0.2185,0.5079
train_0514.jpg,1558,720,1.1218,2.1639,0.4937,0.207,223.1544,0.1245,0.5302
train_0515.jpg,720,960,0.6912,0.75,0.4717,0.2019,18.217,0.2492,0.5339
train_0516.jpg,720,960,0.6912,0.75,0.3927,0.2328,7.8991,0.3099,0.4535
train_0517.jpg,960,720,0.6912,1.3333,0.3243,0.2021,15.8709,0.3344,0.3855
train_0519.jpg,720,960,0.6912,0.75,0.52,0.2403,215.8589,0.1555,0.5697
train_0520.jpg,960,720,0.6912,1.3333,0.4251,0.2232,179.0031,0.1521,0.4568
train_0521.jpg,720,960,0.6912,0.75,0.3085,0.2077,266.2448,0.4164,0.399
train_0522.jpg,1049,720,0.7553,1.4569,0.4219,0.2415,219.0692,0.2577,0.4796
train_0523.jpg,720,960,0.6912,0.75,0.3055,0.1734,242.0644,0.5209,0.5524
train_0524.jpg,720,960,0.6912,0.75,0.4513,0.1988,72.4327,0.2184,0.4944
train_0525.jpg,720,960,0.6912,0.75,0.639,0.1324,196.6416,0.0363,0.6426
train_0527.jpg,720,944,0.6797,0.7627,0.3459,0.2035,250.6925,0.1907,0.3774
train_0528.jpg,960,720,0.6912,1.3333,0.488,0.1365,37.7442,0.2872,0.5632
train_0529.jpg,720,960,0.6912,0.75,0.5482,0.2614,64.1905,0.2468,0.5877
train_0530.jpg,720,1280,0.9216,0.5625,0.4282,0.2362,222.3721,0.2512,0.4966
train_0531.jpg,720,960,0.6912,0.75,0.439,0.2399,351.2142,0.2538,0.5015
train_0532.jpg,720,960,0.6912,0.75,0.5841,0.2683,48.4017,0.2198,0.6308
train_0533.jpg,720,960,0.6912,0.75,0.4897,0.2883,24.2387,0.1875,0.5198
train_0534.jpg,720,960,0.6912,0.75,0.384,0.2369,227.4815,0.251,0.4365
train_0535.jpg,720,960,0.6912,0.75,0.474,0.1991,91.4553,0.2264,0.5069
train_0536.jpg,1413,720,1.0174,1.9625,0.4625,0.1862,178.6794,0.1174,0.4888
train_0539.jpg,720,960,0.6912,0.75,0.4979,0.2132,9.0964,0.2896,0.6038
train_0540.jpg,720,960,0.6912,0.75,0.5071,0.2217,68.4214,0.3375,0.5789
train_0541.jpg,960,720,0.6912,1.3333,0.4239,0.2397,319.0984,0.2018,0.4657
train_0542.jpg,720,960,0.6912,0.75,0.2974,0.2807,56.4115,0.3902,0.3484
train_0543.jpg,720,1279,0.9209,0.5629,0.4987,0.2251,92.5479,0.1872,0.5343
train_0545.jpg,720,720,0.5184,1.0,0.56,0.1875,32.8741,0.2879,0.627
train_0546.jpg,720,720,0.5184,1.0,0.2265,0.1484,18.8582,0.1817,0.2445
train_0547.jpg,720,960,0.6912,0.75,0.6528,0.2087,23.0042,0.1558,0.6869
train_0548.jpg,720,960,0.6912,0.75,0.4512,0.1771,30.7875,0.2316,0.4965
train_0549.jpg,720,960,0.6912,0.75,0.461,0.1638,21.5272,0.1751,0.4995
train_0550.jpg,720,960,0.6912,0.75,0.5419,0.2036,208.0258,0.1651,0.591
train_0551.jpg,960,720,0.6912,1.3333,0.4942,0.2176,13.1077,0.2006,0.556
train_0552.jpg,720,960,0.6912,0.75,0.457,0.2462,207.3274,0.1735,0.5005
train_0553.jpg,720,960,0.6912,0.75,0.4513,0.1327,22.1385,0.3246,0.5276
train_0554.jpg,720,720,0.5184,1.0,0.4562,0.2528,34.8397,0.285,0.509
train_0555.jpg,720,960,0.6912,0.75,0.6187,0.3369,55.2041,0.1323,0.6377
train_0556.jpg,720,960,0.6912,0.75,0.4975,0.17,15.417,0.1229,0.5304
train_0557.jpg,960,720,0.6912,1.3333,0.4661,0.2548,147.4481,0.2395,0.4966
train_0558.jpg,720,960,0.6912,0.75,0.617,0.2126,50.7818,0.0776,0.6274
train_0559.jpg,720,960,0.6912,0.75,0.2871,0.2319,326.9306,0.2535,0.3383
train_0560.jpg,720,1678,1.2082,0.4291,0.5642,0.2169,309.0298,0.2162,0.6579
train_0561.jpg,720,960,0.6912,0.75,0.45,0.1645,208.2223,0.3512,0.5698
train_0562.jpg,720,960,0.6912,0.75,0.6061,0.1944,83.0028,0.1366,0.6353
train_0563.jpg,720,960,0.6912,0.75,0.5491,0.1852,33.1065,0.1116,0.5725
train_0564.jpg,1481,720,1.0663,2.0569,0.3839,0.2317,166.0352,0.211,0.4264
train_0565.jpg,960,720,0.6912,1.3333,0.5016,0.2697,186.6003,0.0679,0.5165
train_0566.jpg,720,960,0.6912,0.75,0.4902,0.2033,202.1426,0.2607,0.5721
train_0567.jpg,720,900,0.648,0.8,0.4681,0.2488,97.2091,0.1855,0.4985
train_0568.jpg,720,960,0.6912,0.75,0.4624,0.2516,120.5928,0.1782,0.4846
train_0569.jpg,1280,720,0.9216,1.7778,0.4773,0.224,192.4417,0.2568,0.5396
train_0570.jpg,720,720,0.5184,1.0,0.4587,0.2155,28.1013,0.204,0.5019
train_0571.jpg,1320,720,0.9504,1.8333,0.2496,0.211,215.8337,0.587,0.3656
train_0572.jpg,1278,720,0.9202,1.775,0.2891,0.2982,273.6833,0.2995,0.3584
train_0573.jpg,720,1201,0.8647,0.5995,0.6239,0.2057,355.1041,0.1749,0.6962
train_0574.jpg,720,960,0.6912,0.75,0.4509,0.2451,196.2155,0.1131,0.4744
train_0575.jpg,960,720,0.6912,1.3333,0.6528,0.1542,211.0466,0.1405,0.7118
train_0577.jpg,720,960,0.6912,0.75,0.5554,0.2022,208.4633,0.1443,0.5955
train_0578.jpg,960,720,0.6912,1.3333,0.4497,0.2339,35.1669,0.1799,0.4723
train_0580.jpg,720,933,0.6718,0.7717,0.4295,0.2443,345.2565,0.2714,0.5046
train_0581.jpg,720,960,0.6912,0.75,0.595,0.1332,42.7933,0.1288,0.6233
train_0582.jpg,720,960,0.6912,0.75,0.4214,0.2442,346.6347,0.2833,0.4816
train_0583.jpg,720,960,0.6912,0.75,0.4635,0.2618,61.5886,0.1639,0.4867
train_0584.jpg,720,1279,0.9209,0.5629,0.5425,0.1707,34.3991,0.1292,0.5675
train_0585.jpg,720,960,0.6912,0.75,0.322,0.2323,223.9392,0.3526,0.4091
train_0586.jpg,960,720,0.6912,1.3333,0.3956,0.2037,359.7367,0.2854,0.4607
train_0587.jpg,1320,720,0.9504,1.8333,0.4412,0.2343,77.2318,0.1199,0.4552
train_0588.jpg,720,960,0.6912,0.75,0.4687,0.2465,45.786,0.1559,0.5106
train_0589.jpg,720,960,0.6912,0.75,0.453,0.2092,19.5188,0.1642,0.4908
train_0592.jpg,720,960,0.6912,0.75,0.4498,0.2454,244.8362,0.2387,0.5162
train_0593.jpg,720,960,0.6912,0.75,0.4115,0.2264,207.2332,0.2121,0.4482
train_0594.jpg,720,960,0.6912,0.75,0.4531,0.2134,46.3644,0.2239,0.4859
train_0595.jpg,720,959,0.6905,0.7508,0.5643,0.1844,15.9198,0.3188,0.6967
train_0596.jpg,720,960,0.6912,0.75,0.3177,0.1919,28.8648,0.2138,0.3449
train_0597.jpg,995,720,0.7164,1.3819,0.4829,0.2051,17.6997,0.405,0.588
train_0598.jpg,960,720,0.6912,1.3333,0.4756,0.2101,207.8549,0.645,0.7417
train_0599.jpg,720,960,0.6912,0.75,0.5236,0.2488,6.4374,0.1742,0.5646
train_0601.jpg,720,960,0.6912,0.75,0.5028,0.2001,63.9694,0.1486,0.5315
train_0602.jpg,720,960,0.6912,0.75,0.5348,0.185,45.4313,0.0798,0.5512
train_0603.jpg,960,720,0.6912,1.3333,0.4729,0.2039,18.062,0.369,0.5937
train_0604.jpg,720,960,0.6912,0.75,0.51,0.1819,26.7086,0.4087,0.6279
train_0605.jpg,720,960,0.6912,0.75,0.4546,0.2118,198.4637,0.1474,0.4955
train_0606.jpg,720,960,0.6912,0.75,0.4499,0.2599,206.9465,0.1857,0.4846
train_0607.jpg,720,960,0.6912,0.75,0.5144,0.1492,209.9775,0.1221,0.5481
train_0609.jpg,720,960,0.6912,0.75,0.3834,0.1935,336.1615,0.3211,0.4925
train_0610.jpg,720,1559,1.1225,0.4618,0.4979,0.2817,27.9371,0.1835,0.5362
train_0611.jpg,720,960,0.6912,0.75,0.4673,0.2296,199.4705,0.1964,0.5235
train_0613.jpg,720,960,0.6912,0.75,0.4859,0.2203,27.0909,0.2868,0.5529
train_0614.jpg,720,960,0.6912,0.75,0.505,0.1336,53.019,0.2135,0.5359
train_0615.jpg,720,960,0.6912,0.75,0.5586,0.2657,100.8503,0.1925,0.5965
train_0616.jpg,720,1678,1.2082,0.4291,0.6803,0.0929,27.2101,0.1407,0.7233
train_0617.jpg,720,960,0.6912,0.75,0.4219,0.2216,99.9777,0.2422,0.4547
train_0618.jpg,720,1280,0.9216,0.5625,0.5234,0.2365,63.3513,0.1473,0.5555
train_0619.jpg,720,758,0.5458,0.9499,0.5523,0.1987,16.356,0.3542,0.6621
train_0620.jpg,720,960,0.6912,0.75,0.2541,0.2681,202.4902,0.252,0.2878
train_0621.jpg,720,960,0.6912,0.75,0.5382,0.1839,31.3542,0.2329,0.5908
train_0622.jpg,720,960,0.6912,0.75,0.47,0.2061,56.3407,0.2174,0.5074
train_0623.jpg,720,960,0.6912,0.75,0.6497,0.1646,344.8144,0.0845,0.6767
train_0624.jpg,720,1558,1.1218,0.4621,0.5817,0.2316,284.5053,0.1024,0.609
train_0626.jpg,960,720,0.6912,1.3333,0.4397,0.2121,13.3936,0.3854,0.556
train_0627.jpg,720,960,0.6912,0.75,0.3468,0.2451,10.7041,0.2337,0.393
train_0628.jpg,960,720,0.6912,1.3333,0.3391,0.2846,89.9793,0.2485,0.3739
train_0629.jpg,720,960,0.6912,0.75,0.457,0.2029,15.2986,0.152,0.5014
train_0630.jpg,720,1279,0.9209,0.5629,0.4562,0.2291,41.0133,0.3174,0.5221
train_0631.jpg,1388,720,0.9994,1.9278,0.4799,0.2617,66.2957,0.1622,0.5181
train_0632.jpg,720,960,0.6912,0.75,0.4331,0.1869,323.505,0.2813,0.5024
train_0633.jpg,720,960,0.6912,0.75,0.4584,0.2,355.1337,0.3071,0.5428
train_0634.jpg,720,960,0.6912,0.75,0.5199,0.2751,28.0148,0.3431,0.5782
train_0635.jpg,720,1279,0.9209,0.5629,0.4675,0.1977,24.1608,0.2363,0.5251
train_0636.jpg,720,960,0.6912,0.75,0.286,0.2405,355.9783,0.3179,0.3657
train_0637.jpg,720,960,0.6912,0.75,0.4974,0.2712,25.063,0.3901,0.5998
train_0638.jpg,720,960,0.6912,0.75,0.4382,0.1495,35.6729,0.07,0.4487
train_0639.jpg,720,960,0.6912,0.75,0.358,0.213,240.8704,0.2023,0.3999
train_0640.jpg,960,720,0.6912,1.3333,0.4117,0.2036,76.629,0.3711,0.4733
train_0641.jpg,720,960,0.6912,0.75,0.4441,0.2354,105.2094,0.1085,0.4631
train_0643.jpg,720,1280,0.9216,0.5625,0.5097,0.2366,185.7293,0.244,0.5797
train_0644.jpg,720,960,0.6912,0.75,0.5288,0.1722,46.6963,0.1219,0.5468
train_0645.jpg,1280,720,0.9216,1.7778,0.3514,0.2681,38.087,0.5402,0.4409
train_0646.jpg,960,720,0.6912,1.3333,0.439,0.2451,7.0571,0.3536,0.5378
train_0647.jpg,720,960,0.6912,0.75,0.4597,0.2356,83.9827,0.2638,0.4851
train_0648.jpg,720,960,0.6912,0.75,0.5152,0.2423,191.325,0.1621,0.5475
train_0649.jpg,720,960,0.6912,0.75,0.5108,0.2022,202.0572,0.2635,0.5957
train_0651.jpg,720,960,0.6912,0.75,0.6295,0.1597,21.4785,0.0528,0.6402
train_0653.jpg,720,960,0.6912,0.75,0.5843,0.2689,39.3032,0.1838,0.6145
train_0654.jpg,720,960,0.6912,0.75,0.6946,0.1499,257.5748,0.0264,0.7007
train_0655.jpg,720,720,0.5184,1.0,0.4731,0.2709,84.156,0.117,0.4963
train_0656.jpg,720,960,0.6912,0.75,0.5264,0.2289,70.5454,0.1724,0.5664
train_0657.jpg,720,960,0.6912,0.75,0.4533,0.2111,25.0757,0.2809,0.5267
train_0659.jpg,720,960,0.6912,0.75,0.5474,0.2521,203.6244,0.1387,0.5954
train_0660.jpg,1080,720,0.7776,1.5,0.4905,0.2644,206.3928,0.1732,0.5277
train_0661.jpg,720,960,0.6912,0.75,0.4918,0.226,68.2709,0.2638,0.541
train_0662.jpg,720,720,0.5184,1.0,0.1004,0.1601,259.3254,0.4195,0.1348
train_0663.jpg,720,960,0.6912,0.75,0.3266,0.2416,25.3827,0.3217,0.364
train_0664.jpg,720,960,0.6912,0.75,0.6037,0.1765,27.3698,0.2215,0.6633
train_0665.jpg,720,960,0.6912,0.75,0.4725,0.2376,114.8975,0.2132,0.5203
train_0666.jpg,720,960,0.6912,0.75,0.5309,0.1852,29.4466,0.2149,0.5832
train_0667.jpg,1522,720,1.0958,2.1139,0.4288,0.265,221.9687,0.3048,0.5168
train_0668.jpg,1280,720,0.9216,1.7778,0.2926,0.1918,25.7016,0.2191,0.3199
train_0670.jpg,960,720,0.6912,1.3333,0.4185,0.1718,51.9183,0.1692,0.4518
train_0671.jpg,720,960,0.6912,0.75,0.4756,0.2115,201.749,0.1996,0.5241
train_0672.jpg,960,720,0.6912,1.3333,0.3149,0.2185,18.2521,0.5222,0.4067
train_0673.jpg,720,960,0.6912,0.75,0.4183,0.2285,257.184,0.4702,0.5698
train_0674.jpg,720,960,0.6912,0.75,0.604,0.1595,33.2657,0.0998,0.6257
train_0675.jpg,720,960,0.6912,0.75,0.4654,0.2054,181.002,0.2769,0.5628
train_0676.jpg,720,1280,0.9216,0.5625,0.3778,0.3049,250.1779,0.3353,0.4439
train_0677.jpg,720,960,0.6912,0.75,0.527,0.2706,19.1837,0.3333,0.6077
train_0678.jpg,720,960,0.6912,0.75,0.6966,0.166,201.5399,0.0517,0.7114
train_0679.jpg,720,960,0.6912,0.75,0.7025,0.2177,19.5995,0.0799,0.7237
train_0680.jpg,960,720,0.6912,1.3333,0.4778,0.2034,25.5813,0.1797,0.5199
train_0681.jpg,960,720,0.6912,1.3333,0.3272,0.1913,88.5346,0.1915,0.3553
train_0682.jpg,720,960,0.6912,0.75,0.2679,0.1855,333.4178,0.1815,0.2947
train_0683.jpg,1290,720,0.9288,1.7917,0.4615,0.2783,40.8866,0.3622,0.5242
train_0684.jpg,720,960,0.6912,0.75,0.5534,0.2115,14.1143,0.3063,0.6632
train_0686.jpg,720,1279,0.9209,0.5629,0.5485,0.1704,356.6819,0.0741,0.5645
train_0687.jpg,720,960,0.6912,0.75,0.641,0.2217,47.057,0.0753,0.6526
train_0689.jpg,720,1279,0.9209,0.5629,0.2169,0.1204,71.3532,0.1954,0.2304
train_0690.jpg,960,720,0.6912,1.3333,0.454,0.1481,20.2806,0.0811,0.469
train_0691.jpg,720,960,0.6912,0.75,0.6218,0.2275,39.5066,0.1035,0.6405
train_0692.jpg,960,720,0.6912,1.3333,0.4683,0.2905,45.5317,0.12,0.4877
train_0693.jpg,720,960,0.6912,0.75,0.5152,0.2145,30.6201,0.3853,0.6097
train_0694.jpg,960,720,0.6912,1.3333,0.4868,0.1181,233.5584,0.155,0.5691
train_0695.jpg,720,960,0.6912,0.75,0.5118,0.21,39.8521,0.1977,0.5476
train_0696.jpg,720,1542,1.1102,0.4669,0.522,0.2297,195.0205,0.2134,0.5756
train_0697.jpg,720,960,0.6912,0.75,0.2914,0.215,329.4066,0.271,0.3347
train_0698.jpg,960,720,0.6912,1.3333,0.4224,0.2433,22.3121,0.1719,0.4601
train_0699.jpg,1018,720,0.733,1.4139,0.7014,0.2716,298.7161,0.1257,0.7429
train_0700.jpg,720,960,0.6912,0.75,0.201,0.185,250.6674,0.8103,0.5511
train_0701.jpg,960,720,0.6912,1.3333,0.4408,0.197,38.2131,0.3026,0.5102
train_0703.jpg,720,960,0.6912,0.75,0.4877,0.2436,19.6201,0.2484,0.5765
train_0704.jpg,720,1561,1.1239,0.4612,0.8714,0.2072,33.1064,0.0974,0.9022
train_0705.jpg,720,960,0.6912,0.75,0.504,0.2574,194.5783,0.2472,0.554
train_0706.jpg,960,720,0.6912,1.3333,0.4469,0.2255,212.1142,0.1975,0.5051
train_0707.jpg,720,960,0.6912,0.75,0.2513,0.1631,6.1101,0.2236,0.2842
train_0708.jpg,960,720,0.6912,1.3333,0.562,0.2068,27.3148,0.1549,0.5873
train_0709.jpg,720,960,0.6912,0.75,0.4708,0.1953,68.9597,0.4234,0.5655
train_0710.jpg,720,720,0.5184,1.0,0.4289,0.199,30.8455,0.1915,0.4685
train_0712.jpg,960,720,0.6912,1.3333,0.5027,0.2498,31.2892,0.3066,0.5724
train_0713.jpg,720,960,0.6912,0.75,0.4982,0.2024,49.9935,0.2042,0.5387
train_0714.jpg,720,960,0.6912,0.75,0.5566,0.2355,31.2579,0.2184,0.6049
train_0715.jpg,720,960,0.6912,0.75,0.4793,0.2158,191.6427,0.1439,0.5118
train_0716.jpg,720,782,0.563,0.9207,0.5316,0.2005,13.0903,0.1934,0.5856
train_0717.jpg,720,1279,0.9209,0.5629,0.6057,0.1927,33.1339,0.2263,0.6757
train_0718.jpg,960,720,0.6912,1.3333,0.3064,0.1853,231.4422,0.1932,0.3363
train_0719.jpg,720,960,0.6912,0.75,0.3459,0.2304,54.5883,0.2733,0.3755
train_0720.jpg,720,960,0.6912,0.75,0.6154,0.2338,33.7351,0.1298,0.6459
train_0721.jpg,720,960,0.6912,0.75,0.4945,0.2208,34.3886,0.289,0.5629
train_0722.jpg,960,720,0.6912,1.3333,0.4753,0.2628,225.3706,0.1732,0.5085
train_0723.jpg,720,1560,1.1232,0.4615,0.3097,0.3058,187.1186,0.0808,0.3264
train_0724.jpg,720,1280,0.9216,0.5625,0.5075,0.1909,319.9026,0.0793,0.5266
train_0725.jpg,720,960,0.6912,0.75,0.4992,0.154,35.7546,0.2232,0.5445
train_0727.jpg,720,960,0.6912,0.75,0.477,0.0923,40.5145,0.0319,0.4808
train_0728.jpg,720,960,0.6912,0.75,0.4449,0.2962,41.1176,0.2761,0.4906
train_0729.jpg,720,960,0.6912,0.75,0.5755,0.2475,28.6914,0.1493,0.596
train_0730.jpg,720,960,0.6912,0.75,0.5788,0.1849,47.6716,0.268,0.6383
train_0731.jpg,720,960,0.6912,0.75,0.5029,0.2202,167.8739,0.259,0.5796
train_0733.jpg,720,960,0.6912,0.75,0.3984,0.2161,188.2569,0.3539,0.4538
train_0734.jpg,720,960,0.6912,0.75,0.4836,0.3074,173.9473,0.2489,0.5181
train_0737.jpg,720,960,0.6912,0.75,0.4616,0.2252,82.1125,0.1977,0.4926
train_0738.jpg,720,960,0.6912,0.75,0.5048,0.2764,37.5988,0.2466,0.5552
train_0739.jpg,720,960,0.6912,0.75,0.6331,0.1725,220.6393,0.1548,0.6907
train_0740.jpg,720,960,0.6912,0.75,0.3348,0.2662,38.1267,0.2743,0.3679
train_0741.jpg,960,720,0.6912,1.3333,0.4768,0.1768,216.167,0.2356,0.5687
train_0742.jpg,720,1280,0.9216,0.5625,0.4342,0.1669,299.7823,0.2197,0.4984
train_0743.jpg,720,960,0.6912,0.75,0.449,0.2824,190.8239,0.2506,0.4868
train_0745.jpg,720,960,0.6912,0.75,0.3651,0.2094,76.8379,0.2959,0.4233
train_0747.jpg,720,1280,0.9216,0.5625,0.4595,0.2441,19.7764,0.2288,0.5109
train_0748.jpg,720,960,0.6912,0.75,0.5635,0.2267,62.0414,0.0538,0.5744
train_0749.jpg,720,960,0.6912,0.75,0.4806,0.2458,206.1666,0.3332,0.5881
train_0750.jpg,720,960,0.6912,0.75,0.4498,0.2298,158.446,0.1799,0.4923
train_0751.jpg,720,960,0.6912,0.75,0.4259,0.1842,66.7841,0.1899,0.4575
train_0752.jpg,720,960,0.6912,0.75,0.2777,0.1686,27.2439,0.2572,0.3217
train_0753.jpg,720,960,0.6912,0.75,0.4744,0.2926,203.0807,0.2153,0.528
train_0754.jpg,720,960,0.6912,0.75,0.4754,0.1653,358.6657,0.4609,0.662
train_0755.jpg,720,960,0.6912,0.75,0.4129,0.2248,20.5073,0.3918,0.497
train_0756.jpg,720,960,0.6912,0.75,0.4592,0.2394,92.7582,0.194,0.4949
train_0757.jpg,960,720,0.6912,1.3333,0.4296,0.2032,45.7075,0.2519,0.4853
train_0759.jpg,720,960,0.6912,0.75,0.589,0.2466,211.1077,0.2165,0.6635
train_0760.jpg,960,720,0.6912,1.3333,0.6984,0.1446,22.8357,0.0311,0.7085
train_0761.jpg,720,960,0.6912,0.75,0.6766,0.1502,30.4701,0.1313,0.709
train_0762.jpg,720,960,0.6912,0.75,0.4792,0.2347,30.6054,0.1144,0.497
train_0764.jpg,720,960,0.6912,0.75,0.5598,0.1946,25.8492,0.1842,0.6044
train_0765.jpg,720,960,0.6912,0.75,0.6248,0.1208,47.1364,0.4762,0.7059
train_0766.jpg,720,960,0.6912,0.75,0.4007,0.192,220.018,0.2978,0.4875
train_0767.jpg,960,720,0.6912,1.3333,0.4772,0.1317,23.6238,0.1462,0.5081
train_0768.jpg,960,720,0.6912,1.3333,0.4509,0.208,143.178,0.2206,0.491
train_0770.jpg,720,960,0.6912,0.75,0.4703,0.2396,157.001,0.1789,0.4984
train_0771.jpg,720,960,0.6912,0.75,0.2691,0.2262,225.9126,0.3149,0.3276
train_0772.jpg,720,960,0.6912,0.75,0.5454,0.2749,206.6727,0.1569,0.5873
train_0773.jpg,720,960,0.6912,0.75,0.3288,0.1536,16.4134,0.1826,0.367
train_0774.jpg,720,960,0.6912,0.75,0.5853,0.2409,21.3878,0.1447,0.6215
train_0775.jpg,720,960,0.6912,0.75,0.4547,0.2266,351.3918,0.3099,0.5412
train_0778.jpg,720,960,0.6912,0.75,0.585,0.1972,306.1743,0.201,0.6849
train_0779.jpg,720,960,0.6912,0.75,0.4731,0.1542,357.2376,0.2123,0.5607
train_0780.jpg,720,960,0.6912,0.75,0.5208,0.2819,254.2098,0.0909,0.5399
train_0781.jpg,720,960,0.6912,0.75,0.6126,0.2782,170.5516,0.1055,0.6368
train_0782.jpg,720,960,0.6912,0.75,0.4592,0.233,137.4834,0.1979,0.4961
train_0783.jpg,720,960,0.6912,0.75,0.5059,0.1926,155.47,0.1682,0.5555
train_0784.jpg,720,960,0.6912,0.75,0.4588,0.1918,49.4756,0.2657,0.5033
train_0785.jpg,960,720,0.6912,1.3333,0.3209,0.2078,247.789,0.3693,0.4022
train_0788.jpg,720,960,0.6912,0.75,0.4109,0.2126,172.618,0.1889,0.4438
train_0789.jpg,720,960,0.6912,0.75,0.4068,0.2267,329.6836,0.1929,0.4524
train_0790.jpg,720,960,0.6912,0.75,0.4098,0.2424,46.348,0.2076,0.4537
train_0791.jpg,720,960,0.6912,0.75,0.4107,0.2691,212.1211,0.3319,0.5191
train_0792.jpg,1152,720,0.8294,1.6,0.5207,0.3084,21.549,0.2145,0.5745
train_0793.jpg,720,960,0.6912,0.75,0.4003,0.1806,134.2441,0.5466,0.4917
train_0794.jpg,720,960,0.6912,0.75,0.4824,0.1783,27.561,0.1825,0.5252
train_0795.jpg,720,960,0.6912,0.75,0.4864,0.2561,34.5182,0.1898,0.5171
train_0796.jpg,720,960,0.6912,0.75,0.4246,0.21,216.1325,0.3085,0.5394
train_0797.jpg,720,1279,0.9209,0.5629,0.5806,0.1753,34.4588,0.2418,0.642
train_0798.jpg,720,960,0.6912,0.75,0.5199,0.2146,62.4501,0.1101,0.5387
train_0799.jpg,720,960,0.6912,0.75,0.4939,0.2228,357.4929,0.1935,0.5417
train_0800.jpg,720,960,0.6912,0.75,0.5044,0.2104,217.605,0.1636,0.5445
train_0801.jpg,720,960,0.6912,0.75,0.4193,0.2925,197.0783,0.3289,0.498
train_0802.jpg,960,720,0.6912,1.3333,0.1757,0.1946,215.4618,0.2731,0.1972
train_0803.jpg,964,720,0.6941,1.3389,0.498,0.2582,109.2682,0.2695,0.5676
train_0804.jpg,720,960,0.6912,0.75,0.4417,0.2453,259.2054,0.4504,0.6271
train_0805.jpg,720,950,0.684,0.7579,0.436,0.1522,45.8536,0.1566,0.4759
train_0806.jpg,960,720,0.6912,1.3333,0.4975,0.2994,215.5351,0.1374,0.5333
train_0807.jpg,720,960,0.6912,0.75,0.4365,0.2415,24.1111,0.2785,0.506
train_0808.jpg,720,960,0.6912,0.75,0.5359,0.2068,33.5532,0.2586,0.5929
train_0809.jpg,720,960,0.6912,0.75,0.4882,0.2232,34.136,0.161,0.5196
train_0810.jpg,720,960,0.6912,0.75,0.5544,0.245,9.1923,0.1264,0.5963
train_0811.jpg,720,960,0.6912,0.75,0.5203,0.2204,125.4319,0.2572,0.5673
train_0812.jpg,960,720,0.6912,1.3333,0.5441,0.1206,215.9135,0.0602,0.5699
train_0815.jpg,720,810,0.5832,0.8889,0.3245,0.2269,48.7253,0.3726,0.3799
train_0816.jpg,720,960,0.6912,0.75,0.3826,0.2491,40.552,0.1992,0.4136
train_0817.jpg,720,960,0.6912,0.75,0.4553,0.2287,35.9876,0.1105,0.4782
train_0818.jpg,960,720,0.6912,1.3333,0.6242,0.1771,28.3611,0.1403,0.6636
train_0819.jpg,720,960,0.6912,0.75,0.318,0.1726,24.5417,0.3178,0.3718
train_0820.jpg,720,960,0.6912,0.75,0.5248,0.1719,244.773,0.1444,0.5627
train_0821.jpg,720,720,0.5184,1.0,0.3146,0.1692,234.0055,0.4168,0.4316
train_0822.jpg,960,720,0.6912,1.3333,0.3081,0.2223,21.979,0.4153,0.3701
train_0823.jpg,720,961,0.6919,0.7492,0.4553,0.1577,28.0995,0.0377,0.4616
train_0824.jpg,720,960,0.6912,0.75,0.4689,0.2038,13.216,0.177,0.5196
train_0825.jpg,720,960,0.6912,0.75,0.5532,0.2096,56.36,0.0782,0.5669
train_0826.jpg,960,720,0.6912,1.3333,0.4015,0.2265,123.9997,0.1742,0.437
train_0827.jpg,720,960,0.6912,0.75,0.3845,0.1929,214.0623,0.415,0.5104
train_0828.jpg,1758,720,1.2658,2.4417,0.5443,0.2815,350.4426,0.1739,0.5756
train_0829.jpg,720,960,0.6912,0.75,0.3364,0.2037,39.1862,0.239,0.3571
train_0830.jpg,720,960,0.6912,0.75,0.4931,0.2151,29.3792,0.4149,0.5906
train_0831.jpg,720,1279,0.9209,0.5629,0.4578,0.245,168.7957,0.1695,0.4923
train_0832.jpg,720,960,0.6912,0.75,0.2787,0.2144,31.6359,0.2884,0.3313
train_0833.jpg,720,960,0.6912,0.75,0.5241,0.2455,16.9543,0.1274,0.5486
train_0834.jpg,720,1560,1.1232,0.4615,0.6019,0.2783,240.8831,0.1328,0.6396
train_0835.jpg,960,720,0.6912,1.3333,0.4023,0.2257,191.8406,0.1532,0.436
train_0836.jpg,720,960,0.6912,0.75,0.4118,0.2571,135.8557,0.1639,0.4317
train_0837.jpg,720,960,0.6912,0.75,0.5873,0.253,196.2753,0.2316,0.6644
train_0838.jpg,720,1542,1.1102,0.4669,0.3036,0.2874,257.627,0.5716,0.4579
train_0839.jpg,720,960,0.6912,0.75,0.6139,0.2396,63.4148,0.2274,0.6558
train_0840.jpg,720,720,0.5184,1.0,0.615,0.2562,27.869,0.2714,0.6921
train_0841.jpg,720,960,0.6912,0.75,0.4966,0.232,31.3718,0.2079,0.5417
train_0842.jpg,720,960,0.6912,0.75,0.4878,0.1997,71.4138,0.1387,0.5081
train_0843.jpg,720,960,0.6912,0.75,0.7018,0.1477,230.4564,0.0656,0.7143
train_0844.jpg,720,960,0.6912,0.75,0.5091,0.1901,34.7495,0.6468,0.6511
train_0845.jpg,720,960,0.6912,0.75,0.3842,0.1913,246.2208,0.2861,0.478
train_0846.jpg,960,720,0.6912,1.3333,0.375,0.2385,255.0951,0.1802,0.4192
train_0848.jpg,720,960,0.6912,0.75,0.4449,0.1959,212.5307,0.421,0.5967
train_0849.jpg,960,720,0.6912,1.3333,0.4662,0.2134,127.5858,0.2394,0.513
train_0850.jpg,720,960,0.6912,0.75,0.5722,0.1658,39.0663,0.107,0.5923
train_0851.jpg,720,960,0.6912,0.75,0.6045,0.2087,209.7393,0.2519,0.6801
train_0852.jpg,720,960,0.6912,0.75,0.0592,0.1376,38.8761,0.2521,0.0608
train_0853.jpg,1080,720,0.7776,1.5,0.4368,0.2516,212.415,0.1515,0.4772
train_0854.jpg,720,960,0.6912,0.75,0.4987,0.2776,313.1048,0.136,0.5458
train_0855.jpg,720,960,0.6912,0.75,0.5046,0.21,34.6071,0.257,0.5472
train_0856.jpg,720,1279,0.9209,0.5629,0.4413,0.1849,99.4417,0.2797,0.4738
train_0857.jpg,720,960,0.6912,0.75,0.2244,0.212,281.9298,0.2189,0.2508
train_0858.jpg,720,960,0.6912,0.75,0.4492,0.2285,308.9673,0.2037,0.5249
train_0859.jpg,720,960,0.6912,0.75,0.4812,0.2012,75.1258,0.1794,0.5232
train_0860.jpg,720,960,0.6912,0.75,0.3751,0.1975,202.0271,0.1915,0.4067
train_0861.jpg,960,720,0.6912,1.3333,0.5121,0.2477,62.0456,0.2082,0.5486
train_0862.jpg,720,960,0.6912,0.75,0.5164,0.2847,230.6366,0.1929,0.5602
train_0863.jpg,720,960,0.6912,0.75,0.4792,0.2431,176.158,0.1126,0.4986
train_0864.jpg,960,720,0.6912,1.3333,0.4746,0.1893,221.0403,0.0622,0.4821
train_0865.jpg,720,720,0.5184,1.0,0.5669,0.2056,248.2803,0.2535,0.6435
train_0866.jpg,720,960,0.6912,0.75,0.3553,0.2128,7.0331,0.3263,0.4167
train_0867.jpg,720,960,0.6912,0.75,0.5934,0.1736,25.2034,0.0912,0.6232
train_0868.jpg,720,960,0.6912,0.75,0.5573,0.1448,291.8683,0.1305,0.6047
train_0869.jpg,720,960,0.6912,0.75,0.5301,0.2051,73.8838,0.1161,0.5474
train_0870.jpg,960,720,0.6912,1.3333,0.5861,0.2413,36.3937,0.1662,0.6261
train_0871.jpg,720,960,0.6912,0.75,0.2647,0.274,231.5102,0.5759,0.3811
train_0873.jpg,720,960,0.6912,0.75,0.4843,0.2144,34.9668,0.3523,0.5695
train_0874.jpg,720,960,0.6912,0.75,0.5084,0.1922,36.947,0.3877,0.5797
train_0875.jpg,720,960,0.6912,0.75,0.4789,0.181,196.9933,0.201,0.5348
train_0876.jpg,720,960,0.6912,0.75,0.457,0.1946,35.9701,0.1254,0.4792
train_0877.jpg,720,1280,0.9216,0.5625,0.4973,0.1792,208.988,0.3405,0.6398
train_0878.jpg,720,961,0.6919,0.7492,0.465,0.2666,18.1252,0.1843,0.5063
train_0879.jpg,720,960,0.6912,0.75,0.292,0.2383,33.4338,0.3674,0.3469
train_0880.jpg,960,720,0.6912,1.3333,0.5362,0.2259,24.9685,0.3671,0.6372
train_0882.jpg,960,720,0.6912,1.3333,0.2605,0.2007,32.4654,0.4039,0.3018
train_0883.jpg,720,960,0.6912,0.75,0.4016,0.2219,21.2608,0.098,0.4187
train_0884.jpg,1320,720,0.9504,1.8333,0.424,0.254,22.9284,0.3686,0.4942
train_0886.jpg,720,960,0.6912,0.75,0.3774,0.3427,193.4792,0.137,0.4094
train_0888.jpg,960,720,0.6912,1.3333,0.4429,0.2676,264.8339,0.1372,0.4663
train_0889.jpg,720,960,0.6912,0.75,0.3812,0.2201,13.7266,0.3653,0.4669
train_0890.jpg,960,720,0.6912,1.3333,0.6003,0.2153,203.7889,0.1972,0.6654
train_0891.jpg,720,720,0.5184,1.0,0.4882,0.2253,212.462,0.1103,0.5162
train_0892.jpg,720,960,0.6912,0.75,0.4102,0.2053,216.0527,0.3785,0.5426
train_0893.jpg,1279,720,0.9209,1.7764,0.377,0.221,196.6788,0.2179,0.4154
train_0894.jpg,1128,720,0.8122,1.5667,0.4392,0.249,21.8808,0.1545,0.4652
train_0895.jpg,720,960,0.6912,0.75,0.341,0.2118,31.5713,0.1995,0.3747
train_0896.jpg,720,960,0.6912,0.75,0.4211,0.2509,50.964,0.1123,0.4396
train_0897.jpg,720,960,0.6912,0.75,0.4324,0.2056,200.6788,0.2781,0.5215
train_0898.jpg,720,960,0.6912,0.75,0.6862,0.226,29.2382,0.1186,0.7091
train_0899.jpg,720,960,0.6912,0.75,0.4667,0.1435,31.0765,0.1636,0.4925
train_0901.jpg,720,960,0.6912,0.75,0.4863,0.2101,53.8398,0.1023,0.5
train_0902.jpg,720,960,0.6912,0.75,0.4693,0.256,57.6579,0.3896,0.5467
train_0903.jpg,720,960,0.6912,0.75,0.4174,0.251,158.6875,0.2749,0.4722
train_0904.jpg,720,960,0.6912,0.75,0.2928,0.2135,239.2872,0.3884,0.3961
train_0905.jpg,720,960,0.6912,0.75,0.5553,0.2192,192.7816,0.1172,0.5887
train_0906.jpg,1037,720,0.7466,1.4403,0.414,0.2036,216.0129,0.5263,0.6164
train_0907.jpg,720,960,0.6912,0.75,0.5146,0.1989,34.1009,0.2206,0.5645
train_0908.jpg,720,960,0.6912,0.75,0.4573,0.1609,228.5696,0.1442,0.4925
train_0909.jpg,720,960,0.6912,0.75,0.4177,0.2855,52.6375,0.2021,0.4512
train_0911.jpg,720,960,0.6912,0.75,0.4023,0.232,14.4645,0.2482,0.4785
train_0912.jpg,720,960,0.6912,0.75,0.4885,0.2133,25.1151,0.0999,0.5134
train_0913.jpg,720,960,0.6912,0.75,0.5297,0.2698,107.9344,0.2642,0.5678
train_0914.jpg,720,960,0.6912,0.75,0.5527,0.2244,359.7381,0.2502,0.6204
train_0915.jpg,1298,720,0.9346,1.8028,0.3745,0.1962,320.719,0.1878,0.4201
train_0916.jpg,720,960,0.6912,0.75,0.5966,0.2145,188.1371,0.1752,0.646
train_0917.jpg,720,960,0.6912,0.75,0.5269,0.1992,209.3095,0.197,0.5941
train_0918.jpg,720,960,0.6912,0.75,0.4291,0.2288,137.8404,0.2054,0.4699
train_0919.jpg,720,960,0.6912,0.75,0.4344,0.1953,8.1024,0.2341,0.4937
train_0920.jpg,720,960,0.6912,0.75,0.6678,0.1902,42.4959,0.0903,0.682
train_0921.jpg,960,720,0.6912,1.3333,0.4375,0.2394,70.823,0.1374,0.4572
train_0922.jpg,720,960,0.6912,0.75,0.4515,0.2591,338.5704,0.3022,0.523
train_0924.jpg,960,720,0.6912,1.3333,0.4523,0.2143,33.1906,0.2969,0.5176
train_0925.jpg,720,960,0.6912,0.75,0.5997,0.217,215.763,0.1799,0.6551
train_0926.jpg,720,720,0.5184,1.0,0.2223,0.1991,10.3716,0.2708,0.2515
train_0927.jpg,720,960,0.6912,0.75,0.5521,0.1731,23.28,0.1978,0.613
train_0928.jpg,720,960,0.6912,0.75,0.6118,0.1575,45.3206,0.0591,0.6283
train_0929.jpg,720,960,0.6912,0.75,0.4679,0.2145,33.5387,0.3221,0.5323
train_0930.jpg,720,960,0.6912,0.75,0.571,0.1692,222.2144,0.1146,0.6059
train_0931.jpg,932,720,0.671,1.2944,0.7223,0.0877,29.4662,0.0296,0.7368
train_0932.jpg,720,960,0.6912,0.75,0.4494,0.2527,103.2699,0.2389,0.48
train_0934.jpg,720,960,0.6912,0.75,0.2725,0.17,206.6753,0.7614,0.4767
train_0935.jpg,720,960,0.6912,0.75,0.5818,0.2127,209.0879,0.19,0.6639
train_0936.jpg,960,720,0.6912,1.3333,0.4187,0.1688,4.6574,0.3466,0.5092
train_0937.jpg,720,960,0.6912,0.75,0.516,0.2275,211.1549,0.1057,0.5465
train_0938.jpg,720,960,0.6912,0.75,0.7042,0.1009,217.8972,0.0141,0.7092
train_0939.jpg,720,1279,0.9209,0.5629,0.4442,0.2272,224.8799,0.3109,0.5509
train_0940.jpg,720,960,0.6912,0.75,0.4815,0.2301,68.3866,0.1736,0.5205
train_0941.jpg,720,960,0.6912,0.75,0.5009,0.1371,198.497,0.1665,0.5455
train_0942.jpg,1279,720,0.9209,1.7764,0.4644,0.183,359.1526,0.2751,0.5463
train_0943.jpg,960,720,0.6912,1.3333,0.42,0.1628,244.8452,0.1109,0.4507
train_0944.jpg,1289,720,0.9281,1.7903,0.5049,0.2092,219.3862,0.1831,0.5654
train_0945.jpg,720,960,0.6912,0.75,0.5143,0.2299,181.1972,0.117,0.5296
train_0946.jpg,720,960,0.6912,0.75,0.3127,0.2091,20.183,0.2292,0.3447
train_0947.jpg,720,960,0.6912,0.75,0.4868,0.2086,232.5971,0.1983,0.5521
train_0948.jpg,720,960,0.6912,0.75,0.4191,0.2296,98.7016,0.3333,0.49
train_0949.jpg,720,1560,1.1232,0.4615,0.2853,0.2822,46.7418,0.2684,0.3528
train_0950.jpg,720,960,0.6912,0.75,0.554,0.1934,51.6421,0.1728,0.5911
train_0953.jpg,960,720,0.6912,1.3333,0.4479,0.207,147.6596,0.2393,0.5023
train_0954.jpg,1280,720,0.9216,1.7778,0.4765,0.2017,264.3515,0.1727,0.5417
train_0955.jpg,720,960,0.6912,0.75,0.4612,0.2164,205.0751,0.1683,0.4963
train_0957.jpg,720,865,0.6228,0.8324,0.4447,0.2143,197.1723,0.2471,0.4993
train_0958.jpg,720,960,0.6912,0.75,0.5171,0.2187,30.9168,0.1898,0.5534
train_0959.jpg,720,960,0.6912,0.75,0.5272,0.2519,204.9937,0.1504,0.5767
train_0960.jpg,720,960,0.6912,0.75,0.4432,0.2168,190.6317,0.2464,0.5008
train_0962.jpg,720,960,0.6912,0.75,0.4736,0.2238,200.8787,0.1086,0.4961
train_0963.jpg,720,960,0.6912,0.75,0.604,0.2106,260.9487,0.0793,0.6193
train_0964.jpg,720,960,0.6912,0.75,0.495,0.2686,3.6207,0.2177,0.5456
train_0965.jpg,720,960,0.6912,0.75,0.4944,0.2224,13.1234,0.2341,0.555
train_0966.jpg,960,720,0.6912,1.3333,0.5014,0.2166,65.7055,0.1783,0.5298
train_0967.jpg,720,960,0.6912,0.75,0.29,0.2645,36.6597,0.3002,0.3315
train_0968.jpg,720,960,0.6912,0.75,0.5262,0.1736,222.0046,0.1468,0.5735
train_0969.jpg,720,960,0.6912,0.75,0.3604,0.3253,2.002,0.2873,0.4058
train_0970.jpg,720,960,0.6912,0.75,0.4822,0.2498,170.5731,0.272,0.544
train_0971.jpg,720,960,0.6912,0.75,0.5812,0.2353,33.6689,0.1851,0.6235
train_0972.jpg,960,720,0.6912,1.3333,0.4565,0.213,33.5839,0.2982,0.5198
train_0973.jpg,720,1279,0.9209,0.5629,0.4396,0.2341,10.928,0.203,0.4872
train_0974.jpg,720,960,0.6912,0.75,0.4148,0.2343,127.7334,0.171,0.4464
train_0976.jpg,720,960,0.6912,0.75,0.4829,0.1949,24.6694,0.2058,0.5292
train_0977.jpg,720,960,0.6912,0.75,0.4971,0.2863,250.274,0.3065,0.6181
train_0978.jpg,720,1009,0.7265,0.7136,0.4935,0.234,50.2075,0.1472,0.5186
train_0979.jpg,720,952,0.6854,0.7563,0.4898,0.2787,199.9544,0.2426,0.5422
train_0980.jpg,720,960,0.6912,0.75,0.4937,0.2529,32.5052,0.2348,0.5374
train_0981.jpg,720,960,0.6912,0.75,0.5353,0.1968,32.7171,0.1295,0.5599
train_0982.jpg,720,960,0.6912,0.75,0.3823,0.3146,274.3981,0.0961,0.3965
train_0983.jpg,720,960,0.6912,0.75,0.4105,0.1968,216.8351,0.3025,0.502
train_0984.jpg,1280,720,0.9216,1.7778,0.5305,0.2109,196.2315,0.1952,0.5818
train_0985.jpg,720,1279,0.9209,0.5629,0.4787,0.154,34.9201,0.1268,0.5123
train_0987.jpg,720,960,0.6912,0.75,0.4901,0.2203,26.6536,0.3372,0.5652
train_0988.jpg,960,720,0.6912,1.3333,0.5748,0.1524,39.9521,0.1165,0.5954
train_0989.jpg,720,960,0.6912,0.75,0.4016,0.2227,12.7624,0.3219,0.4782
train_0990.jpg,720,1280,0.9216,0.5625,0.4643,0.2863,23.9867,0.3968,0.5347
train_0991.jpg,720,960,0.6912,0.75,0.5062,0.2526,314.1377,0.2183,0.5712
train_0992.jpg,960,720,0.6912,1.3333,0.47,0.2148,168.6431,0.2738,0.5328
train_0993.jpg,720,960,0.6912,0.75,0.5622,0.156,208.587,0.1861,0.6364
train_0994.jpg,960,720,0.6912,1.3333,0.4708,0.1947,83.2776,0.1563,0.5054
train_0995.jpg,960,720,0.6912,1.3333,0.2536,0.1806,68.0624,0.1496,0.2669
train_0996.jpg,720,960,0.6912,0.75,0.568,0.1783,185.4081,0.2248,0.6406
train_0997.jpg,960,720,0.6912,1.3333,0.4404,0.191,128.9531,0.1458,0.4669
train_0998.jpg,960,720,0.6912,1.3333,0.3667,0.207,38.3352,0.1762,0.4079
train_0999.jpg,720,960,0.6912,0.75,0.531,0.2117,30.1309,0.2426,0.5888
train_1000.jpg,720,960,0.6912,0.75,0.3654,0.1954,2.4108,0.3031,0.4639
train_1001.jpg,720,960,0.6912,0.75,0.3862,0.1979,8.0437,0.2636,0.4487
train_1002.jpg,720,960,0.6912,0.75,0.4791,0.241,27.3565,0.0985,0.4968
train_1003.jpg,720,960,0.6912,0.75,0.443,0.2673,58.3787,0.1072,0.4622
train_1004.jpg,720,960,0.6912,0.75,0.4208,0.2339,33.9163,0.2583,0.473
train_1005.jpg,720,1279,0.9209,0.5629,0.6445,0.2064,25.2497,0.0727,0.6604
train_1006.jpg,720,960,0.6912,0.75,0.6028,0.1991,32.0013,0.2256,0.6466
train_1007.jpg,720,960,0.6912,0.75,0.6183,0.1774,200.7831,0.1021,0.6497
train_1009.jpg,720,960,0.6912,0.75,0.4982,0.2364,248.8552,0.2014,0.5519
train_1010.jpg,720,960,0.6912,0.75,0.5288,0.1947,216.9287,0.1487,0.5879
train_1011.jpg,960,720,0.6912,1.3333,0.5384,0.1633,29.1999,0.1293,0.5629
train_1012.jpg,720,960,0.6912,0.75,0.4883,0.2586,169.7821,0.2038,0.5292
train_1013.jpg,720,960,0.6912,0.75,0.507,0.2573,114.9477,0.2248,0.551
train_1014.jpg,720,960,0.6912,0.75,0.5272,0.2639,351.6317,0.3936,0.6559
train_1015.jpg,720,960,0.6912,0.75,0.5477,0.163,53.1154,0.2256,0.5953
train_1016.jpg,720,1279,0.9209,0.5629,0.5861,0.2019,24.3899,0.2056,0.6398
train_1017.jpg,720,960,0.6912,0.75,0.3481,0.2072,188.4976,0.2341,0.3894
train_1019.jpg,960,720,0.6912,1.3333,0.5916,0.2284,190.9624,0.3513,0.6972
train_1020.jpg,959,720,0.6905,1.3319,0.3736,0.2368,0.4451,0.2571,0.4512
train_1021.jpg,720,959,0.6905,0.7508,0.4292,0.1596,23.8217,0.4994,0.5518
train_1022.jpg,720,960,0.6912,0.75,0.4288,0.1597,63.4224,0.1543,0.4528
train_1023.jpg,720,960,0.6912,0.75,0.486,0.1897,42.5806,0.2012,0.528
train_1024.jpg,720,720,0.5184,1.0,0.5749,0.1501,46.7459,0.0901,0.5939
train_1025.jpg,720,960,0.6912,0.75,0.5279,0.2474,84.0314,0.0573,0.5425
train_1026.jpg,960,720,0.6912,1.3333,0.4182,0.2337,323.595,0.3001,0.4971
train_1027.jpg,720,960,0.6912,0.75,0.4377,0.1187,80.4197,0.2305,0.4641
train_1028.jpg,720,1279,0.9209,0.5629,0.4787,0.1756,36.516,0.1407,0.5098
train_1029.jpg,720,960,0.6912,0.75,0.523,0.2526,27.0589,0.2176,0.5753
train_1030.jpg,720,960,0.6912,0.75,0.5586,0.2424,24.9876,0.1906,0.5853
train_1031.jpg,720,720,0.5184,1.0,0.4705,0.2818,253.693,0.0748,0.4881
train_1032.jpg,720,960,0.6912,0.75,0.4733,0.2519,34.2017,0.2905,0.5216
train_1033.jpg,960,720,0.6912,1.3333,0.5606,0.2305,29.5499,0.2953,0.6358
train_1034.jpg,960,720,0.6912,1.3333,0.4422,0.2273,20.9621,0.5471,0.6016
train_1035.jpg,720,1280,0.9216,0.5625,0.2414,0.2609,35.9634,0.2713,0.2813
train_1036.jpg,720,1279,0.9209,0.5629,0.4871,0.2304,28.6808,0.2043,0.5306
train_1037.jpg,720,960,0.6912,0.75,0.5568,0.1534,296.2234,0.1228,0.592
train_1039.jpg,720,960,0.6912,0.75,0.3559,0.2325,205.4291,0.1809,0.3904
train_1040.jpg,720,864,0.6221,0.8333,0.4418,0.235,33.7534,0.2234,0.48
train_1041.jpg,720,960,0.6912,0.75,0.4201,0.2499,205.734,0.3049,0.4959
train_1042.jpg,720,960,0.6912,0.75,0.4403,0.2762,29.0309,0.1857,0.4805
train_1043.jpg,720,1538,1.1074,0.4681,0.4413,0.2523,193.0735,0.3244,0.527
train_1044.jpg,720,960,0.6912,0.75,0.4373,0.1894,213.4496,0.4507,0.5925
train_1045.jpg,960,720,0.6912,1.3333,0.3933,0.1952,29.1934,0.291,0.4458
train_1046.jpg,720,1678,1.2082,0.4291,0.5706,0.1915,9.9621,0.3203,0.6779
train_1047.jpg,720,960,0.6912,0.75,0.5383,0.1882,143.7161,0.1615,0.5868
train_1048.jpg,720,960,0.6912,0.75,0.4961,0.2398,41.1327,0.3387,0.5526
train_1049.jpg,720,960,0.6912,0.75,0.4479,0.2167,172.4923,0.3134,0.5022
train_1050.jpg,720,960,0.6912,0.75,0.5849,0.127,303.9341,0.0618,0.6069
train_1051.jpg,720,960,0.6912,0.75,0.4954,0.245,231.2839,0.2448,0.5699
train_1052.jpg,720,960,0.6912,0.75,0.5016,0.2315,148.6939,0.3217,0.5672
train_1053.jpg,720,960,0.6912,0.75,0.5919,0.1768,3.5581,0.0988,0.6225
train_1054.jpg,1280,720,0.9216,1.7778,0.4425,0.2265,188.8656,0.2277,0.501
train_1056.jpg,960,720,0.6912,1.3333,0.4449,0.2041,308.7999,0.1324,0.476
train_1057.jpg,960,720,0.6912,1.3333,0.4732,0.1967,193.5079,0.3178,0.5656
train_1059.jpg,720,960,0.6912,0.75,0.5952,0.0581,,0.0301,0.5991
train_1060.jpg,720,960,0.6912,0.75,0.4944,0.284,16.8983,0.4416,0.6034
train_1061.jpg,720,1291,0.9295,0.5577,0.6309,0.2113,17.5338,0.3045,0.7465
train_1062.jpg,720,960,0.6912,0.75,0.4161,0.2456,220.9308,0.2063,0.4767
train_1063.jpg,1514,720,1.0901,2.1028,0.428,0.2121,252.6044,0.2137,0.4869
train_1064.jpg,720,960,0.6912,0.75,0.505,0.1601,33.1486,0.4075,0.5913
train_1065.jpg,720,960,0.6912,0.75,0.5235,0.2724,54.0733,0.1343,0.5407
train_1066.jpg,960,720,0.6912,1.3333,0.554,0.182,226.1678,0.1424,0.5985
train_1067.jpg,720,1280,0.9216,0.5625,0.4182,0.2233,246.4506,0.0297,0.4234
train_1068.jpg,960,720,0.6912,1.3333,0.5383,0.2735,221.5185,0.2044,0.5826
train_1069.jpg,960,720,0.6912,1.3333,0.4512,0.1892,252.4415,0.2513,0.5277
train_1070.jpg,720,960,0.6912,0.75,0.4414,0.2203,93.8166,0.1857,0.4654
train_1071.jpg,720,960,0.6912,0.75,0.5215,0.219,151.0685,0.3592,0.6083
train_1072.jpg,960,720,0.6912,1.3333,0.5858,0.2594,206.8336,0.1519,0.6349
train_1073.jpg,960,720,0.6912,1.3333,0.4774,0.2036,37.6919,0.2123,0.5198
train_1074.jpg,720,960,0.6912,0.75,0.4612,0.2168,213.2481,0.1508,0.509
train_1075.jpg,956,720,0.6883,1.3278,0.4649,0.1765,203.1302,0.3476,0.5849
train_1076.jpg,960,720,0.6912,1.3333,0.4554,0.296,348.968,0.1673,0.4897
train_1077.jpg,1320,720,0.9504,1.8333,0.2637,0.1776,2.0122,0.4615,0.3414
train_1078.jpg,960,720,0.6912,1.3333,0.6451,0.2198,30.6938,0.2529,0.7048
train_1079.jpg,720,1280,0.9216,0.5625,0.2868,0.2313,250.1654,0.4622,0.3749
train_1080.jpg,960,720,0.6912,1.3333,0.4505,0.254,42.8425,0.2965,0.5284
train_1081.jpg,960,720,0.6912,1.3333,0.5364,0.2146,219.746,0.0908,0.562
train_1082.jpg,960,720,0.6912,1.3333,0.2689,0.2353,274.7565,0.391,0.3665
train_1084.jpg,960,720,0.6912,1.3333,0.5692,0.2391,36.4472,0.1289,0.596
train_1085.jpg,720,960,0.6912,0.75,0.1161,0.1429,153.5779,0.2475,0.1661
train_1086.jpg,720,960,0.6912,0.75,0.4449,0.2327,9.248,0.2601,0.4928
train_1087.jpg,720,960,0.6912,0.75,0.5275,0.2306,175.6967,0.1549,0.5719
train_1088.jpg,720,960,0.6912,0.75,0.3749,0.2046,353.3034,0.2615,0.4285
train_1089.jpg,960,720,0.6912,1.3333,0.4822,0.2776,33.591,0.3269,0.5354
train_1090.jpg,960,720,0.6912,1.3333,0.4608,0.2119,131.2827,0.1634,0.4928
train_1091.jpg,720,960,0.6912,0.75,0.5298,0.176,28.2758,0.0419,0.5388
train_1092.jpg,960,720,0.6912,1.3333,0.5012,0.1865,31.1987,0.2851,0.5653
train_1093.jpg,720,960,0.6912,0.75,0.601,0.2106,199.7258,0.1301,0.6362
train_1094.jpg,720,960,0.6912,0.75,0.6147,0.2406,12.6136,0.0812,0.632
train_1095.jpg,720,960,0.6912,0.75,0.4648,0.2214,20.3935,0.2293,0.5078
train_1096.jpg,960,720,0.6912,1.3333,0.5206,0.2233,50.9708,0.209,0.5612
train_1097.jpg,960,720,0.6912,1.3333,0.4241,0.2182,354.699,0.2068,0.4828
train_1098.jpg,960,720,0.6912,1.3333,0.2563,0.2233,24.5912,0.175,0.2828
train_1099.jpg,720,960,0.6912,0.75,0.4784,0.2859,354.7173,0.2417,0.5442
train_1100.jpg,720,1279,0.9209,0.5629,0.5465,0.2422,248.5297,0.048,0.5545
train_1101.jpg,720,960,0.6912,0.75,0.5304,0.2483,23.3261,0.1814,0.5648
train_1102.jpg,720,960,0.6912,0.75,0.4434,0.2201,209.2174,0.2063,0.4906
train_1103.jpg,960,720,0.6912,1.3333,0.5658,0.1876,36.9919,0.1058,0.5841
train_1104.jpg,720,720,0.5184,1.0,0.5388,0.1862,85.9473,0.3113,0.6037
train_1105.jpg,720,960,0.6912,0.75,0.416,0.1872,17.7254,0.5393,0.5632
train_1106.jpg,720,960,0.6912,0.75,0.408,0.2158,46.5047,0.1987,0.4521
train_1107.jpg,720,960,0.6912,0.75,0.4096,0.2282,162.4305,0.3864,0.4735
train_1108.jpg,960,720,0.6912,1.3333,0.5705,0.3222,1.999,0.1629,0.5914
train_1109.jpg,960,720,0.6912,1.3333,0.5331,0.1804,214.1526,0.2756,0.6204
train_1111.jpg,720,960,0.6912,0.75,0.4303,0.1868,29.1055,0.2995,0.4897
train_1113.jpg,960,720,0.6912,1.3333,0.5177,0.1955,37.3811,0.1278,0.5463
train_1114.jpg,960,720,0.6912,1.3333,0.467,0.2263,60.0718,0.2004,0.5005
train_1115.jpg,960,720,0.6912,1.3333,0.4795,0.2114,175.6313,0.288,0.5374
train_1116.jpg,1465,720,1.0548,2.0347,0.5161,0.206,159.1584,0.5552,0.7042
train_1117.jpg,720,720,0.5184,1.0,0.4436,0.2017,25.8531,0.1861,0.4808
train_1118.jpg,720,960,0.6912,0.75,0.4835,0.18,174.5081,0.1758,0.5194
train_1119.jpg,720,960,0.6912,0.75,0.52,0.1838,30.8479,0.1102,0.5428
train_1121.jpg,960,720,0.6912,1.3333,0.3464,0.204,180.7019,0.2056,0.3972
train_1122.jpg,720,960,0.6912,0.75,0.5623,0.1807,31.6775,0.2466,0.614
train_1123.jpg,720,960,0.6912,0.75,0.4392,0.2371,84.6069,0.1318,0.4656
train_1124.jpg,720,720,0.5184,1.0,0.5177,0.2057,347.9576,0.1449,0.5582
train_1125.jpg,720,960,0.6912,0.75,0.5865,0.2397,154.7416,0.1405,0.6222
train_1126.jpg,720,960,0.6912,0.75,0.4795,0.2353,72.7088,0.1199,0.5029
train_1128.jpg,720,1280,0.9216,0.5625,0.4747,0.2401,314.2868,0.2146,0.5374
train_1129.jpg,720,960,0.6912,0.75,0.6354,0.2258,257.5722,0.077,0.6522
train_1130.jpg,720,960,0.6912,0.75,0.4164,0.2668,358.5714,0.4071,0.5095
train_1131.jpg,720,960,0.6912,0.75,0.199,0.1666,6.1655,0.1773,0.2174
train_1132.jpg,720,960,0.6912,0.75,0.5703,0.1267,13.3027,0.1217,0.6045
train_1133.jpg,960,720,0.6912,1.3333,0.4946,0.1689,71.1955,0.1229,0.5252
train_1134.jpg,720,960,0.6912,0.75,0.5676,0.2646,43.3964,0.1044,0.5813
train_1135.jpg,960,720,0.6912,1.3333,0.5381,0.3469,67.3895,0.1665,0.5602
train_1136.jpg,720,960,0.6912,0.75,0.5361,0.2379,40.2006,0.2214,0.5831
train_1137.jpg,720,960,0.6912,0.75,0.3965,0.228,9.0063,0.3458,0.4856
train_1138.jpg,720,960,0.6912,0.75,0.477,0.2167,231.0856,0.134,0.5111
train_1139.jpg,720,960,0.6912,0.75,0.4762,0.2531,23.133,0.3956,0.5721
train_1140.jpg,720,960,0.6912,0.75,0.4826,0.2152,229.2579,0.2742,0.5686
train_1142.jpg,960,720,0.6912,1.3333,0.5611,0.2321,41.2285,0.1779,0.6106
train_1143.jpg,720,960,0.6912,0.75,0.607,0.2221,308.6716,0.232,0.6965
train_1144.jpg,720,960,0.6912,0.75,0.5543,0.2844,190.7117,0.1709,0.5913
train_1145.jpg,720,960,0.6912,0.75,0.5403,0.1843,51.2628,0.1196,0.5682
train_1146.jpg,720,960,0.6912,0.75,0.3918,0.2048,217.4949,0.3383,0.4934
train_1147.jpg,960,720,0.6912,1.3333,0.4071,0.1903,25.7952,0.4547,0.5064
train_1148.jpg,720,1279,0.9209,0.5629,0.5132,0.2889,30.1277,0.2554,0.565
train_1149.jpg,720,960,0.6912,0.75,0.4459,0.2199,34.5613,0.2704,0.4828
train_1150.jpg,720,960,0.6912,0.75,0.4532,0.2042,65.2952,0.1365,0.482
train_1152.jpg,720,960,0.6912,0.75,0.3343,0.1903,193.2502,0.2808,0.3982
train_1153.jpg,960,720,0.6912,1.3333,0.485,0.218,23.1719,0.1961,0.521
train_1154.jpg,720,960,0.6912,0.75,0.4839,0.2066,27.0648,0.3618,0.5739
train_1155.jpg,720,960,0.6912,0.75,0.51,0.2621,239.5136,0.3424,0.6138
train_1156.jpg,960,720,0.6912,1.3333,0.3237,0.2076,215.8807,0.3521,0.4377
train_1157.jpg,960,720,0.6912,1.3333,0.4422,0.2519,43.3603,0.1728,0.4734
train_1159.jpg,720,960,0.6912,0.75,0.3068,0.2369,334.1437,0.3456,0.3742
train_1160.jpg,720,1280,0.9216,0.5625,0.5439,0.1966,2.0324,0.2226,0.6183
train_1162.jpg,720,960,0.6912,0.75,0.5782,0.2214,193.2092,0.2285,0.6401
train_1163.jpg,720,980,0.7056,0.7347,0.4031,0.2194,253.9951,0.1851,0.4503
train_1164.jpg,720,960,0.6912,0.75,0.5708,0.1607,33.1771,0.1488,0.6011
train_1165.jpg,720,960,0.6912,0.75,0.4687,0.1866,11.2828,0.1668,0.5134
train_1166.jpg,720,960,0.6912,0.75,0.2648,0.1449,287.6357,0.4307,0.3904
train_1167.jpg,720,960,0.6912,0.75,0.5445,0.1705,59.4448,0.2733,0.5707
train_1168.jpg,720,960,0.6912,0.75,0.4298,0.2377,153.7413,0.1494,0.4536
train_1169.jpg,720,960,0.6912,0.75,0.5884,0.104,225.7179,0.0686,0.6159
train_1170.jpg,960,720,0.6912,1.3333,0.5,0.2575,184.6987,0.0959,0.5208
train_1171.jpg,960,720,0.6912,1.3333,0.2962,0.2154,108.1496,0.4204,0.3607
train_1172.jpg,720,960,0.6912,0.75,0.35,0.1943,25.8373,0.3509,0.4193
train_1173.jpg,960,720,0.6912,1.3333,0.5668,0.2213,36.5945,0.2198,0.6199
train_1174.jpg,1279,720,0.9209,1.7764,0.4596,0.2654,15.1459,0.265,0.5266
train_1175.jpg,960,720,0.6912,1.3333,0.5132,0.2323,315.1367,0.292,0.6027
train_1176.jpg,720,960,0.6912,0.75,0.6,0.2314,227.6807,0.0913,0.6174
train_1177.jpg,720,960,0.6912,0.75,0.453,0.2385,224.2806,0.2585,0.5452
train_1178.jpg,720,960,0.6912,0.75,0.3971,0.2274,38.009,0.2994,0.4488
train_1179.jpg,720,960,0.6912,0.75,0.565,0.1915,30.255,0.1449,0.5955
train_1180.jpg,720,960,0.6912,0.75,0.5441,0.2287,16.2109,0.0851,0.5612
train_1182.jpg,960,720,0.6912,1.3333,0.3354,0.2232,60.4093,0.2562,0.3576
train_1183.jpg,960,720,0.6912,1.3333,0.5117,0.2703,36.2866,0.1496,0.543
train_1184.jpg,720,960,0.6912,0.75,0.5199,0.2415,206.3712,0.2806,0.6044
train_1185.jpg,960,720,0.6912,1.3333,0.4915,0.1779,117.6214,0.2893,0.5474
train_1186.jpg,720,960,0.6912,0.75,0.4959,0.2441,85.1281,0.2156,0.5281
train_1187.jpg,960,720,0.6912,1.3333,0.5579,0.2002,36.2346,0.1166,0.5903
train_1189.jpg,720,960,0.6912,0.75,0.4813,0.2148,18.0487,0.3712,0.5735
train_1190.jpg,720,960,0.6912,0.75,0.5902,0.1421,51.1466,0.2137,0.64
train_1191.jpg,720,960,0.6912,0.75,0.4952,0.1569,170.3475,0.0805,0.5147
train_1192.jpg,720,960,0.6912,0.75,0.4564,0.2331,101.2496,0.1696,0.4816
train_1193.jpg,720,960,0.6912,0.75,0.4979,0.2006,131.6284,0.184,0.5325
train_1194.jpg,720,960,0.6912,0.75,0.152,0.1833,150.8585,0.4907,0.1982
train_1195.jpg,720,960,0.6912,0.75,0.3636,0.23,305.7545,0.3518,0.494
train_1196.jpg,720,1560,1.1232,0.4615,0.5052,0.2045,24.7367,0.2525,0.5736
train_1197.jpg,720,1039,0.7481,0.693,0.5487,0.1901,63.5146,0.1436,0.5744
train_1198.jpg,720,960,0.6912,0.75,0.523,0.2365,181.9289,0.182,0.5619
train_1199.jpg,720,960,0.6912,0.75,0.2707,0.2363,344.3905,0.3009,0.3139
train_1200.jpg,720,960,0.6912,0.75,0.4911,0.2173,72.5662,0.1594,0.5244
train_1201.jpg,720,720,0.5184,1.0,0.3942,0.1883,35.1855,0.1707,0.4235
train_1202.jpg,720,960,0.6912,0.75,0.5147,0.2262,25.2618,0.3656,0.6008
train_1203.jpg,720,960,0.6912,0.75,0.4167,0.2334,44.2204,0.3028,0.4721
train_1204.jpg,720,720,0.5184,1.0,0.396,0.1325,200.5523,0.1475,0.4291
train_1205.jpg,960,720,0.6912,1.3333,0.6079,0.1258,33.8887,0.1345,0.6503
train_1206.jpg,720,960,0.6912,0.75,0.4731,0.2394,33.0686,0.3634,0.5557
train_1207.jpg,1326,720,0.9547,1.8417,0.35,0.2371,61.8936,0.4279,0.4071
train_1208.jpg,720,960,0.6912,0.75,0.6939,0.1909,28.6198,0.1927,0.7506
train_1209.jpg,960,720,0.6912,1.3333,0.3966,0.1663,239.8932,0.0628,0.4097
train_1210.jpg,1319,720,0.9497,1.8319,0.3782,0.2581,196.9384,0.2743,0.4284
train_1211.jpg,720,960,0.6912,0.75,0.502,0.2301,262.1051,0.219,0.5653
train_1212.jpg,720,960,0.6912,0.75,0.5532,0.2165,45.6828,0.1375,0.5836
train_1213.jpg,1280,720,0.9216,1.7778,0.2526,0.2248,350.0883,0.3815,0.3057
train_1214.jpg,1634,720,1.1765,2.2694,0.2739,0.1055,24.45,0.2399,0.3079
train_1215.jpg,720,960,0.6912,0.75,0.1848,0.1966,226.5569,0.7083,0.3832
train_1216.jpg,720,960,0.6912,0.75,0.4522,0.2373,45.2711,0.1557,0.4738
train_1217.jpg,960,720,0.6912,1.3333,0.4983,0.1878,59.0891,0.1355,0.5364
train_1218.jpg,1558,720,1.1218,2.1639,0.5705,0.2001,233.1809,0.111,0.6099
train_1219.jpg,720,960,0.6912,0.75,0.474,0.2147,44.8345,0.1875,0.5147
train_1220.jpg,960,720,0.6912,1.3333,0.4741,0.2409,37.3188,0.2831,0.5597
train_1221.jpg,720,960,0.6912,0.75,0.4111,0.2612,300.0771,0.1662,0.4518
train_1223.jpg,720,960,0.6912,0.75,0.5005,0.24,26.2665,0.368,0.5905
train_1224.jpg,1280,720,0.9216,1.7778,0.4517,0.1882,206.4541,0.3778,0.5926
train_1225.jpg,960,720,0.6912,1.3333,0.3321,0.1881,310.7487,0.3383,0.4054
train_1226.jpg,720,960,0.6912,0.75,0.5804,0.2554,196.0308,0.119,0.6034
train_1227.jpg,720,1280,0.9216,0.5625,0.3163,0.2187,15.2882,0.4574,0.3887
train_1228.jpg,960,720,0.6912,1.3333,0.5165,0.1894,41.2422,0.0548,0.5278
train_1230.jpg,960,720,0.6912,1.3333,0.539,0.2181,40.6941,0.3498,0.6133
train_1231.jpg,720,960,0.6912,0.75,0.408,0.2081,27.7704,0.5888,0.5463
train_1232.jpg,720,720,0.5184,1.0,0.3443,0.1554,29.6164,0.1996,0.3747
train_1233.jpg,1280,720,0.9216,1.7778,0.5727,0.179,22.1977,0.1571,0.6133
train_1234.jpg,720,960,0.6912,0.75,0.5101,0.1933,26.1143,0.2861,0.5886
train_1235.jpg,720,960,0.6912,0.75,0.3308,0.192,43.7139,0.3824,0.4043
train_1237.jpg,720,960,0.6912,0.75,0.5387,0.2268,27.8081,0.206,0.5831
train_1238.jpg,720,960,0.6912,0.75,0.6149,0.171,27.4359,0.1237,0.6408
train_1239.jpg,789,720,0.5681,1.0958,0.5803,0.2749,218.1552,0.3186,0.7477
train_1240.jpg,720,960,0.6912,0.75,0.5487,0.2856,223.4313,0.1828,0.5951
train_1241.jpg,720,960,0.6912,0.75,0.4236,0.2399,35.4512,0.2845,0.4818
train_1242.jpg,720,1139,0.8201,0.6321,0.4307,0.1975,223.3034,0.1476,0.4688
train_1243.jpg,720,720,0.5184,1.0,0.5365,0.2383,245.4657,0.157,0.5832
train_1244.jpg,720,960,0.6912,0.75,0.3986,0.2459,36.5844,0.1728,0.4312
train_1245.jpg,720,960,0.6912,0.75,0.4936,0.1918,62.1546,0.1732,0.5203
train_1246.jpg,960,720,0.6912,1.3333,0.4224,0.258,334.382,0.1345,0.4466
train_1247.jpg,960,720,0.6912,1.3333,0.5817,0.2218,38.9537,0.1895,0.6203
train_1248.jpg,720,960,0.6912,0.75,0.5904,0.1452,37.9081,0.1032,0.6106
train_1249.jpg,1312,720,0.9446,1.8222,0.6794,0.1626,43.0757,0.0471,0.6927
train_1250.jpg,960,720,0.6912,1.3333,0.5043,0.2385,63.3468,0.1325,0.5263
train_1251.jpg,1280,720,0.9216,1.7778,0.4628,0.1859,32.9702,0.2278,0.5086
train_1252.jpg,720,960,0.6912,0.75,0.5324,0.2706,226.4916,0.1261,0.5651
train_1253.jpg,720,1279,0.9209,0.5629,0.4368,0.2677,85.5428,0.2294,0.4803
train_1254.jpg,720,960,0.6912,0.75,0.5698,0.1362,8.612,0.0823,0.5925
train_1255.jpg,720,960,0.6912,0.75,0.4602,0.1177,210.7607,0.0546,0.4721
train_1256.jpg,720,960,0.6912,0.75,0.3491,0.2342,3.8194,0.3489,0.4373
train_1257.jpg,720,960,0.6912,0.75,0.5269,0.2186,156.4557,0.1155,0.5464
train_1258.jpg,720,960,0.6912,0.75,0.1695,0.1194,80.1663,0.2336,0.1889
train_1259.jpg,960,720,0.6912,1.3333,0.5136,0.1805,43.9423,0.1294,0.5366
train_1260.jpg,720,1279,0.9209,0.5629,0.4299,0.212,59.6483,0.0935,0.4519
train_1261.jpg,720,960,0.6912,0.75,0.5573,0.3144,231.2826,0.157,0.6027
train_1264.jpg,720,1558,1.1218,0.4621,0.4941,0.2113,114.9396,0.1207,0.5145
train_1265.jpg,1279,720,0.9209,1.7764,0.4453,0.1887,246.5695,0.2323,0.5201
train_1266.jpg,1080,720,0.7776,1.5,0.3912,0.1619,100.8827,0.2709,0.4373
train_1267.jpg,1279,720,0.9209,1.7764,0.4679,0.2318,70.2275,0.2827,0.5215
train_1268.jpg,720,960,0.6912,0.75,0.4928,0.2122,43.9025,0.4527,0.5656
train_1269.jpg,720,960,0.6912,0.75,0.3947,0.2335,32.6927,0.2324,0.4314
train_1270.jpg,720,960,0.6912,0.75,0.2874,0.2056,246.8101,0.1191,0.3021
train_1271.jpg,720,960,0.6912,0.75,0.4882,0.1691,33.1763,0.5488,0.602
train_1272.jpg,720,960,0.6912,0.75,0.417,0.2394,350.7491,0.1741,0.4577
train_1274.jpg,720,960,0.6912,0.75,0.382,0.1101,4.4623,0.3087,0.4625
train_1275.jpg,720,960,0.6912,0.75,0.5131,0.2112,286.6286,0.1053,0.5427
train_1276.jpg,720,960,0.6912,0.75,0.5225,0.2555,32.4926,0.1276,0.5433
train_1277.jpg,960,720,0.6912,1.3333,0.4317,0.1986,38.0219,0.1648,0.4629
train_1278.jpg,960,720,0.6912,1.3333,0.5028,0.1502,40.2294,0.2665,0.552
train_1279.jpg,720,960,0.6912,0.75,0.4789,0.2328,88.304,0.2941,0.5493
train_1280.jpg,720,960,0.6912,0.75,0.6586,0.2397,161.9531,0.119,0.687
train_1281.jpg,1558,720,1.1218,2.1639,0.42,0.2198,13.0875,0.2997,0.4908
train_1282.jpg,720,960,0.6912,0.75,0.6201,0.2148,41.6267,0.1355,0.6391
train_1283.jpg,720,720,0.5184,1.0,0.4601,0.181,356.6778,0.2168,0.5318
train_1284.jpg,720,1560,1.1232,0.4615,0.2471,0.2466,112.3737,0.2328,0.3122
train_1286.jpg,720,960,0.6912,0.75,0.6387,0.1659,33.577,0.0733,0.6592
train_1287.jpg,720,960,0.6912,0.75,0.4107,0.2333,25.8859,0.2609,0.4596
train_1288.jpg,720,960,0.6912,0.75,0.4071,0.1903,34.8779,0.2633,0.4535
train_1289.jpg,720,960,0.6912,0.75,0.5164,0.2281,28.3034,0.1207,0.5413
train_1290.jpg,720,960,0.6912,0.75,0.362,0.2553,291.7287,0.2843,0.4495
train_1291.jpg,720,960,0.6912,0.75,0.3558,0.2758,39.9623,0.2347,0.3859
train_1292.jpg,960,720,0.6912,1.3333,0.4095,0.1981,21.8227,0.3303,0.4804
train_1293.jpg,720,960,0.6912,0.75,0.5619,0.2451,15.8997,0.282,0.6255
train_1295.jpg,720,960,0.6912,0.75,0.5431,0.2453,42.9004,0.2045,0.5862
train_1296.jpg,720,960,0.6912,0.75,0.4142,0.2264,321.456,0.1349,0.4452
train_1297.jpg,960,720,0.6912,1.3333,0.4518,0.2082,213.8722,0.1332,0.4807
train_1298.jpg,720,1080,0.7776,0.6667,0.4793,0.2455,201.0133,0.1667,0.512
train_1299.jpg,720,960,0.6912,0.75,0.5089,0.2307,214.9505,0.1194,0.5366
train_1300.jpg,1327,720,0.9554,1.8431,0.3881,0.244,39.3411,0.4465,0.464
train_1301.jpg,720,960,0.6912,0.75,0.6884,0.1101,34.1726,0.1793,0.738
train_1302.jpg,720,960,0.6912,0.75,0.6182,0.2103,303.5023,0.1368,0.6517
train_1303.jpg,720,1279,0.9209,0.5629,0.3001,0.1777,354.8619,0.2332,0.3416
train_1304.jpg,720,960,0.6912,0.75,0.3299,0.1837,33.383,0.2358,0.3646
train_1305.jpg,720,1279,0.9209,0.5629,0.4225,0.2242,227.4446,0.3144,0.5209
train_1306.jpg,720,960,0.6912,0.75,0.4857,0.2309,38.4196,0.1975,0.5267
train_1307.jpg,960,720,0.6912,1.3333,0.3354,0.2594,330.5431,0.259,0.3894
train_1308.jpg,720,960,0.6912,0.75,0.5366,0.2453,79.5068,0.1786,0.5764
train_1309.jpg,720,960,0.6912,0.75,0.5405,0.2388,351.8455,0.115,0.5752
train_1310.jpg,720,960,0.6912,0.75,0.4722,0.1937,27.3624,0.3743,0.5759
train_1311.jpg,960,720,0.6912,1.3333,0.4633,0.1782,31.7539,0.3557,0.5218
train_1312.jpg,960,720,0.6912,1.3333,0.4675,0.2067,147.4045,0.1922,0.5043
train_1313.jpg,720,960,0.6912,0.75,0.4277,0.2793,308.0175,0.4425,0.5477
train_1314.jpg,1320,720,0.9504,1.8333,0.4764,0.2018,26.2246,0.243,0.5331
train_1315.jpg,960,720,0.6912,1.3333,0.5721,0.1914,30.7656,0.109,0.5981
train_1316.jpg,720,960,0.6912,0.75,0.4931,0.2229,136.0526,0.1943,0.5413
train_1317.jpg,720,960,0.6912,0.75,0.4741,0.1873,198.8227,0.3078,0.5548
train_1318.jpg,720,960,0.6912,0.75,0.5014,0.1806,33.912,0.3248,0.5714
train_1319.jpg,960,720,0.6912,1.3333,0.4358,0.3308,22.6574,0.3314,0.4863
train_1320.jpg,720,960,0.6912,0.75,0.435,0.2914,11.4125,0.3347,0.506
train_1322.jpg,720,960,0.6912,0.75,0.5468,0.207,30.9156,0.2701,0.6022
train_1323.jpg,720,720,0.5184,1.0,0.1828,0.2002,296.6405,0.3815,0.2282
train_1324.jpg,720,960,0.6912,0.75,0.5862,0.2793,183.6852,0.0911,0.5974
train_1325.jpg,720,960,0.6912,0.75,0.6201,0.1899,213.984,0.1378,0.6714
train_1326.jpg,720,960,0.6912,0.75,0.4625,0.1904,21.4868,0.1618,0.495
train_1327.jpg,1279,720,0.9209,1.7764,0.4014,0.1758,25.9643,0.5246,0.5282
train_1328.jpg,720,960,0.6912,0.75,0.641,0.1726,32.7255,0.0911,0.6604
train_1329.jpg,720,720,0.5184,1.0,0.535,0.1749,31.7229,0.2277,0.5827
train_1330.jpg,720,960,0.6912,0.75,0.3553,0.1955,223.1893,0.2103,0.4008
train_1331.jpg,720,960,0.6912,0.75,0.4167,0.2392,222.6329,0.4345,0.5306
train_1332.jpg,960,720,0.6912,1.3333,0.3115,0.1911,310.2812,0.2469,0.3655
train_1334.jpg,720,1279,0.9209,0.5629,0.6703,0.1136,149.6735,0.0163,0.6732
train_1335.jpg,720,960,0.6912,0.75,0.6033,0.2084,59.7113,0.0889,0.6146
train_1336.jpg,720,960,0.6912,0.75,0.4962,0.177,145.3455,0.1164,0.5198
train_1337.jpg,720,960,0.6912,0.75,0.4712,0.2179,125.6267,0.2415,0.5174
train_1338.jpg,720,960,0.6912,0.75,0.5167,0.2181,25.6104,0.4068,0.6078
train_1339.jpg,720,1558,1.1218,0.4621,0.5042,0.2015,261.8882,0.1174,0.5397
train_1340.jpg,720,960,0.6912,0.75,0.5433,0.2176,241.6946,0.2383,0.6178
train_1341.jpg,720,960,0.6912,0.75,0.4388,0.2355,118.3159,0.2005,0.4769
train_1342.jpg,720,960,0.6912,0.75,0.4606,0.2235,25.3064,0.2721,0.5199
train_1343.jpg,720,960,0.6912,0.75,0.6783,0.0981,45.7047,0.1203,0.7035
train_1344.jpg,720,960,0.6912,0.75,0.4586,0.2505,17.5649,0.2253,0.5142
train_1345.jpg,720,960,0.6912,0.75,0.1506,0.1354,262.0481,0.1767,0.1723
train_1346.jpg,720,960,0.6912,0.75,0.4425,0.2625,34.8419,0.2723,0.4891
train_1347.jpg,1481,720,1.0663,2.0569,0.6306,0.1831,30.5928,0.2729,0.709
train_1348.jpg,720,1565,1.1268,0.4601,0.4036,0.3457,26.9257,0.0488,0.4099
train_1349.jpg,720,960,0.6912,0.75,0.4763,0.219,44.6734,0.2323,0.512
train_1351.jpg,720,960,0.6912,0.75,0.415,0.2695,126.7665,0.1613,0.442
train_1352.jpg,720,960,0.6912,0.75,0.5695,0.1895,30.2448,0.0479,0.5805
train_1353.jpg,720,960,0.6912,0.75,0.6171,0.2108,48.6102,0.1752,0.6516
train_1355.jpg,720,960,0.6912,0.75,0.5275,0.1463,32.8134,0.1938,0.5686
train_1356.jpg,720,960,0.6912,0.75,0.57,0.2495,272.6802,0.074,0.5872
train_1357.jpg,720,720,0.5184,1.0,0.4266,0.189,211.8389,0.377,0.5245
train_1358.jpg,720,960,0.6912,0.75,0.5794,0.2415,35.8987,0.1298,0.5986
train_1359.jpg,720,960,0.6912,0.75,0.3796,0.1896,70.7185,0.2662,0.4373
train_1360.jpg,720,929,0.6689,0.775,0.4149,0.2469,70.0353,0.1554,0.4449
train_1361.jpg,960,720,0.6912,1.3333,0.5529,0.2246,36.1546,0.121,0.5815
train_1362.jpg,720,1279,0.9209,0.5629,0.456,0.1683,20.3847,0.2714,0.5263
train_1363.jpg,960,720,0.6912,1.3333,0.3274,0.2393,282.9538,0.2571,0.3891
train_1364.jpg,720,1279,0.9209,0.5629,0.4497,0.1881,11.7829,0.231,0.4985
train_1365.jpg,720,960,0.6912,0.75,0.5496,0.2224,210.2406,0.0691,0.5719
train_1366.jpg,1125,720,0.81,1.5625,0.5152,0.2076,38.8173,0.2171,0.5676
train_1367.jpg,720,960,0.6912,0.75,0.568,0.2079,211.8771,0.2763,0.6686
train_1368.jpg,720,960,0.6912,0.75,0.5235,0.2063,39.1337,0.1913,0.5623
train_1369.jpg,720,960,0.6912,0.75,0.5328,0.2559,32.7127,0.1825,0.5732
train_1370.jpg,720,960,0.6912,0.75,0.4503,0.2551,30.9009,0.2714,0.4991
train_1371.jpg,720,960,0.6912,0.75,0.5116,0.2671,288.4186,0.2194,0.5537
train_1372.jpg,960,720,0.6912,1.3333,0.5715,0.209,27.8415,0.2612,0.6288
train_1373.jpg,720,960,0.6912,0.75,0.4212,0.1823,26.6541,0.3548,0.5221
train_1375.jpg,1280,720,0.9216,1.7778,0.4689,0.2148,182.501,0.1517,0.5051
train_1376.jpg,960,720,0.6912,1.3333,0.5729,0.1893,7.3345,0.0447,0.5866
train_1377.jpg,720,960,0.6912,0.75,0.5274,0.2192,28.5327,0.1937,0.5789
train_1378.jpg,720,960,0.6912,0.75,0.4661,0.2713,287.5247,0.167,0.5114
train_1379.jpg,720,960,0.6912,0.75,0.3759,0.2081,36.9477,0.2142,0.4017
train_1381.jpg,720,960,0.6912,0.75,0.4785,0.2519,238.0472,0.1621,0.5275
train_1382.jpg,720,960,0.6912,0.75,0.5873,0.199,216.4895,0.1474,0.6535
train_1383.jpg,960,720,0.6912,1.3333,0.4543,0.1356,23.0224,0.2091,0.4968
train_1384.jpg,1022,720,0.7358,1.4194,0.2701,0.1894,257.5045,0.3654,0.3853
train_1385.jpg,720,720,0.5184,1.0,0.5856,0.2592,55.6774,0.1522,0.623
train_1386.jpg,720,960,0.6912,0.75,0.4162,0.196,21.8075,0.1951,0.4607
train_1387.jpg,960,720,0.6912,1.3333,0.2162,0.1844,295.2933,0.3581,0.278
train_1388.jpg,720,1279,0.9209,0.5629,0.4592,0.1957,44.5169,0.2052,0.4982
train_1389.jpg,720,960,0.6912,0.75,0.5937,0.2562,357.4828,0.1585,0.6341
train_1390.jpg,720,720,0.5184,1.0,0.5747,0.2385,14.7417,0.2263,0.6427
train_1391.jpg,720,960,0.6912,0.75,0.4623,0.2608,41.8245,0.3553,0.5175
train_1392.jpg,960,720,0.6912,1.3333,0.4698,0.2409,6.4525,0.3544,0.5726
train_1393.jpg,720,960,0.6912,0.75,0.4034,0.2403,236.4075,0.2771,0.4463
train_1394.jpg,720,960,0.6912,0.75,0.6565,0.2254,53.7199,0.1056,0.6874
train_1395.jpg,960,720,0.6912,1.3333,0.4404,0.2359,153.7832,0.2092,0.4806
train_1397.jpg,720,960,0.6912,0.75,0.4184,0.235,68.445,0.3684,0.489
train_1398.jpg,1077,720,0.7754,1.4958,0.5743,0.1753,321.4919,0.1274,0.6156
train_1399.jpg,720,960,0.6912,0.75,0.1743,0.1191,15.2152,0.4082,0.2157
train_1400.jpg,720,960,0.6912,0.75,0.4428,0.2063,40.5585,0.2361,0.4783
train_1401.jpg,720,960,0.6912,0.75,0.5579,0.1883,36.1536,0.2466,0.6119
train_1402.jpg,720,960,0.6912,0.75,0.5573,0.2037,17.8475,0.0928,0.5833
train_1404.jpg,1599,720,1.1513,2.2208,0.1875,0.192,232.7954,0.4375,0.2606
train_1405.jpg,720,960,0.6912,0.75,0.4348,0.2068,93.7231,0.1909,0.4602
train_1406.jpg,720,960,0.6912,0.75,0.4023,0.2095,18.8653,0.2123,0.4474
train_1407.jpg,720,960,0.6912,0.75,0.3533,0.19,13.1243,0.2592,0.4155
train_1408.jpg,720,960,0.6912,0.75,0.5507,0.2104,52.8717,0.1958,0.5982
train_1409.jpg,720,960,0.6912,0.75,0.3471,0.2182,226.1658,0.302,0.4071
train_1410.jpg,1784,720,1.2845,2.4778,0.6647,0.188,205.9354,0.2564,0.7633
train_1412.jpg,1279,720,0.9209,1.7764,0.5672,0.2074,194.5409,0.2877,0.6562
train_1413.jpg,720,960,0.6912,0.75,0.5308,0.1957,7.2476,0.1646,0.5836
train_1414.jpg,959,720,0.6905,1.3319,0.5264,0.2332,20.0717,0.2619,0.5961
train_1415.jpg,720,1080,0.7776,0.6667,0.5792,0.1763,330.956,0.1147,0.6157
train_1416.jpg,720,960,0.6912,0.75,0.4431,0.1944,44.5339,0.4675,0.5359
train_1417.jpg,720,960,0.6912,0.75,0.5123,0.2423,212.3939,0.2975,0.6178
train_1418.jpg,720,720,0.5184,1.0,0.4369,0.2232,34.2415,0.2629,0.4799
train_1419.jpg,720,960,0.6912,0.75,0.5645,0.1662,36.5581,0.1357,0.5921
train_1421.jpg,720,960,0.6912,0.75,0.5334,0.2412,20.2903,0.1186,0.5572
train_1422.jpg,720,960,0.6912,0.75,0.3806,0.2287,306.868,0.2465,0.4248
train_1423.jpg,960,720,0.6912,1.3333,0.4916,0.1778,204.0065,0.1963,0.5492
train_1424.jpg,960,720,0.6912,1.3333,0.537,0.1251,39.0377,0.1064,0.5564
train_1425.jpg,960,720,0.6912,1.3333,0.5164,0.2248,331.243,0.1524,0.5597
train_1426.jpg,720,960,0.6912,0.75,0.3729,0.2735,118.1467,0.1763,0.4078
train_1428.jpg,960,720,0.6912,1.3333,0.3847,0.2104,37.5148,0.2244,0.4267
train_1429.jpg,720,960,0.6912,0.75,0.5495,0.2406,21.0654,0.148,0.5814
train_1430.jpg,960,720,0.6912,1.3333,0.7316,0.136,43.9583,0.0329,0.741
train_1431.jpg,720,960,0.6912,0.75,0.5169,0.2239,43.5851,0.111,0.5402
train_1432.jpg,720,960,0.6912,0.75,0.5805,0.2133,42.7154,0.1278,0.5978
train_1433.jpg,720,960,0.6912,0.75,0.4209,0.1943,49.1462,0.2116,0.4772
train_1434.jpg,720,960,0.6912,0.75,0.6169,0.2468,12.067,0.1728,0.6592
train_1435.jpg,720,960,0.6912,0.75,0.6022,0.1944,166.7609,0.2378,0.6834
train_1436.jpg,720,960,0.6912,0.75,0.498,0.1913,33.6335,0.3063,0.5945
train_1437.jpg,720,960,0.6912,0.75,0.4339,0.2014,86.0229,0.2787,0.4803
train_1438.jpg,960,720,0.6912,1.3333,0.4578,0.2131,22.9038,0.3274,0.531
train_1439.jpg,720,960,0.6912,0.75,0.4741,0.1945,160.6592,0.1373,0.5067
train_1440.jpg,960,720,0.6912,1.3333,0.4043,0.2407,235.07,0.2635,0.4719
train_1441.jpg,960,720,0.6912,1.3333,0.5011,0.2365,205.2646,0.2212,0.5617
train_1442.jpg,1279,720,0.9209,1.7764,0.457,0.2714,263.1117,0.27,0.5499
train_1443.jpg,720,960,0.6912,0.75,0.6281,0.1862,229.1675,0.1116,0.644
train_1444.jpg,960,720,0.6912,1.3333,0.4081,0.1597,199.042,0.4181,0.5053
train_1445.jpg,720,960,0.6912,0.75,0.4767,0.1979,66.7227,0.1162,0.5001
train_1446.jpg,720,900,0.648,0.8,0.3609,0.2345,41.6624,0.2496,0.3962
train_1447.jpg,960,720,0.6912,1.3333,0.5896,0.1673,68.7965,0.1301,0.6265
train_1448.jpg,720,960,0.6912,0.75,0.5958,0.1427,41.6787,0.0924,0.6135
train_1449.jpg,1558,720,1.1218,2.1639,0.5393,0.2059,263.6577,0.1333,0.5807
train_1450.jpg,720,960,0.6912,0.75,0.6243,0.1652,49.8424,0.1376,0.6474
train_1451.jpg,720,960,0.6912,0.75,0.6084,0.1927,323.5239,0.1161,0.6402
train_1452.jpg,720,960,0.6912,0.75,0.295,0.2351,160.564,0.5148,0.3733
train_1454.jpg,720,960,0.6912,0.75,0.472,0.2096,129.6609,0.1567,0.5052
train_1455.jpg,720,960,0.6912,0.75,0.4986,0.2173,50.6326,0.1625,0.5293
train_1456.jpg,720,720,0.5184,1.0,0.3039,0.2303,157.288,0.3357,0.3597
train_1457.jpg,720,960,0.6912,0.75,0.5672,0.1662,4.601,0.1021,0.5971
train_1459.jpg,1234,720,0.8885,1.7139,0.5835,0.2002,282.0293,0.3048,0.7273
train_1460.jpg,720,720,0.5184,1.0,0.5749,0.1551,181.2796,0.3152,0.663
train_1461.jpg,960,720,0.6912,1.3333,0.509,0.1388,243.8422,0.1243,0.5412
train_1462.jpg,960,720,0.6912,1.3333,0.4045,0.2284,15.9211,0.1963,0.4487
train_1463.jpg,960,720,0.6912,1.3333,0.5733,0.1863,63.2671,0.0805,0.5933
train_1464.jpg,720,960,0.6912,0.75,0.4371,0.2442,27.7278,0.2078,0.4765
train_1465.jpg,960,720,0.6912,1.3333,0.6221,0.1679,230.6919,0.2019,0.6986
train_1466.jpg,720,960,0.6912,0.75,0.5647,0.2105,56.7065,0.1655,0.6029
train_1467.jpg,1280,720,0.9216,1.7778,0.3466,0.2063,102.5657,0.2723,0.4036
train_1470.jpg,720,960,0.6912,0.75,0.6437,0.1686,9.0666,0.0888,0.6679
train_1471.jpg,720,960,0.6912,0.75,0.4502,0.2234,35.3151,0.3709,0.5254
train_1473.jpg,983,720,0.7078,1.3653,0.4016,0.2154,193.3771,0.3278,0.4694
train_1474.jpg,720,960,0.6912,0.75,0.4915,0.2283,228.8796,0.1107,0.523
train_1475.jpg,960,720,0.6912,1.3333,0.4296,0.2133,27.2495,0.3524,0.4989
train_1476.jpg,720,960,0.6912,0.75,0.5677,0.2283,38.3665,0.0827,0.5833
train_1477.jpg,720,961,0.6919,0.7492,0.2621,0.2146,240.7888,0.3741,0.3315
train_1478.jpg,1080,720,0.7776,1.5,0.4558,0.1793,183.6919,0.4331,0.6409
train_1479.jpg,1279,720,0.9209,1.7764,0.3761,0.2082,227.8467,0.379,0.4763
train_1480.jpg,720,960,0.6912,0.75,0.4886,0.1911,30.4935,0.2425,0.5402
train_1481.jpg,720,960,0.6912,0.75,0.4028,0.2522,29.2658,0.3425,0.4793
train_1483.jpg,720,960,0.6912,0.75,0.2686,0.1829,16.2709,0.6743,0.4108
train_1484.jpg,720,1279,0.9209,0.5629,0.398,0.2625,221.4078,0.1507,0.4218
train_1485.jpg,960,720,0.6912,1.3333,0.4622,0.2059,47.8429,0.1481,0.4889
train_1486.jpg,960,720,0.6912,1.3333,0.5073,0.2079,209.7419,0.1386,0.5444
train_1487.jpg,720,960,0.6912,0.75,0.4481,0.1881,202.9424,0.3292,0.5557
train_1488.jpg,720,960,0.6912,0.75,0.5618,0.1896,239.7965,0.0861,0.5797
train_1489.jpg,720,960,0.6912,0.75,0.5373,0.2574,4.206,0.1839,0.5644
train_1490.jpg,720,960,0.6912,0.75,0.6536,0.1755,5.6954,0.0721,0.6676
train_1491.jpg,720,720,0.5184,1.0,0.5523,0.2582,17.3201,0.2231,0.6026
train_1494.jpg,720,720,0.5184,1.0,0.4067,0.2246,270.2181,0.3118,0.5582
train_1496.jpg,720,960,0.6912,0.75,0.4602,0.1793,2.4936,0.1625,0.5074
train_1497.jpg,720,960,0.6912,0.75,0.4952,0.1642,60.3944,0.0698,0.5121
train_1499.jpg,720,960,0.6912,0.75,0.4153,0.2115,235.9006,0.1161,0.4458
train_1500.jpg,720,960,0.6912,0.75,0.5613,0.2013,198.4582,0.2701,0.6868
train_1501.jpg,960,720,0.6912,1.3333,0.5261,0.2125,21.8628,0.1693,0.5727
train_1502.jpg,720,960,0.6912,0.75,0.4818,0.2477,34.3232,0.2032,0.5249
train_1503.jpg,720,960,0.6912,0.75,0.5357,0.2159,100.7945,0.2392,0.5796
train_1504.jpg,720,960,0.6912,0.75,0.5822,0.1609,225.5553,0.0978,0.6145
train_1505.jpg,720,960,0.6912,0.75,0.5487,0.217,42.7998,0.1836,0.5883
train_1506.jpg,720,960,0.6912,0.75,0.3505,0.1822,261.6882,0.2944,0.4222
train_1507.jpg,1280,720,0.9216,1.7778,0.4375,0.3217,223.7023,0.2579,0.4998
train_1508.jpg,720,960,0.6912,0.75,0.5125,0.3335,226.6521,0.0776,0.5261
train_1509.jpg,720,960,0.6912,0.75,0.5786,0.2419,176.3322,0.1943,0.6219
train_1510.jpg,720,960,0.6912,0.75,0.4744,0.2405,23.9924,0.1546,0.5031
train_1511.jpg,720,960,0.6912,0.75,0.4814,0.2217,316.329,0.1427,0.5132
train_1512.jpg,720,960,0.6912,0.75,0.4717,0.2426,152.5334,0.2139,0.5066
train_1514.jpg,720,1039,0.7481,0.693,0.3531,0.1599,38.8787,0.2914,0.4442
train_1515.jpg,838,720,0.6034,1.1639,0.382,0.2128,75.8596,0.2158,0.4153
train_1516.jpg,720,727,0.5234,0.9904,0.424,0.237,208.0244,0.32,0.5122
train_1517.jpg,720,960,0.6912,0.75,0.413,0.2233,22.8478,0.4753,0.5182
train_1518.jpg,739,720,0.5321,1.0264,0.5141,0.1451,215.137,0.3014,0.6569
train_1519.jpg,960,720,0.6912,1.3333,0.5175,0.2072,29.9816,0.1457,0.5523
train_1521.jpg,720,960,0.6912,0.75,0.5523,0.2751,1.949,0.3545,0.6426
train_1522.jpg,1279,720,0.9209,1.7764,0.4441,0.2576,73.6525,0.2499,0.4977
train_1523.jpg,960,720,0.6912,1.3333,0.3785,0.2145,24.5258,0.2292,0.4306
train_1524.jpg,720,960,0.6912,0.75,0.3241,0.1989,260.9096,0.4629,0.5038
train_1525.jpg,720,960,0.6912,0.75,0.5128,0.2085,30.7848,0.5153,0.6404
train_1526.jpg,960,720,0.6912,1.3333,0.589,0.1561,30.1879,0.1961,0.6446
train_1527.jpg,720,960,0.6912,0.75,0.4972,0.2256,55.752,0.0657,0.5094
train_1528.jpg,1036,720,0.7459,1.4389,0.3636,0.272,53.8878,0.3034,0.4069
train_1529.jpg,720,960,0.6912,0.75,0.5098,0.3195,352.5109,0.2474,0.5645
train_1531.jpg,720,960,0.6912,0.75,0.4891,0.2601,180.4918,0.1389,0.5147
train_1532.jpg,720,960,0.6912,0.75,0.4198,0.2337,87.4649,0.2621,0.4714
train_1533.jpg,720,1280,0.9216,0.5625,0.5641,0.15,40.5883,0.2065,0.6177
train_1534.jpg,1320,720,0.9504,1.8333,0.501,0.2242,8.8821,0.2895,0.5878
train_1535.jpg,720,960,0.6912,0.75,0.5371,0.1763,37.4389,0.1261,0.5622
train_1537.jpg,720,1279,0.9209,0.5629,0.4024,0.2119,41.5372,0.5724,0.5317
train_1538.jpg,720,960,0.6912,0.75,0.5016,0.267,24.2493,0.2031,0.5598
train_1539.jpg,720,960,0.6912,0.75,0.486,0.2563,61.7813,0.2899,0.5428
train_1541.jpg,1080,720,0.7776,1.5,0.502,0.2117,28.0472,0.2577,0.5576
train_1542.jpg,720,960,0.6912,0.75,0.5024,0.2336,23.4383,0.2201,0.5489
train_1543.jpg,720,960,0.6912,0.75,0.3973,0.2265,49.6856,0.2504,0.4434
train_1544.jpg,720,960,0.6912,0.75,0.6294,0.218,39.5901,0.2045,0.6788
train_1545.jpg,960,720,0.6912,1.3333,0.3023,0.1863,245.1674,0.3571,0.3807
train_1547.jpg,720,960,0.6912,0.75,0.4125,0.2347,56.8867,0.1596,0.4304
train_1548.jpg,1280,720,0.9216,1.7778,0.597,0.2811,54.2169,0.1224,0.6125
train_1549.jpg,720,960,0.6912,0.75,0.5285,0.2343,51.5277,0.1196,0.5471
train_1550.jpg,720,960,0.6912,0.75,0.5401,0.236,219.1113,0.131,0.5751
train_1551.jpg,720,960,0.6912,0.75,0.3988,0.2079,40.8033,0.2636,0.4378
train_1552.jpg,720,960,0.6912,0.75,0.5075,0.2003,37.9832,0.2969,0.5734
train_1553.jpg,720,960,0.6912,0.75,0.4083,0.25,25.6572,0.176,0.4397
train_1554.jpg,720,960,0.6912,0.75,0.4477,0.2,264.1602,0.1962,0.5077
train_1555.jpg,720,926,0.6667,0.7775,0.6152,0.1877,45.4973,0.0771,0.635
train_1556.jpg,1280,720,0.9216,1.7778,0.4991,0.2117,264.0903,0.1905,0.5664
train_1557.jpg,960,720,0.6912,1.3333,0.3497,0.1714,59.7556,0.1634,0.3801
train_1558.jpg,720,960,0.6912,0.75,0.4304,0.2115,213.7528,0.4819,0.5813
train_1559.jpg,720,960,0.6912,0.75,0.5682,0.2351,119.4073,0.1606,0.5915
train_1560.jpg,720,960,0.6912,0.75,0.5097,0.1723,25.8167,0.3372,0.596
train_1561.jpg,960,720,0.6912,1.3333,0.4438,0.1927,203.908,0.1129,0.4721
train_1562.jpg,720,960,0.6912,0.75,0.5262,0.2087,14.304,0.2584,0.6065
train_1563.jpg,720,960,0.6912,0.75,0.5592,0.2115,33.8961,0.0833,0.582
train_1565.jpg,960,720,0.6912,1.3333,0.5136,0.1821,36.7987,0.1554,0.5456
train_1566.jpg,960,720,0.6912,1.3333,0.4969,0.2304,16.5044,0.3082,0.5916
train_1567.jpg,960,720,0.6912,1.3333,0.3541,0.2433,79.5873,0.2219,0.3786
train_1568.jpg,720,960,0.6912,0.75,0.4436,0.2451,191.2914,0.3136,0.5411
train_1569.jpg,960,720,0.6912,1.3333,0.4147,0.1908,35.9883,0.1403,0.4387
train_1571.jpg,720,1279,0.9209,0.5629,0.4641,0.2358,205.5991,0.1671,0.5024
train_1572.jpg,720,960,0.6912,0.75,0.6013,0.2328,239.5125,0.1321,0.6589
train_1573.jpg,720,960,0.6912,0.75,0.5466,0.3206,227.5454,0.109,0.5654
train_1574.jpg,720,960,0.6912,0.75,0.3176,0.247,18.0161,0.2344,0.3489
train_1575.jpg,720,960,0.6912,0.75,0.4901,0.1937,166.4573,0.2384,0.5643
train_1576.jpg,720,960,0.6912,0.75,0.5375,0.1599,17.5978,0.2355,0.6083
train_1577.jpg,720,960,0.6912,0.75,0.4746,0.1934,184.2661,0.1582,0.5227
train_1578.jpg,720,960,0.6912,0.75,0.4649,0.2135,224.9399,0.2204,0.55
train_1579.jpg,720,960,0.6912,0.75,0.6132,0.1571,45.5939,0.2166,0.6478
train_1580.jpg,1286,720,0.9259,1.7861,0.4549,0.1683,28.6165,0.314,0.522
train_1581.jpg,1280,720,0.9216,1.7778,0.4341,0.2826,16.4209,0.263,0.4744
train_1582.jpg,720,960,0.6912,0.75,0.3767,0.1978,19.6918,0.1628,0.4162
train_1583.jpg,891,720,0.6415,1.2375,0.9639,0.1099,343.6542,0.0094,0.9686
train_1584.jpg,720,960,0.6912,0.75,0.4054,0.3141,30.8868,0.2584,0.4471
train_1585.jpg,720,960,0.6912,0.75,0.5458,0.2894,225.4192,0.2684,0.6264
train_1586.jpg,960,720,0.6912,1.3333,0.2822,0.1913,24.2383,0.2904,0.3385
train_1587.jpg,960,720,0.6912,1.3333,0.1557,0.1238,287.7297,0.3061,0.1944
train_1588.jpg,720,960,0.6912,0.75,0.4782,0.2879,230.0385,0.1449,0.5172
train_1589.jpg,720,960,0.6912,0.75,0.4562,0.1916,91.703,0.1952,0.4856
train_1590.jpg,960,720,0.6912,1.3333,0.2355,0.2024,179.6149,0.1821,0.2524
train_1591.jpg,720,1279,0.9209,0.5629,0.4446,0.2668,276.2063,0.1707,0.4936
train_1592.jpg,960,720,0.6912,1.3333,0.3578,0.1297,27.2672,0.2318,0.406
train_1593.jpg,960,720,0.6912,1.3333,0.4319,0.2561,23.6355,0.368,0.4951
train_1594.jpg,720,960,0.6912,0.75,0.4242,0.2016,19.8693,0.1523,0.4606
train_1595.jpg,720,720,0.5184,1.0,0.5168,0.2017,333.6629,0.3252,0.6362
train_1596.jpg,720,960,0.6912,0.75,0.533,0.2442,32.0669,0.119,0.5622
train_1597.jpg,720,960,0.6912,0.75,0.6264,0.2078,43.0399,0.1364,0.6558
train_1598.jpg,720,960,0.6912,0.75,0.5262,0.2253,212.0537,0.1331,0.566
train_1599.jpg,1279,720,0.9209,1.7764,0.4006,0.189,60.3261,0.1604,0.425
train_1601.jpg,720,960,0.6912,0.75,0.4853,0.1937,101.8377,0.1916,0.5286
train_1602.jpg,720,960,0.6912,0.75,0.2651,0.1139,230.5028,0.7774,0.6808
train_1604.jpg,720,960,0.6912,0.75,0.5066,0.1797,36.8851,0.1976,0.5381
train_1605.jpg,720,960,0.6912,0.75,0.4044,0.1897,71.3749,0.1027,0.4241
train_1606.jpg,720,960,0.6912,0.75,0.4604,0.1425,207.9508,0.4471,0.6033
train_1607.jpg,720,960,0.6912,0.75,0.6147,0.1178,36.5954,0.0738,0.6311
train_1608.jpg,960,720,0.6912,1.3333,0.4866,0.2444,52.9271,0.2982,0.5513
train_1609.jpg,720,960,0.6912,0.75,0.4421,0.2571,32.6755,0.3101,0.4945
train_1610.jpg,960,720,0.6912,1.3333,0.2044,0.196,222.9607,0.4533,0.2494
train_1611.jpg,960,720,0.6912,1.3333,0.2842,0.1886,134.7882,0.1688,0.307
train_1612.jpg,720,960,0.6912,0.75,0.4457,0.2006,40.4268,0.2159,0.4905
train_1613.jpg,720,960,0.6912,0.75,0.4922,0.217,47.6309,0.2405,0.5346
train_1614.jpg,904,720,0.6509,1.2556,0.9769,0.0732,3.2589,0.0034,0.9785
train_1616.jpg,720,960,0.6912,0.75,0.4822,0.2272,217.1451,0.2765,0.5944
train_1617.jpg,960,720,0.6912,1.3333,0.4454,0.2258,198.5141,0.2759,0.5202
train_1618.jpg,720,960,0.6912,0.75,0.6286,0.1561,31.7535,0.0878,0.6458
train_1619.jpg,720,960,0.6912,0.75,0.5061,0.2353,141.9151,0.2686,0.5707
train_1620.jpg,960,720,0.6912,1.3333,0.6461,0.1898,39.0959,0.0537,0.6554
train_1621.jpg,960,720,0.6912,1.3333,0.4235,0.2225,40.804,0.3337,0.4875
train_1622.jpg,720,960,0.6912,0.75,0.5399,0.3281,30.8475,0.1229,0.5536
train_1623.jpg,720,960,0.6912,0.75,0.5121,0.2361,141.5336,0.1007,0.5316
train_1624.jpg,720,1279,0.9209,0.5629,0.5052,0.2119,158.6924,0.134,0.5392
train_1625.jpg,720,960,0.6912,0.75,0.4065,0.2406,29.4076,0.4249,0.4852
train_1626.jpg,720,960,0.6912,0.75,0.4294,0.2106,117.8149,0.173,0.4657
train_1627.jpg,720,960,0.6912,0.75,0.4324,0.2236,316.3188,0.3289,0.5407
train_1629.jpg,720,960,0.6912,0.75,0.4212,0.2348,35.5555,0.2178,0.4598
train_1630.jpg,720,960,0.6912,0.75,0.474,0.2351,243.6077,0.2441,0.5485
train_1631.jpg,960,720,0.6912,1.3333,0.5028,0.1929,51.2902,0.1709,0.5318
train_1632.jpg,720,1279,0.9209,0.5629,0.5115,0.2225,56.8994,0.1244,0.5391
train_1633.jpg,720,960,0.6912,0.75,0.5503,0.231,33.2344,0.0919,0.5644
train_1634.jpg,720,960,0.6912,0.75,0.246,0.2199,17.5609,0.4518,0.3113
train_1635.jpg,720,960,0.6912,0.75,0.3207,0.1221,22.8014,0.7203,0.4978
train_1636.jpg,720,960,0.6912,0.75,0.3608,0.2029,7.8019,0.6228,0.5119
train_1637.jpg,720,960,0.6912,0.75,0.4204,0.2687,207.7717,0.2731,0.4831
train_1638.jpg,720,960,0.6912,0.75,0.6125,0.1739,217.9219,0.2275,0.7086
train_1639.jpg,720,960,0.6912,0.75,0.5477,0.2395,27.0211,0.3324,0.6421
train_1640.jpg,720,960,0.6912,0.75,0.5129,0.2142,28.7111,0.1847,0.5528
train_1641.jpg,720,960,0.6912,0.75,0.3959,0.1699,235.6329,0.5164,0.6314
train_1642.jpg,720,960,0.6912,0.75,0.5254,0.2441,315.3586,0.1099,0.5562
train_1643.jpg,960,720,0.6912,1.3333,0.4738,0.31,47.8044,0.1504,0.4854
train_1644.jpg,720,960,0.6912,0.75,0.7016,0.2319,193.2837,0.0726,0.7266
train_1646.jpg,720,960,0.6912,0.75,0.5177,0.2005,58.8092,0.1503,0.5415
train_1647.jpg,960,720,0.6912,1.3333,0.3673,0.2919,6.8671,0.4629,0.4583
train_1648.jpg,720,960,0.6912,0.75,0.4903,0.2477,37.8012,0.1304,0.5207
train_1649.jpg,720,960,0.6912,0.75,0.4927,0.1598,31.0427,0.1686,0.5356
train_1650.jpg,960,720,0.6912,1.3333,0.4597,0.2375,117.092,0.2137,0.5009
train_1651.jpg,720,960,0.6912,0.75,0.4799,0.2201,25.9215,0.2796,0.5599
train_1652.jpg,720,960,0.6912,0.75,0.4345,0.2665,207.2789,0.2163,0.4804
train_1653.jpg,720,960,0.6912,0.75,0.481,0.2359,172.7039,0.1329,0.5068
train_1654.jpg,720,960,0.6912,0.75,0.479,0.19,28.846,0.1906,0.5239
train_1655.jpg,720,960,0.6912,0.75,0.4801,0.3102,89.9156,0.2799,0.5377
train_1656.jpg,720,960,0.6912,0.75,0.459,0.237,53.8581,0.2379,0.5168
train_1657.jpg,720,960,0.6912,0.75,0.6893,0.1888,35.06,0.105,0.7171
train_1658.jpg,720,960,0.6912,0.75,0.2933,0.2159,247.539,0.6272,0.5438
train_1659.jpg,720,960,0.6912,0.75,0.3545,0.1798,48.7353,0.2142,0.3899
train_1660.jpg,720,960,0.6912,0.75,0.5641,0.2081,51.2083,0.1635,0.5866
train_1661.jpg,720,960,0.6912,0.75,0.495,0.2247,39.4789,0.3561,0.5519
train_1662.jpg,720,960,0.6912,0.75,0.4057,0.2267,32.4918,0.2532,0.4439
train_1663.jpg,720,960,0.6912,0.75,0.5759,0.2133,46.7707,0.2371,0.6359
train_1665.jpg,720,960,0.6912,0.75,0.4705,0.2574,36.7445,0.292,0.5263
train_1666.jpg,720,960,0.6912,0.75,0.5545,0.1842,45.6817,0.1438,0.5798
train_1667.jpg,720,960,0.6912,0.75,0.4754,0.2068,253.0676,0.1728,0.5263
train_1668.jpg,720,960,0.6912,0.75,0.4691,0.1991,17.489,0.2477,0.5273
train_1669.jpg,720,960,0.6912,0.75,0.42,0.2373,263.3567,0.246,0.4791
train_1670.jpg,720,1232,0.887,0.5844,0.5781,0.1526,38.3175,0.1403,0.6074
train_1672.jpg,720,960,0.6912,0.75,0.4347,0.2501,25.116,0.2804,0.5002
train_1673.jpg,720,1280,0.9216,0.5625,0.4278,0.2323,18.0254,0.3151,0.5041
train_1674.jpg,720,960,0.6912,0.75,0.4642,0.2195,178.8727,0.3824,0.5893
train_1675.jpg,720,960,0.6912,0.75,0.1363,0.1739,61.528,0.3965,0.1541
train_1676.jpg,720,960,0.6912,0.75,0.5055,0.2575,40.8306,0.1291,0.5228
train_1677.jpg,720,960,0.6912,0.75,0.6028,0.1793,41.4213,0.1237,0.6254
train_1680.jpg,720,960,0.6912,0.75,0.532,0.2816,21.332,0.1612,0.5673
train_1681.jpg,720,960,0.6912,0.75,0.4878,0.2457,52.0907,0.2767,0.5325
train_1682.jpg,720,960,0.6912,0.75,0.3744,0.2766,260.9139,0.039,0.3811
train_1683.jpg,720,960,0.6912,0.75,0.4257,0.2174,95.4026,0.2018,0.469
train_1684.jpg,720,864,0.6221,0.8333,0.4402,0.2029,38.9205,0.2212,0.4934
train_1685.jpg,720,960,0.6912,0.75,0.4597,0.2058,18.7887,0.3175,0.5313
train_1686.jpg,720,960,0.6912,0.75,0.4883,0.1369,65.4423,0.2587,0.5679
train_1687.jpg,720,960,0.6912,0.75,0.2847,0.2054,21.759,0.2366,0.3338
train_1688.jpg,720,960,0.6912,0.75,0.5646,0.215,107.3054,0.1228,0.5907
train_1689.jpg,960,720,0.6912,1.3333,0.5655,0.1631,190.1997,0.0427,0.5726
train_1690.jpg,1279,720,0.9209,1.7764,0.3884,0.2081,15.1458,0.3893,0.501
train_1691.jpg,1079,720,0.7769,1.4986,0.4456,0.248,29.5885,0.2773,0.4926
train_1692.jpg,960,720,0.6912,1.3333,0.6815,0.2061,26.3849,0.0856,0.6971
train_1693.jpg,720,720,0.5184,1.0,0.6325,0.1618,27.576,0.2041,0.6906
train_1694.jpg,720,960,0.6912,0.75,0.5182,0.2221,26.8118,0.3012,0.5752
train_1695.jpg,720,960,0.6912,0.75,0.4904,0.2481,197.7546,0.2501,0.5473
train_1697.jpg,720,960,0.6912,0.75,0.5034,0.2037,213.3988,0.2563,0.5875
train_1698.jpg,720,960,0.6912,0.75,0.6262,0.1787,19.4595,0.0694,0.6423
train_1699.jpg,720,960,0.6912,0.75,0.4037,0.1906,108.1136,0.154,0.424
train_1701.jpg,720,960,0.6912,0.75,0.4284,0.2353,187.3804,0.2653,0.482
train_1702.jpg,720,960,0.6912,0.75,0.4147,0.2593,306.1024,0.1767,0.4538
train_1703.jpg,720,960,0.6912,0.75,0.4875,0.1361,33.8442,0.3576,0.5568
train_1704.jpg,960,720,0.6912,1.3333,0.2936,0.1925,69.178,0.1611,0.3107
train_1705.jpg,720,960,0.6912,0.75,0.5554,0.22,40.9966,0.1312,0.5851
train_1706.jpg,960,720,0.6912,1.3333,0.4361,0.2267,104.5823,0.2985,0.5118
train_1707.jpg,720,960,0.6912,0.75,0.5184,0.2454,192.2725,0.1964,0.5639
train_1708.jpg,720,876,0.6307,0.8219,0.4996,0.1639,40.4823,0.2157,0.541
train_1709.jpg,720,960,0.6912,0.75,0.3498,0.1784,122.22,0.4052,0.4856
train_1710.jpg,960,720,0.6912,1.3333,0.5299,0.2234,238.7543,0.1028,0.557
train_1711.jpg,720,960,0.6912,0.75,0.593,0.2035,16.9337,0.1774,0.6392
train_1712.jpg,720,960,0.6912,0.75,0.4878,0.1978,19.5743,0.2475,0.5694
train_1713.jpg,720,720,0.5184,1.0,0.5508,0.1825,217.2432,0.2253,0.6546
train_1714.jpg,720,960,0.6912,0.75,0.5305,0.2646,34.7349,0.1508,0.5601
train_1715.jpg,720,960,0.6912,0.75,0.245,0.2734,297.0994,0.4463,0.3161
train_1716.jpg,720,1279,0.9209,0.5629,0.4583,0.2395,208.1062,0.1223,0.4971
train_1717.jpg,720,960,0.6912,0.75,0.485,0.2248,24.3596,0.2272,0.5266
train_1719.jpg,720,960,0.6912,0.75,0.5256,0.2016,45.239,0.1034,0.5453
train_1720.jpg,720,960,0.6912,0.75,0.2813,0.1966,31.4478,0.3934,0.3331
train_1721.jpg,960,720,0.6912,1.3333,0.462,0.2493,158.6376,0.2706,0.5149
train_1722.jpg,720,960,0.6912,0.75,0.5325,0.2084,130.4629,0.1088,0.5525
train_1723.jpg,960,720,0.6912,1.3333,0.488,0.2583,213.1616,0.1802,0.5324
train_1724.jpg,720,960,0.6912,0.75,0.4497,0.1867,205.0901,0.2706,0.5292
train_1725.jpg,720,960,0.6912,0.75,0.4976,0.2583,181.2996,0.0952,0.5113
train_1726.jpg,720,960,0.6912,0.75,0.4531,0.2317,36.2994,0.2823,0.5118
train_1727.jpg,720,960,0.6912,0.75,0.4528,0.191,208.3246,0.1801,0.5019
train_1728.jpg,720,960,0.6912,0.75,0.5625,0.164,184.0064,0.0791,0.5799
train_1729.jpg,720,960,0.6912,0.75,0.3582,0.2185,24.6248,0.1877,0.3938
train_1730.jpg,720,960,0.6912,0.75,0.39,0.2503,210.5269,0.2281,0.4373
train_1732.jpg,720,1280,0.9216,0.5625,0.4043,0.2453,1.5356,0.1268,0.4263
train_1733.jpg,720,960,0.6912,0.75,0.4051,0.174,38.2996,0.274,0.453
train_1734.jpg,720,960,0.6912,0.75,0.4694,0.2102,33.1794,0.2648,0.5277
train_1735.jpg,720,960,0.6912,0.75,0.3418,0.2048,221.7884,0.3209,0.4071
train_1736.jpg,720,960,0.6912,0.75,0.3073,0.2094,182.3813,0.1933,0.3376
train_1737.jpg,720,960,0.6912,0.75,0.6684,0.0976,183.3854,0.094,0.6981
train_1738.jpg,720,960,0.6912,0.75,0.5231,0.1609,34.5132,0.2771,0.5856
train_1739.jpg,720,960,0.6912,0.75,0.5656,0.2307,212.8678,0.2483,0.6586
train_1740.jpg,720,960,0.6912,0.75,0.5159,0.2601,49.611,0.1671,0.5425
train_1742.jpg,960,720,0.6912,1.3333,0.4493,0.2215,185.5634,0.1771,0.4856
train_1743.jpg,720,960,0.6912,0.75,0.551,0.1723,18.4568,0.3812,0.6641
train_1744.jpg,720,960,0.6912,0.75,0.4813,0.2749,66.6493,0.38,0.5583
train_1745.jpg,720,960,0.6912,0.75,0.4774,0.2359,12.8481,0.2786,0.5445
train_1746.jpg,720,960,0.6912,0.75,0.6459,0.2024,16.3371,0.1136,0.6836
train_1747.jpg,720,960,0.6912,0.75,0.4932,0.1676,43.7164,0.3247,0.5664
train_1748.jpg,1001,720,0.7207,1.3903,0.502,0.1269,53.0615,0.1949,0.5246
train_1749.jpg,720,960,0.6912,0.75,0.5653,0.1936,154.0441,0.2384,0.6229
train_1751.jpg,960,720,0.6912,1.3333,0.5482,0.1509,29.6512,0.0848,0.5703
train_1752.jpg,720,960,0.6912,0.75,0.3559,0.1463,155.8445,0.6588,0.4667
train_1753.jpg,720,960,0.6912,0.75,0.4138,0.2478,203.7783,0.2469,0.4922
train_1754.jpg,960,720,0.6912,1.3333,0.4695,0.2657,16.6723,0.0932,0.483
train_1755.jpg,960,720,0.6912,1.3333,0.5762,0.1955,35.7742,0.2389,0.6292
train_1757.jpg,960,720,0.6912,1.3333,0.431,0.2274,23.3233,0.6221,0.5914
train_1758.jpg,720,960,0.6912,0.75,0.4224,0.2684,31.0713,0.2874,0.4847
train_1759.jpg,720,960,0.6912,0.75,0.4213,0.202,23.6456,0.1697,0.4491
train_1760.jpg,960,720,0.6912,1.3333,0.5126,0.1856,68.3269,0.1019,0.5388
train_1761.jpg,720,960,0.6912,0.75,0.4012,0.1835,21.7137,0.3704,0.5
train_1762.jpg,720,960,0.6912,0.75,0.4662,0.2048,173.1777,0.1232,0.4967
train_1763.jpg,720,960,0.6912,0.75,0.5932,0.2204,290.6627,0.1462,0.6421
train_1765.jpg,720,960,0.6912,0.75,0.3778,0.3239,47.7367,0.1027,0.397
train_1767.jpg,720,960,0.6912,0.75,0.5328,0.1898,9.313,0.373,0.7052
train_1768.jpg,960,720,0.6912,1.3333,0.4285,0.2065,60.7235,0.1663,0.4666
train_1769.jpg,960,720,0.6912,1.3333,0.2669,0.1679,221.4023,0.2783,0.3126
train_1770.jpg,720,1558,1.1218,0.4621,0.5865,0.2044,1.2768,0.0751,0.6029
train_1771.jpg,960,720,0.6912,1.3333,0.3974,0.1808,26.569,0.2246,0.4499
train_1772.jpg,720,1280,0.9216,0.5625,0.4476,0.233,18.1205,0.4611,0.5601
train_1773.jpg,720,960,0.6912,0.75,0.562,0.1677,28.0347,0.0991,0.5832
train_1774.jpg,720,960,0.6912,0.75,0.408,0.1802,158.4177,0.1845,0.4569
train_1775.jpg,720,960,0.6912,0.75,0.4773,0.2334,214.6626,0.2454,0.5338
train_1776.jpg,720,960,0.6912,0.75,0.5304,0.1806,353.666,0.0575,0.5614
train_1778.jpg,720,1280,0.9216,0.5625,0.3914,0.1853,220.2338,0.3037,0.4775
train_1779.jpg,720,960,0.6912,0.75,0.458,0.2564,178.7135,0.2457,0.5056
train_1780.jpg,720,960,0.6912,0.75,0.5081,0.2344,229.5229,0.1348,0.5443
train_1782.jpg,1120,720,0.8064,1.5556,0.6086,0.1387,31.3715,0.3031,0.6894
train_1783.jpg,720,960,0.6912,0.75,0.3957,0.2116,206.3346,0.2727,0.4803
train_1786.jpg,720,960,0.6912,0.75,0.529,0.2068,40.3428,0.4861,0.6219
train_1787.jpg,720,960,0.6912,0.75,0.5164,0.1864,44.2759,0.1808,0.5576
train_1788.jpg,960,720,0.6912,1.3333,0.5191,0.2878,226.3059,0.1479,0.5548
train_1790.jpg,720,1032,0.743,0.6977,0.4968,0.2709,56.8695,0.2202,0.546
train_1791.jpg,960,720,0.6912,1.3333,0.5807,0.2226,45.1893,0.1533,0.6134
train_1792.jpg,720,960,0.6912,0.75,0.4033,0.2129,190.7317,0.2658,0.4601
train_1793.jpg,720,960,0.6912,0.75,0.4414,0.2048,349.0371,0.3124,0.5363
train_1794.jpg,720,960,0.6912,0.75,0.4949,0.1963,353.9113,0.1944,0.5628
train_1795.jpg,720,960,0.6912,0.75,0.4705,0.2721,17.2254,0.1216,0.5022
train_1796.jpg,960,720,0.6912,1.3333,0.4222,0.2136,64.6416,0.1389,0.4425
train_1797.jpg,720,960,0.6912,0.75,0.5035,0.2124,208.3932,0.1066,0.5258
train_1798.jpg,720,960,0.6912,0.75,0.5097,0.2073,5.2172,0.2217,0.5662
train_1799.jpg,720,960,0.6912,0.75,0.4812,0.2245,212.5659,0.0729,0.4996
train_1800.jpg,1218,720,0.877,1.6917,0.443,0.1774,279.1034,0.1271,0.4774
train_1801.jpg,720,960,0.6912,0.75,0.4733,0.2491,16.3848,0.1274,0.4943
train_1802.jpg,720,960,0.6912,0.75,0.3856,0.2201,29.875,0.3425,0.4511
train_1803.jpg,720,960,0.6912,0.75,0.5041,0.2354,45.1321,0.1861,0.5349
train_1804.jpg,960,720,0.6912,1.3333,0.4685,0.2146,352.6182,0.0985,0.49
train_1805.jpg,720,1600,1.152,0.45,0.4274,0.2165,193.7483,0.2483,0.489
train_1806.jpg,720,1280,0.9216,0.5625,0.4511,0.2152,154.8692,0.2864,0.4941
train_1808.jpg,720,1542,1.1102,0.4669,0.6086,0.2596,228.0099,0.0832,0.6213
train_1809.jpg,720,960,0.6912,0.75,0.5223,0.1825,30.0212,0.2958,0.5881
train_1810.jpg,720,960,0.6912,0.75,0.4667,0.2317,233.6282,0.2222,0.5249
train_1811.jpg,720,960,0.6912,0.75,0.5332,0.2774,98.0169,0.1593,0.5619
train_1812.jpg,720,898,0.6466,0.8018,0.4282,0.2905,280.9188,0.2964,0.4894
train_1813.jpg,720,960,0.6912,0.75,0.5439,0.1508,14.9259,0.1324,0.576
train_1816.jpg,720,960,0.6912,0.75,0.4816,0.2606,67.5116,0.2804,0.548
train_1817.jpg,720,960,0.6912,0.75,0.4718,0.2805,190.1147,0.1545,0.503
train_1818.jpg,906,720,0.6523,1.2583,0.729,0.163,27.07,0.0506,0.7405
train_1820.jpg,960,720,0.6912,1.3333,0.5768,0.1419,30.5634,0.1257,0.606
train_1821.jpg,1152,720,0.8294,1.6,0.476,0.2033,4.2957,0.1998,0.5187
train_1822.jpg,720,960,0.6912,0.75,0.5892,0.1461,20.7424,0.0981,0.6096
train_1823.jpg,720,960,0.6912,0.75,0.3843,0.2034,318.0656,0.3887,0.4975
train_1824.jpg,720,960,0.6912,0.75,0.4572,0.1895,206.3902,0.3013,0.5491
train_1825.jpg,960,720,0.6912,1.3333,0.2315,0.1452,25.9986,0.2741,0.2565
train_1826.jpg,720,960,0.6912,0.75,0.4914,0.2353,35.9037,0.1856,0.532
train_1827.jpg,720,960,0.6912,0.75,0.6048,0.1676,42.8256,0.1532,0.6308
train_1828.jpg,720,960,0.6912,0.75,0.4611,0.2439,16.4698,0.2381,0.5171
train_1829.jpg,1279,720,0.9209,1.7764,0.4816,0.1933,238.894,0.2098,0.5347
train_1830.jpg,720,960,0.6912,0.75,0.4548,0.2488,131.7817,0.1357,0.4764
train_1831.jpg,720,960,0.6912,0.75,0.4192,0.2472,206.9115,0.3288,0.4921
train_1832.jpg,720,1309,0.9425,0.55,0.6945,0.2579,48.0934,0.249,0.7548
train_1833.jpg,720,960,0.6912,0.75,0.3721,0.1544,29.6663,0.4754,0.4649
train_1834.jpg,720,960,0.6912,0.75,0.4201,0.261,37.0645,0.2179,0.4596
train_1835.jpg,720,960,0.6912,0.75,0.2416,0.1913,277.2869,0.3219,0.2895
train_1836.jpg,720,960,0.6912,0.75,0.5461,0.2033,28.9991,0.2694,0.6071
train_1837.jpg,720,960,0.6912,0.75,0.6046,0.1164,35.7308,0.1246,0.6332
train_1838.jpg,1279,720,0.9209,1.7764,0.5305,0.1574,37.2828,0.4149,0.6097
train_1840.jpg,720,1280,0.9216,0.5625,0.5122,0.2151,212.5561,0.1805,0.5543
train_1841.jpg,720,960,0.6912,0.75,0.4521,0.1905,256.8051,0.2198,0.5163
train_1842.jpg,720,960,0.6912,0.75,0.4323,0.2373,201.1253,0.2428,0.4981
train_1843.jpg,720,960,0.6912,0.75,0.5569,0.2483,222.5682,0.0445,0.5648
train_1844.jpg,720,1558,1.1218,0.4621,0.5218,0.13,36.3679,0.2322,0.5726
train_1846.jpg,720,960,0.6912,0.75,0.2073,0.1577,12.1703,0.475,0.2753
train_1847.jpg,960,720,0.6912,1.3333,0.5629,0.2297,10.7487,0.1336,0.598
train_1848.jpg,720,1280,0.9216,0.5625,0.6179,0.2311,26.4414,0.2052,0.6743
train_1849.jpg,960,720,0.6912,1.3333,0.6474,0.1952,24.7393,0.2465,0.7176
train_1850.jpg,720,960,0.6912,0.75,0.4315,0.1136,37.634,0.196,0.46
train_1851.jpg,720,960,0.6912,0.75,0.4991,0.1856,32.9945,0.2333,0.5445
train_1852.jpg,720,960,0.6912,0.75,0.4659,0.1856,45.114,0.1988,0.5057
train_1853.jpg,720,960,0.6912,0.75,0.4957,0.2105,6.1374,0.1266,0.5285
train_1854.jpg,720,1558,1.1218,0.4621,0.5936,0.1922,37.9306,0.3026,0.6547
train_1855.jpg,720,1280,0.9216,0.5625,0.4755,0.2154,34.3217,0.3904,0.5597
train_1856.jpg,720,960,0.6912,0.75,0.5903,0.2428,345.5764,0.0993,0.6165
train_1857.jpg,720,1279,0.9209,0.5629,0.3692,0.2456,4.8855,0.1775,0.4065
train_1858.jpg,720,960,0.6912,0.75,0.5689,0.2307,287.4397,0.3911,0.7675
train_1859.jpg,720,960,0.6912,0.75,0.532,0.222,98.7217,0.0972,0.5456
train_1860.jpg,720,720,0.5184,1.0,0.6095,0.1633,25.8537,0.2527,0.681
train_1861.jpg,720,960,0.6912,0.75,0.5676,0.164,38.9485,0.2263,0.6091
train_1862.jpg,720,1036,0.7459,0.695,0.3803,0.2449,34.3301,0.3137,0.4286
train_1863.jpg,960,720,0.6912,1.3333,0.5881,0.1683,349.937,0.0833,0.6036
train_1864.jpg,720,960,0.6912,0.75,0.557,0.2001,209.9382,0.2258,0.6401
train_1865.jpg,720,960,0.6912,0.75,0.4655,0.2279,34.3152,0.2093,0.5049
train_1866.jpg,720,960,0.6912,0.75,0.6182,0.1917,36.3723,0.1371,0.6487
train_1867.jpg,720,960,0.6912,0.75,0.5971,0.187,168.8152,0.0667,0.6138
train_1868.jpg,720,1280,0.9216,0.5625,0.4819,0.1664,352.5802,0.1673,0.529
train_1870.jpg,720,960,0.6912,0.75,0.5314,0.1766,42.8605,0.34,0.5879
train_1871.jpg,960,720,0.6912,1.3333,0.4176,0.2299,224.2144,0.0634,0.43
train_1872.jpg,720,960,0.6912,0.75,0.3325,0.2448,219.5455,0.2774,0.3982
train_1873.jpg,960,720,0.6912,1.3333,0.3379,0.2139,85.2463,0.1082,0.353
train_1874.jpg,720,960,0.6912,0.75,0.4794,0.171,45.1597,0.3621,0.5465
train_1875.jpg,720,960,0.6912,0.75,0.4734,0.2371,209.315,0.1858,0.5208
train_1876.jpg,720,960,0.6912,0.75,0.4539,0.2095,284.6595,0.1152,0.4791
train_1877.jpg,1332,720,0.959,1.85,0.3723,0.2811,119.5269,0.3533,0.3977
train_1878.jpg,720,960,0.6912,0.75,0.6792,0.2377,328.6707,0.2041,0.751
train_1879.jpg,720,960,0.6912,0.75,0.4879,0.2107,9.0688,0.2495,0.5366
train_1881.jpg,720,720,0.5184,1.0,0.5525,0.2723,59.898,0.2038,0.5994
train_1882.jpg,720,1565,1.1268,0.4601,0.4103,0.3475,196.6024,0.0395,0.4203
train_1883.jpg,720,960,0.6912,0.75,0.417,0.2542,80.4819,0.2968,0.4484
train_1884.jpg,960,720,0.6912,1.3333,0.3845,0.2259,31.1755,0.2598,0.4193
train_1885.jpg,720,960,0.6912,0.75,0.5608,0.2763,18.602,0.1435,0.5872
train_1886.jpg,720,960,0.6912,0.75,0.5671,0.1499,108.0099,0.1324,0.6055
train_1887.jpg,720,960,0.6912,0.75,0.5512,0.2452,118.9859,0.1922,0.5923
train_1888.jpg,1279,720,0.9209,1.7764,0.4428,0.2191,58.1736,0.2188,0.4901
train_1889.jpg,720,960,0.6912,0.75,0.5028,0.2499,22.8775,0.4178,0.5984
train_1890.jpg,720,960,0.6912,0.75,0.5621,0.1686,180.8089,0.0849,0.5798
train_1891.jpg,720,960,0.6912,0.75,0.5301,0.183,11.23,0.4207,0.6627
train_1892.jpg,720,960,0.6912,0.75,0.3892,0.1972,14.3398,0.2839,0.4606
train_1893.jpg,720,960,0.6912,0.75,0.456,0.2313,3.8046,0.2259,0.5115
train_1894.jpg,720,960,0.6912,0.75,0.5545,0.2722,17.2395,0.1236,0.5814
train_1895.jpg,960,720,0.6912,1.3333,0.4052,0.2459,168.0189,0.3026,0.449
train_1896.jpg,720,960,0.6912,0.75,0.3194,0.1354,24.8931,0.2574,0.3726
train_1897.jpg,720,960,0.6912,0.75,0.5831,0.1805,4.1418,0.0938,0.6037
train_1898.jpg,720,960,0.6912,0.75,0.5333,0.2107,218.8556,0.1495,0.582
train_1900.jpg,720,1600,1.152,0.45,0.454,0.2619,202.013,0.1787,0.5064
train_1902.jpg,720,960,0.6912,0.75,0.5807,0.1918,338.8651,0.1843,0.6667
train_1903.jpg,720,960,0.6912,0.75,0.6073,0.1025,203.3708,0.0511,0.6126
train_1904.jpg,720,960,0.6912,0.75,0.5185,0.2529,36.3859,0.1416,0.5493
train_1905.jpg,720,960,0.6912,0.75,0.3852,0.2322,19.0901,0.2738,0.435
train_1906.jpg,720,960,0.6912,0.75,0.4926,0.2339,21.294,0.3656,0.6028
train_1907.jpg,960,720,0.6912,1.3333,0.6037,0.1604,19.7714,0.0922,0.6244
train_1908.jpg,720,960,0.6912,0.75,0.5378,0.1858,88.1987,0.2222,0.5932
train_1909.jpg,959,720,0.6905,1.3319,0.4187,0.1667,22.0521,0.2831,0.4908
train_1910.jpg,720,960,0.6912,0.75,0.4215,0.1635,136.1902,0.2234,0.4607
train_1913.jpg,720,1541,1.1095,0.4672,0.5092,0.1931,206.842,0.2383,0.5777
train_1914.jpg,960,720,0.6912,1.3333,0.6103,0.2588,14.6342,0.0985,0.6368
train_1915.jpg,960,720,0.6912,1.3333,0.4146,0.2208,184.7025,0.2152,0.4601
train_1916.jpg,720,960,0.6912,0.75,0.5227,0.2261,166.6416,0.204,0.5766
train_1917.jpg,960,720,0.6912,1.3333,0.4038,0.2546,57.164,0.2468,0.4469
train_1919.jpg,1631,720,1.1743,2.2653,0.276,0.1737,303.5856,0.2159,0.308
train_1920.jpg,720,1558,1.1218,0.4621,0.4899,0.1879,243.3716,0.1649,0.5397
train_1921.jpg,720,960,0.6912,0.75,0.3885,0.2449,136.5215,0.1931,0.4233
train_1922.jpg,720,960,0.6912,0.75,0.5391,0.2712,36.1267,0.2005,0.5817
train_1923.jpg,720,960,0.6912,0.75,0.516,0.2147,41.0445,0.1433,0.5477
train_1924.jpg,720,960,0.6912,0.75,0.4074,0.2406,330.6318,0.2136,0.4601
train_1926.jpg,720,960,0.6912,0.75,0.4995,0.1515,357.2115,0.1992,0.5673
train_1927.jpg,720,960,0.6912,0.75,0.4327,0.2472,75.3424,0.1488,0.4565
train_1928.jpg,720,960,0.6912,0.75,0.3974,0.185,197.2774,0.1463,0.4325
train_1929.jpg,720,960,0.6912,0.75,0.438,0.222,253.4668,0.2436,0.5175
train_1930.jpg,720,1279,0.9209,0.5629,0.4765,0.1547,170.9197,0.0897,0.4987
train_1931.jpg,960,720,0.6912,1.3333,0.5144,0.274,163.3147,0.1502,0.542
train_1932.jpg,960,720,0.6912,1.3333,0.4288,0.2296,339.9162,0.1339,0.4546
train_1933.jpg,960,720,0.6912,1.3333,0.5764,0.1493,32.0923,0.0709,0.5936
train_1934.jpg,960,720,0.6912,1.3333,0.3889,0.2613,28.1996,0.1828,0.4314
train_1935.jpg,720,960,0.6912,0.75,0.4529,0.2818,239.8612,0.2679,0.523
train_1936.jpg,720,960,0.6912,0.75,0.5877,0.1745,37.428,0.2141,0.6392
train_1937.jpg,720,960,0.6912,0.75,0.4907,0.2147,183.6448,0.286,0.5514
train_1938.jpg,720,720,0.5184,1.0,0.2775,0.1407,226.4448,0.1154,0.3013
train_1939.jpg,720,1280,0.9216,0.5625,0.5643,0.2556,20.7869,0.1724,0.5981
train_1940.jpg,720,960,0.6912,0.75,0.4577,0.1797,304.9819,0.2495,0.5065
train_1941.jpg,720,960,0.6912,0.75,0.4622,0.221,19.4434,0.2608,0.5206
train_1942.jpg,960,720,0.6912,1.3333,0.4461,0.2165,36.9697,0.2114,0.483
train_1943.jpg,720,1279,0.9209,0.5629,0.391,0.2091,17.9433,0.538,0.5187
train_1944.jpg,720,960,0.6912,0.75,0.4547,0.2312,157.3865,0.119,0.479
train_1945.jpg,720,960,0.6912,0.75,0.3872,0.2202,109.5674,0.2636,0.4312
train_1946.jpg,1471,720,1.0591,2.0431,0.3763,0.2509,350.1741,0.2912,0.4368
train_1947.jpg,960,720,0.6912,1.3333,0.4779,0.1441,242.0525,0.1604,0.546
train_1948.jpg,720,960,0.6912,0.75,0.3704,0.2722,41.503,0.3201,0.4088
train_1949.jpg,960,720,0.6912,1.3333,0.4579,0.1596,26.2424,0.2424,0.5247
train_1950.jpg,960,720,0.6912,1.3333,0.3643,0.2199,58.5917,0.227,0.3869
train_1951.jpg,720,960,0.6912,0.75,0.5283,0.2228,34.3086,0.1776,0.5703
train_1952.jpg,720,1280,0.9216,0.5625,0.5224,0.2888,353.4926,0.212,0.5763
train_1953.jpg,720,960,0.6912,0.75,0.3628,0.2838,11.6619,0.4228,0.4201
train_1954.jpg,720,960,0.6912,0.75,0.5227,0.2365,327.685,0.1908,0.5793
train_1955.jpg,720,960,0.6912,0.75,0.5441,0.1958,8.4615,0.2698,0.6296
train_1957.jpg,960,720,0.6912,1.3333,0.5558,0.2411,0.4898,0.1351,0.5858
train_1958.jpg,960,720,0.6912,1.3333,0.7676,0.3156,323.1513,0.1473,0.8104
train_1959.jpg,720,960,0.6912,0.75,0.3509,0.2197,232.071,0.488,0.5279
train_1960.jpg,720,1079,0.7769,0.6673,0.6466,0.2719,95.2024,0.1453,0.6758
train_1961.jpg,720,960,0.6912,0.75,0.6674,0.1427,44.5737,0.1012,0.6974
train_1962.jpg,720,960,0.6912,0.75,0.5495,0.1763,166.3037,0.085,0.5666
train_1963.jpg,960,720,0.6912,1.3333,0.4689,0.2226,226.3746,0.1559,0.5034
train_1964.jpg,960,720,0.6912,1.3333,0.4391,0.2361,48.3693,0.2745,0.5053
train_1966.jpg,720,960,0.6912,0.75,0.5658,0.2008,26.0683,0.2783,0.6373
train_1967.jpg,720,960,0.6912,0.75,0.4138,0.1959,50.7478,0.186,0.45
train_1968.jpg,960,720,0.6912,1.3333,0.4052,0.1852,135.8849,0.2788,0.4589
train_1969.jpg,960,720,0.6912,1.3333,0.3799,0.2015,21.8697,0.3959,0.4862
train_1970.jpg,720,960,0.6912,0.75,0.5484,0.2699,177.3699,0.1983,0.5859
train_1971.jpg,720,1280,0.9216,0.5625,0.5057,0.1909,66.364,0.337,0.57
train_1973.jpg,720,720,0.5184,1.0,0.3434,0.1864,274.0034,0.1446,0.3804
train_1974.jpg,720,1279,0.9209,0.5629,0.5905,0.2695,9.3275,0.1467,0.6272
train_1975.jpg,720,960,0.6912,0.75,0.5536,0.2021,211.342,0.2184,0.6261
train_1976.jpg,720,960,0.6912,0.75,0.4817,0.2923,0.0153,0.1542,0.5156
train_1978.jpg,960,720,0.6912,1.3333,0.4006,0.2166,166.6252,0.2716,0.4562
train_1979.jpg,720,960,0.6912,0.75,0.5655,0.2311,74.1407,0.2827,0.6041
train_1980.jpg,960,720,0.6912,1.3333,0.4114,0.1933,27.5323,0.2937,0.4808
train_1981.jpg,720,960,0.6912,0.75,0.3949,0.2305,242.4951,0.5194,0.6448
train_1984.jpg,720,960,0.6912,0.75,0.4896,0.2668,30.5514,0.447,0.5923
train_1985.jpg,720,960,0.6912,0.75,0.6184,0.1582,38.5323,0.0603,0.6279
train_1987.jpg,960,720,0.6912,1.3333,0.6285,0.1721,34.0171,0.1803,0.6914
train_1988.jpg,1371,720,0.9871,1.9042,0.3612,0.2387,22.7552,0.2325,0.4004
train_1989.jpg,720,720,0.5184,1.0,0.5542,0.2416,199.1141,0.1142,0.5781
train_1990.jpg,720,960,0.6912,0.75,0.4579,0.1785,253.1361,0.0865,0.4777
train_1991.jpg,720,960,0.6912,0.75,0.5122,0.2693,37.6967,0.0727,0.5274
train_1992.jpg,720,960,0.6912,0.75,0.5013,0.2179,184.4418,0.1591,0.5434
train_1993.jpg,1080,720,0.7776,1.5,0.3805,0.1567,32.5147,0.3078,0.4327
train_1994.jpg,960,720,0.6912,1.3333,0.4334,0.3059,13.2555,0.2387,0.5066
train_1995.jpg,720,960,0.6912,0.75,0.4703,0.193,9.1309,0.1844,0.5181
train_1996.jpg,720,960,0.6912,0.75,0.2275,0.1997,33.0451,0.2847,0.266
train_1997.jpg,720,1558,1.1218,0.4621,0.4987,0.2367,285.3996,0.0668,0.5134
train_1998.jpg,720,960,0.6912,0.75,0.3281,0.2386,242.212,0.4287,0.4184
train_1999.jpg,1320,720,0.9504,1.8333,0.3351,0.2921,343.6034,0.2845,0.3886
train_2000.jpg,960,720,0.6912,1.3333,0.5644,0.1848,27.333,0.1949,0.6133
train_2001.jpg,720,960,0.6912,0.75,0.4667,0.1728,41.485,0.2273,0.5101
train_2002.jpg,720,960,0.6912,0.75,0.5229,0.2528,47.558,0.1757,0.5689
train_2003.jpg,720,1561,1.1239,0.4612,0.2602,0.2562,44.3838,0.1743,0.2828
train_2004.jpg,1280,720,0.9216,1.7778,0.5606,0.2536,162.5206,0.1425,0.5883
train_2005.jpg,720,960,0.6912,0.75,0.4682,0.2095,171.5172,0.1453,0.5084
train_2006.jpg,720,960,0.6912,0.75,0.4367,0.2429,13.2846,0.3501,0.5303
train_2007.jpg,720,960,0.6912,0.75,0.3009,0.2289,280.9823,0.2188,0.3446
train_2008.jpg,960,720,0.6912,1.3333,0.5232,0.2526,42.0341,0.4683,0.5946
train_2009.jpg,720,960,0.6912,0.75,0.5023,0.2434,50.9219,0.157,0.5257
train_2010.jpg,960,720,0.6912,1.3333,0.5542,0.1909,32.6676,0.2503,0.6073
train_2011.jpg,720,960,0.6912,0.75,0.426,0.2562,345.7184,0.4112,0.5526
train_2012.jpg,720,1279,0.9209,0.5629,0.6131,0.1788,168.0143,0.0858,0.6361
train_2013.jpg,1558,720,1.1218,2.1639,0.4519,0.2045,227.923,0.1536,0.499
train_2014.jpg,720,960,0.6912,0.75,0.5078,0.2054,65.7778,0.1849,0.5477
train_2015.jpg,720,960,0.6912,0.75,0.465,0.256,336.1739,0.2014,0.5157
train_2016.jpg,720,960,0.6912,0.75,0.5236,0.1726,28.1789,0.1784,0.5665
train_2017.jpg,720,960,0.6912,0.75,0.339,0.2287,24.1014,0.2675,0.3754
train_2018.jpg,720,960,0.6912,0.75,0.472,0.2445,32.0681,0.1838,0.5067
train_2019.jpg,720,960,0.6912,0.75,0.4822,0.2476,207.706,0.1803,0.523
train_2020.jpg,1135,720,0.8172,1.5764,0.2724,0.2623,269.6296,0.6952,0.4265
train_2021.jpg,720,960,0.6912,0.75,0.4342,0.2179,246.4302,0.1159,0.46
train_2022.jpg,960,720,0.6912,1.3333,0.4178,0.2264,196.5331,0.2572,0.4884
train_2023.jpg,720,960,0.6912,0.75,0.5883,0.1198,20.3341,0.095,0.6134
train_2024.jpg,720,960,0.6912,0.75,0.4236,0.2872,54.0866,0.1939,0.4445
train_2025.jpg,720,1279,0.9209,0.5629,0.4699,0.1998,13.9574,0.2279,0.5251
train_2026.jpg,720,960,0.6912,0.75,0.5561,0.1911,51.7812,0.2145,0.5926
train_2027.jpg,720,1279,0.9209,0.5629,0.4948,0.2281,30.4586,0.3162,0.5882
train_2028.jpg,720,960,0.6912,0.75,0.5517,0.2353,60.4196,0.1129,0.5706
train_2029.jpg,720,960,0.6912,0.75,0.5653,0.2418,200.8305,0.1513,0.6077
train_2030.jpg,960,720,0.6912,1.3333,0.5357,0.116,214.3374,0.112,0.5735
train_2031.jpg,720,1279,0.9209,0.5629,0.4641,0.1918,189.3612,0.1167,0.4902
train_2032.jpg,720,1279,0.9209,0.5629,0.5478,0.1729,21.9673,0.1674,0.5938
train_2033.jpg,720,960,0.6912,0.75,0.61,0.1822,61.9198,0.1021,0.6318
train_2034.jpg,720,960,0.6912,0.75,0.5669,0.1739,40.8511,0.1499,0.6028
train_2036.jpg,720,960,0.6912,0.75,0.4976,0.1956,203.948,0.1359,0.533
train_2037.jpg,720,960,0.6912,0.75,0.636,0.1385,293.5774,0.0586,0.6518
train_2039.jpg,720,1279,0.9209,0.5629,0.4095,0.1679,25.9758,0.2795,0.4645
train_2040.jpg,720,960,0.6912,0.75,0.4759,0.2207,28.4954,0.206,0.5158
train_2041.jpg,960,720,0.6912,1.3333,0.3493,0.1961,356.4844,0.1733,0.3799
train_2042.jpg,720,960,0.6912,0.75,0.5309,0.1953,322.3466,0.4208,0.6378
train_2043.jpg,720,960,0.6912,0.75,0.539,0.2081,26.6432,0.2158,0.589
train_2044.jpg,720,720,0.5184,1.0,0.6669,0.1054,194.8174,0.1107,0.7034
train_2046.jpg,720,960,0.6912,0.75,0.5513,0.17,150.2977,0.0955,0.5688
train_2047.jpg,720,960,0.6912,0.75,0.4636,0.1768,20.8148,0.3669,0.5649
train_2048.jpg,960,720,0.6912,1.3333,0.4092,0.1745,39.4438,0.1821,0.4469
train_2049.jpg,720,960,0.6912,0.75,0.5474,0.2108,81.1948,0.0896,0.5684
train_2050.jpg,720,720,0.5184,1.0,0.1527,0.2109,259.6111,0.4725,0.1752
train_2051.jpg,720,959,0.6905,0.7508,0.4709,0.2413,186.0452,0.1583,0.4957
train_2052.jpg,960,720,0.6912,1.3333,0.5427,0.2783,95.8163,0.1508,0.5657
train_2053.jpg,720,960,0.6912,0.75,0.6022,0.184,27.5448,0.1529,0.6431
train_2054.jpg,720,960,0.6912,0.75,0.4963,0.2152,214.1703,0.2855,0.5939
train_2055.jpg,960,720,0.6912,1.3333,0.5519,0.1811,345.5523,0.19,0.6115
train_2056.jpg,960,720,0.6912,1.3333,0.4086,0.1361,30.1019,0.1009,0.428
train_2057.jpg,720,960,0.6912,0.75,0.4466,0.2208,15.5435,0.1229,0.4789
train_2058.jpg,720,960,0.6912,0.75,0.4615,0.1829,158.2038,0.1209,0.4873
train_2059.jpg,720,960,0.6912,0.75,0.3224,0.1949,35.6304,0.1826,0.3564
train_2060.jpg,720,1280,0.9216,0.5625,0.4413,0.2416,76.2829,0.2676,0.4733
train_2062.jpg,720,960,0.6912,0.75,0.4092,0.2466,49.9472,0.2194,0.4471
train_2063.jpg,720,960,0.6912,0.75,0.4518,0.2308,339.6767,0.3644,0.56
train_2064.jpg,720,960,0.6912,0.75,0.5535,0.2133,209.6978,0.1422,0.5928
train_2065.jpg,720,1280,0.9216,0.5625,0.5917,0.119,120.694,0.076,0.6038
train_2066.jpg,960,720,0.6912,1.3333,0.4157,0.2204,282.3115,0.1534,0.4538
train_2067.jpg,720,720,0.5184,1.0,0.4625,0.2166,179.4443,0.2167,0.5193
train_2068.jpg,960,720,0.6912,1.3333,0.5475,0.2184,12.0216,0.1784,0.5999
train_2069.jpg,720,960,0.6912,0.75,0.3005,0.279,296.442,0.4594,0.3708
train_2070.jpg,720,960,0.6912,0.75,0.4854,0.2368,44.9835,0.2177,0.5358
train_2071.jpg,720,960,0.6912,0.75,0.3202,0.1235,23.087,0.085,0.3323
train_2073.jpg,720,960,0.6912,0.75,0.4772,0.19,45.0456,0.1809,0.5051
train_2074.jpg,720,960,0.6912,0.75,0.3364,0.2417,22.7167,0.5259,0.4284
train_2075.jpg,720,960,0.6912,0.75,0.5649,0.2009,15.982,0.3178,0.6995
train_2076.jpg,720,960,0.6912,0.75,0.4651,0.179,27.883,0.5868,0.6068
train_2077.jpg,720,960,0.6912,0.75,0.5005,0.2358,315.778,0.1083,0.5202
train_2078.jpg,720,960,0.6912,0.75,0.4515,0.2127,65.3108,0.1961,0.4833
train_2079.jpg,960,720,0.6912,1.3333,0.5344,0.2535,34.2814,0.1478,0.5634
train_2080.jpg,1279,720,0.9209,1.7764,0.5045,0.1762,167.0978,0.2415,0.5745
train_2081.jpg,720,960,0.6912,0.75,0.4831,0.2044,113.4901,0.2661,0.5497
train_2082.jpg,720,960,0.6912,0.75,0.4775,0.1726,14.2886,0.1351,0.5098
train_2083.jpg,720,960,0.6912,0.75,0.4548,0.229,171.9128,0.1819,0.5029
train_2084.jpg,960,720,0.6912,1.3333,0.484,0.1925,31.2979,0.141,0.509
train_2085.jpg,1560,720,1.1232,2.1667,0.3877,0.2493,254.0441,0.2576,0.4496
train_2086.jpg,720,802,0.5774,0.8978,0.5245,0.1995,37.3594,0.3703,0.5943
train_2087.jpg,720,960,0.6912,0.75,0.527,0.2428,40.4996,0.167,0.5494
train_2088.jpg,720,960,0.6912,0.75,0.4554,0.202,133.6766,0.2703,0.5308
train_2090.jpg,720,960,0.6912,0.75,0.5073,0.2332,25.6942,0.1335,0.5278
train_2091.jpg,1279,720,0.9209,1.7764,0.4178,0.236,160.4387,0.2015,0.4493
train_2092.jpg,720,960,0.6912,0.75,0.5242,0.2424,39.3484,0.2579,0.5744
train_2093.jpg,720,960,0.6912,0.75,0.6356,0.2206,34.3612,0.1842,0.6719
train_2094.jpg,720,960,0.6912,0.75,0.4473,0.2086,24.4338,0.2977,0.5162
train_2095.jpg,720,960,0.6912,0.75,0.2409,0.2004,34.694,0.3758,0.2777
train_2096.jpg,960,720,0.6912,1.3333,0.4751,0.215,35.0623,0.2044,0.5151
train_2097.jpg,720,960,0.6912,0.75,0.4338,0.2276,165.2764,0.1519,0.4714
train_2098.jpg,720,960,0.6912,0.75,0.5127,0.2236,209.4575,0.1659,0.555
train_2099.jpg,720,960,0.6912,0.75,0.4025,0.2883,30.7787,0.4514,0.4934
train_2100.jpg,720,960,0.6912,0.75,0.6589,0.1632,51.7125,0.2273,0.7316
train_2101.jpg,720,960,0.6912,0.75,0.4409,0.2414,21.6769,0.2244,0.4933
train_2103.jpg,720,960,0.6912,0.75,0.5722,0.1161,20.8218,0.3736,0.6638
train_2104.jpg,960,720,0.6912,1.3333,0.4842,0.204,46.3618,0.1683,0.5124
train_2105.jpg,720,960,0.6912,0.75,0.4046,0.1854,75.4193,0.1118,0.4283
train_2107.jpg,765,720,0.5508,1.0625,0.3496,0.2071,45.1135,0.3424,0.4197
train_2108.jpg,720,960,0.6912,0.75,0.48,0.2092,140.692,0.244,0.5461
train_2109.jpg,720,960,0.6912,0.75,0.5615,0.1621,50.3889,0.106,0.5792
train_2111.jpg,720,960,0.6912,0.75,0.5815,0.1427,215.8968,0.2718,0.672
train_2112.jpg,720,960,0.6912,0.75,0.3796,0.2066,231.4892,0.2585,0.4672
train_2113.jpg,720,960,0.6912,0.75,0.5069,0.1975,31.4837,0.2251,0.5548
train_2114.jpg,720,1560,1.1232,0.4615,0.6474,0.3317,311.6868,0.0477,0.6657
train_2116.jpg,720,960,0.6912,0.75,0.3646,0.2263,35.0731,0.5504,0.4567
train_2117.jpg,720,960,0.6912,0.75,0.2348,0.1871,247.7766,0.1724,0.2481
train_2118.jpg,960,720,0.6912,1.3333,0.6498,0.2611,161.726,0.1263,0.673
train_2119.jpg,720,960,0.6912,0.75,0.5066,0.2306,15.4274,0.3278,0.5809
train_2120.jpg,720,960,0.6912,0.75,0.5865,0.2099,218.4086,0.092,0.6087
train_2121.jpg,720,960,0.6912,0.75,0.3491,0.2495,51.4493,0.2699,0.3856
train_2123.jpg,720,960,0.6912,0.75,0.5169,0.21,34.5378,0.1747,0.5543
train_2124.jpg,720,960,0.6912,0.75,0.466,0.1877,76.7654,0.1673,0.489
train_2125.jpg,720,960,0.6912,0.75,0.3823,0.286,359.2919,0.2833,0.4562
train_2126.jpg,720,960,0.6912,0.75,0.5201,0.2333,26.3878,0.2113,0.56
train_2127.jpg,720,960,0.6912,0.75,0.5108,0.1158,34.0889,0.2286,0.5614
train_2129.jpg,720,960,0.6912,0.75,0.4853,0.2387,25.1976,0.3399,0.5759
train_2130.jpg,720,960,0.6912,0.75,0.3124,0.2374,351.2809,0.3415,0.3559
train_2132.jpg,720,960,0.6912,0.75,0.42,0.2566,135.5377,0.1841,0.4545
train_2133.jpg,720,1280,0.9216,0.5625,0.5527,0.2217,62.0484,0.1229,0.5811
train_2137.jpg,720,960,0.6912,0.75,0.5692,0.2581,336.7702,0.1088,0.5946
train_2138.jpg,720,960,0.6912,0.75,0.3103,0.2152,54.7575,0.1742,0.3353
train_2139.jpg,720,960,0.6912,0.75,0.5188,0.2179,32.1042,0.4281,0.6083
train_2140.jpg,720,951,0.6847,0.7571,0.5539,0.2224,205.6923,0.2781,0.6472
train_2141.jpg,720,960,0.6912,0.75,0.4871,0.2202,22.9169,0.2466,0.5592
train_2142.jpg,720,960,0.6912,0.75,0.5081,0.2104,15.9074,0.2192,0.5734
train_2143.jpg,720,960,0.6912,0.75,0.4617,0.2201,237.7603,0.2039,0.5178
train_2144.jpg,960,720,0.6912,1.3333,0.3072,0.2072,212.12,0.3765,0.3814
train_2145.jpg,720,960,0.6912,0.75,0.5815,0.1777,43.3087,0.1214,0.6017
train_2146.jpg,720,960,0.6912,0.75,0.3803,0.2139,59.7446,0.1326,0.4115
train_2147.jpg,960,720,0.6912,1.3333,0.6247,0.2238,242.8166,0.0729,0.6456
train_2148.jpg,1320,720,0.9504,1.8333,0.5666,0.2521,30.1043,0.3245,0.6364
train_2150.jpg,720,960,0.6912,0.75,0.4959,0.211,212.7307,0.1767,0.5515
train_2151.jpg,960,720,0.6912,1.3333,0.5357,0.1777,20.3047,0.136,0.5718
train_2152.jpg,720,960,0.6912,0.75,0.5203,0.227,41.6508,0.1945,0.5524
train_2153.jpg,720,960,0.6912,0.75,0.4299,0.2418,83.759,0.0574,0.44
train_2154.jpg,720,1280,0.9216,0.5625,0.4687,0.3071,57.0605,0.169,0.4945
train_2155.jpg,720,960,0.6912,0.75,0.5119,0.2042,220.2588,0.0921,0.5407
train_2157.jpg,720,1279,0.9209,0.5629,0.3933,0.1791,51.3312,0.2598,0.4327
train_2158.jpg,960,720,0.6912,1.3333,0.4907,0.235,204.1479,0.1526,0.5261
train_2159.jpg,720,960,0.6912,0.75,0.6416,0.1635,210.5798,0.0605,0.6513
train_2160.jpg,720,1279,0.9209,0.5629,0.6318,0.16,336.138,0.1137,0.6672
train_2162.jpg,720,960,0.6912,0.75,0.479,0.2991,31.2179,0.1298,0.5068
train_2163.jpg,720,960,0.6912,0.75,0.4271,0.1773,30.0585,0.2664,0.4848
train_2164.jpg,1279,720,0.9209,1.7764,0.4624,0.2102,28.1028,0.2243,0.5269
train_2165.jpg,720,960,0.6912,0.75,0.3337,0.2328,40.3599,0.3664,0.3881
train_2166.jpg,720,960,0.6912,0.75,0.4345,0.2558,337.9793,0.2454,0.4889
train_2167.jpg,720,960,0.6912,0.75,0.5396,0.1946,100.382,0.0836,0.5573
train_2169.jpg,720,960,0.6912,0.75,0.4886,0.2787,208.5699,0.1625,0.5369
train_2170.jpg,720,1560,1.1232,0.4615,0.5827,0.3503,28.1144,0.1282,0.6245
train_2171.jpg,720,960,0.6912,0.75,0.4304,0.2062,42.6247,0.382,0.5054
train_2172.jpg,720,1260,0.9072,0.5714,0.4588,0.191,8.4121,0.2648,0.5194
train_2174.jpg,720,960,0.6912,0.75,0.4581,0.1973,50.5495,0.3047,0.5068
train_2175.jpg,720,960,0.6912,0.75,0.4055,0.2085,233.1239,0.3043,0.4958
train_2176.jpg,720,960,0.6912,0.75,0.4599,0.2355,22.7103,0.2988,0.5221
train_2177.jpg,720,960,0.6912,0.75,0.4335,0.2398,221.3618,0.1126,0.4549
train_2178.jpg,720,960,0.6912,0.75,0.4896,0.2749,222.8681,0.1018,0.5059
train_2179.jpg,720,960,0.6912,0.75,0.5744,0.1487,38.9352,0.1136,0.601
train_2180.jpg,720,960,0.6912,0.75,0.6442,0.2399,92.5734,0.1229,0.6706
train_2181.jpg,720,960,0.6912,0.75,0.2888,0.2514,207.7891,0.3555,0.3674
train_2182.jpg,720,720,0.5184,1.0,0.6065,0.181,6.1927,0.2419,0.6723
train_2183.jpg,720,960,0.6912,0.75,0.3749,0.2269,37.95,0.2467,0.4097
train_2184.jpg,720,960,0.6912,0.75,0.5239,0.2063,43.0633,0.31,0.6013
train_2185.jpg,720,1560,1.1232,0.4615,0.616,0.2567,211.6979,0.2106,0.6924
train_2187.jpg,960,720,0.6912,1.3333,0.4292,0.1635,46.7684,0.186,0.4598
train_2188.jpg,720,960,0.6912,0.75,0.3233,0.1824,28.5478,0.4685,0.4126
train_2189.jpg,720,960,0.6912,0.75,0.6511,0.2254,51.0614,0.224,0.6901
train_2190.jpg,720,960,0.6912,0.75,0.3445,0.1397,214.7444,0.8939,0.7351
train_2192.jpg,720,720,0.5184,1.0,0.2982,0.2572,40.5349,0.3535,0.3348
train_2193.jpg,720,720,0.5184,1.0,0.4784,0.2125,211.8354,0.2838,0.5693
train_2195.jpg,720,960,0.6912,0.75,0.5118,0.2072,151.1763,0.1232,0.5333
train_2196.jpg,720,960,0.6912,0.75,0.5127,0.2266,173.178,0.1454,0.541
train_2197.jpg,720,960,0.6912,0.75,0.5156,0.1681,337.6895,0.1375,0.558
train_2198.jpg,720,900,0.648,0.8,0.4384,0.3202,207.6602,0.3352,0.4978
train_2200.jpg,960,720,0.6912,1.3333,0.3866,0.2583,324.8813,0.2882,0.4523
train_2201.jpg,720,960,0.6912,0.75,0.5284,0.2779,207.9017,0.2596,0.5995
train_2202.jpg,720,960,0.6912,0.75,0.3811,0.2225,40.5106,0.3256,0.4424
train_2203.jpg,960,720,0.6912,1.3333,0.4288,0.2626,206.5946,0.2432,0.491
train_2204.jpg,960,720,0.6912,1.3333,0.3801,0.1896,22.7925,0.3393,0.4508
train_2205.jpg,720,960,0.6912,0.75,0.2825,0.1305,10.2743,0.7466,0.5261
train_2206.jpg,720,960,0.6912,0.75,0.467,0.2597,28.347,0.1196,0.4895
train_2207.jpg,720,960,0.6912,0.75,0.5225,0.1334,42.0881,0.4186,0.6202
train_2208.jpg,720,960,0.6912,0.75,0.3946,0.211,209.5627,0.3347,0.4976
train_2209.jpg,720,960,0.6912,0.75,0.5361,0.1148,222.4246,0.2774,0.687
train_2210.jpg,720,960,0.6912,0.75,0.4884,0.1658,82.0653,0.212,0.524
train_2211.jpg,1197,720,0.8618,1.6625,0.2408,0.1741,35.6862,0.5312,0.3021
train_2212.jpg,960,720,0.6912,1.3333,0.4161,0.1832,219.6788,0.0739,0.4335
train_2213.jpg,720,720,0.5184,1.0,0.5535,0.2691,199.652,0.168,0.5928
train_2214.jpg,720,960,0.6912,0.75,0.5822,0.2281,20.4573,0.0787,0.5997
train_2215.jpg,960,720,0.6912,1.3333,0.4778,0.1978,207.2536,0.2425,0.547
train_2216.jpg,720,960,0.6912,0.75,0.479,0.2087,15.7324,0.3186,0.5726
train_2217.jpg,720,960,0.6912,0.75,0.5994,0.2604,216.748,0.1362,0.6449
train_2219.jpg,720,960,0.6912,0.75,0.4989,0.1762,26.2413,0.1915,0.5448
train_2220.jpg,720,960,0.6912,0.75,0.5328,0.2673,26.6943,0.2844,0.6001
train_2221.jpg,720,1558,1.1218,0.4621,0.4825,0.2057,280.3906,0.411,0.6717
train_2222.jpg,720,960,0.6912,0.75,0.6047,0.1554,14.4634,0.0896,0.6256
train_2224.jpg,720,960,0.6912,0.75,0.4799,0.2214,27.342,0.1528,0.5162
train_2226.jpg,720,960,0.6912,0.75,0.5161,0.2359,53.1906,0.1295,0.5424
train_2227.jpg,960,720,0.6912,1.3333,0.4915,0.2264,15.5311,0.3547,0.5965
train_2228.jpg,720,960,0.6912,0.75,0.4407,0.2049,201.1161,0.1393,0.4775
train_2229.jpg,720,960,0.6912,0.75,0.6489,0.1911,157.2631,0.0816,0.6677
train_2230.jpg,960,720,0.6912,1.3333,0.464,0.2489,102.2267,0.1436,0.4891
train_2231.jpg,720,720,0.5184,1.0,0.4888,0.2271,56.1305,0.2396,0.529
train_2232.jpg,720,960,0.6912,0.75,0.3831,0.2081,42.3006,0.6025,0.4532
train_2233.jpg,720,1080,0.7776,0.6667,0.305,0.2694,39.7029,0.1912,0.323
train_2234.jpg,720,960,0.6912,0.75,0.4815,0.163,17.3843,0.2784,0.5556
train_2235.jpg,720,960,0.6912,0.75,0.5263,0.2324,276.8129,0.1911,0.5763
train_2236.jpg,720,960,0.6912,0.75,0.2637,0.1933,52.554,0.3196,0.2824
train_2237.jpg,720,909,0.6545,0.7921,0.3506,0.2066,249.4287,0.2094,0.4026
train_2239.jpg,960,720,0.6912,1.3333,0.5805,0.1368,29.7795,0.0873,0.6043
train_2240.jpg,1280,720,0.9216,1.7778,0.5313,0.2958,94.0689,0.139,0.552
train_2242.jpg,720,960,0.6912,0.75,0.5976,0.1819,12.0589,0.2418,0.6656
train_2243.jpg,720,960,0.6912,0.75,0.288,0.1782,206.0249,0.2288,0.3267
train_2244.jpg,720,960,0.6912,0.75,0.5223,0.2141,31.842,0.0923,0.5372
train_2247.jpg,720,960,0.6912,0.75,0.4963,0.2555,33.1042,0.2516,0.5394
train_2248.jpg,720,1558,1.1218,0.4621,0.5295,0.1993,357.807,0.2307,0.6022
train_2249.jpg,960,720,0.6912,1.3333,0.5538,0.1416,34.3343,0.0562,0.5643
train_2250.jpg,720,960,0.6912,0.75,0.4549,0.197,263.7335,0.1373,0.4903
train_2251.jpg,720,960,0.6912,0.75,0.5312,0.2154,192.2211,0.4091,0.6414
train_2252.jpg,720,960,0.6912,0.75,0.5172,0.2926,200.2888,0.1293,0.5479
train_2253.jpg,720,960,0.6912,0.75,0.4812,0.2484,300.9538,0.1854,0.5271
train_2254.jpg,960,720,0.6912,1.3333,0.4988,0.1725,245.3407,0.0939,0.5213
train_2255.jpg,960,720,0.6912,1.3333,0.4061,0.247,58.5129,0.3415,0.4509
train_2256.jpg,720,960,0.6912,0.75,0.4669,0.2163,207.1908,0.1839,0.5043
train_2257.jpg,720,960,0.6912,0.75,0.5352,0.2288,97.9742,0.2928,0.6218
train_2258.jpg,720,960,0.6912,0.75,0.4704,0.2893,217.5065,0.1482,0.4959
train_2259.jpg,720,960,0.6912,0.75,0.3245,0.2469,134.1501,0.3632,0.3675
train_2260.jpg,960,720,0.6912,1.3333,0.514,0.2495,37.041,0.2534,0.5698
train_2261.jpg,960,720,0.6912,1.3333,0.3727,0.2517,312.3037,0.2593,0.4305
train_2262.jpg,720,960,0.6912,0.75,0.5378,0.2108,29.9415,0.2587,0.5889
train_2263.jpg,720,720,0.5184,1.0,0.3383,0.2097,91.1146,0.4572,0.4073
train_2264.jpg,720,960,0.6912,0.75,0.4772,0.2073,26.9301,0.1353,0.5134
train_2265.jpg,720,960,0.6912,0.75,0.5646,0.2097,212.7149,0.1906,0.6325
train_2266.jpg,960,720,0.6912,1.3333,0.3687,0.1822,348.0384,0.3537,0.4506
train_2268.jpg,720,900,0.648,0.8,0.4269,0.2063,139.2856,0.18,0.4616
train_2269.jpg,720,960,0.6912,0.75,0.4334,0.2108,225.9545,0.2152,0.4854
train_2270.jpg,1082,720,0.779,1.5028,0.5159,0.3119,254.5371,0.2718,0.5994
train_2271.jpg,720,960,0.6912,0.75,0.5484,0.1925,46.9797,0.4171,0.6117
train_2272.jpg,720,960,0.6912,0.75,0.4306,0.2684,45.8587,0.2521,0.4665
train_2273.jpg,720,960,0.6912,0.75,0.3304,0.2624,31.3594,0.3129,0.3883
train_2274.jpg,720,960,0.6912,0.75,0.5695,0.3063,213.1664,0.1714,0.5908
train_2275.jpg,720,960,0.6912,0.75,0.3653,0.2058,351.9955,0.3238,0.4281
train_2276.jpg,824,720,0.5933,1.1444,0.5984,0.2049,355.5238,0.1647,0.6518
train_2277.jpg,720,1280,0.9216,0.5625,0.4801,0.2025,28.3622,0.2443,0.541
train_2278.jpg,960,720,0.6912,1.3333,0.3569,0.1514,24.0647,0.1079,0.377
train_2279.jpg,720,960,0.6912,0.75,0.5116,0.2455,290.3868,0.2988,0.6146
train_2280.jpg,720,960,0.6912,0.75,0.5413,0.1538,29.6913,0.0557,0.5524
train_2281.jpg,720,960,0.6912,0.75,0.356,0.2058,357.7729,0.3593,0.4412
train_2283.jpg,720,960,0.6912,0.75,0.5356,0.2028,34.0409,0.0722,0.5488
train_2284.jpg,720,960,0.6912,0.75,0.5214,0.2633,27.9733,0.1756,0.559
train_2285.jpg,960,720,0.6912,1.3333,0.5094,0.2003,17.601,0.3624,0.6279
train_2286.jpg,960,720,0.6912,1.3333,0.2659,0.2499,294.6544,0.3072,0.3317
train_2287.jpg,720,960,0.6912,0.75,0.4971,0.229,21.0941,0.1421,0.5326
train_2288.jpg,720,960,0.6912,0.75,0.4654,0.186,336.4169,0.1776,0.5121
train_2289.jpg,720,1280,0.9216,0.5625,0.5288,0.2244,21.3778,0.1077,0.555
train_2290.jpg,720,960,0.6912,0.75,0.4205,0.2551,220.0449,0.1711,0.4594
train_2291.jpg,720,960,0.6912,0.75,0.508,0.1882,14.399,0.1329,0.5395
train_2292.jpg,720,720,0.5184,1.0,0.4822,0.2647,12.6445,0.3525,0.5884
train_2293.jpg,720,960,0.6912,0.75,0.55,0.177,31.0085,0.1456,0.5847
train_2294.jpg,720,960,0.6912,0.75,0.4927,0.2361,98.1677,0.2256,0.5239
train_2295.jpg,720,960,0.6912,0.75,0.4833,0.2057,119.968,0.1852,0.5211
train_2296.jpg,720,960,0.6912,0.75,0.4184,0.2565,54.281,0.2738,0.4803
train_2297.jpg,960,720,0.6912,1.3333,0.4804,0.1717,30.1757,0.1786,0.5213
train_2298.jpg,720,1280,0.9216,0.5625,0.5539,0.2094,53.0844,0.2669,0.6075
train_2299.jpg,720,960,0.6912,0.75,0.4366,0.3411,176.1218,0.1901,0.4614
train_2300.jpg,720,1481,1.0663,0.4862,0.4906,0.2297,17.8669,0.135,0.5208
train_2302.jpg,720,960,0.6912,0.75,0.3714,0.2302,270.1967,0.2713,0.4506
train_2303.jpg,720,1560,1.1232,0.4615,0.648,0.2464,243.9181,0.1487,0.7265
train_2304.jpg,960,720,0.6912,1.3333,0.3196,0.1702,198.0931,0.4749,0.4135
train_2305.jpg,720,1280,0.9216,0.5625,0.5419,0.2625,214.5345,0.1042,0.5711
train_2306.jpg,720,1558,1.1218,0.4621,0.6139,0.1842,355.9126,0.0952,0.6422
train_2307.jpg,783,720,0.5638,1.0875,0.5448,0.1758,76.6337,0.1596,0.5905
train_2308.jpg,960,720,0.6912,1.3333,0.5012,0.201,11.2205,0.275,0.5716
train_2309.jpg,720,960,0.6912,0.75,0.468,0.228,193.7266,0.2752,0.5299
train_2310.jpg,960,720,0.6912,1.3333,0.4665,0.247,206.0432,0.1796,0.5143
train_2311.jpg,720,1280,0.9216,0.5625,0.5489,0.1938,36.713,0.2515,0.6001
train_2312.jpg,720,960,0.6912,0.75,0.5488,0.2018,37.6083,0.1035,0.5725
train_2313.jpg,720,960,0.6912,0.75,0.4348,0.207,29.989,0.4267,0.5481
train_2314.jpg,960,720,0.6912,1.3333,0.4479,0.2797,59.1075,0.3042,0.5032
train_2315.jpg,720,960,0.6912,0.75,0.493,0.1893,12.7216,0.2984,0.5873
train_2316.jpg,720,960,0.6912,0.75,0.5795,0.1688,46.6893,0.4446,0.6701
train_2317.jpg,720,960,0.6912,0.75,0.5549,0.1782,72.2876,0.1115,0.5711
train_2318.jpg,960,720,0.6912,1.3333,0.4601,0.1855,242.0533,0.2349,0.5291
train_2319.jpg,720,960,0.6912,0.75,0.4648,0.2052,123.9032,0.162,0.503
train_2320.jpg,720,960,0.6912,0.75,0.2788,0.1753,30.2054,0.5069,0.3512
train_2321.jpg,720,1599,1.1513,0.4503,0.2933,0.199,8.2241,0.6945,0.4587
train_2322.jpg,720,960,0.6912,0.75,0.3531,0.2451,125.9237,0.2371,0.4004
train_2323.jpg,1280,720,0.9216,1.7778,0.5458,0.2467,45.8659,0.1459,0.585
train_2324.jpg,720,960,0.6912,0.75,0.4626,0.2091,36.5078,0.1986,0.4911
train_2326.jpg,960,720,0.6912,1.3333,0.4685,0.2069,215.6215,0.1492,0.5213
train_2327.jpg,720,960,0.6912,0.75,0.5174,0.2616,153.0573,0.3262,0.5657
train_2328.jpg,720,1600,1.152,0.45,0.4026,0.2681,202.347,0.2468,0.4668
train_2329.jpg,720,960,0.6912,0.75,0.5912,0.2355,13.8649,0.1614,0.6294
train_2330.jpg,960,720,0.6912,1.3333,0.6163,0.172,9.8148,0.0621,0.6382
train_2331.jpg,720,720,0.5184,1.0,0.3871,0.2032,359.3613,0.1963,0.4303
train_2332.jpg,720,960,0.6912,0.75,0.4834,0.2712,340.7257,0.2873,0.5651
train_2333.jpg,720,720,0.5184,1.0,0.4915,0.2097,24.1586,0.1088,0.5143
train_2334.jpg,720,960,0.6912,0.75,0.3871,0.2559,214.0445,0.2468,0.4314
train_2335.jpg,960,720,0.6912,1.3333,0.352,0.1833,143.9601,0.251,0.3906
train_2336.jpg,960,720,0.6912,1.3333,0.5764,0.1139,178.152,0.2437,0.6483
train_2337.jpg,1280,720,0.9216,1.7778,0.2169,0.1943,84.4953,0.1934,0.2325
train_2339.jpg,1279,720,0.9209,1.7764,0.4513,0.2383,21.2901,0.2732,0.5282
train_2340.jpg,720,960,0.6912,0.75,0.3645,0.2025,23.5277,0.253,0.4309
train_2341.jpg,720,960,0.6912,0.75,0.4398,0.2525,244.3004,0.3531,0.5613
train_2342.jpg,720,960,0.6912,0.75,0.4621,0.2089,2.1436,0.1986,0.5138
train_2343.jpg,720,960,0.6912,0.75,0.4796,0.2484,26.497,0.2678,0.5385
train_2344.jpg,960,720,0.6912,1.3333,0.4444,0.2979,271.9558,0.1263,0.4737
train_2345.jpg,960,720,0.6912,1.3333,0.6374,0.1619,10.456,0.0458,0.6511
train_2346.jpg,720,960,0.6912,0.75,0.4044,0.2641,347.8074,0.228,0.4471
train_2347.jpg,720,960,0.6912,0.75,0.507,0.2322,19.1166,0.1243,0.5338
train_2348.jpg,960,720,0.6912,1.3333,0.509,0.1955,239.2657,0.1842,0.5637
train_2349.jpg,720,960,0.6912,0.75,0.5053,0.179,63.6338,0.1878,0.5389
train_2350.jpg,720,960,0.6912,0.75,0.563,0.2595,191.5787,0.1793,0.6054
train_2351.jpg,720,1280,0.9216,0.5625,0.3792,0.0955,303.1237,0.0977,0.4064
train_2352.jpg,720,960,0.6912,0.75,0.4159,0.268,214.4482,0.1352,0.4399
train_2353.jpg,720,960,0.6912,0.75,0.5825,0.1601,249.769,0.0766,0.6005
train_2354.jpg,720,960,0.6912,0.75,0.4971,0.2166,209.5989,0.1672,0.5477
train_2355.jpg,960,720,0.6912,1.3333,0.482,0.2098,22.8512,0.3223,0.5572
train_2356.jpg,720,960,0.6912,0.75,0.4046,0.2314,34.6307,0.1936,0.4331
train_2357.jpg,720,960,0.6912,0.75,0.4496,0.2174,213.1375,0.1898,0.4996
train_2358.jpg,1279,720,0.9209,1.7764,0.5594,0.2501,26.162,0.1553,0.5838
train_2360.jpg,720,960,0.6912,0.75,0.4589,0.2541,332.9321,0.1637,0.4948
train_2361.jpg,720,960,0.6912,0.75,0.4608,0.2508,22.1188,0.2102,0.5021
train_2362.jpg,720,960,0.6912,0.75,0.4977,0.2369,119.3187,0.205,0.5296
train_2363.jpg,720,960,0.6912,0.75,0.3919,0.1908,93.4645,0.4602,0.445
train_2364.jpg,720,960,0.6912,0.75,0.5097,0.1135,192.7419,0.4478,0.6665
train_2365.jpg,1279,720,0.9209,1.7764,0.5929,0.1983,220.0707,0.1641,0.6524
train_2366.jpg,720,1279,0.9209,0.5629,0.4278,0.1897,220.2507,0.3879,0.5629
train_2367.jpg,720,960,0.6912,0.75,0.6389,0.1794,141.7753,0.0508,0.6462
train_2368.jpg,960,720,0.6912,1.3333,0.4992,0.223,334.7702,0.0786,0.5115
train_2369.jpg,960,720,0.6912,1.3333,0.5462,0.1576,152.3104,0.1284,0.585
train_2370.jpg,960,720,0.6912,1.3333,0.3842,0.2009,195.4598,0.4062,0.501
train_2371.jpg,959,720,0.6905,1.3319,0.5018,0.2382,192.5351,0.2848,0.5762
train_2372.jpg,960,720,0.6912,1.3333,0.5054,0.2375,54.7668,0.181,0.5407
train_2373.jpg,720,960,0.6912,0.75,0.7944,0.0752,44.8421,0.0868,0.8118
train_2374.jpg,720,960,0.6912,0.75,0.3822,0.1941,44.5627,0.2134,0.418
train_2375.jpg,960,720,0.6912,1.3333,0.442,0.2069,52.8243,0.2777,0.4907
train_2376.jpg,720,960,0.6912,0.75,0.5812,0.1326,40.9821,0.1184,0.6093
train_2377.jpg,720,1280,0.9216,0.5625,0.5127,0.2306,17.7462,0.2235,0.5689
train_2378.jpg,720,960,0.6912,0.75,0.5233,0.2952,37.5234,0.1446,0.5549
train_2379.jpg,720,960,0.6912,0.75,0.4679,0.2862,25.5115,0.2496,0.535
train_2380.jpg,720,960,0.6912,0.75,0.533,0.292,213.2408,0.1725,0.5735
train_2381.jpg,720,960,0.6912,0.75,0.4894,0.2934,49.8838,0.1987,0.5161
train_2382.jpg,720,960,0.6912,0.75,0.6146,0.237,57.6409,0.1664,0.6465
train_2383.jpg,960,720,0.6912,1.3333,0.343,0.1937,322.9607,0.3331,0.4265
train_2384.jpg,720,960,0.6912,0.75,0.4401,0.2066,266.522,0.3268,0.548
train_2385.jpg,720,1280,0.9216,0.5625,0.3375,0.1551,349.2032,0.6725,0.6111
train_2386.jpg,720,960,0.6912,0.75,0.5285,0.219,32.2936,0.1206,0.5595
train_2387.jpg,720,960,0.6912,0.75,0.4641,0.2458,98.3893,0.195,0.4947
train_2389.jpg,720,960,0.6912,0.75,0.4358,0.1348,108.1991,0.1529,0.4837
train_2390.jpg,720,960,0.6912,0.75,0.4494,0.273,162.8157,0.1119,0.467
train_2391.jpg,720,960,0.6912,0.75,0.2323,0.1434,269.1266,0.6423,0.4211
train_2392.jpg,720,960,0.6912,0.75,0.4405,0.2526,271.6338,0.137,0.4758
train_2393.jpg,960,720,0.6912,1.3333,0.5121,0.1297,43.5832,0.2947,0.5598
train_2394.jpg,720,960,0.6912,0.75,0.5308,0.1558,31.71,0.2494,0.5826
train_2395.jpg,720,1560,1.1232,0.4615,0.834,0.3096,234.4804,0.0124,0.8357
train_2396.jpg,720,960,0.6912,0.75,0.2945,0.2797,219.8965,0.292,0.329
train_2397.jpg,720,960,0.6912,0.75,0.4964,0.2866,28.2319,0.2072,0.5335
train_2398.jpg,728,720,0.5242,1.0111,0.6011,0.2049,56.9051,0.3285,0.6425
train_2399.jpg,720,960,0.6912,0.75,0.4913,0.2097,41.9436,0.0913,0.5095
train_2400.jpg,720,960,0.6912,0.75,0.52,0.2236,210.1804,0.2275,0.5809
train_2401.jpg,720,960,0.6912,0.75,0.4419,0.1804,164.0876,0.2395,0.4977
train_2402.jpg,720,960,0.6912,0.75,0.3939,0.2713,317.908,0.1982,0.4338
train_2403.jpg,720,1279,0.9209,0.5629,0.499,0.2127,204.1403,0.1472,0.5526
train_2404.jpg,720,960,0.6912,0.75,0.5591,0.2425,42.2813,0.2255,0.6132
train_2406.jpg,960,720,0.6912,1.3333,0.4098,0.2383,230.1831,0.2023,0.4574
train_2407.jpg,960,720,0.6912,1.3333,0.4488,0.1801,33.992,0.2779,0.5007
train_2408.jpg,720,1233,0.8878,0.5839,0.4353,0.3146,325.6194,0.2903,0.5025
train_2409.jpg,720,960,0.6912,0.75,0.509,0.2644,122.1437,0.1318,0.5352
train_2410.jpg,720,720,0.5184,1.0,0.4949,0.2243,71.0085,0.1285,0.5164
train_2411.jpg,720,960,0.6912,0.75,0.311,0.1689,307.3625,0.1912,0.3512
train_2412.jpg,960,720,0.6912,1.3333,0.4747,0.1781,23.2702,0.4443,0.5688
train_2413.jpg,720,960,0.6912,0.75,0.5121,0.2126,104.4814,0.1935,0.5427
train_2415.jpg,960,720,0.6912,1.3333,0.5406,0.1696,41.2553,0.3675,0.6498
train_2416.jpg,720,960,0.6912,0.75,0.5572,0.2134,223.6279,0.1457,0.5913
train_2417.jpg,720,960,0.6912,0.75,0.3633,0.1219,7.6088,0.1228,0.3917
train_2418.jpg,720,960,0.6912,0.75,0.4504,0.2158,25.3223,0.074,0.4702
train_2420.jpg,960,720,0.6912,1.3333,0.5257,0.2075,163.0751,0.1161,0.5449
train_2421.jpg,720,960,0.6912,0.75,0.5773,0.2371,28.5985,0.0664,0.593
train_2422.jpg,720,1279,0.9209,0.5629,0.3472,0.1811,267.0935,0.1565,0.3909
train_2423.jpg,720,1565,1.1268,0.4601,0.3988,0.3423,42.7968,0.0729,0.406
train_2424.jpg,720,960,0.6912,0.75,0.6478,0.194,215.3819,0.0977,0.6733
train_2425.jpg,960,720,0.6912,1.3333,0.3088,0.2147,68.0514,0.3733,0.3468
train_2426.jpg,720,1279,0.9209,0.5629,0.4116,0.1964,200.5084,0.2339,0.4672
train_2427.jpg,720,960,0.6912,0.75,0.2698,0.1878,29.4435,0.246,0.3119
train_2428.jpg,720,960,0.6912,0.75,0.5333,0.2951,76.3334,0.1268,0.5507
train_2429.jpg,720,960,0.6912,0.75,0.4206,0.1913,196.2736,0.2,0.4772
train_2430.jpg,720,960,0.6912,0.75,0.4622,0.1689,45.5548,0.1995,0.5082
train_2431.jpg,960,720,0.6912,1.3333,0.5246,0.2608,211.5103,0.2349,0.5921
train_2432.jpg,720,960,0.6912,0.75,0.2669,0.2072,119.5807,0.209,0.2956
train_2433.jpg,720,960,0.6912,0.75,0.511,0.2882,246.022,0.0896,0.5297
train_2434.jpg,720,960,0.6912,0.75,0.4764,0.1799,56.8205,0.2472,0.5614
train_2435.jpg,1320,720,0.9504,1.8333,0.4904,0.246,219.8358,0.1863,0.5346
train_2436.jpg,960,720,0.6912,1.3333,0.4291,0.2268,120.7064,0.2868,0.486
train_2437.jpg,720,960,0.6912,0.75,0.6516,0.0816,357.893,0.1112,0.6933
train_2438.jpg,960,720,0.6912,1.3333,0.4139,0.1901,21.6288,0.35,0.4876
train_2439.jpg,967,720,0.6962,1.3431,0.4613,0.2213,18.9786,0.4083,0.6028
train_2440.jpg,720,960,0.6912,0.75,0.2243,0.1976,239.2115,0.5935,0.369
train_2441.jpg,720,960,0.6912,0.75,0.3395,0.2078,240.9402,0.3342,0.4327
train_2442.jpg,720,1080,0.7776,0.6667,0.3799,0.2777,96.2232,0.2189,0.4081
train_2443.jpg,960,720,0.6912,1.3333,0.4856,0.1821,220.1757,0.1905,0.5437
train_2444.jpg,1405,720,1.0116,1.9514,0.4153,0.2547,181.0697,0.3784,0.5091
train_2445.jpg,720,1096,0.7891,0.6569,0.199,0.1669,152.3926,0.2753,0.2277
train_2446.jpg,960,720,0.6912,1.3333,0.4715,0.2069,333.5612,0.1504,0.517
train_2447.jpg,720,960,0.6912,0.75,0.4825,0.2366,6.1691,0.1713,0.5243
train_2448.jpg,1611,720,1.1599,2.2375,0.4472,0.2779,43.9328,0.2826,0.5005
train_2449.jpg,720,960,0.6912,0.75,0.5492,0.1905,187.7764,0.2147,0.6234
train_2450.jpg,720,1560,1.1232,0.4615,0.5539,0.2393,347.5955,0.2153,0.6387
train_2451.jpg,960,720,0.6912,1.3333,0.4615,0.2594,208.0908,0.1592,0.5007
train_2452.jpg,960,720,0.6912,1.3333,0.6362,0.1637,19.4489,0.2142,0.7103
train_2453.jpg,720,720,0.5184,1.0,0.5929,0.2287,78.0529,0.2645,0.6621
train_2454.jpg,720,960,0.6912,0.75,0.4963,0.2917,182.2826,0.183,0.5402
train_2456.jpg,720,960,0.6912,0.75,0.3784,0.2199,35.3572,0.2797,0.4192
train_2458.jpg,720,960,0.6912,0.75,0.5253,0.1761,36.9361,0.3592,0.5978
train_2459.jpg,720,960,0.6912,0.75,0.6785,0.2527,239.336,0.0558,0.6912
train_2461.jpg,720,960,0.6912,0.75,0.5405,0.1809,34.8843,0.3682,0.62
train_2462.jpg,720,960,0.6912,0.75,0.6231,0.2387,19.8102,0.2079,0.6772
train_2463.jpg,720,960,0.6912,0.75,0.2319,0.1558,238.8969,0.2853,0.3172
train_2464.jpg,720,960,0.6912,0.75,0.5351,0.2246,27.5042,0.2288,0.5786
train_2466.jpg,720,960,0.6912,0.75,0.5168,0.2211,78.1567,0.2265,0.5526
train_2469.jpg,720,960,0.6912,0.75,0.3401,0.1931,25.0131,0.449,0.4601
train_2470.jpg,720,960,0.6912,0.75,0.5195,0.2759,20.2426,0.1709,0.5678
train_2471.jpg,720,906,0.6523,0.7947,0.4516,0.2545,15.6595,0.2922,0.5119
train_2472.jpg,1280,720,0.9216,1.7778,0.5153,0.1444,40.0548,0.1874,0.5587
train_2473.jpg,960,720,0.6912,1.3333,0.5661,0.2065,42.8045,0.1427,0.5974
train_2474.jpg,960,720,0.6912,1.3333,0.3565,0.2203,55.2696,0.1699,0.3826
train_2476.jpg,720,960,0.6912,0.75,0.4264,0.1565,20.9496,0.3303,0.507
train_2477.jpg,960,720,0.6912,1.3333,0.5256,0.1837,185.9705,0.1223,0.5604
train_2479.jpg,720,960,0.6912,0.75,0.5102,0.1823,75.6813,0.0828,0.5253
train_2480.jpg,720,960,0.6912,0.75,0.5599,0.2339,357.8877,0.2836,0.6276
train_2481.jpg,720,720,0.5184,1.0,0.4681,0.2362,29.2226,0.1643,0.5007
train_2482.jpg,720,960,0.6912,0.75,0.5028,0.2091,24.881,0.2319,0.5522
train_2483.jpg,720,960,0.6912,0.75,0.1968,0.169,215.7991,0.1741,0.2158
train_2484.jpg,720,960,0.6912,0.75,0.5148,0.2849,26.2376,0.1206,0.5371
train_2485.jpg,720,960,0.6912,0.75,0.5107,0.1841,214.0449,0.1701,0.5773
train_2487.jpg,960,720,0.6912,1.3333,0.6892,0.1447,34.5792,0.1339,0.7223
train_2488.jpg,720,960,0.6912,0.75,0.5241,0.1947,185.7423,0.2202,0.571
train_2489.jpg,720,960,0.6912,0.75,0.418,0.1786,61.5571,0.1583,0.4457
train_2490.jpg,720,960,0.6912,0.75,0.6097,0.2457,357.0104,0.1032,0.6335
train_2491.jpg,960,720,0.6912,1.3333,0.344,0.2202,8.6068,0.3404,0.4247
train_2492.jpg,765,720,0.5508,1.0625,0.3464,0.1508,34.3468,0.346,0.3941
train_2493.jpg,720,960,0.6912,0.75,0.3818,0.1738,48.7462,0.344,0.4497
train_2494.jpg,720,1279,0.9209,0.5629,0.615,0.1646,349.8198,0.1032,0.6451
train_2495.jpg,720,960,0.6912,0.75,0.5719,0.2156,210.7458,0.0739,0.5859
train_2496.jpg,960,720,0.6912,1.3333,0.5263,0.2585,154.7517,0.2647,0.5703
train_2498.jpg,720,1280,0.9216,0.5625,0.4849,0.2636,23.6236,0.2119,0.5292
train_2499.jpg,720,960,0.6912,0.75,0.3858,0.2527,216.0108,0.2009,0.4342
train_2500.jpg,720,960,0.6912,0.75,0.5338,0.2717,39.3386,0.2369,0.5736
train_2501.jpg,1320,720,0.9504,1.8333,0.5932,0.2424,34.2854,0.273,0.644
train_2502.jpg,720,960,0.6912,0.75,0.4234,0.1945,106.8887,0.0896,0.4387
train_2503.jpg,720,960,0.6912,0.75,0.5423,0.2017,55.8657,0.1941,0.5859
train_2504.jpg,720,1280,0.9216,0.5625,0.5769,0.259,41.5124,0.0652,0.5923
train_2505.jpg,720,960,0.6912,0.75,0.3251,0.256,303.9983,0.2984,0.3913
train_2506.jpg,720,960,0.6912,0.75,0.5013,0.2378,209.5967,0.278,0.594
train_2507.jpg,905,720,0.6516,1.2569,0.4031,0.1905,30.3449,0.3697,0.4804
train_2508.jpg,720,960,0.6912,0.75,0.509,0.219,50.9767,0.3039,0.559
train_2509.jpg,720,960,0.6912,0.75,0.4078,0.2676,304.5087,0.1863,0.4531
train_2510.jpg,720,1279,0.9209,0.5629,0.5741,0.1844,16.5489,0.2714,0.6526
train_2511.jpg,720,960,0.6912,0.75,0.3852,0.2471,60.4952,0.4407,0.4281
train_2512.jpg,720,960,0.6912,0.75,0.5986,0.2278,67.3759,0.1386,0.6201
train_2513.jpg,720,960,0.6912,0.75,0.4929,0.2405,206.3009,0.1223,0.5172
train_2514.jpg,720,960,0.6912,0.75,0.3134,0.2359,62.4107,0.4074,0.3878
train_2515.jpg,720,960,0.6912,0.75,0.4346,0.1881,58.403,0.3107,0.497
train_2516.jpg,720,960,0.6912,0.75,0.6348,0.1905,21.537,0.2496,0.7132
train_2517.jpg,720,960,0.6912,0.75,0.5961,0.1561,34.9323,0.4082,0.6907
train_2518.jpg,720,1279,0.9209,0.5629,0.4779,0.2093,21.5154,0.2456,0.5415
train_2519.jpg,720,960,0.6912,0.75,0.5469,0.2021,34.001,0.092,0.5614
train_2520.jpg,960,720,0.6912,1.3333,0.4624,0.1468,194.9648,0.1159,0.4881
train_2521.jpg,720,960,0.6912,0.75,0.5045,0.2219,188.5375,0.1749,0.5464
train_2522.jpg,720,1279,0.9209,0.5629,0.6508,0.1471,23.9287,0.1228,0.6818
train_2523.jpg,720,960,0.6912,0.75,0.5017,0.2616,150.4475,0.1406,0.5259
train_2524.jpg,960,720,0.6912,1.3333,0.5365,0.2616,223.3143,0.0782,0.5481
train_2525.jpg,720,960,0.6912,0.75,0.5158,0.1999,30.9035,0.0591,0.5286
train_2526.jpg,720,1280,0.9216,0.5625,0.2688,0.2289,247.3103,0.3986,0.3765
train_2527.jpg,720,960,0.6912,0.75,0.5492,0.2592,41.0091,0.1654,0.5804
train_2529.jpg,720,793,0.571,0.9079,0.5252,0.2479,54.4604,0.0906,0.5342
train_2530.jpg,1016,720,0.7315,1.4111,0.4388,0.2618,237.7635,0.3049,0.5078
train_2531.jpg,720,960,0.6912,0.75,0.514,0.1764,17.8205,0.1218,0.5455
train_2532.jpg,1764,720,1.2701,2.45,0.5833,0.2619,230.0296,0.2389,0.6813
train_2533.jpg,960,720,0.6912,1.3333,0.474,0.1831,200.1594,0.1545,0.5122
train_2534.jpg,720,960,0.6912,0.75,0.4965,0.1862,222.8496,0.1393,0.5342
train_2535.jpg,720,960,0.6912,0.75,0.4842,0.2171,49.6049,0.2007,0.5267
train_2537.jpg,720,960,0.6912,0.75,0.601,0.2376,30.2676,0.1067,0.6221
train_2538.jpg,720,960,0.6912,0.75,0.4838,0.2624,233.0929,0.1639,0.5272
train_2539.jpg,720,1559,1.1225,0.4618,0.3279,0.2681,28.5327,0.2082,0.3703
train_2540.jpg,720,960,0.6912,0.75,0.5683,0.1998,84.9056,0.2785,0.6477
train_2541.jpg,720,960,0.6912,0.75,0.5993,0.1103,41.8486,0.0544,0.6087
train_2542.jpg,720,960,0.6912,0.75,0.4468,0.1952,144.3952,0.1167,0.4759
train_2543.jpg,960,720,0.6912,1.3333,0.61,0.161,37.2786,0.0578,0.6169
train_2544.jpg,720,960,0.6912,0.75,0.505,0.2258,219.4091,0.2334,0.5772
train_2545.jpg,720,960,0.6912,0.75,0.6297,0.2423,65.3614,0.062,0.6451
train_2546.jpg,960,720,0.6912,1.3333,0.5991,0.194,203.9835,0.1562,0.6523
train_2547.jpg,960,720,0.6912,1.3333,0.3159,0.2041,3.3597,0.3452,0.3898
train_2548.jpg,1280,720,0.9216,1.7778,0.3022,0.2129,321.0167,0.3204,0.3503
train_2550.jpg,1320,720,0.9504,1.8333,0.4598,0.2313,47.2703,0.1711,0.4896
train_2551.jpg,720,1280,0.9216,0.5625,0.4857,0.2762,39.1036,0.0871,0.4982
train_2553.jpg,960,720,0.6912,1.3333,0.5873,0.2023,301.5342,0.217,0.6504
train_2554.jpg,1079,720,0.7769,1.4986,0.491,0.1806,232.7852,0.1983,0.5776
train_2555.jpg,720,960,0.6912,0.75,0.5203,0.2429,42.8642,0.1634,0.5432
train_2556.jpg,720,960,0.6912,0.75,0.6148,0.2225,28.6255,0.2725,0.6829
train_2559.jpg,960,720,0.6912,1.3333,0.4195,0.2896,51.5146,0.3031,0.4583
train_2560.jpg,720,960,0.6912,0.75,0.542,0.2296,9.176,0.21,0.5878
train_2561.jpg,1280,720,0.9216,1.7778,0.284,0.2602,56.206,0.2362,0.305
train_2562.jpg,720,960,0.6912,0.75,0.1885,0.1822,183.5643,0.1525,0.2061
train_2563.jpg,720,960,0.6912,0.75,0.5582,0.2627,36.9313,0.2716,0.6134
train_2564.jpg,960,720,0.6912,1.3333,0.4587,0.2161,195.2549,0.1387,0.488
train_2565.jpg,720,960,0.6912,0.75,0.5253,0.2035,29.6498,0.2184,0.5767
train_2566.jpg,1280,720,0.9216,1.7778,0.431,0.1735,34.4447,0.431,0.5132
train_2567.jpg,720,960,0.6912,0.75,0.4628,0.1911,89.2119,0.341,0.5086
train_2568.jpg,1558,720,1.1218,2.1639,0.4782,0.1932,240.1467,0.1314,0.5099
train_2569.jpg,720,960,0.6912,0.75,0.6605,0.2231,113.6777,0.1579,0.6953
train_2570.jpg,960,720,0.6912,1.3333,0.6199,0.2755,42.739,0.2563,0.6705
train_2572.jpg,720,960,0.6912,0.75,0.4828,0.2191,41.0648,0.2151,0.5311
train_2573.jpg,720,960,0.6912,0.75,0.2738,0.1108,9.7259,0.5657,0.4212
train_2574.jpg,960,720,0.6912,1.3333,0.4017,0.2407,225.0455,0.2718,0.4849
train_2575.jpg,720,960,0.6912,0.75,0.376,0.193,330.2668,0.3204,0.4769
train_2576.jpg,960,720,0.6912,1.3333,0.537,0.2309,249.9967,0.1897,0.6037
train_2577.jpg,720,1280,0.9216,0.5625,0.4796,0.2645,354.3486,0.1291,0.5115
train_2579.jpg,720,1279,0.9209,0.5629,0.4868,0.2073,83.483,0.1676,0.5267
train_2580.jpg,720,960,0.6912,0.75,0.4793,0.2563,156.2128,0.3092,0.5333
train_2581.jpg,720,960,0.6912,0.75,0.5929,0.1472,32.6953,0.1521,0.6262
train_2582.jpg,720,960,0.6912,0.75,0.5312,0.2035,207.9194,0.3625,0.6963
train_2583.jpg,960,720,0.6912,1.3333,0.2459,0.1782,259.135,0.4395,0.3481
train_2584.jpg,720,960,0.6912,0.75,0.4105,0.1953,20.4501,0.2601,0.4708
train_2585.jpg,720,960,0.6912,0.75,0.5001,0.2245,15.9765,0.2884,0.5762
train_2586.jpg,720,960,0.6912,0.75,0.4133,0.2326,213.2835,0.2192,0.4718
train_2588.jpg,720,720,0.5184,1.0,0.7614,0.1518,82.538,0.0686,0.7773
train_2589.jpg,959,720,0.6905,1.3319,0.4368,0.2128,19.7353,0.1312,0.4619
train_2590.jpg,1273,720,0.9166,1.7681,0.6079,0.1764,34.8969,0.1799,0.6605
train_2591.jpg,720,1280,0.9216,0.5625,0.4941,0.2644,345.3508,0.2819,0.5647
train_2592.jpg,720,753,0.5422,0.9562,0.4764,0.1685,24.5826,0.2928,0.5493
train_2594.jpg,720,960,0.6912,0.75,0.5595,0.1879,11.2498,0.196,0.6199
train_2595.jpg,1146,720,0.8251,1.5917,0.3427,0.2507,206.024,0.2111,0.3798
train_2596.jpg,720,960,0.6912,0.75,0.3643,0.2261,200.7431,0.2882,0.4081
train_2597.jpg,720,960,0.6912,0.75,0.4427,0.1144,72.0969,0.532,0.4943
train_2599.jpg,720,960,0.6912,0.75,0.4533,0.2489,97.7936,0.3143,0.5026
train_2600.jpg,720,960,0.6912,0.75,0.5372,0.1715,39.6734,0.202,0.5718
train_2601.jpg,720,960,0.6912,0.75,0.4025,0.1946,23.3885,0.1495,0.4362
train_2602.jpg,720,1280,0.9216,0.5625,0.4942,0.3039,224.6266,0.0854,0.511
train_2604.jpg,720,1279,0.9209,0.5629,0.4628,0.1756,330.2607,0.1247,0.4989
train_2605.jpg,720,960,0.6912,0.75,0.4897,0.2414,235.9214,0.2041,0.5563
train_2606.jpg,720,960,0.6912,0.75,0.4489,0.2535,245.2482,0.3154,0.5318
train_2607.jpg,720,960,0.6912,0.75,0.6151,0.2671,265.1112,0.1098,0.6428
train_2608.jpg,960,720,0.6912,1.3333,0.5625,0.2037,346.8133,0.1921,0.6135
train_2609.jpg,720,960,0.6912,0.75,0.4764,0.198,50.377,0.1343,0.5028
train_2610.jpg,720,960,0.6912,0.75,0.5906,0.2177,31.3809,0.151,0.6326
train_2611.jpg,720,1127,0.8114,0.6389,0.3023,0.1716,238.417,0.2282,0.3453
train_2612.jpg,720,960,0.6912,0.75,0.5375,0.204,214.7082,0.1891,0.5968
train_2613.jpg,720,1279,0.9209,0.5629,0.4884,0.1781,189.9939,0.1167,0.5155
train_2614.jpg,720,960,0.6912,0.75,0.3207,0.2116,47.997,0.2601,0.3468
train_2615.jpg,960,720,0.6912,1.3333,0.61,0.1943,67.7152,0.1871,0.6386
train_2616.jpg,720,960,0.6912,0.75,0.4051,0.2101,112.39,0.1871,0.4416
train_2617.jpg,720,960,0.6912,0.75,0.4734,0.1859,20.9055,0.4498,0.6162
train_2618.jpg,720,960,0.6912,0.75,0.558,0.186,19.3738,0.2494,0.635
train_2619.jpg,960,720,0.6912,1.3333,0.5588,0.1952,42.3607,0.2923,0.6117
train_2620.jpg,720,960,0.6912,0.75,0.5091,0.1889,23.8331,0.2701,0.5749
train_2621.jpg,720,960,0.6912,0.75,0.465,0.2562,41.7062,0.351,0.5458
train_2622.jpg,960,720,0.6912,1.3333,0.5073,0.2295,203.757,0.1082,0.5305
train_2623.jpg,720,960,0.6912,0.75,0.461,0.3103,157.3148,0.2434,0.5114
train_2624.jpg,720,960,0.6912,0.75,0.4814,0.2428,35.1851,0.1372,0.5068
train_2625.jpg,720,960,0.6912,0.75,0.4228,0.1483,36.1806,0.1848,0.4509
train_2626.jpg,720,720,0.5184,1.0,0.6438,0.2041,27.8434,0.4362,0.7782
train_2627.jpg,960,720,0.6912,1.3333,0.3901,0.1441,18.9247,0.2312,0.4489
train_2628.jpg,960,720,0.6912,1.3333,0.3689,0.1708,290.4892,0.2684,0.4491
train_2629.jpg,960,720,0.6912,1.3333,0.5548,0.2608,35.6915,0.1362,0.5823
train_2630.jpg,720,720,0.5184,1.0,0.5947,0.1965,34.2122,0.0809,0.6105
train_2631.jpg,720,960,0.6912,0.75,0.387,0.2419,29.8205,0.296,0.4414
train_2632.jpg,960,720,0.6912,1.3333,0.4992,0.2116,35.5499,0.1204,0.5231
train_2634.jpg,720,960,0.6912,0.75,0.3631,0.1974,10.464,0.1678,0.3951
train_2635.jpg,720,960,0.6912,0.75,0.4116,0.2285,20.1333,0.319,0.4772
train_2636.jpg,720,959,0.6905,0.7508,0.3848,0.2283,46.5233,0.252,0.4242
train_2637.jpg,720,960,0.6912,0.75,0.4678,0.1988,174.2325,0.2014,0.5309
train_2638.jpg,720,960,0.6912,0.75,0.3364,0.1792,12.354,0.2335,0.3909
train_2639.jpg,720,960,0.6912,0.75,0.5144,0.2009,153.6143,0.1495,0.5633
train_2640.jpg,720,960,0.6912,0.75,0.567,0.2315,39.7498,0.1913,0.6089
train_2641.jpg,720,960,0.6912,0.75,0.4587,0.1804,52.2781,0.109,0.4791
train_2642.jpg,720,804,0.5789,0.8955,0.5024,0.2464,110.0139,0.1686,0.5396
train_2643.jpg,720,960,0.6912,0.75,0.4989,0.2455,12.3544,0.2155,0.5411
train_2644.jpg,720,960,0.6912,0.75,0.6158,0.2703,317.5948,0.1395,0.6521
train_2645.jpg,720,1202,0.8654,0.599,0.4339,0.2235,357.6394,0.2827,0.509
train_2646.jpg,720,960,0.6912,0.75,0.5555,0.2257,38.8351,0.2627,0.5967
train_2647.jpg,720,960,0.6912,0.75,0.311,0.2044,306.975,0.3276,0.3885
train_2648.jpg,720,960,0.6912,0.75,0.2364,0.2024,56.6579,0.2755,0.2658
train_2649.jpg,720,960,0.6912,0.75,0.5094,0.1778,38.9494,0.1942,0.5436
train_2650.jpg,720,960,0.6912,0.75,0.3283,0.2114,276.0713,0.176,0.3628
train_2652.jpg,960,720,0.6912,1.3333,0.5135,0.2089,21.6631,0.2527,0.5921
train_2653.jpg,720,1080,0.7776,0.6667,0.2592,0.188,345.3676,0.2993,0.3038
train_2654.jpg,720,960,0.6912,0.75,0.5003,0.3099,14.4713,0.259,0.5881
train_2655.jpg,720,960,0.6912,0.75,0.4682,0.1761,200.2808,0.1279,0.5024
train_2656.jpg,720,1076,0.7747,0.6691,0.4387,0.2029,39.3355,0.3108,0.4978
train_2657.jpg,960,720,0.6912,1.3333,0.5211,0.2433,275.8588,0.121,0.549
train_2658.jpg,720,960,0.6912,0.75,0.6014,0.2452,154.8395,0.1281,0.6294
train_2659.jpg,720,1280,0.9216,0.5625,0.5509,0.1945,349.5267,0.1312,0.592
train_2660.jpg,720,960,0.6912,0.75,0.5234,0.1565,243.6509,0.0609,0.5386
train_2661.jpg,960,720,0.6912,1.3333,0.4671,0.2004,24.4209,0.1426,0.4925
train_2662.jpg,720,960,0.6912,0.75,0.5103,0.2336,17.686,0.2436,0.5711
train_2663.jpg,720,960,0.6912,0.75,0.5186,0.1974,25.9063,0.2131,0.5668
train_2664.jpg,720,960,0.6912,0.75,0.616,0.2207,36.1129,0.1637,0.6562
train_2665.jpg,720,1280,0.9216,0.5625,0.4545,0.2638,27.8737,0.4159,0.5391
train_2666.jpg,720,960,0.6912,0.75,0.5412,0.2226,78.7115,0.0635,0.5545
train_2667.jpg,1280,720,0.9216,1.7778,0.5639,0.2453,223.1674,0.143,0.5978
train_2668.jpg,720,960,0.6912,0.75,0.3619,0.2118,302.2108,0.1446,0.3929
train_2669.jpg,720,960,0.6912,0.75,0.4294,0.2714,61.3832,0.1547,0.4567
train_2670.jpg,960,720,0.6912,1.3333,0.4829,0.2309,212.0015,0.3641,0.5737
train_2671.jpg,720,960,0.6912,0.75,0.4611,0.2299,323.1229,0.1848,0.5131
train_2672.jpg,960,720,0.6912,1.3333,0.4143,0.2768,203.625,0.1642,0.4506
train_2673.jpg,960,720,0.6912,1.3333,0.5386,0.2731,20.9123,0.0453,0.5478
train_2674.jpg,720,960,0.6912,0.75,0.5076,0.1751,27.4585,0.2876,0.5815
train_2675.jpg,977,720,0.7034,1.3569,0.5038,0.2303,30.6204,0.2972,0.5639
train_2677.jpg,720,960,0.6912,0.75,0.409,0.1854,288.2145,0.1286,0.4353
train_2678.jpg,720,960,0.6912,0.75,0.6548,0.1748,3.8204,0.0774,0.6729
train_2679.jpg,720,960,0.6912,0.75,0.4671,0.1863,50.0474,0.146,0.4964
train_2680.jpg,720,960,0.6912,0.75,0.603,0.1294,16.9099,0.1317,0.6431
train_2681.jpg,720,960,0.6912,0.75,0.4842,0.1933,50.6884,0.2548,0.5571
train_2682.jpg,960,720,0.6912,1.3333,0.4683,0.2008,205.5222,0.1829,0.5146
train_2683.jpg,720,960,0.6912,0.75,0.4478,0.1777,177.224,0.3837,0.5366
train_2684.jpg,720,960,0.6912,0.75,0.4147,0.1061,135.9492,0.2414,0.4548
train_2685.jpg,720,1280,0.9216,0.5625,0.4748,0.2233,359.3777,0.3322,0.5747
train_2686.jpg,859,720,0.6185,1.1931,0.5348,0.1932,193.1586,0.4845,0.7214
train_2687.jpg,1080,720,0.7776,1.5,0.385,0.1707,82.4472,0.208,0.4136
train_2688.jpg,720,720,0.5184,1.0,0.5069,0.2108,176.1683,0.3197,0.5984
train_2689.jpg,720,720,0.5184,1.0,0.358,0.2106,189.6438,0.1057,0.377
train_2690.jpg,720,960,0.6912,0.75,0.5233,0.2576,2.9766,0.1074,0.5366
train_2691.jpg,960,720,0.6912,1.3333,0.6091,0.2066,27.3749,0.2628,0.6833
train_2692.jpg,720,960,0.6912,0.75,0.3748,0.2084,3.1487,0.2201,0.4152
train_2693.jpg,720,960,0.6912,0.75,0.4298,0.2118,250.6527,0.0987,0.4516
train_2694.jpg,720,960,0.6912,0.75,0.4805,0.1886,27.2787,0.2643,0.54
train_2695.jpg,720,960,0.6912,0.75,0.6473,0.1936,60.1595,0.3365,0.7021
train_2696.jpg,720,960,0.6912,0.75,0.5595,0.2286,177.0392,0.1706,0.6087
train_2697.jpg,720,960,0.6912,0.75,0.4828,0.2273,229.2037,0.1688,0.5198
train_2698.jpg,720,960,0.6912,0.75,0.4783,0.1911,71.2507,0.1824,0.5194
train_2699.jpg,720,843,0.607,0.8541,0.4182,0.2266,8.6822,0.1917,0.4598
train_2700.jpg,720,960,0.6912,0.75,0.524,0.2359,123.9849,0.1442,0.552
train_2701.jpg,720,960,0.6912,0.75,0.4204,0.2208,202.6558,0.34,0.5102
train_2702.jpg,720,960,0.6912,0.75,0.5983,0.1925,27.7741,0.2032,0.6421
train_2703.jpg,720,864,0.6221,0.8333,0.467,0.2553,263.1168,0.2253,0.5335
train_2704.jpg,720,809,0.5825,0.89,0.3683,0.2374,353.0924,0.1086,0.3885
train_2705.jpg,720,960,0.6912,0.75,0.6624,0.1858,190.0559,0.1047,0.6901
train_2706.jpg,720,867,0.6242,0.8304,0.5192,0.1198,43.6999,0.0643,0.5296
train_2707.jpg,720,960,0.6912,0.75,0.446,0.2392,65.5488,0.1732,0.4751
train_2708.jpg,720,959,0.6905,0.7508,0.4198,0.2579,38.6451,0.1224,0.4331
train_2709.jpg,720,960,0.6912,0.75,0.4635,0.2471,150.856,0.3044,0.5355
train_2710.jpg,720,960,0.6912,0.75,0.4858,0.2191,180.5725,0.1749,0.5216
train_2711.jpg,1080,720,0.7776,1.5,0.124,0.2228,133.2641,0.1938,0.1576
train_2713.jpg,720,1279,0.9209,0.5629,0.6045,0.2178,33.8434,0.1377,0.6432
train_2714.jpg,720,960,0.6912,0.75,0.4721,0.2185,101.0345,0.2313,0.5229
train_2715.jpg,720,960,0.6912,0.75,0.4219,0.2596,16.6291,0.2336,0.4706
train_2716.jpg,960,720,0.6912,1.3333,0.5187,0.2238,9.189,0.1842,0.5638
train_2717.jpg,720,960,0.6912,0.75,0.5791,0.2818,352.2104,0.1063,0.616
train_2718.jpg,720,960,0.6912,0.75,0.4468,0.1642,12.0368,0.2049,0.4981
train_2719.jpg,720,960,0.6912,0.75,0.4201,0.1531,45.8732,0.1637,0.4414
train_2720.jpg,960,720,0.6912,1.3333,0.4133,0.281,41.4046,0.4232,0.4808
train_2721.jpg,720,960,0.6912,0.75,0.5588,0.2739,45.4643,0.2071,0.602
train_2722.jpg,720,960,0.6912,0.75,0.7257,0.1867,188.348,0.1179,0.7655
train_2723.jpg,720,960,0.6912,0.75,0.6262,0.2084,26.9266,0.1719,0.669
train_2724.jpg,720,960,0.6912,0.75,0.1757,0.1974,254.5029,0.3099,0.2027
train_2725.jpg,720,960,0.6912,0.75,0.4638,0.2521,18.5066,0.163,0.4947
train_2727.jpg,720,960,0.6912,0.75,0.2747,0.2245,284.0151,0.2574,0.3001
train_2728.jpg,720,960,0.6912,0.75,0.3978,0.1814,24.2467,0.403,0.4809
train_2729.jpg,960,720,0.6912,1.3333,0.4717,0.1836,28.443,0.1033,0.4934
train_2730.jpg,720,960,0.6912,0.75,0.4819,0.1379,11.2212,0.3084,0.5822
train_2731.jpg,720,960,0.6912,0.75,0.6025,0.1756,159.839,0.1108,0.6177
train_2732.jpg,720,960,0.6912,0.75,0.4702,0.2092,20.564,0.2982,0.5449
train_2733.jpg,720,960,0.6912,0.75,0.4506,0.309,348.103,0.1821,0.4806
train_2734.jpg,720,960,0.6912,0.75,0.49,0.2367,111.9756,0.1915,0.5389
train_2735.jpg,720,1280,0.9216,0.5625,0.4649,0.2146,42.5481,0.3189,0.5339
train_2736.jpg,720,960,0.6912,0.75,0.5211,0.2045,30.6641,0.2844,0.5813
train_2737.jpg,720,960,0.6912,0.75,0.1686,0.1119,260.1755,0.5454,0.3257
train_2739.jpg,720,960,0.6912,0.75,0.4926,0.2726,129.1262,0.1771,0.5265
train_2740.jpg,720,960,0.6912,0.75,0.4857,0.2381,11.7291,0.1377,0.5309
train_2741.jpg,720,960,0.6912,0.75,0.5118,0.1825,29.4769,0.3166,0.5778
train_2742.jpg,720,960,0.6912,0.75,0.5219,0.22,47.3361,0.1587,0.549
train_2743.jpg,720,960,0.6912,0.75,0.4676,0.21,177.8973,0.2577,0.528
train_2744.jpg,720,864,0.6221,0.8333,0.4514,0.2385,46.0796,0.1936,0.4844
train_2745.jpg,960,720,0.6912,1.3333,0.5089,0.2177,24.2027,0.257,0.5838
train_2746.jpg,720,960,0.6912,0.75,0.4655,0.1391,23.8952,0.094,0.4855
train_2747.jpg,720,960,0.6912,0.75,0.5266,0.1853,113.7267,0.1228,0.5561
train_2748.jpg,847,720,0.6098,1.1764,0.4635,0.2647,282.5283,0.2791,0.5359
train_2749.jpg,720,960,0.6912,0.75,0.503,0.1976,28.8454,0.2138,0.5714
train_2750.jpg,720,960,0.6912,0.75,0.5941,0.2083,39.8134,0.103,0.6154
train_2751.jpg,720,960,0.6912,0.75,0.3972,0.1983,24.082,0.1351,0.4227
train_2752.jpg,720,960,0.6912,0.75,0.3768,0.2202,20.8767,0.1642,0.4024
train_2754.jpg,960,720,0.6912,1.3333,0.4563,0.1733,219.8696,0.103,0.4876
train_2755.jpg,960,720,0.6912,1.3333,0.3891,0.265,16.6485,0.3386,0.4485
train_2756.jpg,720,960,0.6912,0.75,0.3547,0.2365,69.4506,0.2544,0.3972
train_2757.jpg,720,960,0.6912,0.75,0.5475,0.2057,21.4258,0.128,0.5807
train_2758.jpg,720,960,0.6912,0.75,0.5548,0.2167,37.8719,0.1845,0.5991
train_2759.jpg,720,960,0.6912,0.75,0.3272,0.2078,32.7303,0.3467,0.3804
train_2760.jpg,720,960,0.6912,0.75,0.5212,0.1876,33.4373,0.3883,0.6131
train_2762.jpg,720,960,0.6912,0.75,0.2019,0.239,222.4094,0.5217,0.264
train_2763.jpg,720,960,0.6912,0.75,0.5255,0.2151,57.1231,0.475,0.6228
train_2764.jpg,720,960,0.6912,0.75,0.5131,0.2577,278.476,0.1215,0.539
train_2765.jpg,720,755,0.5436,0.9536,0.4762,0.2302,345.1473,0.1516,0.5152
train_2766.jpg,720,960,0.6912,0.75,0.4438,0.16,26.7,0.2998,0.5247
train_2767.jpg,720,960,0.6912,0.75,0.4084,0.2047,22.6123,0.3607,0.4762
train_2768.jpg,720,960,0.6912,0.75,0.3063,0.1194,21.8264,0.5724,0.4194
train_2769.jpg,960,720,0.6912,1.3333,0.4251,0.1814,179.0258,0.1864,0.4707
train_2770.jpg,720,960,0.6912,0.75,0.5067,0.2315,205.2142,0.222,0.5652
train_2771.jpg,720,1559,1.1225,0.4618,0.3669,0.1927,17.2476,0.3907,0.4536
train_2772.jpg,720,720,0.5184,1.0,0.4601,0.1673,115.13,0.1532,0.4841
train_2773.jpg,720,960,0.6912,0.75,0.473,0.2472,254.1089,0.2482,0.5465
train_2774.jpg,720,960,0.6912,0.75,0.2404,0.1537,345.7165,0.5435,0.3974
train_2776.jpg,960,720,0.6912,1.3333,0.3959,0.1181,198.4962,0.773,0.6418
train_2777.jpg,720,960,0.6912,0.75,0.5653,0.1671,91.5885,0.0649,0.5783
train_2778.jpg,720,960,0.6912,0.75,0.4556,0.2351,31.3717,0.327,0.5189
train_2781.jpg,720,960,0.6912,0.75,0.4688,0.1853,104.9515,0.2277,0.5113
train_2782.jpg,720,960,0.6912,0.75,0.3986,0.2332,33.1267,0.3017,0.4524
train_2783.jpg,960,720,0.6912,1.3333,0.4496,0.2566,185.5288,0.2905,0.5139
train_2784.jpg,720,960,0.6912,0.75,0.3093,0.1961,45.1346,0.2522,0.3478
train_2785.jpg,720,960,0.6912,0.75,0.4912,0.1988,32.5076,0.1801,0.5411
train_2786.jpg,720,960,0.6912,0.75,0.4704,0.2324,197.9787,0.2357,0.5638
train_2787.jpg,960,720,0.6912,1.3333,0.4506,0.2689,21.8397,0.4581,0.5684
train_2788.jpg,1542,720,1.1102,2.1417,0.4681,0.2362,218.1308,0.0527,0.4795
train_2789.jpg,720,960,0.6912,0.75,0.5575,0.1787,21.172,0.3038,0.6357
train_2790.jpg,720,1280,0.9216,0.5625,0.6144,0.1889,20.197,0.2233,0.6801
train_2791.jpg,720,960,0.6912,0.75,0.5698,0.302,197.9577,0.1619,0.6107
train_2792.jpg,720,960,0.6912,0.75,0.5187,0.27,45.1701,0.1531,0.5374
train_2793.jpg,720,960,0.6912,0.75,0.4537,0.1631,39.1474,0.1729,0.4853
train_2794.jpg,720,1873,1.3486,0.3844,0.3914,0.1778,5.3963,0.2877,0.4557
train_2795.jpg,720,960,0.6912,0.75,0.5099,0.2446,335.6493,0.2004,0.5646
train_2796.jpg,720,720,0.5184,1.0,0.4575,0.248,31.0419,0.2767,0.5107
train_2797.jpg,960,720,0.6912,1.3333,0.3588,0.2764,348.4725,0.3173,0.4121
train_2798.jpg,720,960,0.6912,0.75,0.4281,0.1685,208.5392,0.2192,0.4847
train_2799.jpg,720,960,0.6912,0.75,0.5462,0.2209,52.8466,0.2232,0.589
train_2800.jpg,720,1279,0.9209,0.5629,0.4646,0.1838,83.5476,0.2462,0.5203
train_2801.jpg,720,810,0.5832,0.8889,0.2534,0.2048,26.846,0.3915,0.3088
train_2802.jpg,720,959,0.6905,0.7508,0.6242,0.2264,236.5083,0.1494,0.6718
train_2804.jpg,720,960,0.6912,0.75,0.3112,0.2015,96.9207,0.4039,0.4673
train_2805.jpg,720,1560,1.1232,0.4615,0.3009,0.2998,21.0192,0.2187,0.3447
train_2806.jpg,720,1560,1.1232,0.4615,0.5429,0.2351,20.5014,0.1963,0.5892
train_2807.jpg,720,960,0.6912,0.75,0.6066,0.2106,29.0331,0.181,0.6424
train_2808.jpg,720,1279,0.9209,0.5629,0.6114,0.219,211.3143,0.2088,0.6976
train_2809.jpg,720,960,0.6912,0.75,0.4932,0.239,30.2578,0.5026,0.606
train_2812.jpg,720,960,0.6912,0.75,0.6229,0.14,25.8158,0.108,0.6491
train_2813.jpg,960,720,0.6912,1.3333,0.5608,0.1738,65.1287,0.0878,0.5829
train_2814.jpg,960,720,0.6912,1.3333,0.2393,0.2069,147.5513,0.1866,0.2565
train_2815.jpg,960,720,0.6912,1.3333,0.4373,0.2138,12.5671,0.2768,0.5282
train_2816.jpg,720,960,0.6912,0.75,0.5031,0.1427,284.7271,0.3481,0.6523
train_2817.jpg,720,960,0.6912,0.75,0.4681,0.2619,38.3273,0.318,0.5353
train_2818.jpg,720,960,0.6912,0.75,0.5633,0.1697,199.1722,0.0804,0.5814
train_2819.jpg,720,960,0.6912,0.75,0.4072,0.2122,26.3521,0.2741,0.4668
train_2820.jpg,720,960,0.6912,0.75,0.4881,0.2371,181.6823,0.1544,0.5184
train_2821.jpg,720,960,0.6912,0.75,0.61,0.1686,30.7778,0.1408,0.6441
train_2822.jpg,720,960,0.6912,0.75,0.5974,0.167,217.2986,0.1672,0.6684
train_2823.jpg,1279,720,0.9209,1.7764,0.43,0.2088,214.385,0.4084,0.5502
train_2824.jpg,720,960,0.6912,0.75,0.5249,0.1789,199.5575,0.286,0.6256
train_2825.jpg,720,960,0.6912,0.75,0.6375,0.1503,32.688,0.0832,0.6544
train_2826.jpg,960,720,0.6912,1.3333,0.5273,0.2585,200.386,0.2506,0.5918
train_2827.jpg,960,720,0.6912,1.3333,0.3767,0.1899,202.536,0.1919,0.4152
train_2828.jpg,960,720,0.6912,1.3333,0.4563,0.1985,312.3943,0.2392,0.5407
train_2829.jpg,720,960,0.6912,0.75,0.5745,0.2804,289.8196,0.0983,0.6025
train_2830.jpg,720,960,0.6912,0.75,0.5512,0.2037,178.4158,0.1559,0.5905
train_2831.jpg,1292,720,0.9302,1.7944,0.3753,0.2796,221.6772,0.2198,0.4093
train_2832.jpg,720,960,0.6912,0.75,0.565,0.1828,34.951,0.3352,0.6378
train_2833.jpg,960,720,0.6912,1.3333,0.3145,0.2223,244.7552,0.2921,0.3767
train_2834.jpg,720,960,0.6912,0.75,0.4904,0.2088,39.7965,0.2619,0.5513
train_2835.jpg,720,960,0.6912,0.75,0.4188,0.1912,354.305,0.2526,0.4775
train_2836.jpg,720,960,0.6912,0.75,0.4949,0.1683,210.3893,0.1425,0.5364
train_2837.jpg,720,720,0.5184,1.0,0.514,0.2524,330.6353,0.0842,0.5294
train_2838.jpg,720,960,0.6912,0.75,0.5129,0.2061,70.4065,0.1982,0.5617
train_2839.jpg,720,1279,0.9209,0.5629,0.5148,0.2447,52.4025,0.4521,0.5913
train_2840.jpg,720,1280,0.9216,0.5625,0.4559,0.2345,28.7285,0.3007,0.51
train_2841.jpg,720,1558,1.1218,0.4621,0.4562,0.2238,230.9958,0.3851,0.6191
train_2842.jpg,720,960,0.6912,0.75,0.5688,0.1634,61.5827,0.35,0.6754
train_2843.jpg,720,960,0.6912,0.75,0.5911,0.1753,13.8344,0.0621,0.6041
train_2844.jpg,720,960,0.6912,0.75,0.5401,0.3031,33.2251,0.214,0.5909
train_2845.jpg,960,720,0.6912,1.3333,0.4027,0.2257,305.217,0.217,0.463
train_2846.jpg,720,960,0.6912,0.75,0.5567,0.2144,208.8921,0.1675,0.6133
train_2847.jpg,960,720,0.6912,1.3333,0.538,0.1539,1.8239,0.0794,0.5606
train_2848.jpg,720,960,0.6912,0.75,0.5434,0.1871,33.4465,0.2605,0.5975
train_2849.jpg,720,960,0.6912,0.75,0.6292,0.1936,39.7897,0.1421,0.6548
train_2850.jpg,720,960,0.6912,0.75,0.5614,0.2347,24.7144,0.2419,0.6305
train_2851.jpg,720,960,0.6912,0.75,0.567,0.2497,30.4301,0.1577,0.599
train_2852.jpg,720,960,0.6912,0.75,0.3666,0.1729,129.2088,0.3325,0.4179
train_2853.jpg,720,960,0.6912,0.75,0.2849,0.1782,250.4158,0.3977,0.4177
train_2854.jpg,720,960,0.6912,0.75,0.3522,0.152,27.7026,0.1201,0.3726
train_2855.jpg,720,960,0.6912,0.75,0.3799,0.1792,1.5744,0.1085,0.3998
train_2856.jpg,720,960,0.6912,0.75,0.5569,0.2178,82.09,0.2435,0.5952
train_2857.jpg,720,960,0.6912,0.75,0.5261,0.239,32.6597,0.2396,0.5804
train_2858.jpg,720,960,0.6912,0.75,0.4765,0.2271,43.6253,0.169,0.5065
train_2859.jpg,720,960,0.6912,0.75,0.2855,0.1578,268.6723,0.3002,0.4123
train_2861.jpg,720,960,0.6912,0.75,0.4159,0.2601,25.9837,0.2731,0.4672
train_2862.jpg,720,960,0.6912,0.75,0.4919,0.2952,119.484,0.172,0.5092
train_2863.jpg,1279,720,0.9209,1.7764,0.4429,0.1862,168.5819,0.2096,0.4755
train_2864.jpg,720,960,0.6912,0.75,0.4612,0.1686,265.0112,0.2511,0.5411
train_2865.jpg,720,960,0.6912,0.75,0.5262,0.233,57.9162,0.491,0.6006
train_2867.jpg,720,960,0.6912,0.75,0.5032,0.2464,34.3947,0.2753,0.5598
train_2868.jpg,720,960,0.6912,0.75,0.5121,0.179,47.9464,0.2391,0.5752
train_2869.jpg,1080,720,0.7776,1.5,0.4131,0.2073,192.167,0.385,0.5384
train_2870.jpg,720,960,0.6912,0.75,0.5452,0.2648,207.6586,0.1945,0.591
train_2871.jpg,1037,720,0.7466,1.4403,0.3462,0.2673,355.2651,0.3507,0.4204
train_2872.jpg,720,960,0.6912,0.75,0.6912,0.1131,59.3428,0.0427,0.698
train_2873.jpg,960,720,0.6912,1.3333,0.5231,0.2058,22.1383,0.1872,0.5673
train_2874.jpg,720,960,0.6912,0.75,0.5146,0.2157,32.0798,0.251,0.5732
train_2876.jpg,720,960,0.6912,0.75,0.5338,0.2469,32.5154,0.1533,0.5611
train_2877.jpg,720,960,0.6912,0.75,0.6349,0.0977,300.1349,0.0656,0.6639
train_2878.jpg,720,960,0.6912,0.75,0.4834,0.2493,43.137,0.1452,0.5074
train_2879.jpg,720,960,0.6912,0.75,0.4946,0.1774,225.5341,0.1669,0.5521
train_2880.jpg,960,720,0.6912,1.3333,0.4531,0.2468,203.4537,0.1907,0.5073
train_2881.jpg,720,960,0.6912,0.75,0.4043,0.2433,5.9971,0.3015,0.4898
train_2882.jpg,960,720,0.6912,1.3333,0.4269,0.2579,71.1808,0.3119,0.4596
train_2883.jpg,960,720,0.6912,1.3333,0.4867,0.2064,209.1442,0.238,0.5695
train_2884.jpg,720,960,0.6912,0.75,0.3326,0.216,245.118,0.1896,0.3576
train_2885.jpg,960,720,0.6912,1.3333,0.5819,0.2123,209.4057,0.1317,0.6297
train_2886.jpg,720,960,0.6912,0.75,0.3821,0.2474,239.8022,0.2536,0.4538
train_2888.jpg,960,720,0.6912,1.3333,0.4982,0.2042,28.5409,0.2208,0.5472
train_2890.jpg,960,720,0.6912,1.3333,0.4543,0.2711,279.4592,0.2107,0.499
train_2891.jpg,720,960,0.6912,0.75,0.5322,0.2299,203.7834,0.2089,0.5862
train_2892.jpg,720,960,0.6912,0.75,0.4281,0.1896,24.1376,0.3081,0.4908
train_2893.jpg,720,960,0.6912,0.75,0.4518,0.2027,49.1332,0.2606,0.4864
train_2894.jpg,720,960,0.6912,0.75,0.5511,0.2105,61.4162,0.2197,0.5915
train_2895.jpg,720,1280,0.9216,0.5625,0.3855,0.1907,216.514,0.3323,0.4906
train_2896.jpg,1279,720,0.9209,1.7764,0.5854,0.1795,11.6459,0.1297,0.6226
train_2897.jpg,720,960,0.6912,0.75,0.5116,0.2575,25.1125,0.1562,0.5458
train_2898.jpg,720,960,0.6912,0.75,0.6519,0.2452,47.2094,0.0795,0.6634
train_2899.jpg,960,720,0.6912,1.3333,0.5655,0.2243,151.6672,0.117,0.5972
train_2900.jpg,1320,720,0.9504,1.8333,0.5005,0.2187,40.3673,0.2124,0.5425
train_2901.jpg,720,960,0.6912,0.75,0.4995,0.2539,15.1755,0.2926,0.5738
train_2902.jpg,960,720,0.6912,1.3333,0.6112,0.126,193.9154,0.0698,0.6262
train_2905.jpg,960,720,0.6912,1.3333,0.4487,0.2735,30.3422,0.2539,0.5106
train_2906.jpg,960,720,0.6912,1.3333,0.5339,0.228,199.4601,0.2236,0.6001
train_2907.jpg,960,720,0.6912,1.3333,0.4663,0.2354,98.4754,0.2124,0.5131
train_2908.jpg,1080,720,0.7776,1.5,0.2709,0.1888,148.9168,0.1362,0.2908
train_2909.jpg,720,960,0.6912,0.75,0.4699,0.2675,160.7946,0.1744,0.5103
train_2910.jpg,720,960,0.6912,0.75,0.5999,0.2117,159.6595,0.1346,0.6382
train_2912.jpg,720,960,0.6912,0.75,0.6436,0.144,18.7916,0.0822,0.6636
train_2913.jpg,720,960,0.6912,0.75,0.4939,0.1503,32.1645,0.196,0.5318
train_2915.jpg,1559,720,1.1225,2.1653,0.5215,0.1926,27.7108,0.4305,0.6427
train_2916.jpg,960,720,0.6912,1.3333,0.4733,0.1924,135.9547,0.2057,0.5242
train_2917.jpg,720,960,0.6912,0.75,0.4737,0.259,138.7434,0.1328,0.4966
train_2918.jpg,720,960,0.6912,0.75,0.4962,0.2181,176.586,0.2558,0.5434
train_2919.jpg,960,720,0.6912,1.3333,0.5457,0.1319,45.0011,0.1224,0.5752
train_2921.jpg,720,1599,1.1513,0.4503,0.3942,0.1921,29.1952,0.396,0.4659
train_2922.jpg,720,960,0.6912,0.75,0.5287,0.3137,346.1576,0.2039,0.5888
train_2923.jpg,960,720,0.6912,1.3333,0.2762,0.1844,82.6265,0.2603,0.3053
train_2925.jpg,720,960,0.6912,0.75,0.4704,0.2033,36.1142,0.1965,0.5151
train_2926.jpg,720,960,0.6912,0.75,0.4352,0.1394,211.5895,0.0452,0.4477
train_2927.jpg,720,960,0.6912,0.75,0.4853,0.1989,27.6084,0.1863,0.5183
train_2928.jpg,720,960,0.6912,0.75,0.3887,0.1922,212.7666,0.2648,0.4591
train_2929.jpg,1084,720,0.7805,1.5056,0.3105,0.2307,44.612,0.2779,0.3451
train_2930.jpg,1279,720,0.9209,1.7764,0.4639,0.2076,199.1183,0.188,0.5094
train_2931.jpg,720,960,0.6912,0.75,0.5902,0.1695,34.9894,0.1231,0.6184
train_2932.jpg,960,720,0.6912,1.3333,0.4894,0.2578,208.9816,0.2355,0.547
train_2933.jpg,720,960,0.6912,0.75,0.3628,0.1762,11.3244,0.3839,0.4554
train_2934.jpg,720,960,0.6912,0.75,0.2782,0.2071,39.86,0.233,0.3006
train_2935.jpg,720,960,0.6912,0.75,0.4264,0.2106,29.6623,0.2974,0.5017
train_2936.jpg,720,960,0.6912,0.75,0.4886,0.2004,206.9989,0.1392,0.5259
train_2937.jpg,720,960,0.6912,0.75,0.6971,0.1658,22.9075,0.0839,0.7094
train_2938.jpg,720,960,0.6912,0.75,0.4178,0.2441,0.9876,0.2417,0.4771
train_2939.jpg,720,960,0.6912,0.75,0.5025,0.1824,218.8602,0.1429,0.544
train_2940.jpg,720,960,0.6912,0.75,0.4441,0.2045,32.0186,0.2628,0.5019
train_2941.jpg,720,960,0.6912,0.75,0.3791,0.1413,23.9568,0.1613,0.4081
train_2942.jpg,1080,720,0.7776,1.5,0.5457,0.237,220.4591,0.1531,0.5889
train_2943.jpg,720,960,0.6912,0.75,0.6288,0.1872,57.0165,0.1259,0.6465
train_2944.jpg,960,720,0.6912,1.3333,0.3903,0.2182,16.8815,0.2379,0.4352
train_2946.jpg,1280,720,0.9216,1.7778,0.3568,0.1823,181.2654,0.1942,0.3904
train_2947.jpg,960,720,0.6912,1.3333,0.3079,0.1598,325.9828,0.0989,0.3257
train_2948.jpg,720,960,0.6912,0.75,0.5518,0.1538,12.1001,0.1645,0.6066
train_2949.jpg,720,960,0.6912,0.75,0.4807,0.2597,200.1963,0.1273,0.5043
train_2950.jpg,720,960,0.6912,0.75,0.4742,0.2213,260.5286,0.134,0.5124
train_2951.jpg,960,720,0.6912,1.3333,0.49,0.2221,5.9248,0.3552,0.6073
train_2952.jpg,720,960,0.6912,0.75,0.4597,0.207,215.6098,0.3867,0.6127
train_2954.jpg,960,720,0.6912,1.3333,0.4943,0.2257,27.9222,0.1782,0.5339
train_2955.jpg,960,720,0.6912,1.3333,0.4168,0.2058,128.7123,0.1601,0.4437
train_2956.jpg,720,1279,0.9209,0.5629,0.4395,0.2534,204.3413,0.3527,0.5499
train_2957.jpg,720,960,0.6912,0.75,0.4408,0.2568,344.9275,0.3733,0.5342
train_2959.jpg,720,1278,0.9202,0.5634,0.4904,0.2288,220.2161,0.2909,0.5916
train_2960.jpg,720,1280,0.9216,0.5625,0.5676,0.2284,201.2616,0.1538,0.6014
train_2961.jpg,1280,720,0.9216,1.7778,0.618,0.211,205.7797,0.1258,0.6634
train_2962.jpg,720,960,0.6912,0.75,0.4952,0.206,221.7047,0.1691,0.5408
train_2963.jpg,720,960,0.6912,0.75,0.4751,0.2197,48.9289,0.1979,0.5028
train_2964.jpg,720,1280,0.9216,0.5625,0.342,0.2108,32.3447,0.3683,0.3926
train_2965.jpg,1080,720,0.7776,1.5,0.1894,0.1439,146.9673,0.1608,0.2063
train_2966.jpg,720,960,0.6912,0.75,0.6764,0.1266,251.7522,0.0616,0.6889
train_2967.jpg,720,960,0.6912,0.75,0.4896,0.2889,182.988,0.1891,0.5292
train_2968.jpg,720,960,0.6912,0.75,0.4617,0.2079,29.378,0.3413,0.5365
train_2970.jpg,720,960,0.6912,0.75,0.4418,0.1854,13.5477,0.1896,0.4895
train_2971.jpg,720,960,0.6912,0.75,0.466,0.2646,28.0775,0.4514,0.5463
train_2972.jpg,720,960,0.6912,0.75,0.3022,0.1709,42.9919,0.2334,0.3276
train_2973.jpg,720,960,0.6912,0.75,0.2481,0.1923,41.367,0.5144,0.2903
train_2974.jpg,720,960,0.6912,0.75,0.5137,0.2104,62.093,0.1595,0.5391
train_2976.jpg,720,1279,0.9209,0.5629,0.4848,0.1835,31.01,0.2516,0.5364
train_2977.jpg,720,960,0.6912,0.75,0.5018,0.2562,38.1768,0.2479,0.565
train_2978.jpg,720,960,0.6912,0.75,0.5367,0.1807,33.2978,0.4361,0.6341
train_2979.jpg,720,1279,0.9209,0.5629,0.5228,0.2744,5.7895,0.0845,0.546
train_2980.jpg,720,960,0.6912,0.75,0.328,0.2194,10.7236,0.2336,0.3774
train_2981.jpg,960,720,0.6912,1.3333,0.6839,0.1024,1.8476,0.0323,0.6938
train_2982.jpg,720,1280,0.9216,0.5625,0.5897,0.1554,7.2137,0.2421,0.6688
train_2983.jpg,720,1280,0.9216,0.5625,0.5449,0.2254,35.5887,0.1955,0.5903
train_2985.jpg,1320,720,0.9504,1.8333,0.4907,0.2609,31.0471,0.1785,0.5272
train_2986.jpg,720,960,0.6912,0.75,0.4318,0.1785,15.4704,0.3085,0.5219
train_2988.jpg,960,720,0.6912,1.3333,0.496,0.1351,28.7228,0.1572,0.5334
train_2989.jpg,720,960,0.6912,0.75,0.2496,0.187,12.1014,0.2549,0.2774
train_2990.jpg,720,960,0.6912,0.75,0.4266,0.2053,209.5227,0.3439,0.541
train_2991.jpg,720,893,0.643,0.8063,0.4818,0.2104,33.6774,0.3473,0.5688
train_2993.jpg,1599,720,1.1513,2.2208,0.4301,0.1727,21.2524,0.2499,0.4969
train_2994.jpg,720,960,0.6912,0.75,0.4482,0.2097,63.1358,0.4002,0.5186
train_2995.jpg,720,960,0.6912,0.75,0.5083,0.2224,25.9857,0.4677,0.6212
train_2996.jpg,720,960,0.6912,0.75,0.4463,0.2707,272.9026,0.1514,0.484
train_2997.jpg,720,960,0.6912,0.75,0.4629,0.2369,119.3994,0.2046,0.4899
train_2998.jpg,720,960,0.6912,0.75,0.7366,0.1652,229.1976,0.0114,0.7396
train_2999.jpg,1079,720,0.7769,1.4986,0.5747,0.2459,199.9453,0.2736,0.6728
train_3000.jpg,720,960,0.6912,0.75,0.5768,0.2843,158.8349,0.1096,0.602
train_3001.jpg,720,960,0.6912,0.75,0.4663,0.1988,215.5082,0.2689,0.5653
train_3002.jpg,720,960,0.6912,0.75,0.7112,0.1429,217.7946,0.0877,0.7401
train_3003.jpg,960,720,0.6912,1.3333,0.5962,0.259,90.02,0.1789,0.6211
train_3004.jpg,720,960,0.6912,0.75,0.5009,0.2398,238.8366,0.1773,0.5419
train_3005.jpg,720,960,0.6912,0.75,0.4969,0.2353,47.533,0.242,0.535
train_3006.jpg,720,960,0.6912,0.75,0.3514,0.2177,285.5682,0.3367,0.4636
train_3007.jpg,960,720,0.6912,1.3333,0.5006,0.2099,218.9516,0.1507,0.5427
train_3008.jpg,960,720,0.6912,1.3333,0.4644,0.2593,1.1113,0.3845,0.5924
train_3009.jpg,720,960,0.6912,0.75,0.4545,0.2956,43.5205,0.1362,0.4699
train_3010.jpg,720,960,0.6912,0.75,0.448,0.1803,146.2933,0.5978,0.5568
train_3011.jpg,960,720,0.6912,1.3333,0.4207,0.2332,22.448,0.2582,0.4817
train_3012.jpg,720,960,0.6912,0.75,0.4422,0.1804,6.344,0.1407,0.4755
train_3013.jpg,720,1282,0.923,0.5616,0.4546,0.202,13.5415,0.1767,0.4962
train_3014.jpg,720,960,0.6912,0.75,0.5835,0.1314,29.0206,0.0612,0.5939
train_3016.jpg,960,720,0.6912,1.3333,0.4592,0.1743,210.2234,0.1232,0.4948
train_3017.jpg,720,960,0.6912,0.75,0.4005,0.2287,262.8323,0.3057,0.4864
train_3018.jpg,720,960,0.6912,0.75,0.4745,0.2088,21.3703,0.2725,0.5514
train_3019.jpg,960,720,0.6912,1.3333,0.4607,0.2149,68.0432,0.2207,0.5012
train_3020.jpg,720,1280,0.9216,0.5625,0.5275,0.1852,45.2307,0.3287,0.5793
train_3021.jpg,960,720,0.6912,1.3333,0.456,0.2834,72.1472,0.2712,0.5072
train_3022.jpg,720,720,0.5184,1.0,0.5184,0.2324,19.2373,0.2776,0.5983
train_3023.jpg,960,720,0.6912,1.3333,0.4803,0.2866,304.5605,0.2094,0.5311
train_3025.jpg,720,960,0.6912,0.75,0.4527,0.2302,210.523,0.1997,0.5132
train_3026.jpg,960,720,0.6912,1.3333,0.4488,0.1503,227.0817,0.5909,0.7349
train_3027.jpg,720,960,0.6912,0.75,0.4342,0.2209,25.5548,0.4704,0.5314
train_3028.jpg,720,960,0.6912,0.75,0.4288,0.2467,34.508,0.5009,0.5165
train_3030.jpg,960,720,0.6912,1.3333,0.5657,0.2175,46.2153,0.3487,0.627
train_3031.jpg,960,720,0.6912,1.3333,0.5174,0.2154,23.9543,0.2142,0.5708
train_3032.jpg,720,960,0.6912,0.75,0.5505,0.2011,247.5114,0.3433,0.7265
train_3033.jpg,720,720,0.5184,1.0,0.5294,0.1798,12.2207,0.2494,0.6319
train_3034.jpg,720,960,0.6912,0.75,0.4826,0.2235,238.1756,0.1274,0.5112
train_3036.jpg,720,960,0.6912,0.75,0.5132,0.212,83.996,0.1534,0.5365
train_3037.jpg,960,720,0.6912,1.3333,0.4483,0.1879,36.4932,0.1709,0.4787
train_3038.jpg,720,1244,0.8957,0.5788,0.4117,0.2407,107.3003,0.2853,0.4474
train_3039.jpg,720,960,0.6912,0.75,0.4503,0.2462,61.9663,0.2101,0.4852
train_3040.jpg,720,960,0.6912,0.75,0.3533,0.2485,275.069,0.1807,0.377
train_3041.jpg,720,960,0.6912,0.75,0.4054,0.1969,68.2842,0.3387,0.4788
train_3042.jpg,960,720,0.6912,1.3333,0.5119,0.1931,201.414,0.1144,0.5356
train_3043.jpg,720,960,0.6912,0.75,0.4231,0.1305,26.5562,0.2563,0.4798
train_3044.jpg,720,960,0.6912,0.75,0.6368,0.2001,41.6996,0.1799,0.6723
train_3045.jpg,720,960,0.6912,0.75,0.3254,0.1986,32.2096,0.2522,0.3704
train_3047.jpg,720,960,0.6912,0.75,0.3537,0.181,24.96,0.2738,0.416
train_3048.jpg,720,960,0.6912,0.75,0.4643,0.2485,63.5726,0.2514,0.5105
train_3049.jpg,891,720,0.6415,1.2375,0.6024,0.2566,111.2696,0.2777,0.6679
train_3050.jpg,720,960,0.6912,0.75,0.4299,0.1976,23.5054,0.357,0.5123
train_3051.jpg,720,720,0.5184,1.0,0.5369,0.2394,356.9468,0.2589,0.6094
train_3053.jpg,720,960,0.6912,0.75,0.5521,0.3118,268.0328,0.1192,0.5775
train_3054.jpg,795,720,0.5724,1.1042,0.7139,0.1955,225.2462,0.1742,0.8026
train_3055.jpg,720,960,0.6912,0.75,0.5035,0.2245,23.512,0.2345,0.5542
train_3056.jpg,720,960,0.6912,0.75,0.4117,0.1837,47.7185,0.1541,0.4359
train_3057.jpg,720,960,0.6912,0.75,0.4172,0.2115,2.3165,0.2019,0.465
train_3058.jpg,960,720,0.6912,1.3333,0.5695,0.101,30.291,0.0496,0.5889
train_3059.jpg,720,1280,0.9216,0.5625,0.4584,0.279,20.8266,0.3695,0.5789
train_3062.jpg,720,960,0.6912,0.75,0.424,0.2299,30.5978,0.2168,0.4642
train_3063.jpg,720,960,0.6912,0.75,0.5203,0.2753,200.8574,0.2467,0.5932
train_3065.jpg,960,720,0.6912,1.3333,0.4662,0.191,191.6506,0.2307,0.518
train_3066.jpg,720,960,0.6912,0.75,0.4078,0.2185,10.7152,0.1802,0.4392
train_3067.jpg,720,1560,1.1232,0.4615,0.3636,0.1863,31.2034,0.5077,0.4409
train_3068.jpg,720,725,0.522,0.9931,0.3753,0.2265,53.7399,0.2324,0.4261
train_3069.jpg,960,720,0.6912,1.3333,0.4582,0.2429,233.5712,0.1257,0.4877
train_3070.jpg,720,960,0.6912,0.75,0.4796,0.22,28.5254,0.1562,0.5018
train_3071.jpg,720,960,0.6912,0.75,0.4686,0.2576,149.443,0.2,0.4961
train_3072.jpg,960,720,0.6912,1.3333,0.4054,0.2034,226.8045,0.2497,0.4993
train_3073.jpg,720,960,0.6912,0.75,0.5051,0.2367,24.0786,0.2033,0.5565
train_3074.jpg,720,960,0.6912,0.75,0.4666,0.2113,66.4101,0.2582,0.5141
train_3075.jpg,720,960,0.6912,0.75,0.4353,0.217,19.9158,0.518,0.5597
train_3076.jpg,720,1080,0.7776,0.6667,0.4262,0.2906,142.8146,0.1564,0.4423
train_3077.jpg,720,1280,0.9216,0.5625,0.534,0.2233,351.6496,0.408,0.6711
train_3079.jpg,720,960,0.6912,0.75,0.3561,0.2721,230.4319,0.4456,0.5039
train_3080.jpg,960,720,0.6912,1.3333,0.4874,0.1985,41.7922,0.2058,0.524
train_3083.jpg,720,960,0.6912,0.75,0.6768,0.116,44.3704,0.0198,0.6813
train_3084.jpg,720,960,0.6912,0.75,0.424,0.2342,28.3485,0.2905,0.486
train_3085.jpg,720,960,0.6912,0.75,0.5802,0.2799,151.6437,0.0425,0.5841
train_3086.jpg,1080,720,0.7776,1.5,0.7049,0.2696,20.5942,0.1103,0.7344
train_3088.jpg,720,720,0.5184,1.0,0.5177,0.2057,347.9576,0.1449,0.5582
train_3089.jpg,720,960,0.6912,0.75,0.5833,0.0801,36.6746,0.1096,0.6058
train_3090.jpg,720,932,0.671,0.7725,0.5836,0.2008,23.0781,0.3685,0.6877
train_3092.jpg,720,960,0.6912,0.75,0.4131,0.2022,28.4904,0.1952,0.4539
train_3093.jpg,720,960,0.6912,0.75,0.4924,0.2434,332.7162,0.2138,0.5672
train_3094.jpg,720,960,0.6912,0.75,0.3841,0.2322,13.7274,0.3965,0.5204
train_3095.jpg,1712,720,1.2326,2.3778,0.2912,0.1951,250.2889,0.3247,0.3526
train_3096.jpg,720,960,0.6912,0.75,0.6496,0.1761,200.048,0.0222,0.6551
train_3097.jpg,720,960,0.6912,0.75,0.5279,0.2151,311.7629,0.1111,0.5542
train_3098.jpg,720,960,0.6912,0.75,0.553,0.263,342.2536,0.2438,0.6234
train_3100.jpg,960,720,0.6912,1.3333,0.407,0.2082,173.3279,0.1286,0.4291
train_3101.jpg,720,960,0.6912,0.75,0.5103,0.3254,131.001,0.2315,0.5436
train_3102.jpg,720,1280,0.9216,0.5625,0.6338,0.2086,215.7488,0.0647,0.6456
train_3103.jpg,720,960,0.6912,0.75,0.4624,0.2647,3.3874,0.148,0.494
train_3104.jpg,720,1279,0.9209,0.5629,0.491,0.1903,27.1444,0.3756,0.5814
train_3105.jpg,720,960,0.6912,0.75,0.4183,0.2581,350.4913,0.1844,0.4473
train_3106.jpg,720,960,0.6912,0.75,0.4438,0.2275,54.2305,0.1786,0.4678
train_3107.jpg,720,960,0.6912,0.75,0.5492,0.2137,24.7467,0.2358,0.6147
train_3108.jpg,720,960,0.6912,0.75,0.4671,0.2306,15.9741,0.1337,0.5097
train_3109.jpg,720,960,0.6912,0.75,0.4538,0.0756,217.8798,0.0924,0.4792
train_3110.jpg,720,960,0.6912,0.75,0.4051,0.3239,230.9564,0.2566,0.4624
train_3111.jpg,960,720,0.6912,1.3333,0.441,0.2201,35.9019,0.1438,0.471
train_3112.jpg,960,720,0.6912,1.3333,0.338,0.2493,31.976,0.3417,0.3871
train_3113.jpg,720,960,0.6912,0.75,0.5685,0.2078,300.4598,0.0748,0.5872
train_3114.jpg,720,960,0.6912,0.75,0.5713,0.192,188.2213,0.0786,0.5901
train_3116.jpg,960,720,0.6912,1.3333,0.2855,0.1527,11.7739,0.3297,0.3403
train_3117.jpg,1280,720,0.9216,1.7778,0.4878,0.1863,116.6609,0.2443,0.545
train_3118.jpg,720,960,0.6912,0.75,0.5576,0.2256,30.302,0.2832,0.6227
train_3119.jpg,960,720,0.6912,1.3333,0.5074,0.1928,187.4822,0.1701,0.5533
train_3120.jpg,720,960,0.6912,0.75,0.4097,0.2676,219.2359,0.4022,0.5474
train_3122.jpg,720,1280,0.9216,0.5625,0.4443,0.2041,232.2069,0.2738,0.5372
train_3123.jpg,960,720,0.6912,1.3333,0.4409,0.2438,212.7059,0.2454,0.5056
train_3125.jpg,720,1280,0.9216,0.5625,0.3783,0.197,31.2442,0.5524,0.4931
train_3127.jpg,960,720,0.6912,1.3333,0.543,0.2257,83.8277,0.2206,0.5755
train_3129.jpg,960,720,0.6912,1.3333,0.4404,0.1598,340.6035,0.3311,0.5533
train_3130.jpg,720,960,0.6912,0.75,0.5077,0.1604,21.824,0.2621,0.5883
train_3131.jpg,720,960,0.6912,0.75,0.4555,0.2107,64.6884,0.1611,0.5001
train_3132.jpg,960,720,0.6912,1.3333,0.5391,0.2383,16.5166,0.3916,0.6791
train_3133.jpg,720,960,0.6912,0.75,0.502,0.2554,44.3339,0.2212,0.5354
train_3134.jpg,1080,720,0.7776,1.5,0.3679,0.2722,218.5771,0.1663,0.3979
train_3135.jpg,720,960,0.6912,0.75,0.4521,0.1621,33.1009,0.2722,0.5012
train_3136.jpg,720,960,0.6912,0.75,0.3283,0.2201,212.8972,0.3628,0.3887
train_3137.jpg,720,960,0.6912,0.75,0.7107,0.1569,39.5228,0.0855,0.7342
train_3138.jpg,720,960,0.6912,0.75,0.3371,0.254,59.8112,0.3089,0.39
train_3139.jpg,960,720,0.6912,1.3333,0.3454,0.2395,145.0356,0.2335,0.3714
train_3140.jpg,960,720,0.6912,1.3333,0.2489,0.2364,321.1652,0.3022,0.302
train_3141.jpg,960,720,0.6912,1.3333,0.5442,0.2555,8.2997,0.2118,0.5943
train_3142.jpg,720,720,0.5184,1.0,0.51,0.2127,24.3637,0.1985,0.5658
train_3143.jpg,960,720,0.6912,1.3333,0.3765,0.2159,24.9938,0.3389,0.4481
train_3145.jpg,720,960,0.6912,0.75,0.4722,0.23,18.0591,0.4682,0.6085
train_3146.jpg,720,960,0.6912,0.75,0.392,0.2347,67.1744,0.2669,0.428
train_3147.jpg,720,1561,1.1239,0.4612,0.9272,0.1652,220.7823,0.0648,0.9626
train_3148.jpg,720,960,0.6912,0.75,0.4584,0.1577,235.2272,0.4259,0.6981
train_3149.jpg,960,720,0.6912,1.3333,0.4524,0.2346,122.9855,0.2852,0.5177
train_3150.jpg,720,960,0.6912,0.75,0.4507,0.2375,198.6381,0.158,0.4837
train_3151.jpg,960,720,0.6912,1.3333,0.5765,0.2097,225.128,0.1524,0.6226
train_3152.jpg,1280,720,0.9216,1.7778,0.5308,0.192,33.2097,0.3372,0.5948
train_3153.jpg,720,960,0.6912,0.75,0.5307,0.2031,35.2175,0.1835,0.5643
train_3154.jpg,720,960,0.6912,0.75,0.5337,0.1574,32.0305,0.1883,0.5811
train_3155.jpg,720,960,0.6912,0.75,0.545,0.1859,26.3044,0.2015,0.5917
train_3157.jpg,720,960,0.6912,0.75,0.3992,0.2325,142.6814,0.1688,0.4223
train_3158.jpg,1079,720,0.7769,1.4986,0.4662,0.23,173.6146,0.1903,0.5003
train_3159.jpg,720,960,0.6912,0.75,0.42,0.293,17.512,0.3001,0.4695
train_3160.jpg,720,960,0.6912,0.75,0.3401,0.2811,227.0049,0.383,0.3954
train_3161.jpg,960,720,0.6912,1.3333,0.5618,0.1418,76.2078,0.1265,0.5946
train_3162.jpg,720,960,0.6912,0.75,0.4844,0.2027,24.0048,0.1667,0.5278
train_3163.jpg,960,720,0.6912,1.3333,0.3612,0.1737,44.5467,0.3673,0.4122
train_3164.jpg,720,960,0.6912,0.75,0.4799,0.2745,69.2209,0.1617,0.4906
train_3165.jpg,1446,720,1.0411,2.0083,0.5659,0.1828,57.3793,0.1998,0.6022
train_3166.jpg,960,720,0.6912,1.3333,0.3117,0.1702,33.1784,0.3257,0.3619
train_3168.jpg,720,960,0.6912,0.75,0.51,0.1819,26.7086,0.4087,0.6279
train_3169.jpg,720,960,0.6912,0.75,0.5228,0.2821,153.7872,0.1456,0.5599
train_3170.jpg,960,720,0.6912,1.3333,0.4865,0.2272,8.7128,0.18,0.5336
train_3171.jpg,720,960,0.6912,0.75,0.396,0.2502,154.3589,0.2373,0.4374
train_3173.jpg,720,960,0.6912,0.75,0.6003,0.1565,38.7897,0.1878,0.639
train_3174.jpg,960,720,0.6912,1.3333,0.5115,0.1681,195.7068,0.1538,0.5493
train_3175.jpg,960,720,0.6912,1.3333,0.4856,0.2088,30.4215,0.2682,0.5655
train_3176.jpg,720,960,0.6912,0.75,0.5109,0.178,43.2404,0.1192,0.5323
train_3177.jpg,1558,720,1.1218,2.1639,0.4337,0.1865,220.0701,0.1729,0.4836
train_3178.jpg,720,960,0.6912,0.75,0.4714,0.1295,350.9202,0.0771,0.4882
train_3179.jpg,720,960,0.6912,0.75,0.3945,0.2313,216.4209,0.4767,0.538
train_3180.jpg,720,1560,1.1232,0.4615,0.4407,0.3616,17.6576,0.0537,0.458
train_3181.jpg,960,720,0.6912,1.3333,0.4307,0.2202,24.741,0.2189,0.47
train_3182.jpg,720,960,0.6912,0.75,0.6452,0.1592,24.8389,0.076,0.6619
train_3183.jpg,720,960,0.6912,0.75,0.571,0.2501,222.8787,0.2138,0.6299
train_3184.jpg,720,960,0.6912,0.75,0.4308,0.2588,42.079,0.1862,0.4534
train_3185.jpg,720,960,0.6912,0.75,0.4785,0.2736,47.7386,0.2467,0.5205
train_3186.jpg,720,960,0.6912,0.75,0.5506,0.175,39.6302,0.2513,0.5942
train_3187.jpg,720,960,0.6912,0.75,0.5265,0.1929,216.2941,0.1724,0.5827
train_3188.jpg,720,960,0.6912,0.75,0.435,0.2513,282.6097,0.284,0.5045
train_3189.jpg,960,720,0.6912,1.3333,0.5849,0.1543,20.8574,0.0837,0.6053
train_3190.jpg,720,1280,0.9216,0.5625,0.438,0.2881,118.0933,0.121,0.4471
train_3191.jpg,960,720,0.6912,1.3333,0.226,0.1831,97.2846,0.403,0.2647
train_3192.jpg,720,960,0.6912,0.75,0.4008,0.2852,27.1279,0.1753,0.4166
train_3193.jpg,720,960,0.6912,0.75,0.5519,0.1699,30.7348,0.0556,0.5586
train_3194.jpg,720,960,0.6912,0.75,0.4785,0.2094,33.765,0.3145,0.5595
train_3195.jpg,720,960,0.6912,0.75,0.2683,0.2038,31.5564,0.2535,0.2948
train_3196.jpg,960,720,0.6912,1.3333,0.4746,0.2214,74.1001,0.3247,0.5451
train_3198.jpg,720,960,0.6912,0.75,0.3896,0.2067,32.7568,0.3826,0.4722
train_3199.jpg,720,960,0.6912,0.75,0.529,0.2493,25.622,0.2871,0.5833
train_3200.jpg,960,720,0.6912,1.3333,0.4847,0.2568,127.3852,0.2791,0.5256
train_3201.jpg,720,1280,0.9216,0.5625,0.4853,0.187,189.6797,0.2503,0.5487
train_3202.jpg,720,960,0.6912,0.75,0.4975,0.1902,8.4999,0.1133,0.5396
train_3203.jpg,960,720,0.6912,1.3333,0.5417,0.2122,209.4366,0.1689,0.5957
train_3204.jpg,720,960,0.6912,0.75,0.4118,0.3193,36.7994,0.1478,0.437
train_3205.jpg,720,1279,0.9209,0.5629,0.4385,0.2467,357.992,0.426,0.5981
train_3206.jpg,720,960,0.6912,0.75,0.5101,0.196,208.4843,0.1759,0.5547
train_3207.jpg,720,720,0.5184,1.0,0.5321,0.1356,22.019,0.2724,0.6058
train_3208.jpg,960,720,0.6912,1.3333,0.4779,0.2293,215.6673,0.1026,0.504
train_3209.jpg,720,960,0.6912,0.75,0.5099,0.2006,63.1495,0.12,0.5391
train_3211.jpg,960,720,0.6912,1.3333,0.4787,0.2049,152.0566,0.1704,0.5177
train_3212.jpg,720,960,0.6912,0.75,0.4426,0.2694,235.3836,0.1832,0.476
train_3213.jpg,960,720,0.6912,1.3333,0.6703,0.1217,35.4859,0.0497,0.684
train_3214.jpg,960,720,0.6912,1.3333,0.3348,0.1994,355.8609,0.3047,0.4015
train_3215.jpg,720,960,0.6912,0.75,0.5355,0.1832,185.5705,0.2228,0.5952
train_3216.jpg,720,960,0.6912,0.75,0.3465,0.2499,41.9699,0.4025,0.3894
train_3218.jpg,960,720,0.6912,1.3333,0.4581,0.2293,12.5005,0.1973,0.5089
train_3220.jpg,720,960,0.6912,0.75,0.5104,0.2743,215.5832,0.3083,0.6022
train_3222.jpg,720,960,0.6912,0.75,0.375,0.2342,12.9938,0.3557,0.4544
train_3224.jpg,720,960,0.6912,0.75,0.4203,0.2179,54.1017,0.1747,0.4483
train_3225.jpg,796,720,0.5731,1.1056,0.6113,0.266,235.4238,0.1137,0.6553
train_3226.jpg,720,960,0.6912,0.75,0.5179,0.215,41.1533,0.2362,0.572
train_3227.jpg,720,960,0.6912,0.75,0.604,0.2319,180.3471,0.2566,0.6692
train_3229.jpg,720,960,0.6912,0.75,0.4682,0.2606,18.5972,0.0687,0.4831
train_3230.jpg,960,720,0.6912,1.3333,0.5312,0.2305,39.0785,0.3606,0.6161
train_3231.jpg,720,960,0.6912,0.75,0.5159,0.2303,25.0722,0.1252,0.5412
train_3232.jpg,960,720,0.6912,1.3333,0.5227,0.2093,218.5496,0.1304,0.5612
train_3233.jpg,720,960,0.6912,0.75,0.4742,0.1729,198.3033,0.1557,0.5333
train_3234.jpg,720,960,0.6912,0.75,0.2563,0.1942,335.2627,0.5099,0.3531
train_3235.jpg,960,720,0.6912,1.3333,0.4717,0.1826,29.2534,0.4935,0.5873
train_3236.jpg,720,960,0.6912,0.75,0.4844,0.2153,23.3494,0.2627,0.5678
train_3238.jpg,960,720,0.6912,1.3333,0.167,0.1288,315.9951,0.1498,0.1739
train_3239.jpg,720,960,0.6912,0.75,0.4841,0.2477,26.7658,0.4329,0.5918
train_3240.jpg,720,945,0.6804,0.7619,0.4528,0.1695,37.0163,0.2386,0.4865
train_3241.jpg,1079,720,0.7769,1.4986,0.0988,0.1211,7.1339,0.9812,0.2169
train_3244.jpg,1319,720,0.9497,1.8319,0.4296,0.251,34.8214,0.2776,0.4864
train_3245.jpg,720,960,0.6912,0.75,0.4702,0.1487,237.6395,0.3686,0.6112
train_3246.jpg,720,960,0.6912,0.75,0.4662,0.2021,11.3983,0.2334,0.5268
train_3248.jpg,720,960,0.6912,0.75,0.6361,0.191,39.2315,0.1223,0.669
train_3249.jpg,720,960,0.6912,0.75,0.3954,0.1897,19.7377,0.4174,0.4845
train_3250.jpg,720,960,0.6912,0.75,0.5398,0.2825,173.483,0.1912,0.5776
train_3252.jpg,720,960,0.6912,0.75,0.2441,0.2143,41.7838,0.4476,0.299
train_3253.jpg,960,720,0.6912,1.3333,0.4823,0.2293,51.3037,0.1299,0.5037
train_3254.jpg,720,960,0.6912,0.75,0.4948,0.2714,9.9579,0.1919,0.5381
train_3255.jpg,720,960,0.6912,0.75,0.4607,0.1745,14.8597,0.1741,0.5004
train_3256.jpg,720,960,0.6912,0.75,0.4681,0.2337,14.9746,0.1334,0.5032
train_3259.jpg,960,720,0.6912,1.3333,0.5412,0.226,161.9319,0.2141,0.5898
train_3260.jpg,960,720,0.6912,1.3333,0.4341,0.263,232.4414,0.15,0.4693
train_3261.jpg,960,720,0.6912,1.3333,0.5947,0.1629,33.0403,0.2976,0.6692
train_3263.jpg,720,960,0.6912,0.75,0.5651,0.2356,57.3212,0.1866,0.5883
train_3264.jpg,720,960,0.6912,0.75,0.5053,0.189,32.6431,0.206,0.5437
train_3265.jpg,960,720,0.6912,1.3333,0.363,0.232,29.8308,0.1973,0.3909
train_3266.jpg,720,960,0.6912,0.75,0.4962,0.2042,29.5035,0.1174,0.5189
train_3267.jpg,720,960,0.6912,0.75,0.5567,0.2428,46.545,0.1358,0.5739
train_3268.jpg,960,720,0.6912,1.3333,0.3797,0.2743,83.6259,0.26,0.4112
train_3269.jpg,720,925,0.666,0.7784,0.4653,0.2597,211.9844,0.2468,0.5241
train_3270.jpg,720,960,0.6912,0.75,0.4824,0.2177,103.9317,0.1972,0.5203
train_3271.jpg,1320,720,0.9504,1.8333,0.4066,0.2587,30.7975,0.3795,0.4751
train_3272.jpg,720,960,0.6912,0.75,0.0921,0.1713,25.0291,0.396,0.1216
train_3273.jpg,960,720,0.6912,1.3333,0.48,0.1993,175.9012,0.2227,0.5359
train_3274.jpg,720,1280,0.9216,0.5625,0.6496,0.1818,48.442,0.0758,0.6687
train_3275.jpg,720,960,0.6912,0.75,0.4884,0.1886,28.2373,0.2868,0.5649
train_3276.jpg,720,720,0.5184,1.0,0.4267,0.2699,17.122,0.1715,0.4614
train_3277.jpg,720,960,0.6912,0.75,0.6076,0.2029,34.1836,0.0719,0.6205
train_3278.jpg,720,960,0.6912,0.75,0.4385,0.1985,75.7236,0.1707,0.4707
train_3280.jpg,720,960,0.6912,0.75,0.2424,0.17,75.1472,0.2589,0.2695
train_3281.jpg,720,960,0.6912,0.75,0.3307,0.174,11.2479,0.5541,0.4768
train_3282.jpg,960,720,0.6912,1.3333,0.5647,0.2049,73.7271,0.4537,0.6453
train_3284.jpg,720,960,0.6912,0.75,0.3278,0.2418,225.7989,0.1988,0.363
train_3285.jpg,720,960,0.6912,0.75,0.5528,0.2105,49.3485,0.1191,0.5814
train_3286.jpg,720,960,0.6912,0.75,0.4985,0.2467,37.5187,0.2024,0.5392
train_3287.jpg,720,1279,0.9209,0.5629,0.5016,0.1921,326.3936,0.2505,0.5734
train_3288.jpg,720,960,0.6912,0.75,0.4801,0.2139,69.4309,0.0826,0.4952
train_3289.jpg,720,720,0.5184,1.0,0.5644,0.1624,37.4024,0.2814,0.6381
train_3290.jpg,859,720,0.6185,1.1931,0.4706,0.2479,10.6735,0.2998,0.5413
train_3291.jpg,720,960,0.6912,0.75,0.3022,0.1524,29.0868,0.6468,0.4048
train_3292.jpg,927,720,0.6674,1.2875,0.4013,0.2463,10.4856,0.2936,0.4586
train_3293.jpg,720,960,0.6912,0.75,0.4504,0.1642,126.0978,0.2657,0.5017
train_3294.jpg,720,960,0.6912,0.75,0.5873,0.2403,36.869,0.1806,0.6192
train_3295.jpg,720,960,0.6912,0.75,0.4369,0.2057,43.1372,0.1911,0.4873
train_3297.jpg,960,720,0.6912,1.3333,0.5522,0.2577,137.8433,0.1576,0.5826
train_3298.jpg,720,959,0.6905,0.7508,0.5026,0.2339,217.8531,0.2756,0.5733
train_3299.jpg,960,720,0.6912,1.3333,0.4172,0.2634,33.8337,0.5,0.4881
train_3300.jpg,960,720,0.6912,1.3333,0.4387,0.2587,38.9642,0.1547,0.4668
train_3301.jpg,720,960,0.6912,0.75,0.447,0.1551,2.0413,0.1204,0.4817
train_3302.jpg,720,960,0.6912,0.75,0.4847,0.1964,30.0143,0.2918,0.5449
train_3303.jpg,1279,720,0.9209,1.7764,0.5765,0.2068,32.3693,0.0587,0.5879
train_3304.jpg,720,1280,0.9216,0.5625,0.5633,0.1672,213.6688,0.1789,0.632
train_3305.jpg,720,960,0.6912,0.75,0.4254,0.1961,92.2488,0.2831,0.4887
train_3306.jpg,720,1279,0.9209,0.5629,0.4764,0.2065,215.7439,0.2049,0.5417
train_3307.jpg,720,1279,0.9209,0.5629,0.5162,0.199,85.2121,0.254,0.5615
train_3308.jpg,960,720,0.6912,1.3333,0.4534,0.1991,29.2902,0.5522,0.5772
train_3309.jpg,720,960,0.6912,0.75,0.4791,0.2432,30.1428,0.3606,0.5458
train_3310.jpg,720,960,0.6912,0.75,0.651,0.1292,267.1018,0.0459,0.6619
train_3311.jpg,720,960,0.6912,0.75,0.4467,0.1575,37.6664,0.3183,0.502
train_3312.jpg,720,960,0.6912,0.75,0.4798,0.2297,205.0655,0.1918,0.5232
train_3313.jpg,720,960,0.6912,0.75,0.5548,0.1461,55.2576,0.4725,0.6092
train_3314.jpg,720,960,0.6912,0.75,0.5446,0.2094,310.0609,0.1675,0.6046
train_3315.jpg,960,720,0.6912,1.3333,0.5237,0.1596,33.2279,0.2286,0.5664
train_3316.jpg,960,720,0.6912,1.3333,0.3075,0.1674,100.0848,0.1396,0.3201
train_3317.jpg,720,1279,0.9209,0.5629,0.6145,0.1945,57.5386,0.1576,0.6482
train_3318.jpg,720,1280,0.9216,0.5625,0.5321,0.2162,32.7787,0.1156,0.5579
train_3319.jpg,720,771,0.5551,0.9339,0.5076,0.2912,337.247,0.3127,0.591
train_3320.jpg,720,960,0.6912,0.75,0.3686,0.118,232.5475,0.7239,0.8299
train_3321.jpg,720,960,0.6912,0.75,0.6446,0.1556,39.8214,0.0332,0.6493
train_3322.jpg,720,720,0.5184,1.0,0.4849,0.1905,211.5325,0.465,0.6998
train_3323.jpg,720,960,0.6912,0.75,0.5192,0.1938,203.7132,0.2218,0.5697
train_3324.jpg,960,720,0.6912,1.3333,0.3871,0.2503,121.2307,0.1517,0.4135
train_3325.jpg,720,1279,0.9209,0.5629,0.4791,0.1834,18.4136,0.2699,0.5541
train_3326.jpg,960,720,0.6912,1.3333,0.3141,0.2073,241.3415,0.2229,0.3552
train_3327.jpg,720,960,0.6912,0.75,0.58,0.2199,216.4157,0.043,0.5872
train_3328.jpg,720,960,0.6912,0.75,0.4968,0.2641,53.8922,0.1593,0.5158
train_3329.jpg,720,960,0.6912,0.75,0.4311,0.2371,34.4747,0.1762,0.4651
train_3330.jpg,1330,720,0.9576,1.8472,0.2111,0.1608,246.4191,0.2184,0.2464
train_3331.jpg,720,960,0.6912,0.75,0.6169,0.1704,46.2127,0.0873,0.636
train_3332.jpg,720,960,0.6912,0.75,0.5243,0.1438,118.2028,0.1162,0.554
train_3333.jpg,720,960,0.6912,0.75,0.4893,0.2288,183.6697,0.1384,0.5273
train_3334.jpg,720,1080,0.7776,0.6667,0.6644,0.1736,200.4014,0.1004,0.7003
train_3335.jpg,720,960,0.6912,0.75,0.4871,0.2273,68.6162,0.1332,0.5171
train_3336.jpg,720,960,0.6912,0.75,0.548,0.1824,200.5141,0.1247,0.5814
train_3337.jpg,720,1280,0.9216,0.5625,0.1707,0.1574,120.393,0.4225,0.2371
train_3339.jpg,960,720,0.6912,1.3333,0.5098,0.125,28.7896,0.1557,0.5468
train_3340.jpg,720,960,0.6912,0.75,0.4338,0.184,24.8524,0.1632,0.469
train_3341.jpg,720,960,0.6912,0.75,0.4008,0.2372,196.1401,0.4605,0.5247
train_3342.jpg,720,960,0.6912,0.75,0.5222,0.2175,339.8234,0.3877,0.6727
train_3343.jpg,720,960,0.6912,0.75,0.5144,0.1765,35.0192,0.2166,0.5575
train_3344.jpg,960,720,0.6912,1.3333,0.3307,0.1574,24.4737,0.1228,0.3451
train_3345.jpg,960,720,0.6912,1.3333,0.3946,0.2119,48.4692,0.1939,0.432
train_3347.jpg,720,960,0.6912,0.75,0.5427,0.116,15.8338,0.093,0.5663
train_3348.jpg,720,960,0.6912,0.75,0.5797,0.1487,36.5456,0.21,0.6453
train_3349.jpg,960,720,0.6912,1.3333,0.5435,0.2199,33.4237,0.2009,0.5822
train_3350.jpg,1279,720,0.9209,1.7764,0.3773,0.2139,226.9442,0.2084,0.4184
train_3351.jpg,720,960,0.6912,0.75,0.8109,0.1667,271.8268,0.0807,0.8393
train_3352.jpg,720,960,0.6912,0.75,0.4561,0.2188,194.6123,0.222,0.5111
train_3353.jpg,720,960,0.6912,0.75,0.5478,0.1995,30.0214,0.2828,0.6027
train_3354.jpg,720,960,0.6912,0.75,0.355,0.171,228.6885,0.326,0.4439
train_3355.jpg,960,720,0.6912,1.3333,0.5508,0.2673,50.3862,0.1504,0.5692
train_3356.jpg,1080,720,0.7776,1.5,0.2885,0.2871,233.9336,0.1897,0.3122
train_3357.jpg,720,960,0.6912,0.75,0.222,0.2193,33.4308,0.2559,0.257
train_3358.jpg,960,720,0.6912,1.3333,0.5461,0.202,217.5361,0.4054,0.7093
train_3359.jpg,720,960,0.6912,0.75,0.5011,0.232,80.0868,0.1443,0.5243
train_3360.jpg,720,960,0.6912,0.75,0.5577,0.1901,37.1915,0.158,0.5946
train_3361.jpg,720,960,0.6912,0.75,0.4119,0.1821,32.4535,0.2391,0.4547
train_3362.jpg,720,960,0.6912,0.75,0.463,0.254,20.4044,0.3437,0.5645
train_3363.jpg,720,720,0.5184,1.0,0.5387,0.1988,200.9335,0.1776,0.5842
train_3364.jpg,960,720,0.6912,1.3333,0.5742,0.159,99.6185,0.196,0.624
train_3365.jpg,720,1214,0.8741,0.5931,0.4599,0.1449,29.1882,0.19,0.5021
train_3366.jpg,720,960,0.6912,0.75,0.5104,0.2026,188.195,0.2062,0.5809
train_3367.jpg,720,960,0.6912,0.75,0.5692,0.2507,44.4129,0.1391,0.5913
train_3368.jpg,1280,720,0.9216,1.7778,0.4622,0.2423,178.0969,0.2476,0.5309
train_3369.jpg,960,720,0.6912,1.3333,0.4346,0.2587,43.1639,0.1472,0.4636
train_3370.jpg,720,1279,0.9209,0.5629,0.4647,0.2614,202.5205,0.2421,0.5436
train_3371.jpg,960,720,0.6912,1.3333,0.4881,0.2088,313.836,0.2054,0.5563
train_3372.jpg,720,960,0.6912,0.75,0.4972,0.2412,173.0368,0.3733,0.6276
train_3373.jpg,720,960,0.6912,0.75,0.5469,0.1605,181.7696,0.1534,0.5799
train_3374.jpg,1280,720,0.9216,1.7778,0.353,0.2081,21.37,0.2963,0.4061
train_3375.jpg,720,960,0.6912,0.75,0.5177,0.2326,27.0501,0.2117,0.5636
train_3376.jpg,2026,720,1.4587,2.8139,0.5306,0.1803,54.2513,0.3139,0.5893
train_3377.jpg,720,960,0.6912,0.75,0.4433,0.2422,38.5759,0.1101,0.4584
train_3378.jpg,720,960,0.6912,0.75,0.449,0.2336,1.633,0.2234,0.5061
train_3379.jpg,720,1280,0.9216,0.5625,0.4355,0.2339,32.4644,0.4803,0.5186
train_3380.jpg,960,720,0.6912,1.3333,0.5255,0.2217,242.675,0.164,0.5703
train_3381.jpg,1080,720,0.7776,1.5,0.4318,0.2733,218.0781,0.137,0.4617
train_3382.jpg,720,1008,0.7258,0.7143,0.5097,0.1567,202.0821,0.4077,0.6726
train_3383.jpg,720,960,0.6912,0.75,0.505,0.2502,19.3785,0.1333,0.5352
train_3384.jpg,720,1560,1.1232,0.4615,0.3214,0.3314,36.1358,0.1666,0.3505
train_3385.jpg,720,960,0.6912,0.75,0.4948,0.2564,5.0917,0.2543,0.566
train_3388.jpg,720,720,0.5184,1.0,0.5014,0.3086,198.2711,0.265,0.5723
train_3389.jpg,720,960,0.6912,0.75,0.522,0.2474,25.0003,0.2538,0.5767
train_3391.jpg,720,960,0.6912,0.75,0.4789,0.1255,45.7525,0.1341,0.5038
train_3392.jpg,720,960,0.6912,0.75,0.5769,0.1744,61.8181,0.3286,0.6247
train_3393.jpg,720,960,0.6912,0.75,0.6226,0.2099,88.4418,0.1387,0.6409
train_3394.jpg,720,960,0.6912,0.75,0.4611,0.1714,223.7122,0.1398,0.5008
train_3396.jpg,720,960,0.6912,0.75,0.4699,0.1665,30.3147,0.1766,0.5047
train_3397.jpg,960,720,0.6912,1.3333,0.3028,0.1167,356.6671,0.1751,0.3365
train_3398.jpg,720,960,0.6912,0.75,0.5143,0.2867,261.267,0.238,0.5642
train_3399.jpg,720,960,0.6912,0.75,0.3945,0.1998,19.8964,0.3268,0.464
train_3400.jpg,960,720,0.6912,1.3333,0.5395,0.2051,27.8365,0.1785,0.5885
train_3401.jpg,720,960,0.6912,0.75,0.4906,0.178,23.2852,0.2534,0.5613
train_3402.jpg,960,720,0.6912,1.3333,0.5044,0.2722,223.0656,0.0777,0.5209
train_3403.jpg,960,720,0.6912,1.3333,0.6655,0.2569,215.1413,0.0599,0.6802
train_3404.jpg,720,960,0.6912,0.75,0.6192,0.163,99.9048,0.1204,0.6417
train_3405.jpg,720,960,0.6912,0.75,0.6041,0.1146,56.2755,0.2747,0.6295
train_3406.jpg,720,720,0.5184,1.0,0.5129,0.2249,27.8115,0.4658,0.6323
train_3409.jpg,1279,720,0.9209,1.7764,0.4502,0.2322,118.1388,0.2278,0.4934
train_3410.jpg,720,960,0.6912,0.75,0.4687,0.249,152.9556,0.1803,0.5135
train_3411.jpg,720,960,0.6912,0.75,0.5335,0.2858,18.5557,0.2108,0.6022
train_3412.jpg,1279,720,0.9209,1.7764,0.4197,0.2484,229.7654,0.1516,0.4449
train_3413.jpg,720,1558,1.1218,0.4621,0.4701,0.2237,149.5505,0.1719,0.504
train_3414.jpg,960,720,0.6912,1.3333,0.4835,0.1732,21.4466,0.3345,0.5688
train_3415.jpg,720,960,0.6912,0.75,0.582,0.177,20.4347,0.1894,0.6352
train_3416.jpg,960,720,0.6912,1.3333,0.479,0.1986,59.059,0.2342,0.5287
train_3417.jpg,720,960,0.6912,0.75,0.4256,0.256,29.4896,0.1673,0.4598
train_3418.jpg,720,1280,0.9216,0.5625,0.6122,0.2416,221.6978,0.048,0.6231
train_3419.jpg,720,1200,0.864,0.6,0.5906,0.2833,13.8488,0.1227,0.6252
train_3420.jpg,720,1280,0.9216,0.5625,0.4165,0.2596,151.7872,0.1367,0.4315
train_3421.jpg,720,960,0.6912,0.75,0.5079,0.2098,230.3022,0.2756,0.6195
train_3422.jpg,720,960,0.6912,0.75,0.5229,0.1878,0.4684,0.252,0.6034
train_3423.jpg,720,960,0.6912,0.75,0.5592,0.2437,31.8733,0.3237,0.6178
train_3424.jpg,720,960,0.6912,0.75,0.549,0.1736,210.1911,0.1216,0.5907
train_3425.jpg,720,960,0.6912,0.75,0.5876,0.28,207.6155,0.1557,0.6277
train_3426.jpg,1012,720,0.7286,1.4056,0.5147,0.2024,199.3399,0.1655,0.5598
train_3427.jpg,720,1280,0.9216,0.5625,0.4225,0.1815,56.4831,0.2147,0.4848
train_3428.jpg,720,960,0.6912,0.75,0.615,0.1894,29.6818,0.1344,0.6428
train_3429.jpg,720,960,0.6912,0.75,0.2797,0.2046,247.6559,0.4237,0.4077
train_3430.jpg,960,720,0.6912,1.3333,0.5502,0.1842,34.2375,0.1228,0.581
train_3431.jpg,720,960,0.6912,0.75,0.4827,0.2341,129.7454,0.227,0.5203
train_3432.jpg,720,960,0.6912,0.75,0.6699,0.0817,199.7051,0.0496,0.6843
train_3433.jpg,960,720,0.6912,1.3333,0.4806,0.2245,53.2037,0.1266,0.5087
train_3434.jpg,720,960,0.6912,0.75,0.5531,0.2498,76.7296,0.203,0.5742
train_3435.jpg,720,1279,0.9209,0.5629,0.5234,0.2581,236.953,0.1176,0.5441
train_3437.jpg,720,960,0.6912,0.75,0.4977,0.2507,180.2581,0.1478,0.5362
train_3438.jpg,720,960,0.6912,0.75,0.5299,0.2295,125.5406,0.1347,0.5566
train_3439.jpg,720,960,0.6912,0.75,0.6283,0.2076,45.0652,0.1102,0.6545
train_3440.jpg,720,960,0.6912,0.75,0.0989,0.147,4.4259,0.4776,0.1529
train_3441.jpg,1280,720,0.9216,1.7778,0.5538,0.2237,32.8513,0.1772,0.5912
train_3442.jpg,1080,720,0.7776,1.5,0.1576,0.1492,47.1732,0.2094,0.1738
train_3443.jpg,720,960,0.6912,0.75,0.5712,0.2542,48.3167,0.1336,0.6014
train_3444.jpg,720,960,0.6912,0.75,0.3254,0.167,37.7471,0.2893,0.3676
train_3445.jpg,720,960,0.6912,0.75,0.609,0.2117,94.449,0.0724,0.6162
train_3447.jpg,960,720,0.6912,1.3333,0.6079,0.26,209.8611,0.0994,0.6223
train_3450.jpg,720,960,0.6912,0.75,0.4785,0.2426,180.7935,0.1871,0.5238
train_3451.jpg,720,960,0.6912,0.75,0.4801,0.2691,38.9296,0.1332,0.4984
train_3452.jpg,960,720,0.6912,1.3333,0.4206,0.1865,218.048,0.0548,0.4353
train_3453.jpg,727,720,0.5234,1.0097,0.4727,0.2123,252.945,0.3273,0.5844
train_3454.jpg,720,960,0.6912,0.75,0.4867,0.2475,202.7218,0.226,0.5421
train_3455.jpg,720,960,0.6912,0.75,0.4419,0.1749,62.8781,0.2458,0.4934
train_3456.jpg,720,960,0.6912,0.75,0.3429,0.1753,239.178,0.228,0.3993
train_3457.jpg,720,960,0.6912,0.75,0.3866,0.218,29.7537,0.3672,0.4602
train_3458.jpg,720,960,0.6912,0.75,0.5358,0.2965,245.8743,0.1443,0.5709
train_3459.jpg,720,960,0.6912,0.75,0.5138,0.2254,136.6977,0.1965,0.5463
train_3460.jpg,720,960,0.6912,0.75,0.4409,0.1773,97.7,0.3586,0.5295
train_3461.jpg,1320,720,0.9504,1.8333,0.5246,0.3098,34.1987,0.3212,0.5927
train_3462.jpg,960,720,0.6912,1.3333,0.4336,0.2362,18.8112,0.1585,0.4662
train_3463.jpg,720,960,0.6912,0.75,0.5012,0.233,22.8537,0.2724,0.5738
train_3464.jpg,720,1280,0.9216,0.5625,0.5063,0.2525,21.0355,0.2015,0.5619
train_3465.jpg,720,960,0.6912,0.75,0.4657,0.2014,167.0807,0.1465,0.486
train_3466.jpg,720,1279,0.9209,0.5629,0.6404,0.1092,74.6735,0.1719,0.6753
train_3467.jpg,720,1280,0.9216,0.5625,0.512,0.2273,26.541,0.2389,0.5602
train_3468.jpg,720,960,0.6912,0.75,0.5523,0.1727,50.6826,0.0486,0.5606
train_3469.jpg,720,960,0.6912,0.75,0.5004,0.2021,212.6966,0.228,0.5909
train_3470.jpg,720,960,0.6912,0.75,0.5511,0.2325,331.6794,0.1454,0.5866
train_3471.jpg,960,720,0.6912,1.3333,0.6003,0.1476,221.8737,0.0498,0.6179
train_3472.jpg,959,720,0.6905,1.3319,0.5098,0.1927,1.3587,0.178,0.5703
train_3473.jpg,720,960,0.6912,0.75,0.5307,0.2353,16.2867,0.2821,0.611
train_3474.jpg,960,720,0.6912,1.3333,0.5188,0.217,39.1273,0.2936,0.5755
train_3475.jpg,960,720,0.6912,1.3333,0.6134,0.1901,185.93,0.142,0.659
train_3476.jpg,720,960,0.6912,0.75,0.5879,0.2073,13.9101,0.1548,0.6256
train_3477.jpg,720,960,0.6912,0.75,0.4558,0.1876,185.0224,0.2133,0.5161
train_3478.jpg,720,960,0.6912,0.75,0.547,0.216,198.3748,0.1025,0.5731
train_3479.jpg,720,960,0.6912,0.75,0.4174,0.1591,248.0822,0.1231,0.444
train_3480.jpg,720,960,0.6912,0.75,0.5429,0.2051,96.5601,0.2282,0.5805
train_3481.jpg,720,960,0.6912,0.75,0.5546,0.2723,17.2955,0.1236,0.5816
train_3482.jpg,720,960,0.6912,0.75,0.5668,0.2715,41.7137,0.2312,0.6204
train_3483.jpg,720,960,0.6912,0.75,0.3868,0.2782,113.7802,0.4148,0.4654
train_3484.jpg,720,960,0.6912,0.75,0.5273,0.2711,285.4426,0.1345,0.5549
train_3485.jpg,720,960,0.6912,0.75,0.4417,0.2534,30.6544,0.3492,0.5029
train_3486.jpg,960,720,0.6912,1.3333,0.4366,0.245,9.1317,0.2671,0.5044
train_3487.jpg,720,960,0.6912,0.75,0.5023,0.2671,56.4956,0.3792,0.557
train_3488.jpg,720,960,0.6912,0.75,0.4742,0.2236,22.5893,0.1713,0.5126
train_3489.jpg,960,720,0.6912,1.3333,0.4562,0.2411,65.0221,0.3446,0.5104
train_3490.jpg,960,720,0.6912,1.3333,0.4181,0.1486,33.3334,0.2569,0.4639
train_3491.jpg,720,960,0.6912,0.75,0.4073,0.176,31.747,0.2217,0.463
train_3492.jpg,720,960,0.6912,0.75,0.5416,0.1831,28.1365,0.2047,0.5867
train_3494.jpg,720,960,0.6912,0.75,0.56,0.2281,35.1702,0.1709,0.595
train_3495.jpg,720,960,0.6912,0.75,0.2185,0.1585,308.0801,0.3764,0.3006
train_3496.jpg,720,960,0.6912,0.75,0.6119,0.2432,38.7765,0.134,0.6356
train_3497.jpg,960,720,0.6912,1.3333,0.4286,0.2175,39.0199,0.147,0.4516
train_3498.jpg,720,960,0.6912,0.75,0.4119,0.1989,40.3129,0.4253,0.5046
train_3499.jpg,960,720,0.6912,1.3333,0.4522,0.2016,140.598,0.1393,0.4882
train_3500.jpg,720,960,0.6912,0.75,0.4502,0.2769,110.7467,0.2091,0.4793
train_3501.jpg,720,960,0.6912,0.75,0.5031,0.1954,238.795,0.2333,0.5838
train_3502.jpg,720,960,0.6912,0.75,0.4438,0.2279,36.1438,0.2714,0.4899
train_3503.jpg,960,720,0.6912,1.3333,0.4641,0.1875,67.5775,0.211,0.4957
train_3504.jpg,720,892,0.6422,0.8072,0.498,0.1573,51.5632,0.1562,0.53
train_3505.jpg,960,720,0.6912,1.3333,0.3194,0.1841,29.5489,0.3753,0.3672
train_3507.jpg,720,960,0.6912,0.75,0.4972,0.176,145.4804,0.3022,0.5704
train_3508.jpg,720,960,0.6912,0.75,0.5275,0.1999,163.551,0.2433,0.5715
train_3509.jpg,720,960,0.6912,0.75,0.4812,0.2302,203.6881,0.1515,0.5206
train_3510.jpg,720,960,0.6912,0.75,0.4931,0.2429,37.2367,0.2763,0.559
train_3511.jpg,1280,720,0.9216,1.7778,0.6779,0.1765,142.6647,0.0668,0.7009
train_3512.jpg,720,960,0.6912,0.75,0.481,0.2411,39.0249,0.2339,0.5207
train_3513.jpg,720,1279,0.9209,0.5629,0.4498,0.1888,67.0645,0.2372,0.485
train_3514.jpg,720,960,0.6912,0.75,0.4174,0.2721,44.0995,0.3914,0.5335
train_3515.jpg,720,960,0.6912,0.75,0.5532,0.2079,278.6359,0.289,0.6603
train_3516.jpg,720,720,0.5184,1.0,0.3562,0.1583,355.7633,0.2898,0.4292
train_3517.jpg,720,960,0.6912,0.75,0.4664,0.3014,49.4535,0.1945,0.4892
train_3518.jpg,720,960,0.6912,0.75,0.6421,0.1838,11.3663,0.142,0.6988
train_3519.jpg,960,720,0.6912,1.3333,0.452,0.2052,23.2009,0.3385,0.531
train_3520.jpg,720,960,0.6912,0.75,0.5347,0.2325,222.369,0.2556,0.6354
train_3521.jpg,960,720,0.6912,1.3333,0.6841,0.1817,206.1309,0.1458,0.7427
train_3522.jpg,960,720,0.6912,1.3333,0.3064,0.2117,7.8368,0.2402,0.3437
train_3523.jpg,1279,720,0.9209,1.7764,0.461,0.1799,345.3233,0.0998,0.4833
train_3524.jpg,1080,720,0.7776,1.5,0.4281,0.1761,253.3724,0.1298,0.4655
train_3525.jpg,720,960,0.6912,0.75,0.4013,0.2511,82.9124,0.3079,0.4595
train_3526.jpg,960,720,0.6912,1.3333,0.4335,0.266,53.9154,0.1425,0.4593
train_3527.jpg,960,720,0.6912,1.3333,0.3985,0.2351,44.2008,0.1453,0.4344
train_3528.jpg,720,1481,1.0663,0.4862,0.4377,0.2251,19.1697,0.2176,0.4864
train_3529.jpg,720,960,0.6912,0.75,0.5351,0.2643,121.5019,0.0856,0.5524
train_3530.jpg,720,960,0.6912,0.75,0.4779,0.1674,337.7704,0.1432,0.5271
train_3531.jpg,960,720,0.6912,1.3333,0.4314,0.2627,81.4785,0.2038,0.4511
train_3532.jpg,720,960,0.6912,0.75,0.6024,0.2693,62.464,0.0712,0.6155
train_3533.jpg,960,720,0.6912,1.3333,0.3969,0.2234,46.4965,0.3458,0.4564
train_3534.jpg,1279,720,0.9209,1.7764,0.5089,0.1622,52.2211,0.1494,0.5425
train_3535.jpg,720,960,0.6912,0.75,0.547,0.2312,211.6267,0.2076,0.6157
train_3536.jpg,720,960,0.6912,0.75,0.5435,0.1914,141.0678,0.2286,0.5856
train_3537.jpg,720,960,0.6912,0.75,0.5324,0.2232,171.8453,0.1949,0.5696
train_3538.jpg,720,960,0.6912,0.75,0.4483,0.2748,204.7076,0.1187,0.4708
train_3539.jpg,720,720,0.5184,1.0,0.6052,0.1589,17.8399,0.0716,0.6167
train_3540.jpg,720,960,0.6912,0.75,0.5156,0.2457,24.9868,0.1617,0.5535
train_3541.jpg,720,960,0.6912,0.75,0.5235,0.2536,29.367,0.2787,0.5779
train_3542.jpg,960,720,0.6912,1.3333,0.4861,0.2215,60.7116,0.2349,0.5196
train_3543.jpg,720,960,0.6912,0.75,0.5695,0.202,29.5253,0.223,0.6128
train_3544.jpg,720,960,0.6912,0.75,0.4998,0.2058,2.5211,0.3295,0.6076
train_3545.jpg,960,720,0.6912,1.3333,0.4364,0.1365,29.4009,0.3562,0.5058
train_3546.jpg,960,720,0.6912,1.3333,0.4746,0.2196,19.5546,0.4078,0.6028
train_3547.jpg,720,960,0.6912,0.75,0.5141,0.2494,28.0421,0.1945,0.5593
train_3548.jpg,960,720,0.6912,1.3333,0.4397,0.238,345.3251,0.338,0.5371
train_3549.jpg,720,960,0.6912,0.75,0.2166,0.25,357.494,0.494,0.2977
train_3550.jpg,720,960,0.6912,0.75,0.5552,0.2301,225.848,0.1253,0.5909
train_3551.jpg,720,960,0.6912,0.75,0.4058,0.2683,248.8627,0.2986,0.4823
train_3552.jpg,720,960,0.6912,0.75,0.5644,0.2362,36.2016,0.1805,0.6035
train_3553.jpg,720,720,0.5184,1.0,0.4623,0.2121,15.7761,0.4161,0.5846
train_3554.jpg,720,960,0.6912,0.75,0.4176,0.2263,8.1608,0.6117,0.6915
train_3555.jpg,720,960,0.6912,0.75,0.5508,0.1891,199.2352,0.1584,0.5935
train_3556.jpg,720,960,0.6912,0.75,0.4965,0.1882,187.2604,0.2144,0.5709
train_3557.jpg,720,960,0.6912,0.75,0.4738,0.1826,250.5477,0.1489,0.5168
train_3558.jpg,960,720,0.6912,1.3333,0.4628,0.1657,34.2673,0.2298,0.5077
train_3559.jpg,720,960,0.6912,0.75,0.4306,0.205,275.6363,0.1488,0.4625
train_3560.jpg,720,960,0.6912,0.75,0.6067,0.1332,25.8097,0.1385,0.6522
train_3561.jpg,720,1560,1.1232,0.4615,0.5212,0.2663,348.0456,0.1766,0.5756
train_3562.jpg,720,960,0.6912,0.75,0.6769,0.1478,207.1058,0.0372,0.6861
train_3563.jpg,720,960,0.6912,0.75,0.4897,0.2082,39.5006,0.221,0.5296
train_3564.jpg,744,720,0.5357,1.0333,0.8685,0.1549,272.0578,0.0259,0.8785
train_3565.jpg,720,960,0.6912,0.75,0.4863,0.2125,201.2767,0.1913,0.5536
train_3566.jpg,720,960,0.6912,0.75,0.4289,0.2198,10.2263,0.5493,0.6039
train_3567.jpg,1320,720,0.9504,1.8333,0.337,0.2012,14.1039,0.4489,0.4322
train_3568.jpg,720,960,0.6912,0.75,0.5669,0.1961,211.7132,0.1401,0.6095
train_3569.jpg,720,960,0.6912,0.75,0.4553,0.2343,111.4015,0.1962,0.4982
train_3570.jpg,988,720,0.7114,1.3722,0.3167,0.2239,17.1379,0.3824,0.388
train_3571.jpg,720,960,0.6912,0.75,0.4097,0.144,2.1298,0.1601,0.4619
train_3572.jpg,960,720,0.6912,1.3333,0.3031,0.2398,227.5253,0.2698,0.3432
train_3575.jpg,720,960,0.6912,0.75,0.5462,0.3098,8.1244,0.1353,0.5685
train_3576.jpg,720,960,0.6912,0.75,0.5066,0.2476,35.6736,0.2071,0.5456
train_3577.jpg,960,720,0.6912,1.3333,0.6391,0.1579,146.9141,0.0785,0.6626
train_3578.jpg,720,960,0.6912,0.75,0.5566,0.2323,211.4843,0.1876,0.6084
train_3579.jpg,720,1280,0.9216,0.5625,0.5168,0.2419,51.2221,0.4044,0.5566
train_3580.jpg,960,720,0.6912,1.3333,0.3987,0.2006,45.1115,0.1714,0.421
train_3581.jpg,720,960,0.6912,0.75,0.5402,0.2712,62.7259,0.1719,0.5775
train_3583.jpg,720,960,0.6912,0.75,0.4559,0.2798,244.2852,0.1351,0.4831
train_3584.jpg,960,720,0.6912,1.3333,0.4275,0.237,33.0866,0.4408,0.5223
train_3585.jpg,720,960,0.6912,0.75,0.515,0.1957,127.4338,0.1774,0.565
train_3586.jpg,720,960,0.6912,0.75,0.4895,0.2058,33.8143,0.2608,0.5395
train_3587.jpg,1519,720,1.0937,2.1097,0.1864,0.1061,202.6417,0.3187,0.2359
train_3588.jpg,720,1279,0.9209,0.5629,0.3524,0.1516,192.5337,0.165,0.387
train_3589.jpg,720,960,0.6912,0.75,0.4978,0.2626,198.3861,0.107,0.5207
train_3590.jpg,960,720,0.6912,1.3333,0.2944,0.1692,205.8617,0.5854,0.4317
train_3591.jpg,720,960,0.6912,0.75,0.3508,0.2325,311.563,0.2252,0.3961
train_3592.jpg,720,960,0.6912,0.75,0.524,0.1454,39.6502,0.1367,0.5472
train_3594.jpg,720,960,0.6912,0.75,0.4988,0.2508,21.835,0.2414,0.5666
train_3595.jpg,720,960,0.6912,0.75,0.4306,0.2428,229.9964,0.2408,0.4827
train_3596.jpg,720,960,0.6912,0.75,0.5859,0.2338,23.2765,0.1764,0.6388
train_3598.jpg,720,960,0.6912,0.75,0.5112,0.1712,117.8184,0.2344,0.5946
train_3599.jpg,960,720,0.6912,1.3333,0.5234,0.191,264.1813,0.0947,0.5436
train_3600.jpg,960,720,0.6912,1.3333,0.5432,0.1833,209.0258,0.1183,0.5741
train_3601.jpg,720,960,0.6912,0.75,0.6617,0.2184,46.2361,0.1136,0.6816
train_3602.jpg,960,720,0.6912,1.3333,0.3979,0.1725,352.1714,0.2166,0.4539
train_3603.jpg,720,960,0.6912,0.75,0.5401,0.2923,238.7224,0.116,0.5676
train_3605.jpg,720,960,0.6912,0.75,0.5004,0.2541,169.4125,0.1536,0.5345
train_3606.jpg,960,720,0.6912,1.3333,0.3486,0.1468,199.5185,0.3706,0.425
train_3607.jpg,720,960,0.6912,0.75,0.3902,0.2386,88.2551,0.1635,0.4155
train_3608.jpg,720,1280,0.9216,0.5625,0.6586,0.2797,7.7471,0.2301,0.7344
train_3609.jpg,1293,720,0.931,1.7958,0.6955,0.278,148.0634,0.1396,0.7205
train_3610.jpg,720,960,0.6912,0.75,0.63,0.1491,26.8197,0.0861,0.6553
train_3611.jpg,720,960,0.6912,0.75,0.5989,0.161,25.1573,0.1531,0.6385
train_3612.jpg,720,960,0.6912,0.75,0.383,0.2115,353.3851,0.3168,0.4688
train_3613.jpg,720,960,0.6912,0.75,0.5181,0.2591,71.5025,0.1728,0.5525
train_3614.jpg,960,720,0.6912,1.3333,0.438,0.2466,34.4404,0.4186,0.5213
train_3615.jpg,960,720,0.6912,1.3333,0.5154,0.2461,223.0472,0.2796,0.6207
train_3616.jpg,960,720,0.6912,1.3333,0.548,0.1711,280.3459,0.1658,0.602
train_3618.jpg,720,960,0.6912,0.75,0.3732,0.2121,47.3394,0.2023,0.4053
train_3619.jpg,1279,720,0.9209,1.7764,0.4962,0.2233,189.9788,0.1203,0.5283
train_3620.jpg,720,960,0.6912,0.75,0.4321,0.155,206.0853,0.5374,0.6375
train_3624.jpg,720,960,0.6912,0.75,0.3733,0.1825,357.2495,0.1634,0.4089
train_3625.jpg,720,960,0.6912,0.75,0.6153,0.1668,194.6424,0.1565,0.659
train_3626.jpg,720,960,0.6912,0.75,0.6318,0.1517,359.1909,0.0304,0.6377
train_3627.jpg,720,960,0.6912,0.75,0.4887,0.1964,324.1054,0.2185,0.5472
train_3628.jpg,960,720,0.6912,1.3333,0.3656,0.2684,35.2813,0.2841,0.3957
train_3629.jpg,945,720,0.6804,1.3125,0.3487,0.2404,3.1441,0.2565,0.3926
train_3630.jpg,720,960,0.6912,0.75,0.5846,0.2376,353.1573,0.1813,0.6417
train_3631.jpg,960,720,0.6912,1.3333,0.5379,0.2415,219.5665,0.1351,0.5798
train_3632.jpg,720,960,0.6912,0.75,0.4965,0.1966,191.67,0.3307,0.5917
train_3633.jpg,720,960,0.6912,0.75,0.4855,0.1852,31.6161,0.2829,0.5435
train_3634.jpg,720,960,0.6912,0.75,0.5625,0.2022,194.3582,0.3075,0.6572
train_3635.jpg,720,960,0.6912,0.75,0.5193,0.2448,24.5048,0.2016,0.5486
train_3636.jpg,720,960,0.6912,0.75,0.4419,0.2526,351.6632,0.327,0.5074
train_3637.jpg,720,960,0.6912,0.75,0.6004,0.1058,205.8947,0.0504,0.6117
train_3638.jpg,720,960,0.6912,0.75,0.5364,0.2005,184.4627,0.1926,0.5939
train_3639.jpg,720,1280,0.9216,0.5625,0.4638,0.1579,28.4848,0.4012,0.5513
train_3640.jpg,720,960,0.6912,0.75,0.2965,0.1949,308.2981,0.3217,0.3861
train_3641.jpg,720,1565,1.1268,0.4601,0.3421,0.129,210.6436,0.3143,0.4396
train_3642.jpg,720,960,0.6912,0.75,0.497,0.1979,227.0017,0.2016,0.5619
train_3643.jpg,720,960,0.6912,0.75,0.4207,0.2091,266.532,0.1443,0.4587
train_3644.jpg,720,960,0.6912,0.75,0.5397,0.3005,136.5551,0.1767,0.5733
train_3645.jpg,720,1280,0.9216,0.5625,0.4915,0.2466,18.1154,0.3975,0.5908
train_3646.jpg,720,960,0.6912,0.75,0.5028,0.1614,174.0889,0.079,0.5209
train_3647.jpg,720,1280,0.9216,0.5625,0.5849,0.2302,27.4352,0.2507,0.6503
train_3648.jpg,720,1280,0.9216,0.5625,0.4931,0.25,30.233,0.3264,0.5587
train_3649.jpg,720,960,0.6912,0.75,0.517,0.2092,38.3862,0.2841,0.5842
train_3650.jpg,720,960,0.6912,0.75,0.4182,0.2629,93.684,0.1096,0.4429
train_3651.jpg,720,1279,0.9209,0.5629,0.2063,0.1524,239.7975,0.1519,0.2206
train_3652.jpg,720,1279,0.9209,0.5629,0.5677,0.2413,145.3204,0.2395,0.6145
train_3653.jpg,720,960,0.6912,0.75,0.5603,0.2393,60.2685,0.136,0.5836
train_3654.jpg,720,720,0.5184,1.0,0.6233,0.1811,30.6281,0.1818,0.6687
train_3655.jpg,720,960,0.6912,0.75,0.2358,0.1497,2.1878,0.3273,0.2926
train_3656.jpg,720,960,0.6912,0.75,0.5728,0.2694,32.7491,0.2191,0.6212
train_3657.jpg,960,720,0.6912,1.3333,0.4574,0.2278,291.121,0.1673,0.4977
train_3658.jpg,720,960,0.6912,0.75,0.4883,0.2299,36.4448,0.2294,0.5483
train_3659.jpg,1280,720,0.9216,1.7778,0.5106,0.2724,214.4807,0.5098,0.6524
train_3660.jpg,720,720,0.5184,1.0,0.5369,0.2281,202.5877,0.2273,0.6011
train_3661.jpg,720,960,0.6912,0.75,0.4662,0.2105,299.3008,0.2603,0.5384
train_3663.jpg,720,960,0.6912,0.75,0.4679,0.2214,76.6812,0.4009,0.5764
train_3664.jpg,720,960,0.6912,0.75,0.4978,0.2206,23.5773,0.3616,0.5845
train_3665.jpg,720,1565,1.1268,0.4601,0.4222,0.2612,68.8567,0.055,0.4336
train_3667.jpg,720,960,0.6912,0.75,0.5385,0.2091,197.7237,0.2687,0.6242
train_3668.jpg,1599,720,1.1513,2.2208,0.3731,0.1689,266.3513,0.2163,0.4394
train_3669.jpg,720,1558,1.1218,0.4621,0.5837,0.2496,28.2188,0.1349,0.6258
train_3670.jpg,1325,720,0.954,1.8403,0.3636,0.2595,356.242,0.1983,0.4095
train_3671.jpg,960,720,0.6912,1.3333,0.4275,0.2344,54.7133,0.1349,0.4494
train_3673.jpg,720,960,0.6912,0.75,0.5131,0.1791,259.1065,0.1846,0.5783
train_3674.jpg,720,960,0.6912,0.75,0.2096,0.215,14.8556,0.7204,0.3019
train_3675.jpg,720,960,0.6912,0.75,0.5717,0.1629,30.9614,0.2302,0.6243
train_3676.jpg,720,1280,0.9216,0.5625,0.3842,0.2146,15.5008,0.291,0.453
train_3677.jpg,720,1280,0.9216,0.5625,0.5984,0.2599,6.0458,0.1283,0.6371
train_3678.jpg,720,960,0.6912,0.75,0.3898,0.201,8.3828,0.1463,0.4213
train_3680.jpg,720,960,0.6912,0.75,0.4194,0.2059,204.8693,0.2523,0.5229
train_3681.jpg,720,960,0.6912,0.75,0.5721,0.2374,280.839,0.1094,0.5936
train_3682.jpg,720,960,0.6912,0.75,0.487,0.2257,184.0607,0.1174,0.5192
train_3683.jpg,720,960,0.6912,0.75,0.5193,0.2652,29.0609,0.0938,0.5329
train_3684.jpg,720,960,0.6912,0.75,0.5139,0.1618,211.5419,0.1832,0.5722
train_3686.jpg,720,960,0.6912,0.75,0.506,0.2405,80.0941,0.1418,0.5375
train_3687.jpg,720,960,0.6912,0.75,0.4455,0.2011,48.0711,0.3713,0.5263
train_3689.jpg,720,960,0.6912,0.75,0.5639,0.1888,72.8591,0.0917,0.5766
train_3690.jpg,720,1280,0.9216,0.5625,0.2352,0.2167,45.5187,0.2441,0.2605
train_3691.jpg,720,890,0.6408,0.809,0.2641,0.1564,235.5197,0.3931,0.3813
train_3692.jpg,960,720,0.6912,1.3333,0.3973,0.2166,7.4591,0.2598,0.4536
train_3693.jpg,960,720,0.6912,1.3333,0.3746,0.2007,200.08,0.434,0.5408
train_3694.jpg,960,720,0.6912,1.3333,0.4786,0.1919,39.0354,0.2154,0.5405
train_3695.jpg,720,960,0.6912,0.75,0.4385,0.1997,40.5653,0.2024,0.4734
train_3698.jpg,976,720,0.7027,1.3556,0.3639,0.127,208.809,0.2979,0.4418
train_3699.jpg,720,960,0.6912,0.75,0.5267,0.2479,19.3934,0.4045,0.6293
train_3700.jpg,720,960,0.6912,0.75,0.6023,0.1633,229.9531,0.1827,0.6861
train_3701.jpg,720,960,0.6912,0.75,0.4646,0.2221,35.0471,0.2658,0.519
train_3702.jpg,720,875,0.63,0.8229,0.4572,0.2563,39.2867,0.415,0.5311
train_3703.jpg,720,1280,0.9216,0.5625,0.3689,0.1757,186.2097,0.1911,0.4039
train_3704.jpg,720,960,0.6912,0.75,0.5535,0.1756,208.2838,0.1017,0.594
train_3705.jpg,720,960,0.6912,0.75,0.5546,0.1637,35.6774,0.2834,0.6263
train_3706.jpg,720,960,0.6912,0.75,0.6947,0.1427,347.4536,0.056,0.7084
train_3707.jpg,960,720,0.6912,1.3333,0.5811,0.1998,224.2363,0.0955,0.6031
train_3708.jpg,720,960,0.6912,0.75,0.4538,0.1877,48.2039,0.1907,0.5046
train_3709.jpg,720,960,0.6912,0.75,0.2478,0.1289,47.075,0.2038,0.2769
train_3710.jpg,720,960,0.6912,0.75,0.3996,0.2423,38.2601,0.276,0.4298
train_3711.jpg,720,960,0.6912,0.75,0.6252,0.135,220.4368,0.0821,0.6474
train_3715.jpg,720,950,0.684,0.7579,0.5394,0.234,215.5438,0.2227,0.6331
train_3716.jpg,720,960,0.6912,0.75,0.6261,0.2515,339.6809,0.109,0.6509
train_3717.jpg,720,1280,0.9216,0.5625,0.6523,0.1735,195.3234,0.1602,0.7037
train_3718.jpg,720,960,0.6912,0.75,0.3512,0.2316,36.6885,0.275,0.3836
train_3719.jpg,720,1279,0.9209,0.5629,0.4687,0.1915,190.3285,0.1351,0.4968
train_3720.jpg,720,960,0.6912,0.75,0.45,0.2506,27.1568,0.5288,0.5755
train_3721.jpg,720,960,0.6912,0.75,0.5724,0.2523,45.3587,0.0545,0.5842
train_3722.jpg,720,1558,1.1218,0.4621,0.5113,0.2036,339.3002,0.1456,0.5525
train_3723.jpg,720,960,0.6912,0.75,0.5735,0.2257,133.8909,0.1219,0.6017
train_3724.jpg,720,900,0.648,0.8,0.5533,0.2168,43.1565,0.3841,0.6416
train_3725.jpg,1279,720,0.9209,1.7764,0.5872,0.2336,25.2287,0.133,0.6189
train_3726.jpg,720,960,0.6912,0.75,0.4275,0.1935,208.734,0.493,0.6278
train_3727.jpg,720,960,0.6912,0.75,0.5985,0.2339,32.438,0.2414,0.6437
train_3728.jpg,720,960,0.6912,0.75,0.4971,0.2792,285.7466,0.1258,0.5324
train_3729.jpg,960,720,0.6912,1.3333,0.5883,0.1833,205.535,0.1823,0.6488
train_3730.jpg,720,960,0.6912,0.75,0.6282,0.235,34.3189,0.166,0.6553
train_3731.jpg,720,960,0.6912,0.75,0.5906,0.1879,12.2073,0.2196,0.6481
train_3732.jpg,720,960,0.6912,0.75,0.5692,0.1956,41.4182,0.1339,0.5912
train_3733.jpg,720,960,0.6912,0.75,0.4641,0.196,219.292,0.2822,0.5625
train_3734.jpg,720,960,0.6912,0.75,0.4956,0.2332,120.5648,0.1259,0.5181
train_3736.jpg,720,960,0.6912,0.75,0.4761,0.26,197.7773,0.1279,0.5033
train_3737.jpg,720,960,0.6912,0.75,0.4739,0.2312,67.6757,0.3484,0.5615
train_3738.jpg,960,720,0.6912,1.3333,0.4157,0.2627,16.0694,0.2539,0.4614
train_3739.jpg,960,720,0.6912,1.3333,0.4713,0.2399,318.1487,0.2333,0.5223
train_3740.jpg,720,1543,1.111,0.4666,0.4052,0.1896,226.4432,0.5353,0.6203
train_3741.jpg,720,960,0.6912,0.75,0.5162,0.1974,51.4744,0.2251,0.5426
train_3742.jpg,720,960,0.6912,0.75,0.235,0.178,338.9431,0.1857,0.2551
train_3744.jpg,720,960,0.6912,0.75,0.4244,0.2135,209.0826,0.3165,0.5201
train_3745.jpg,720,960,0.6912,0.75,0.34,0.2499,175.7325,0.4035,0.4168
train_3746.jpg,720,960,0.6912,0.75,0.5821,0.2617,43.0367,0.4013,0.6758
train_3747.jpg,1599,720,1.1513,2.2208,0.571,0.2108,210.0143,0.1649,0.6112
train_3748.jpg,720,960,0.6912,0.75,0.5674,0.1779,33.7843,0.2481,0.6253
train_3749.jpg,1239,720,0.8921,1.7208,0.4317,0.2463,272.8178,0.2641,0.5165
train_3750.jpg,720,960,0.6912,0.75,0.5008,0.19,228.7198,0.1337,0.5301
train_3751.jpg,720,960,0.6912,0.75,0.4727,0.221,94.3544,0.2259,0.5033
train_3752.jpg,720,960,0.6912,0.75,0.5544,0.2836,358.4958,0.1477,0.5953
train_3753.jpg,720,960,0.6912,0.75,0.5671,0.1818,5.0178,0.0578,0.582
train_3754.jpg,720,960,0.6912,0.75,0.4413,0.1798,22.1265,0.1562,0.4713
train_3755.jpg,720,960,0.6912,0.75,0.4283,0.2883,22.766,0.3452,0.4914
train_3756.jpg,720,960,0.6912,0.75,0.5027,0.1587,185.8721,0.2428,0.5842
train_3757.jpg,720,960,0.6912,0.75,0.4772,0.1676,31.5511,0.2681,0.5268
train_3758.jpg,720,960,0.6912,0.75,0.4445,0.2593,31.0477,0.2297,0.4856
train_3760.jpg,960,720,0.6912,1.3333,0.4371,0.246,207.2758,0.2507,0.4927
train_3761.jpg,720,960,0.6912,0.75,0.494,0.2359,31.8692,0.2895,0.543
train_3762.jpg,720,960,0.6912,0.75,0.4895,0.1591,52.5012,0.1057,0.5137
train_3763.jpg,720,960,0.6912,0.75,0.422,0.2827,69.135,0.1974,0.4424
train_3764.jpg,720,960,0.6912,0.75,0.4247,0.1994,15.884,0.1983,0.479
train_3766.jpg,720,960,0.6912,0.75,0.5505,0.1022,28.2561,0.0562,0.5619
train_3767.jpg,720,960,0.6912,0.75,0.5816,0.1427,4.7271,0.0641,0.5983
train_3768.jpg,720,960,0.6912,0.75,0.4732,0.2081,20.5259,0.3191,0.5631
train_3770.jpg,720,960,0.6912,0.75,0.4118,0.2506,218.0186,0.163,0.4514
train_3771.jpg,720,1559,1.1225,0.4618,0.5454,0.1341,23.5067,0.2024,0.6075
train_3772.jpg,720,960,0.6912,0.75,0.4849,0.1859,32.1348,0.5365,0.6092
train_3773.jpg,960,720,0.6912,1.3333,0.4707,0.2372,38.9936,0.211,0.5132
train_3774.jpg,960,720,0.6912,1.3333,0.4483,0.224,29.6414,0.335,0.5219
train_3775.jpg,720,720,0.5184,1.0,0.5118,0.1963,26.9109,0.2949,0.5862
train_3776.jpg,720,960,0.6912,0.75,0.5519,0.2774,19.339,0.057,0.5682
train_3777.jpg,720,960,0.6912,0.75,0.4892,0.2689,153.5272,0.2004,0.5191
train_3778.jpg,720,960,0.6912,0.75,0.542,0.1673,23.5109,0.2273,0.603
train_3779.jpg,960,720,0.6912,1.3333,0.5864,0.1795,206.5158,0.0869,0.6089
train_3780.jpg,720,960,0.6912,0.75,0.537,0.1463,30.5508,0.2015,0.5805
train_3781.jpg,720,1008,0.7258,0.7143,0.5048,0.1905,20.0146,0.1065,0.5315
train_3782.jpg,720,720,0.5184,1.0,0.4536,0.2207,103.8899,0.1511,0.4838
train_3783.jpg,960,720,0.6912,1.3333,0.5209,0.2231,32.5301,0.1793,0.5568
train_3784.jpg,720,960,0.6912,0.75,0.4741,0.2453,21.8102,0.2184,0.5279
train_3785.jpg,1080,720,0.7776,1.5,0.1615,0.1479,98.3684,0.6266,0.2285
train_3786.jpg,720,960,0.6912,0.75,0.4345,0.2117,45.1976,0.112,0.4516
train_3787.jpg,720,960,0.6912,0.75,0.5516,0.2227,36.5092,0.2261,0.6041
train_3788.jpg,720,960,0.6912,0.75,0.4726,0.211,34.517,0.2751,0.5309
train_3789.jpg,720,960,0.6912,0.75,0.5602,0.1648,37.3479,0.1326,0.5881
train_3790.jpg,720,960,0.6912,0.75,0.5019,0.1963,35.4896,0.3907,0.5796
train_3791.jpg,720,960,0.6912,0.75,0.7113,0.1332,67.5035,0.0557,0.7222
train_3792.jpg,720,960,0.6912,0.75,0.633,0.1122,357.5138,0.0167,0.6371
train_3794.jpg,959,720,0.6905,1.3319,0.4044,0.1831,8.9857,0.1927,0.4501
train_3795.jpg,1260,720,0.9072,1.75,0.5383,0.2542,198.4333,0.1578,0.5744
train_3797.jpg,720,960,0.6912,0.75,0.6042,0.1187,40.3507,0.1461,0.6329
train_3798.jpg,720,960,0.6912,0.75,0.4062,0.2404,341.3775,0.2168,0.4722
train_3799.jpg,720,1280,0.9216,0.5625,0.3119,0.0805,247.6801,0.5412,0.5734
train_3800.jpg,720,960,0.6912,0.75,0.4848,0.2561,221.1751,0.1536,0.5173
train_3801.jpg,1080,720,0.7776,1.5,0.207,0.177,177.936,0.1686,0.2249
train_3802.jpg,720,960,0.6912,0.75,0.3481,0.1826,90.9097,0.3997,0.4351
train_3804.jpg,720,960,0.6912,0.75,0.5318,0.2024,35.2585,0.1388,0.5667
train_3805.jpg,720,960,0.6912,0.75,0.3019,0.2018,3.9203,0.5339,0.4233
train_3806.jpg,720,960,0.6912,0.75,0.4376,0.2434,32.4108,0.3088,0.4897
train_3808.jpg,720,960,0.6912,0.75,0.6135,0.1893,38.8827,0.0831,0.6349
train_3809.jpg,720,960,0.6912,0.75,0.4708,0.2083,215.1887,0.3075,0.5704
train_3810.jpg,720,960,0.6912,0.75,0.5092,0.2104,30.5695,0.3781,0.5824
train_3811.jpg,1280,720,0.9216,1.7778,0.6213,0.1635,284.0114,0.0687,0.649
train_3812.jpg,720,960,0.6912,0.75,0.6081,0.1763,22.0813,0.0831,0.6292
train_3813.jpg,720,960,0.6912,0.75,0.5754,0.2065,16.763,0.1821,0.6174
train_3814.jpg,720,960,0.6912,0.75,0.6296,0.2231,123.0163,0.0984,0.6618
train_3815.jpg,960,720,0.6912,1.3333,0.4372,0.1822,31.3819,0.1332,0.4625
train_3816.jpg,720,960,0.6912,0.75,0.4984,0.2048,32.5886,0.2781,0.5519
train_3817.jpg,960,720,0.6912,1.3333,0.4405,0.2663,301.9498,0.1784,0.4874
train_3818.jpg,720,960,0.6912,0.75,0.4946,0.1514,35.6213,0.5807,0.6055
train_3819.jpg,720,720,0.5184,1.0,0.3804,0.1545,28.2123,0.3638,0.4529
train_3820.jpg,960,720,0.6912,1.3333,0.5149,0.2089,6.747,0.1944,0.5635
train_3821.jpg,720,960,0.6912,0.75,0.5747,0.2454,44.1202,0.1403,0.6095
train_3823.jpg,720,960,0.6912,0.75,0.5047,0.3428,9.6826,0.3541,0.5725
train_3825.jpg,720,960,0.6912,0.75,0.4941,0.2421,9.0894,0.2439,0.5541
train_3826.jpg,960,720,0.6912,1.3333,0.5634,0.1443,215.2535,0.1363,0.6167
train_3827.jpg,720,960,0.6912,0.75,0.536,0.216,194.6379,0.282,0.6226
train_3828.jpg,960,720,0.6912,1.3333,0.5436,0.219,153.5637,0.1202,0.5734
train_3829.jpg,960,720,0.6912,1.3333,0.5499,0.1863,37.5379,0.4067,0.6527
train_3831.jpg,720,960,0.6912,0.75,0.5137,0.2396,271.1014,0.0645,0.5257
train_3832.jpg,720,960,0.6912,0.75,0.5761,0.2482,359.9084,0.1434,0.6222
train_3833.jpg,720,1280,0.9216,0.5625,0.601,0.2271,185.2924,0.1435,0.6362
train_3834.jpg,720,960,0.6912,0.75,0.506,0.1571,30.913,0.0937,0.5291
train_3835.jpg,720,960,0.6912,0.75,0.5303,0.2981,36.2524,0.1086,0.5477
train_3836.jpg,720,960,0.6912,0.75,0.486,0.2277,28.5415,0.2409,0.5397
train_3838.jpg,720,960,0.6912,0.75,0.3611,0.2218,27.0851,0.311,0.4151
train_3840.jpg,720,960,0.6912,0.75,0.4762,0.2485,221.5637,0.2352,0.5372
train_3842.jpg,720,960,0.6912,0.75,0.4884,0.1746,348.9671,0.1314,0.5256
train_3843.jpg,960,720,0.6912,1.3333,0.5498,0.2106,20.7751,0.1796,0.605
train_3844.jpg,720,960,0.6912,0.75,0.4361,0.228,149.0772,0.1175,0.4513
train_3845.jpg,720,960,0.6912,0.75,0.517,0.2041,39.1563,0.1164,0.544
train_3846.jpg,960,720,0.6912,1.3333,0.5791,0.1755,53.4915,0.0766,0.5979
train_3847.jpg,720,960,0.6912,0.75,0.533,0.1767,36.6278,0.237,0.5961
train_3849.jpg,720,960,0.6912,0.75,0.4972,0.1851,269.9565,0.1107,0.5235
train_3850.jpg,720,960,0.6912,0.75,0.4323,0.2988,194.0476,0.2045,0.4746
train_3851.jpg,720,960,0.6912,0.75,0.5207,0.2295,176.3671,0.1433,0.5557
train_3853.jpg,960,720,0.6912,1.3333,0.5066,0.2108,67.6562,0.1203,0.5304
train_3854.jpg,720,960,0.6912,0.75,0.5233,0.2721,321.4109,0.1458,0.5664
train_3855.jpg,720,960,0.6912,0.75,0.4919,0.1526,133.2609,0.2377,0.5483
train_3856.jpg,720,960,0.6912,0.75,0.4369,0.3033,207.5291,0.1022,0.4507
train_3857.jpg,720,960,0.6912,0.75,0.4364,0.2019,51.5161,0.2471,0.48
train_3858.jpg,720,960,0.6912,0.75,0.4775,0.3181,226.6543,0.1317,0.5125
train_3859.jpg,720,960,0.6912,0.75,0.4236,0.235,351.2663,0.449,0.6178
train_3861.jpg,960,720,0.6912,1.3333,0.3899,0.2145,217.8059,0.2596,0.4483
train_3862.jpg,720,960,0.6912,0.75,0.652,0.1805,37.373,0.086,0.6715
train_3863.jpg,960,720,0.6912,1.3333,0.5469,0.2536,312.0477,0.3044,0.6392
train_3864.jpg,720,960,0.6912,0.75,0.4257,0.2123,98.3327,0.339,0.5075
train_3867.jpg,720,960,0.6912,0.75,0.3157,0.2226,19.7071,0.5376,0.4095
train_3868.jpg,960,720,0.6912,1.3333,0.3052,0.2143,30.4407,0.1888,0.3223
train_3869.jpg,720,789,0.5681,0.9125,0.5026,0.1179,172.7663,0.1303,0.5345
train_3870.jpg,720,960,0.6912,0.75,0.3407,0.2209,61.6662,0.5525,0.3983
train_3871.jpg,720,1279,0.9209,0.5629,0.3989,0.2704,82.81,0.1569,0.418
train_3872.jpg,720,960,0.6912,0.75,0.558,0.278,245.153,0.1088,0.5867
train_3874.jpg,720,1280,0.9216,0.5625,0.5516,0.2436,17.5963,0.1273,0.5852
train_3875.jpg,960,720,0.6912,1.3333,0.4847,0.2032,22.403,0.2431,0.5456
train_3876.jpg,720,960,0.6912,0.75,0.6771,0.1743,208.4443,0.1422,0.7299
train_3877.jpg,720,960,0.6912,0.75,0.4255,0.1983,33.1146,0.3555,0.5106
train_3878.jpg,960,720,0.6912,1.3333,0.4713,0.2505,42.5435,0.2419,0.5163
train_3880.jpg,720,960,0.6912,0.75,0.4192,0.2303,39.9638,0.2202,0.4542
train_3881.jpg,720,720,0.5184,1.0,0.2754,0.2012,324.791,0.4447,0.3724
train_3882.jpg,720,960,0.6912,0.75,0.5857,0.2743,44.9654,0.0788,0.5982
train_3884.jpg,720,960,0.6912,0.75,0.4104,0.203,340.1622,0.1774,0.4599
train_3885.jpg,960,720,0.6912,1.3333,0.4435,0.1806,53.2643,0.1097,0.4559
train_3886.jpg,720,960,0.6912,0.75,0.3719,0.216,157.2722,0.1802,0.4019
train_3887.jpg,720,1481,1.0663,0.4862,0.6746,0.2399,21.7834,0.1758,0.7138
train_3888.jpg,720,960,0.6912,0.75,0.5012,0.238,198.2222,0.2703,0.5912
train_3889.jpg,960,720,0.6912,1.3333,0.5561,0.2309,178.4904,0.1435,0.5955
train_3890.jpg,720,960,0.6912,0.75,0.4742,0.2249,236.6735,0.2095,0.5416
train_3891.jpg,720,1279,0.9209,0.5629,0.3163,0.206,99.8511,0.3943,0.3789
train_3892.jpg,960,720,0.6912,1.3333,0.4457,0.2269,13.1934,0.4411,0.558
train_3893.jpg,720,960,0.6912,0.75,0.5077,0.1583,22.1915,0.1885,0.5558
train_3896.jpg,720,960,0.6912,0.75,0.5261,0.2238,65.135,0.0988,0.5422
train_3897.jpg,720,960,0.6912,0.75,0.3684,0.1964,211.1902,0.2266,0.4151
train_3898.jpg,1279,720,0.9209,1.7764,0.6257,0.1646,7.4883,0.1352,0.6646
train_3899.jpg,720,960,0.6912,0.75,0.586,0.1974,30.8916,0.1104,0.6124
train_3901.jpg,960,720,0.6912,1.3333,0.4959,0.2116,184.7511,0.2134,0.5632
train_3902.jpg,720,1279,0.9209,0.5629,0.4682,0.2022,159.5203,0.3272,0.5335
train_3903.jpg,720,960,0.6912,0.75,0.5499,0.2883,19.7108,0.2237,0.6031
train_3904.jpg,960,720,0.6912,1.3333,0.437,0.2657,68.707,0.2412,0.4844
train_3906.jpg,720,960,0.6912,0.75,0.4956,0.1959,72.8734,0.0681,0.5075
train_3907.jpg,720,720,0.5184,1.0,0.3968,0.2203,10.1364,0.3538,0.4761
train_3908.jpg,720,960,0.6912,0.75,0.5729,0.1553,34.0446,0.1262,0.6017
train_3909.jpg,720,1279,0.9209,0.5629,0.4387,0.2354,27.9902,0.3675,0.5073
train_3910.jpg,720,960,0.6912,0.75,0.4802,0.2585,147.7653,0.2483,0.5426
train_3912.jpg,720,960,0.6912,0.75,0.449,0.2058,38.2845,0.2134,0.4987
train_3913.jpg,720,960,0.6912,0.75,0.4644,0.2391,166.6836,0.124,0.4843
train_3914.jpg,720,960,0.6912,0.75,0.4655,0.1901,152.3101,0.2985,0.5429
train_3915.jpg,720,960,0.6912,0.75,0.386,0.2459,79.7641,0.4063,0.4174
train_3916.jpg,720,960,0.6912,0.75,0.4549,0.2558,328.7452,0.1666,0.4941
train_3917.jpg,720,960,0.6912,0.75,0.337,0.2037,38.2612,0.3364,0.392
train_3918.jpg,960,720,0.6912,1.3333,0.475,0.1937,34.3086,0.1327,0.5062
train_3919.jpg,720,720,0.5184,1.0,0.635,0.1631,43.5169,0.0339,0.6413
train_3920.jpg,960,720,0.6912,1.3333,0.5571,0.2286,99.6822,0.0444,0.5648
train_3921.jpg,720,1278,0.9202,0.5634,0.3961,0.1992,172.7141,0.1297,0.4147
train_3922.jpg,720,960,0.6912,0.75,0.2513,0.2143,26.5478,0.3216,0.285
train_3923.jpg,720,720,0.5184,1.0,0.6861,0.1836,22.7154,0.2028,0.7573
train_3924.jpg,720,960,0.6912,0.75,0.5231,0.2648,79.4888,0.0831,0.5358
train_3925.jpg,720,960,0.6912,0.75,0.3426,0.1561,38.0417,0.2131,0.376
train_3926.jpg,960,720,0.6912,1.3333,0.6067,0.1516,27.3498,0.2153,0.6652
train_3927.jpg,720,960,0.6912,0.75,0.3588,0.2542,25.2704,0.2516,0.4027
train_3928.jpg,720,960,0.6912,0.75,0.5657,0.2247,37.5685,0.141,0.5998
train_3929.jpg,720,960,0.6912,0.75,0.6807,0.1864,35.95,0.1773,0.7226
train_3930.jpg,960,720,0.6912,1.3333,0.3732,0.256,166.9846,0.2059,0.4085
train_3931.jpg,720,960,0.6912,0.75,0.3506,0.2479,245.7878,0.2274,0.3923
train_3933.jpg,720,1041,0.7495,0.6916,0.3952,0.2086,25.4126,0.4867,0.4975
train_3934.jpg,720,960,0.6912,0.75,0.4983,0.2394,28.0089,0.2377,0.55
train_3935.jpg,720,960,0.6912,0.75,0.6207,0.1893,342.7308,0.0738,0.643
train_3936.jpg,960,720,0.6912,1.3333,0.5447,0.1977,37.7909,0.1199,0.5772
train_3937.jpg,720,960,0.6912,0.75,0.4845,0.1951,150.2068,0.2825,0.5748
train_3938.jpg,720,960,0.6912,0.75,0.5107,0.1952,196.0101,0.192,0.5612
train_3939.jpg,720,960,0.6912,0.75,0.4036,0.2219,213.0533,0.2146,0.4534
train_3940.jpg,720,960,0.6912,0.75,0.5728,0.1978,25.5551,0.2064,0.632
train_3941.jpg,720,960,0.6912,0.75,0.4541,0.226,255.8213,0.194,0.5128
train_3942.jpg,720,960,0.6912,0.75,0.6935,0.2167,19.2481,0.0969,0.7183
train_3943.jpg,960,720,0.6912,1.3333,0.4187,0.2254,23.5791,0.3686,0.4915
train_3944.jpg,720,960,0.6912,0.75,0.3848,0.1661,269.9434,0.1625,0.4248
train_3945.jpg,1279,720,0.9209,1.7764,0.5237,0.2061,154.1597,0.1444,0.5615
train_3946.jpg,720,960,0.6912,0.75,0.5374,0.0905,201.8687,0.4253,0.7044
train_3947.jpg,720,960,0.6912,0.75,0.5356,0.2392,204.601,0.3044,0.6587
train_3948.jpg,720,960,0.6912,0.75,0.5033,0.2823,221.328,0.1297,0.5283
train_3949.jpg,960,720,0.6912,1.3333,0.4967,0.2646,211.4796,0.2984,0.5874
train_3952.jpg,720,1280,0.9216,0.5625,0.6119,0.2786,253.894,0.1311,0.6408
train_3953.jpg,960,720,0.6912,1.3333,0.2738,0.2295,262.7595,0.4562,0.441
train_3954.jpg,720,960,0.6912,0.75,0.5359,0.1498,24.456,0.2405,0.5975
train_3955.jpg,720,960,0.6912,0.75,0.5198,0.1611,201.139,0.1355,0.5557
train_3956.jpg,720,960,0.6912,0.75,0.4495,0.2445,308.4905,0.2588,0.5441
train_3957.jpg,720,960,0.6912,0.75,0.3659,0.2146,21.0946,0.1511,0.3913
train_3958.jpg,960,720,0.6912,1.3333,0.4807,0.2294,58.6269,0.1689,0.5166
train_3959.jpg,720,960,0.6912,0.75,0.4624,0.2648,3.3922,0.1481,0.494
train_3960.jpg,720,960,0.6912,0.75,0.474,0.2037,16.6204,0.1214,0.5028
train_3961.jpg,1299,720,0.9353,1.8042,0.3053,0.2183,223.8488,0.1984,0.3365
train_3962.jpg,959,720,0.6905,1.3319,0.5417,0.2312,185.4397,0.0778,0.5548
train_3963.jpg,960,720,0.6912,1.3333,0.5966,0.2662,270.8332,0.1071,0.617
train_3964.jpg,908,720,0.6538,1.2611,0.3551,0.2733,44.3408,0.4854,0.4424
train_3965.jpg,960,720,0.6912,1.3333,0.452,0.2133,104.4771,0.1951,0.4772
train_3966.jpg,960,720,0.6912,1.3333,0.5708,0.1907,66.9754,0.0955,0.5877
train_3967.jpg,720,960,0.6912,0.75,0.5945,0.1486,227.9318,0.072,0.6204
train_3968.jpg,720,960,0.6912,0.75,0.4923,0.2636,42.1906,0.3074,0.5457
train_3969.jpg,720,960,0.6912,0.75,0.5344,0.2001,40.4473,0.3413,0.5964
train_3970.jpg,720,960,0.6912,0.75,0.5289,0.172,30.9565,0.1405,0.5605
train_3971.jpg,720,1080,0.7776,0.6667,0.4522,0.263,130.7253,0.1764,0.488
train_3972.jpg,960,720,0.6912,1.3333,0.4749,0.2,201.2497,0.1075,0.4985
train_3973.jpg,720,960,0.6912,0.75,0.4362,0.3431,180.5922,0.2079,0.4708
train_3974.jpg,720,1280,0.9216,0.5625,0.5458,0.2671,38.1491,0.4252,0.6701
train_3975.jpg,720,960,0.6912,0.75,0.6369,0.222,23.5342,0.1222,0.6738
train_3976.jpg,720,960,0.6912,0.75,0.4717,0.2099,23.7937,0.3096,0.5449
train_3977.jpg,720,960,0.6912,0.75,0.5123,0.2616,357.6973,0.4043,0.6496
train_3978.jpg,1279,720,0.9209,1.7764,0.546,0.198,219.2216,0.1659,0.5931
train_3979.jpg,720,960,0.6912,0.75,0.3972,0.1899,56.4544,0.1691,0.4245
train_3980.jpg,720,960,0.6912,0.75,0.1219,0.165,338.6901,0.3687,0.1494
train_3981.jpg,720,960,0.6912,0.75,0.6011,0.254,16.3274,0.2267,0.6578
train_3982.jpg,995,720,0.7164,1.3819,0.4075,0.2548,34.1852,0.2262,0.4489
train_3983.jpg,720,960,0.6912,0.75,0.4926,0.1784,210.7583,0.511,0.6946
train_3984.jpg,720,960,0.6912,0.75,0.3333,0.1878,15.9565,0.3845,0.405
train_3985.jpg,720,960,0.6912,0.75,0.5655,0.2139,37.2477,0.216,0.6152
train_3986.jpg,720,960,0.6912,0.75,0.5211,0.2421,201.3198,0.2635,0.6019
train_3987.jpg,1320,720,0.9504,1.8333,0.4268,0.2702,62.5151,0.333,0.478
train_3988.jpg,720,960,0.6912,0.75,0.539,0.2985,11.8486,0.1505,0.5638
train_3989.jpg,1280,720,0.9216,1.7778,0.6282,0.1649,357.67,0.1281,0.6659
train_3990.jpg,720,960,0.6912,0.75,0.4704,0.1455,30.3199,0.2516,0.5393
train_3991.jpg,960,720,0.6912,1.3333,0.4159,0.2272,25.2563,0.4219,0.5058
train_3992.jpg,720,1282,0.923,0.5616,0.4766,0.2006,14.7121,0.355,0.5927
train_3993.jpg,720,751,0.5407,0.9587,0.329,0.2368,316.3658,0.4723,0.4562
train_3994.jpg,1280,720,0.9216,1.7778,0.5422,0.2798,23.6239,0.1179,0.5649
train_3995.jpg,720,960,0.6912,0.75,0.4508,0.2131,51.7321,0.1565,0.4812
train_3996.jpg,720,1558,1.1218,0.4621,0.4383,0.2796,24.634,0.1117,0.4633
train_3997.jpg,960,720,0.6912,1.3333,0.2962,0.2125,226.6042,0.3024,0.3662
train_3998.jpg,720,960,0.6912,0.75,0.3576,0.2181,19.1909,0.4463,0.4528
train_3999.jpg,960,720,0.6912,1.3333,0.5664,0.1393,32.5876,0.1288,0.598
train_4000.jpg,960,720,0.6912,1.3333,0.4931,0.307,26.1949,0.1864,0.5192
train_4001.jpg,720,960,0.6912,0.75,0.4746,0.2562,198.0732,0.255,0.5481
train_4002.jpg,720,960,0.6912,0.75,0.6181,0.2085,265.5378,0.22,0.6841
train_4003.jpg,720,960,0.6912,0.75,0.4593,0.0884,166.8647,0.1141,0.4793
train_4005.jpg,960,720,0.6912,1.3333,0.2233,0.2187,260.7766,0.2526,0.265
train_4007.jpg,720,960,0.6912,0.75,0.5859,0.2147,69.8078,0.1937,0.6206
train_4008.jpg,960,720,0.6912,1.3333,0.578,0.2631,250.2412,0.1979,0.6351
train_4010.jpg,720,720,0.5184,1.0,0.3627,0.169,0.1834,0.1794,0.4028
train_4011.jpg,720,960,0.6912,0.75,0.4319,0.2558,320.5042,0.1835,0.4794
train_4012.jpg,720,960,0.6912,0.75,0.5894,0.2305,190.6802,0.1562,0.6308
train_4013.jpg,720,1279,0.9209,0.5629,0.6557,0.1451,6.4377,0.0147,0.6598
train_4014.jpg,1280,720,0.9216,1.7778,0.4232,0.2142,16.5907,0.2079,0.4695
train_4015.jpg,720,960,0.6912,0.75,0.542,0.2288,194.3162,0.194,0.584
train_4016.jpg,720,960,0.6912,0.75,0.4433,0.2252,17.8097,0.3743,0.5289
train_4017.jpg,720,960,0.6912,0.75,0.4883,0.2479,26.6601,0.2073,0.5331
train_4018.jpg,720,960,0.6912,0.75,0.8945,0.1272,17.894,0.0893,0.9329
train_4019.jpg,960,720,0.6912,1.3333,0.6024,0.1422,28.2648,0.1206,0.6297
train_4020.jpg,960,720,0.6912,1.3333,0.4656,0.2953,239.2937,0.2082,0.5088
train_4021.jpg,720,960,0.6912,0.75,0.4578,0.2175,212.8056,0.3889,0.6011
train_4023.jpg,720,960,0.6912,0.75,0.5641,0.1996,46.6047,0.3918,0.6305
train_4024.jpg,720,960,0.6912,0.75,0.4919,0.229,31.7567,0.1799,0.5264
train_4025.jpg,720,960,0.6912,0.75,0.5104,0.2126,51.5742,0.2114,0.5549
train_4026.jpg,960,720,0.6912,1.3333,0.5156,0.1814,25.8212,0.2107,0.5691
train_4027.jpg,720,960,0.6912,0.75,0.5676,0.191,23.4896,0.2036,0.6147
train_4028.jpg,720,960,0.6912,0.75,0.5241,0.2319,33.0112,0.1602,0.5614
train_4029.jpg,720,960,0.6912,0.75,0.3818,0.2545,340.3138,0.1581,0.4142
train_4031.jpg,720,1280,0.9216,0.5625,0.5153,0.2094,213.4132,0.3325,0.6551
train_4032.jpg,960,720,0.6912,1.3333,0.2582,0.2414,213.5513,0.2665,0.2971
train_4033.jpg,959,720,0.6905,1.3319,0.448,0.2101,143.2366,0.3212,0.5346
train_4034.jpg,960,720,0.6912,1.3333,0.6337,0.1293,313.7249,0.1182,0.6837
train_4036.jpg,720,960,0.6912,0.75,0.571,0.2317,39.5643,0.1892,0.5974
train_4038.jpg,720,960,0.6912,0.75,0.5518,0.2085,216.3378,0.2692,0.6667
train_4040.jpg,720,960,0.6912,0.75,0.4114,0.1022,11.5975,0.1183,0.44
train_4041.jpg,960,720,0.6912,1.3333,0.4314,0.223,353.7102,0.2724,0.5035
train_4042.jpg,720,1279,0.9209,0.5629,0.4998,0.2289,218.5244,0.2644,0.5802
train_4043.jpg,960,720,0.6912,1.3333,0.5037,0.1997,28.2335,0.1379,0.5316
train_4044.jpg,960,720,0.6912,1.3333,0.4409,0.252,29.7166,0.1588,0.4712
train_4045.jpg,960,720,0.6912,1.3333,0.473,0.2105,212.0349,0.4145,0.6272
train_4046.jpg,720,960,0.6912,0.75,0.4949,0.275,225.0876,0.2526,0.5518
train_4047.jpg,720,960,0.6912,0.75,0.5136,0.2661,350.0591,0.2287,0.5617
train_4048.jpg,720,960,0.6912,0.75,0.4625,0.1891,27.9383,0.1578,0.4965
train_4049.jpg,720,720,0.5184,1.0,0.5356,0.1923,216.8549,0.2137,0.6233
train_4050.jpg,720,960,0.6912,0.75,0.4531,0.285,35.1677,0.2412,0.4857
train_4052.jpg,720,720,0.5184,1.0,0.4352,0.2306,32.1412,0.1798,0.4655
train_4053.jpg,960,720,0.6912,1.3333,0.4705,0.2397,214.8249,0.232,0.5355
train_4054.jpg,960,720,0.6912,1.3333,0.5679,0.1547,91.7074,0.1486,0.5936
train_4055.jpg,960,720,0.6912,1.3333,0.5209,0.2056,53.3734,0.1848,0.5637
train_4056.jpg,720,960,0.6912,0.75,0.6675,0.1223,43.9427,0.0661,0.6781
train_4057.jpg,720,960,0.6912,0.75,0.4272,0.2454,142.2161,0.3087,0.5079
train_4058.jpg,720,960,0.6912,0.75,0.5563,0.1945,64.3882,0.1304,0.5864
train_4059.jpg,720,960,0.6912,0.75,0.4294,0.176,33.45,0.3797,0.5021
train_4060.jpg,720,846,0.6091,0.8511,0.4066,0.234,244.2952,0.1988,0.4706
train_4062.jpg,720,960,0.6912,0.75,0.4804,0.261,263.8904,0.1561,0.5276
train_4063.jpg,720,960,0.6912,0.75,0.3832,0.2296,0.1875,0.2435,0.4558
train_4064.jpg,720,960,0.6912,0.75,0.5385,0.1921,126.14,0.1637,0.5832
train_4065.jpg,720,1280,0.9216,0.5625,0.4524,0.2425,43.9008,0.1987,0.4937
train_4066.jpg,720,960,0.6912,0.75,0.4368,0.1909,183.8735,0.1016,0.4614
train_4067.jpg,960,720,0.6912,1.3333,0.4888,0.1717,180.2495,0.2516,0.5632
train_4068.jpg,960,720,0.6912,1.3333,0.4804,0.2155,6.0843,0.1772,0.5396
train_4069.jpg,960,720,0.6912,1.3333,0.5001,0.1867,32.8918,0.1467,0.5315
train_4071.jpg,960,720,0.6912,1.3333,0.3687,0.1457,30.4111,0.3698,0.4504
train_4072.jpg,720,729,0.5249,0.9877,0.3185,0.2374,10.548,0.3041,0.3609
train_4074.jpg,720,1279,0.9209,0.5629,0.4163,0.1841,52.0805,0.2083,0.4598
train_4075.jpg,960,720,0.6912,1.3333,0.4112,0.2179,238.9137,0.1384,0.4411
train_4076.jpg,720,960,0.6912,0.75,0.4341,0.0644,40.7104,0.1783,0.4582
train_4077.jpg,720,960,0.6912,0.75,0.4467,0.1842,70.4105,0.29,0.4857
train_4078.jpg,720,1138,0.8194,0.6327,0.7349,0.3341,115.1237,0.1054,0.748
train_4080.jpg,720,720,0.5184,1.0,0.4465,0.2182,135.7643,0.1982,0.4874
train_4081.jpg,960,720,0.6912,1.3333,0.4681,0.2453,181.3887,0.1472,0.4963
train_4082.jpg,720,960,0.6912,0.75,0.5854,0.2281,17.7429,0.1989,0.6339
train_4083.jpg,720,960,0.6912,0.75,0.5163,0.2296,96.6013,0.3697,0.5872
train_4084.jpg,720,960,0.6912,0.75,0.6363,0.2031,61.1032,0.0432,0.6428
train_4085.jpg,720,960,0.6912,0.75,0.5497,0.2394,247.8663,0.2159,0.6056
train_4086.jpg,720,960,0.6912,0.75,0.4269,0.1912,167.5721,0.2143,0.4675
train_4087.jpg,720,960,0.6912,0.75,0.4952,0.1374,192.0205,0.4192,0.6302
train_4088.jpg,720,960,0.6912,0.75,0.5728,0.1187,60.9652,0.1645,0.6066
train_4089.jpg,960,720,0.6912,1.3333,0.5085,0.2356,147.8758,0.1896,0.5459
train_4090.jpg,720,960,0.6912,0.75,0.4152,0.2343,127.585,0.1751,0.4434
train_4091.jpg,720,720,0.5184,1.0,0.4241,0.2304,26.6529,0.3953,0.5254
train_4092.jpg,720,960,0.6912,0.75,0.5921,0.2314,27.2737,0.1418,0.6196
train_4093.jpg,720,960,0.6912,0.75,0.6107,0.1884,21.4612,0.0789,0.628
train_4094.jpg,720,960,0.6912,0.75,0.4903,0.2378,117.1265,0.1798,0.5204
train_4095.jpg,960,720,0.6912,1.3333,0.5301,0.2467,219.8832,0.2013,0.5875
train_4096.jpg,720,1280,0.9216,0.5625,0.4199,0.2064,23.3223,0.1535,0.4529
train_4097.jpg,1280,720,0.9216,1.7778,0.346,0.1725,210.6074,0.3898,0.4358
train_4098.jpg,720,1279,0.9209,0.5629,0.4049,0.2108,221.7216,0.1769,0.4443
train_4099.jpg,720,891,0.6415,0.8081,0.5611,0.2009,27.0268,0.125,0.5882
train_4100.jpg,720,960,0.6912,0.75,0.4954,0.2068,18.8156,0.3096,0.5906
train_4101.jpg,1096,720,0.7891,1.5222,0.5951,0.2704,50.4652,0.2265,0.6413
train_4102.jpg,720,960,0.6912,0.75,0.3817,0.1754,222.5542,0.3275,0.5295
train_4103.jpg,960,720,0.6912,1.3333,0.5819,0.1523,30.858,0.2571,0.6459
train_4104.jpg,720,1558,1.1218,0.4621,0.2161,0.1786,15.8237,0.4228,0.2784
train_4105.jpg,960,720,0.6912,1.3333,0.4445,0.2313,37.1458,0.3932,0.5217
train_4106.jpg,720,960,0.6912,0.75,0.4938,0.1825,38.764,0.2725,0.5466
train_4107.jpg,960,720,0.6912,1.3333,0.45,0.2136,25.8953,0.5704,0.5856
train_4108.jpg,960,720,0.6912,1.3333,0.2679,0.2257,107.2366,0.3618,0.2968
train_4109.jpg,1080,720,0.7776,1.5,0.1878,0.1812,246.3465,0.1868,0.2062
train_4110.jpg,960,720,0.6912,1.3333,0.525,0.2327,200.0277,0.1674,0.5753
train_4111.jpg,720,960,0.6912,0.75,0.5278,0.2094,341.3516,0.1641,0.5654
train_4112.jpg,720,960,0.6912,0.75,0.5568,0.2792,276.3585,0.1678,0.6013
train_4113.jpg,720,960,0.6912,0.75,0.4006,0.2161,334.925,0.2469,0.4679
train_4114.jpg,720,960,0.6912,0.75,0.4731,0.2209,37.6725,0.0956,0.4907
train_4115.jpg,720,960,0.6912,0.75,0.2752,0.2297,207.1024,0.1878,0.3098
train_4116.jpg,960,720,0.6912,1.3333,0.4391,0.2015,231.7393,0.1378,0.474
train_4117.jpg,720,1282,0.923,0.5616,0.6017,0.1445,44.5618,0.1261,0.6317
train_4118.jpg,960,720,0.6912,1.3333,0.4505,0.2288,249.3047,0.1801,0.4943
train_4120.jpg,960,720,0.6912,1.3333,0.582,0.2794,19.974,0.2469,0.6431
train_4121.jpg,720,1279,0.9209,0.5629,0.4557,0.2143,216.4835,0.313,0.5746
train_4122.jpg,720,960,0.6912,0.75,0.512,0.1969,227.3157,0.2499,0.5735
train_4123.jpg,720,1279,0.9209,0.5629,0.4319,0.1652,15.7481,0.2095,0.4841
train_4124.jpg,720,1280,0.9216,0.5625,0.5699,0.252,3.5063,0.1764,0.6081
train_4125.jpg,720,960,0.6912,0.75,0.3617,0.2182,14.7199,0.2837,0.4138
train_4126.jpg,720,960,0.6912,0.75,0.5247,0.2383,34.5929,0.3604,0.6259
train_4127.jpg,720,1215,0.8748,0.5926,0.408,0.1644,214.3691,0.1625,0.4485
train_4128.jpg,720,960,0.6912,0.75,0.5227,0.1971,25.702,0.2727,0.5883
train_4129.jpg,720,960,0.6912,0.75,0.4774,0.2495,29.7155,0.62,0.6261
train_4130.jpg,960,720,0.6912,1.3333,0.5262,0.2324,43.0548,0.2051,0.5567
train_4133.jpg,1279,720,0.9209,1.7764,0.4008,0.2261,197.8355,0.3905,0.5126
train_4135.jpg,720,960,0.6912,0.75,0.5922,0.2395,194.9758,0.136,0.6267
train_4136.jpg,1279,720,0.9209,1.7764,0.613,0.094,57.8861,0.0288,0.6178
train_4137.jpg,720,960,0.6912,0.75,0.513,0.1609,123.8133,0.3455,0.5746
train_4138.jpg,720,960,0.6912,0.75,0.499,0.2502,19.899,0.5893,0.6926
train_4139.jpg,960,720,0.6912,1.3333,0.4434,0.2265,17.0478,0.2339,0.4869
train_4140.jpg,720,960,0.6912,0.75,0.2817,0.1899,86.9542,0.215,0.3022
train_4142.jpg,720,960,0.6912,0.75,0.5062,0.2108,40.9609,0.2304,0.5473
train_4143.jpg,720,960,0.6912,0.75,0.434,0.2221,258.0556,0.2704,0.5261
train_4144.jpg,720,723,0.5206,0.9959,0.4912,0.1592,205.3501,0.3203,0.6057
train_4145.jpg,720,960,0.6912,0.75,0.4121,0.2299,9.5177,0.2134,0.4561
train_4147.jpg,960,720,0.6912,1.3333,0.3947,0.2578,24.3314,0.2171,0.4364
train_4148.jpg,720,960,0.6912,0.75,0.47,0.2305,36.6713,0.2236,0.5115
train_4149.jpg,720,960,0.6912,0.75,0.4669,0.1543,347.4657,0.4406,0.6262
train_4150.jpg,720,960,0.6912,0.75,0.5222,0.2216,2.4951,0.156,0.5664
train_4151.jpg,720,960,0.6912,0.75,0.5356,0.2312,212.564,0.1265,0.5724
train_4152.jpg,720,1279,0.9209,0.5629,0.405,0.2324,3.401,0.2705,0.4828
train_4153.jpg,720,1280,0.9216,0.5625,0.5902,0.1974,214.7518,0.2466,0.7001
train_4154.jpg,720,960,0.6912,0.75,0.4739,0.2377,221.5681,0.1262,0.5032
train_4155.jpg,720,1560,1.1232,0.4615,0.3027,0.1314,123.5204,0.2034,0.3262
train_4156.jpg,1280,720,0.9216,1.7778,0.4817,0.2188,205.5985,0.2726,0.5462
train_4157.jpg,720,960,0.6912,0.75,0.4938,0.1741,16.2925,0.0849,0.5112
train_4158.jpg,720,960,0.6912,0.75,0.5002,0.1956,192.4915,0.2405,0.5576
train_4159.jpg,720,960,0.6912,0.75,0.498,0.1967,19.1854,0.2446,0.5757
train_4160.jpg,720,960,0.6912,0.75,0.4958,0.1685,40.8927,0.293,0.5652
train_4161.jpg,720,960,0.6912,0.75,0.4428,0.2345,94.4206,0.2096,0.4736
train_4162.jpg,720,1280,0.9216,0.5625,0.6334,0.2068,209.9936,0.2118,0.7198
train_4163.jpg,720,960,0.6912,0.75,0.5056,0.2539,324.5054,0.2072,0.5564
train_4165.jpg,720,960,0.6912,0.75,0.3848,0.1853,197.8579,0.2226,0.4345
train_4166.jpg,960,720,0.6912,1.3333,0.4816,0.2121,30.4827,0.2703,0.531
train_4167.jpg,720,960,0.6912,0.75,0.4879,0.1842,7.288,0.2112,0.5522
train_4168.jpg,720,960,0.6912,0.75,0.6163,0.1653,201.9533,0.1477,0.6542
train_4170.jpg,720,960,0.6912,0.75,0.5576,0.2069,39.0456,0.3168,0.6089
train_4171.jpg,720,960,0.6912,0.75,0.4826,0.2206,254.2375,0.1283,0.5095
train_4172.jpg,720,960,0.6912,0.75,0.437,0.2196,17.7274,0.2738,0.5209
train_4173.jpg,720,1280,0.9216,0.5625,0.6687,0.1242,134.6703,0.0366,0.6763
train_4174.jpg,720,960,0.6912,0.75,0.6248,0.2133,20.3114,0.1402,0.6689
train_4175.jpg,720,1280,0.9216,0.5625,0.5397,0.2342,187.966,0.1775,0.5817
train_4176.jpg,720,960,0.6912,0.75,0.4532,0.1744,54.8286,0.4611,0.5157
train_4177.jpg,720,795,0.5724,0.9057,0.4389,0.215,30.6694,0.2585,0.4858
train_4178.jpg,720,1280,0.9216,0.5625,0.6361,0.0364,,0.0313,0.6401
train_4179.jpg,720,960,0.6912,0.75,0.4388,0.2004,34.3148,0.36,0.5203
train_4180.jpg,720,960,0.6912,0.75,0.5757,0.2347,28.0984,0.2247,0.6275
train_4181.jpg,720,960,0.6912,0.75,0.5229,0.2464,201.0138,0.1218,0.5534
train_4182.jpg,960,720,0.6912,1.3333,0.4822,0.2209,36.26,0.2093,0.5271
train_4183.jpg,720,960,0.6912,0.75,0.4704,0.2765,96.5608,0.0688,0.476
train_4184.jpg,720,1279,0.9209,0.5629,0.4619,0.248,21.3851,0.337,0.528
train_4185.jpg,720,960,0.6912,0.75,0.4122,0.2125,174.2751,0.2425,0.4631
train_4187.jpg,720,960,0.6912,0.75,0.2233,0.1583,140.4333,0.41,0.2818
train_4188.jpg,720,960,0.6912,0.75,0.4466,0.241,339.0388,0.1687,0.4935
train_4189.jpg,720,960,0.6912,0.75,0.4701,0.2957,270.9529,0.2532,0.5283
train_4190.jpg,720,960,0.6912,0.75,0.5973,0.2439,198.381,0.1541,0.6394
train_4191.jpg,720,960,0.6912,0.75,0.4498,0.1902,230.7902,0.3511,0.5765
train_4193.jpg,960,720,0.6912,1.3333,0.5038,0.2098,344.3719,0.2172,0.5644
train_4194.jpg,720,898,0.6466,0.8018,0.4895,0.1648,95.6497,0.2435,0.541
train_4195.jpg,720,960,0.6912,0.75,0.5146,0.2478,44.0195,0.112,0.5323
train_4196.jpg,720,960,0.6912,0.75,0.565,0.2259,34.4236,0.2298,0.6083
train_4197.jpg,960,720,0.6912,1.3333,0.4334,0.1433,34.9587,0.1113,0.4562
train_4198.jpg,720,1029,0.7409,0.6997,0.3495,0.2354,262.4443,0.3205,0.4345
train_4199.jpg,720,960,0.6912,0.75,0.3301,0.1307,72.6711,0.1879,0.3523
train_4200.jpg,720,960,0.6912,0.75,0.4284,0.2465,143.714,0.2547,0.4686
train_4201.jpg,720,772,0.5558,0.9326,0.4284,0.2301,35.0892,0.3067,0.5266
train_4202.jpg,720,960,0.6912,0.75,0.5601,0.2105,332.2536,0.0663,0.5753
train_4203.jpg,960,720,0.6912,1.3333,0.4865,0.2027,23.4864,0.1155,0.5072
train_4204.jpg,960,720,0.6912,1.3333,0.4601,0.2067,170.9794,0.253,0.5077
train_4205.jpg,720,960,0.6912,0.75,0.5179,0.234,45.1231,0.2725,0.5709
train_4206.jpg,720,960,0.6912,0.75,0.6554,0.2206,46.7493,0.1136,0.6817
train_4207.jpg,720,960,0.6912,0.75,0.3285,0.2222,11.3257,0.4877,0.461
train_4208.jpg,720,960,0.6912,0.75,0.4747,0.1941,30.218,0.3835,0.5542
train_4209.jpg,720,960,0.6912,0.75,0.5261,0.1865,199.1207,0.2316,0.6047
train_4210.jpg,720,960,0.6912,0.75,0.5669,0.1734,32.7427,0.2136,0.6166
train_4211.jpg,720,960,0.6912,0.75,0.5376,0.2517,49.088,0.2816,0.5802
train_4212.jpg,720,960,0.6912,0.75,0.5232,0.2423,211.9662,0.1886,0.5945
train_4213.jpg,960,720,0.6912,1.3333,0.4777,0.1863,242.6088,0.1572,0.5175
train_4214.jpg,960,720,0.6912,1.3333,0.4776,0.2113,94.5358,0.2575,0.5205
train_4215.jpg,720,960,0.6912,0.75,0.5391,0.2427,231.3075,0.2787,0.6137
train_4216.jpg,720,960,0.6912,0.75,0.4766,0.1711,18.4858,0.243,0.5489
train_4217.jpg,720,960,0.6912,0.75,0.5572,0.1812,46.7627,0.0582,0.5673
train_4218.jpg,720,960,0.6912,0.75,0.4848,0.24,195.7191,0.1161,0.5117
train_4219.jpg,720,720,0.5184,1.0,0.505,0.192,201.7585,0.1857,0.5641
train_4220.jpg,720,960,0.6912,0.75,0.5371,0.24,289.0745,0.312,0.6193
train_4221.jpg,720,960,0.6912,0.75,0.4815,0.2314,194.0338,0.2847,0.5486
train_4222.jpg,960,720,0.6912,1.3333,0.4362,0.2158,21.1895,0.149,0.4626
train_4223.jpg,720,720,0.5184,1.0,0.5557,0.2548,327.8554,0.1641,0.6035
train_4224.jpg,960,720,0.6912,1.3333,0.641,0.1536,28.7272,0.1341,0.6793
train_4225.jpg,960,720,0.6912,1.3333,0.4226,0.2233,112.0323,0.1976,0.4576
train_4227.jpg,720,960,0.6912,0.75,0.3465,0.1728,42.7982,0.3248,0.3974
train_4228.jpg,720,960,0.6912,0.75,0.4976,0.2168,135.8528,0.22,0.5484
train_4229.jpg,720,960,0.6912,0.75,0.4784,0.206,199.7714,0.2065,0.5316
train_4230.jpg,720,960,0.6912,0.75,0.551,0.2134,33.2489,0.2506,0.6338
train_4231.jpg,960,720,0.6912,1.3333,0.435,0.2316,210.1178,0.2868,0.5203
train_4232.jpg,720,960,0.6912,0.75,0.3825,0.2417,29.9109,0.294,0.442
train_4234.jpg,720,1280,0.9216,0.5625,0.4477,0.1644,216.169,0.3256,0.5848
train_4235.jpg,720,960,0.6912,0.75,0.1987,0.3056,52.5409,0.2265,0.2047
train_4236.jpg,720,960,0.6912,0.75,0.6158,0.1684,35.62,0.1344,0.64
train_4237.jpg,959,720,0.6905,1.3319,0.5058,0.2151,302.2902,0.1357,0.544
train_4238.jpg,720,960,0.6912,0.75,0.5024,0.186,219.6884,0.2284,0.5778
train_4239.jpg,960,720,0.6912,1.3333,0.4984,0.1706,227.7529,0.1298,0.5319
train_4240.jpg,1542,720,1.1102,2.1417,0.4083,0.2308,213.4887,0.1889,0.457
train_4241.jpg,1279,720,0.9209,1.7764,0.52,0.2229,21.748,0.2332,0.5942
train_4242.jpg,720,960,0.6912,0.75,0.4675,0.2488,221.9494,0.2864,0.5933
train_4243.jpg,720,960,0.6912,0.75,0.3024,0.2673,340.3295,0.3422,0.3817
train_4244.jpg,960,720,0.6912,1.3333,0.53,0.201,67.099,0.1588,0.5653
train_4245.jpg,720,960,0.6912,0.75,0.5443,0.2926,81.3025,0.2549,0.5764
train_4246.jpg,720,960,0.6912,0.75,0.4899,0.2356,30.8649,0.4292,0.6109
train_4247.jpg,720,1558,1.1218,0.4621,0.5697,0.2574,103.9615,0.1312,0.5911
train_4248.jpg,960,720,0.6912,1.3333,0.4925,0.2721,174.9343,0.261,0.5482
train_4249.jpg,960,720,0.6912,1.3333,0.2543,0.1324,230.4803,0.5535,0.3867
train_4250.jpg,720,960,0.6912,0.75,0.1965,0.2278,29.4874,0.5677,0.2347
train_4251.jpg,720,960,0.6912,0.75,0.4669,0.2126,13.5052,0.3504,0.5719
train_4252.jpg,960,720,0.6912,1.3333,0.5552,0.2267,232.0835,0.0342,0.5617
train_4253.jpg,720,960,0.6912,0.75,0.4779,0.2289,231.633,0.3061,0.5942
train_4255.jpg,960,720,0.6912,1.3333,0.2961,0.2298,218.7725,0.7724,0.5871
train_4256.jpg,1599,720,1.1513,2.2208,0.4626,0.2445,218.6061,0.2564,0.5454
train_4257.jpg,960,720,0.6912,1.3333,0.5007,0.2273,60.5033,0.2487,0.5369
train_4258.jpg,960,720,0.6912,1.3333,0.4826,0.1338,9.9231,0.1486,0.5261
train_4259.jpg,720,960,0.6912,0.75,0.492,0.2655,30.1382,0.1264,0.5212
train_4260.jpg,720,960,0.6912,0.75,0.4367,0.215,218.8631,0.2055,0.4896
train_4261.jpg,720,960,0.6912,0.75,0.432,0.2444,200.8644,0.2155,0.4809
train_4263.jpg,720,960,0.6912,0.75,0.6044,0.218,30.0287,0.1719,0.6348
train_4264.jpg,720,1280,0.9216,0.5625,0.2937,0.1558,6.5225,0.2917,0.359
train_4265.jpg,720,960,0.6912,0.75,0.6645,0.1488,61.3177,0.1345,0.6991
train_4266.jpg,960,720,0.6912,1.3333,0.3104,0.2044,114.3062,0.2031,0.3402
train_4267.jpg,720,960,0.6912,0.75,0.4884,0.1849,70.7578,0.1353,0.5068
train_4268.jpg,720,960,0.6912,0.75,0.4683,0.209,91.6849,0.3212,0.5356
train_4269.jpg,720,960,0.6912,0.75,0.476,0.1812,26.9455,0.1982,0.5261
train_4270.jpg,720,720,0.5184,1.0,0.4225,0.1735,223.4115,0.106,0.4482
train_4271.jpg,720,960,0.6912,0.75,0.5137,0.2837,206.2549,0.2115,0.5646
train_4272.jpg,720,960,0.6912,0.75,0.4546,0.248,153.061,0.1257,0.483
train_4273.jpg,720,960,0.6912,0.75,0.5301,0.2425,59.1853,0.2326,0.5585
train_4274.jpg,960,720,0.6912,1.3333,0.5221,0.2316,180.1476,0.144,0.552
train_4275.jpg,960,720,0.6912,1.3333,0.521,0.2586,86.4779,0.1612,0.5678
train_4276.jpg,720,960,0.6912,0.75,0.4979,0.2002,220.8283,0.1562,0.5418
train_4277.jpg,720,960,0.6912,0.75,0.4638,0.2295,193.928,0.2325,0.5144
train_4279.jpg,720,960,0.6912,0.75,0.5123,0.2272,37.6855,0.0954,0.528
train_4280.jpg,720,960,0.6912,0.75,0.5785,0.2701,55.4291,0.1165,0.6013
train_4281.jpg,720,960,0.6912,0.75,0.5021,0.1808,35.4971,0.232,0.5463
train_4282.jpg,720,960,0.6912,0.75,0.6114,0.2266,156.1686,0.0783,0.6281
train_4284.jpg,720,960,0.6912,0.75,0.3277,0.1767,33.6306,0.2176,0.3584
train_4285.jpg,720,960,0.6912,0.75,0.5605,0.1721,217.5142,0.1113,0.5935
train_4286.jpg,960,720,0.6912,1.3333,0.4749,0.253,20.1749,0.1786,0.5089
train_4287.jpg,720,960,0.6912,0.75,0.5674,0.1566,24.0493,0.092,0.5916
train_4288.jpg,720,960,0.6912,0.75,0.3953,0.2161,85.323,0.2856,0.4374
train_4289.jpg,1046,720,0.7531,1.4528,0.5305,0.2798,219.1049,0.2185,0.6005
train_4290.jpg,720,1481,1.0663,0.4862,0.7606,0.1072,11.3429,0.0621,0.7829
train_4291.jpg,720,960,0.6912,0.75,0.5202,0.2763,152.1311,0.1992,0.5746
train_4292.jpg,720,960,0.6912,0.75,0.4414,0.2143,199.3551,0.2957,0.532
train_4293.jpg,720,960,0.6912,0.75,0.4868,0.1949,202.8235,0.2203,0.5534
train_4294.jpg,960,720,0.6912,1.3333,0.4325,0.1968,148.2193,0.1389,0.4616
train_4295.jpg,960,720,0.6912,1.3333,0.6915,0.1409,37.8041,0.1861,0.7363
train_4296.jpg,720,960,0.6912,0.75,0.5499,0.2123,8.362,0.1618,0.6
train_4297.jpg,720,960,0.6912,0.75,0.5219,0.233,22.9813,0.0754,0.5354
train_4298.jpg,720,960,0.6912,0.75,0.3038,0.1804,63.4015,0.2844,0.321
train_4299.jpg,720,960,0.6912,0.75,0.5471,0.1933,53.5634,0.103,0.57
train_4300.jpg,720,960,0.6912,0.75,0.5772,0.2112,47.5879,0.4933,0.6513
train_4301.jpg,864,720,0.6221,1.2,0.4698,0.2298,23.7806,0.3712,0.5546
train_4302.jpg,720,960,0.6912,0.75,0.4444,0.2144,26.9277,0.2307,0.4865
train_4304.jpg,720,960,0.6912,0.75,0.5625,0.2112,42.193,0.1492,0.5939
train_4305.jpg,720,960,0.6912,0.75,0.4594,0.2457,106.8662,0.3857,0.5182
train_4306.jpg,960,720,0.6912,1.3333,0.4795,0.2231,167.0052,0.1514,0.5126
train_4307.jpg,720,960,0.6912,0.75,0.5434,0.2019,207.8019,0.1659,0.5995
train_4308.jpg,960,720,0.6912,1.3333,0.4626,0.3027,43.8818,0.2654,0.5001
train_4309.jpg,720,720,0.5184,1.0,0.6225,0.1926,30.9157,0.1568,0.668
train_4310.jpg,960,720,0.6912,1.3333,0.4856,0.219,115.8091,0.151,0.5231
train_4311.jpg,1080,720,0.7776,1.5,0.3859,0.1906,11.4891,0.19,0.4227
train_4312.jpg,720,960,0.6912,0.75,0.3561,0.2176,248.6599,0.3814,0.4544
train_4313.jpg,720,960,0.6912,0.75,0.6128,0.2431,348.3921,0.1742,0.6626
train_4314.jpg,720,960,0.6912,0.75,0.4411,0.2281,212.0215,0.2283,0.5034
train_4315.jpg,960,720,0.6912,1.3333,0.4755,0.2453,21.4906,0.4061,0.5696
train_4316.jpg,720,960,0.6912,0.75,0.4151,0.201,147.5239,0.1313,0.4399
train_4317.jpg,720,960,0.6912,0.75,0.4975,0.2043,21.9361,0.3677,0.5877
train_4319.jpg,720,1599,1.1513,0.4503,0.3568,0.1592,30.3189,0.1867,0.3941
train_4320.jpg,720,960,0.6912,0.75,0.5021,0.1799,77.9053,0.336,0.5508
train_4321.jpg,720,960,0.6912,0.75,0.457,0.2828,250.0951,0.1611,0.4884
train_4322.jpg,720,960,0.6912,0.75,0.4669,0.1679,208.4612,0.2494,0.5557
train_4323.jpg,1558,720,1.1218,2.1639,0.3078,0.1658,244.8077,0.5488,0.5168
train_4324.jpg,720,960,0.6912,0.75,0.437,0.2566,44.217,0.1869,0.4723
train_4325.jpg,960,720,0.6912,1.3333,0.4224,0.1974,213.0775,0.1547,0.4622
train_4326.jpg,720,960,0.6912,0.75,0.4682,0.23,64.4092,0.1673,0.5036
train_4328.jpg,720,960,0.6912,0.75,0.56,0.2718,213.7256,0.1484,0.5812
train_4329.jpg,720,960,0.6912,0.75,0.4422,0.2161,22.4219,0.1583,0.4751
train_4332.jpg,720,960,0.6912,0.75,0.4794,0.204,33.9889,0.3431,0.5751
train_4333.jpg,720,1279,0.9209,0.5629,0.5456,0.1795,206.5897,0.1449,0.5929
train_4334.jpg,720,960,0.6912,0.75,0.4249,0.2361,31.3328,0.2899,0.4785
train_4335.jpg,960,720,0.6912,1.3333,0.3382,0.2319,65.4437,0.2505,0.375
train_4336.jpg,960,720,0.6912,1.3333,0.4026,0.1615,336.1722,0.1555,0.446
train_4338.jpg,720,960,0.6912,0.75,0.341,0.2147,83.519,0.3246,0.395
train_4339.jpg,720,960,0.6912,0.75,0.3245,0.279,226.3867,0.2102,0.3634
train_4340.jpg,720,960,0.6912,0.75,0.3508,0.1681,196.0949,0.2775,0.4281
train_4341.jpg,960,720,0.6912,1.3333,0.458,0.24,237.8415,0.304,0.5408
train_4342.jpg,720,1280,0.9216,0.5625,0.4831,0.17,18.1494,0.2437,0.5656
train_4343.jpg,720,960,0.6912,0.75,0.3994,0.2248,26.8421,0.2765,0.4585
train_4344.jpg,960,720,0.6912,1.3333,0.2031,0.1309,222.3234,0.2992,0.2432
train_4345.jpg,720,960,0.6912,0.75,0.4593,0.2701,225.6914,0.1854,0.5043
train_4346.jpg,720,960,0.6912,0.75,0.5301,0.1834,179.6553,0.1197,0.5612
train_4347.jpg,960,720,0.6912,1.3333,0.492,0.2009,194.3158,0.191,0.54
train_4348.jpg,720,960,0.6912,0.75,0.5412,0.2004,43.666,0.2476,0.5809
train_4349.jpg,720,960,0.6912,0.75,0.4839,0.2377,353.9981,0.1004,0.5056
train_4350.jpg,720,1282,0.923,0.5616,0.6118,0.1349,51.6562,0.0891,0.6274
train_4351.jpg,720,960,0.6912,0.75,0.4537,0.1974,41.7874,0.2749,0.498
train_4352.jpg,720,960,0.6912,0.75,0.5283,0.2012,224.7175,0.2677,0.6404
train_4353.jpg,720,960,0.6912,0.75,0.4518,0.2368,198.052,0.169,0.486
train_4355.jpg,720,960,0.6912,0.75,0.5018,0.2305,34.1897,0.3037,0.5664
train_4357.jpg,720,960,0.6912,0.75,0.5631,0.1817,26.9229,0.3005,0.6375
train_4359.jpg,720,960,0.6912,0.75,0.6543,0.2486,19.4586,0.2712,0.7401
train_4360.jpg,960,720,0.6912,1.3333,0.3534,0.2225,43.8653,0.2109,0.3818
train_4361.jpg,720,960,0.6912,0.75,0.5016,0.2121,33.2312,0.1924,0.5402
train_4363.jpg,720,960,0.6912,0.75,0.4649,0.2359,219.8357,0.1681,0.5158
train_4365.jpg,720,960,0.6912,0.75,0.4034,0.3237,20.2154,0.3891,0.4612
train_4366.jpg,720,819,0.5897,0.8791,0.3928,0.1576,122.694,0.2234,0.4688
train_4367.jpg,720,960,0.6912,0.75,0.4258,0.2688,31.2284,0.2932,0.4732
train_4368.jpg,1280,720,0.9216,1.7778,0.4582,0.1822,319.0666,0.1555,0.5026
train_4369.jpg,720,960,0.6912,0.75,0.5373,0.1877,15.3257,0.2202,0.6193
train_4370.jpg,720,960,0.6912,0.75,0.4521,0.1937,38.8028,0.2438,0.5075
train_4371.jpg,720,960,0.6912,0.75,0.4303,0.2722,77.2382,0.2394,0.4631
train_4372.jpg,720,960,0.6912,0.75,0.528,0.2089,236.8069,0.0738,0.5522
train_4373.jpg,720,960,0.6912,0.75,0.57,0.1943,24.0845,0.2555,0.6459
train_4374.jpg,960,720,0.6912,1.3333,0.4119,0.2051,55.7878,0.3452,0.467
train_4375.jpg,720,1559,1.1225,0.4618,0.5936,0.1788,340.1088,0.1149,0.626
train_4376.jpg,720,960,0.6912,0.75,0.4238,0.2489,52.2508,0.195,0.4544
train_4377.jpg,720,960,0.6912,0.75,0.4749,0.2398,191.5346,0.1434,0.5008
train_4378.jpg,960,720,0.6912,1.3333,0.5967,0.2195,53.0029,0.3612,0.6779
train_4379.jpg,720,960,0.6912,0.75,0.5199,0.2938,114.7808,0.1409,0.5448
train_4380.jpg,720,900,0.648,0.8,0.6769,0.0793,37.0713,0.2256,0.7318
train_4381.jpg,720,960,0.6912,0.75,0.484,0.194,91.0813,0.1243,0.5123
train_4382.jpg,720,960,0.6912,0.75,0.5879,0.2718,51.6029,0.2362,0.6429
train_4383.jpg,720,960,0.6912,0.75,0.4881,0.2047,25.2472,0.1988,0.5234
train_4384.jpg,720,960,0.6912,0.75,0.4772,0.226,28.256,0.1775,0.514
train_4385.jpg,720,1558,1.1218,0.4621,0.6904,0.2636,53.4868,0.0325,0.697
train_4386.jpg,960,720,0.6912,1.3333,0.3676,0.2388,219.478,0.4576,0.4977
train_4387.jpg,720,960,0.6912,0.75,0.311,0.2622,350.6807,0.2543,0.3599
train_4388.jpg,960,720,0.6912,1.3333,0.4816,0.218,76.4707,0.2551,0.534
train_4389.jpg,720,960,0.6912,0.75,0.4562,0.2389,209.8692,0.2218,0.508
train_4390.jpg,720,1279,0.9209,0.5629,0.4749,0.2478,155.5515,0.2598,0.5335
train_4391.jpg,960,720,0.6912,1.3333,0.3958,0.281,17.8617,0.2513,0.4472
train_4392.jpg,720,720,0.5184,1.0,0.4626,0.2503,77.2471,0.2926,0.5342
train_4393.jpg,720,960,0.6912,0.75,0.6311,0.2201,35.3571,0.2257,0.6946
train_4394.jpg,720,959,0.6905,0.7508,0.4643,0.2745,225.379,0.235,0.5555
train_4395.jpg,720,960,0.6912,0.75,0.5377,0.2365,44.1483,0.1019,0.5521
train_4396.jpg,960,720,0.6912,1.3333,0.646,0.1119,30.774,0.0641,0.6678
train_4397.jpg,720,960,0.6912,0.75,0.4604,0.2171,225.384,0.2543,0.5324
train_4398.jpg,720,960,0.6912,0.75,0.4473,0.2631,176.9068,0.2198,0.488
train_4399.jpg,720,960,0.6912,0.75,0.5559,0.1803,186.4924,0.1351,0.5845
train_4400.jpg,720,960,0.6912,0.75,0.5782,0.2192,206.3545,0.2371,0.6507
train_4401.jpg,2276,720,1.6387,3.1611,0.4532,0.2816,247.1876,0.2691,0.5278
train_4403.jpg,960,720,0.6912,1.3333,0.3342,0.2211,2.8978,0.4065,0.4119
train_4404.jpg,720,1279,0.9209,0.5629,0.5139,0.1991,30.1758,0.173,0.5481
train_4405.jpg,720,960,0.6912,0.75,0.622,0.1252,60.8805,0.0699,0.6346
train_4406.jpg,720,960,0.6912,0.75,0.6686,0.0804,35.0647,0.0253,0.6737
train_4407.jpg,960,720,0.6912,1.3333,0.3566,0.2066,6.8516,0.6686,0.5978
train_4408.jpg,720,960,0.6912,0.75,0.4755,0.2226,6.5229,0.2001,0.5342
train_4409.jpg,720,961,0.6919,0.7492,0.4737,0.2347,57.3058,0.2071,0.5172
train_4410.jpg,720,960,0.6912,0.75,0.5425,0.2076,191.3182,0.1748,0.5861
train_4413.jpg,720,1279,0.9209,0.5629,0.4579,0.2068,128.1845,0.3993,0.534
train_4415.jpg,720,1279,0.9209,0.5629,0.4929,0.2489,200.6731,0.1766,0.546
train_4416.jpg,960,720,0.6912,1.3333,0.6179,0.1388,50.1897,0.0128,0.6192
train_4418.jpg,960,720,0.6912,1.3333,0.4539,0.2262,50.9707,0.2058,0.4876
train_4419.jpg,720,960,0.6912,0.75,0.5267,0.1147,27.0848,0.2063,0.5804
train_4420.jpg,720,870,0.6264,0.8276,0.332,0.234,29.0991,0.2717,0.3696
train_4421.jpg,720,960,0.6912,0.75,0.4341,0.1353,214.6138,0.4551,0.6206
train_4422.jpg,720,900,0.648,0.8,0.4937,0.2511,35.8276,0.1999,0.5414
train_4423.jpg,720,1280,0.9216,0.5625,0.4861,0.2446,17.9998,0.1409,0.5269
train_4424.jpg,720,960,0.6912,0.75,0.5244,0.1926,152.2917,0.2552,0.5828
train_4425.jpg,960,720,0.6912,1.3333,0.4733,0.1721,216.873,0.2646,0.5863
train_4427.jpg,1279,720,0.9209,1.7764,0.5247,0.2167,6.5874,0.2102,0.5864
train_4428.jpg,720,720,0.5184,1.0,0.5255,0.1684,254.3846,0.1561,0.5778
train_4429.jpg,720,960,0.6912,0.75,0.4898,0.2085,49.447,0.2756,0.5485
train_4430.jpg,720,960,0.6912,0.75,0.4557,0.1722,215.9684,0.2792,0.5437
train_4431.jpg,720,960,0.6912,0.75,0.2513,0.1673,319.993,0.4591,0.3527
train_4432.jpg,720,960,0.6912,0.75,0.5401,0.2859,110.0053,0.1248,0.555
train_4433.jpg,1136,720,0.8179,1.5778,0.3723,0.1405,39.3506,0.5313,0.4816
train_4434.jpg,720,960,0.6912,0.75,0.4906,0.2308,47.6246,0.1149,0.509
train_4435.jpg,720,960,0.6912,0.75,0.6453,0.2274,32.1193,0.351,0.7359
train_4437.jpg,720,960,0.6912,0.75,0.5371,0.2319,276.84,0.1576,0.5754
train_4438.jpg,720,960,0.6912,0.75,0.5947,0.2366,189.803,0.0969,0.6123
train_4439.jpg,720,960,0.6912,0.75,0.4741,0.2325,165.1379,0.1607,0.5028
train_4440.jpg,720,960,0.6912,0.75,0.4701,0.2732,9.1961,0.2202,0.5248
train_4442.jpg,720,960,0.6912,0.75,0.4305,0.201,61.5086,0.2408,0.4679
train_4444.jpg,720,960,0.6912,0.75,0.52,0.1816,74.1276,0.2809,0.5781
train_4445.jpg,720,960,0.6912,0.75,0.5009,0.1387,32.321,0.1007,0.5197
train_4446.jpg,720,960,0.6912,0.75,0.3916,0.2266,29.9346,0.2313,0.4304
train_4448.jpg,720,720,0.5184,1.0,0.3613,0.1262,27.2477,0.2814,0.4248
train_4449.jpg,1280,720,0.9216,1.7778,0.4703,0.2157,14.6429,0.2144,0.5267
train_4450.jpg,720,960,0.6912,0.75,0.6341,0.1668,201.5285,0.259,0.7262
train_4451.jpg,720,1280,0.9216,0.5625,0.5327,0.2064,34.0546,0.31,0.5975
train_4452.jpg,720,762,0.5486,0.9449,0.4422,0.2068,61.7019,0.3916,0.5242
train_4453.jpg,720,960,0.6912,0.75,0.5009,0.2127,209.1355,0.1446,0.5428
train_4454.jpg,724,720,0.5213,1.0056,0.489,0.2039,18.7346,0.4444,0.6125
train_4455.jpg,720,960,0.6912,0.75,0.569,0.2422,194.8951,0.1509,0.6055
train_4456.jpg,720,720,0.5184,1.0,0.6792,0.1734,37.0651,0.1516,0.7133
train_4457.jpg,720,1279,0.9209,0.5629,0.3918,0.1601,217.0696,0.3085,0.4707
train_4458.jpg,720,1059,0.7625,0.6799,0.4081,0.2183,252.7521,0.1921,0.4501
train_4459.jpg,720,960,0.6912,0.75,0.5414,0.2793,240.1338,0.1601,0.5672
train_4460.jpg,1785,720,1.2852,2.4792,0.2111,0.1435,238.7816,0.1751,0.236
train_4461.jpg,720,960,0.6912,0.75,0.3763,0.1765,348.2797,0.1527,0.4084
train_4462.jpg,720,960,0.6912,0.75,0.4692,0.2343,313.917,0.1823,0.5175
train_4464.jpg,720,960,0.6912,0.75,0.5257,0.2238,210.1804,0.3185,0.6402
train_4465.jpg,720,960,0.6912,0.75,0.475,0.1976,269.6572,0.2869,0.5511
train_4466.jpg,960,720,0.6912,1.3333,0.6552,0.2852,216.4888,0.1805,0.7177
train_4467.jpg,720,960,0.6912,0.75,0.4896,0.2085,54.5398,0.2503,0.5294
train_4468.jpg,720,960,0.6912,0.75,0.52,0.2491,30.2119,0.2223,0.5949
train_4469.jpg,720,960,0.6912,0.75,0.4464,0.1821,214.5852,0.2815,0.5469
train_4470.jpg,720,960,0.6912,0.75,0.6285,0.1983,25.7306,0.2491,0.7137
train_4471.jpg,720,1279,0.9209,0.5629,0.4215,0.2768,359.1707,0.1898,0.4595
train_4472.jpg,720,960,0.6912,0.75,0.3853,0.2816,28.8964,0.1767,0.4359
train_4473.jpg,960,720,0.6912,1.3333,0.3432,0.2023,27.2722,0.2419,0.3953
train_4474.jpg,720,960,0.6912,0.75,0.4761,0.2404,82.3576,0.2023,0.5079
train_4475.jpg,720,960,0.6912,0.75,0.4639,0.2654,358.4977,0.3057,0.537
train_4476.jpg,1279,720,0.9209,1.7764,0.6705,0.1357,16.7577,0.0254,0.679
train_4477.jpg,960,720,0.6912,1.3333,0.4732,0.2225,7.7146,0.2677,0.5496
train_4478.jpg,720,924,0.6653,0.7792,0.4986,0.29,321.1949,0.2751,0.5677
train_4479.jpg,720,960,0.6912,0.75,0.3792,0.1484,313.2579,0.3783,0.4996
train_4480.jpg,775,720,0.558,1.0764,0.4703,0.227,9.8223,0.3239,0.5531
train_4481.jpg,960,720,0.6912,1.3333,0.5242,0.2418,205.945,0.2239,0.5804
train_4482.jpg,720,960,0.6912,0.75,0.3967,0.2109,214.6043,0.2614,0.471
train_4483.jpg,720,960,0.6912,0.75,0.5256,0.2615,41.4582,0.239,0.5656
train_4485.jpg,720,960,0.6912,0.75,0.3277,0.172,339.4191,0.2917,0.3981
train_4486.jpg,960,720,0.6912,1.3333,0.4761,0.2682,28.0348,0.2879,0.5389
train_4487.jpg,720,960,0.6912,0.75,0.3772,0.1902,343.3279,0.1956,0.4197
train_4488.jpg,960,720,0.6912,1.3333,0.4735,0.1548,209.6938,0.1807,0.5282
train_4489.jpg,720,960,0.6912,0.75,0.4212,0.2181,19.1877,0.2741,0.5031
train_4490.jpg,720,960,0.6912,0.75,0.455,0.2478,33.3967,0.3401,0.5194
train_4491.jpg,720,960,0.6912,0.75,0.4965,0.2206,63.0726,0.1607,0.5247
train_4492.jpg,720,960,0.6912,0.75,0.4661,0.2129,30.8517,0.1629,0.4953
train_4493.jpg,720,960,0.6912,0.75,0.4048,0.1871,315.2584,0.197,0.4543
train_4494.jpg,720,960,0.6912,0.75,0.4822,0.2893,24.8221,0.139,0.5043
train_4495.jpg,982,720,0.707,1.3639,0.4343,0.3048,218.6089,0.2523,0.486
train_4496.jpg,720,960,0.6912,0.75,0.477,0.2108,57.8816,0.1187,0.5004
train_4497.jpg,720,960,0.6912,0.75,0.4849,0.1958,41.0307,0.1108,0.516
train_4498.jpg,720,960,0.6912,0.75,0.4906,0.2287,32.0826,0.4318,0.5674
train_4499.jpg,720,960,0.6912,0.75,0.5152,0.2207,23.2838,0.0913,0.5423
train_4500.jpg,720,960,0.6912,0.75,0.4864,0.1783,14.2679,0.338,0.5838
train_4502.jpg,720,720,0.5184,1.0,0.5027,0.2051,26.3585,0.1523,0.5418
train_4503.jpg,1366,720,0.9835,1.8972,0.4563,0.2109,0.9205,0.2163,0.5163
train_4504.jpg,960,720,0.6912,1.3333,0.1291,0.098,227.4669,0.307,0.1509
train_4505.jpg,720,720,0.5184,1.0,0.5423,0.2403,208.8685,0.244,0.6114
train_4506.jpg,720,960,0.6912,0.75,0.7211,0.1711,251.9774,0.0927,0.7606
train_4507.jpg,720,960,0.6912,0.75,0.5122,0.2784,267.6944,0.1846,0.5531
train_4508.jpg,720,960,0.6912,0.75,0.4441,0.1881,55.2838,0.1097,0.4655
train_4509.jpg,720,1280,0.9216,0.5625,0.5692,0.2323,19.2299,0.2529,0.6422
train_4510.jpg,720,960,0.6912,0.75,0.6054,0.2183,27.7517,0.1443,0.6404
train_4511.jpg,720,1279,0.9209,0.5629,0.4996,0.1984,183.8181,0.5218,0.6849
train_4512.jpg,720,1280,0.9216,0.5625,0.7277,0.1554,74.795,0.1173,0.7519
train_4513.jpg,961,720,0.6919,1.3347,0.4792,0.2422,199.5762,0.1757,0.5223
train_4514.jpg,720,960,0.6912,0.75,0.5078,0.2411,42.8658,0.1442,0.535
train_4515.jpg,1080,720,0.7776,1.5,0.6575,0.1566,32.8455,0.162,0.6987
train_4516.jpg,960,720,0.6912,1.3333,0.418,0.1897,35.0,0.2011,0.4481
train_4517.jpg,720,960,0.6912,0.75,0.4144,0.2395,214.8632,0.3177,0.5001
train_4518.jpg,1320,720,0.9504,1.8333,0.4182,0.2636,42.4772,0.4556,0.4898
train_4519.jpg,960,720,0.6912,1.3333,0.515,0.1991,42.0882,0.1341,0.549
train_4520.jpg,720,960,0.6912,0.75,0.4887,0.2326,9.8925,0.3521,0.5971
train_4521.jpg,720,960,0.6912,0.75,0.4676,0.1779,72.369,0.1566,0.5034
train_4522.jpg,720,960,0.6912,0.75,0.4177,0.1926,217.6752,0.3472,0.5398
train_4523.jpg,720,960,0.6912,0.75,0.468,0.2154,66.2176,0.112,0.4793
train_4524.jpg,720,1561,1.1239,0.4612,0.3705,0.3161,48.3558,0.0729,0.3792
train_4525.jpg,720,827,0.5954,0.8706,0.4412,0.2523,213.8861,0.3805,0.5592
train_4526.jpg,720,960,0.6912,0.75,0.5055,0.2081,14.3708,0.2858,0.5918
train_4528.jpg,720,960,0.6912,0.75,0.4595,0.1975,23.1682,0.2772,0.5373
train_4529.jpg,720,960,0.6912,0.75,0.5022,0.2375,97.3838,0.1858,0.5349
train_4530.jpg,720,960,0.6912,0.75,0.6292,0.1886,344.3478,0.0549,0.6434
train_4531.jpg,720,960,0.6912,0.75,0.4351,0.2278,38.1747,0.2472,0.4722
train_4532.jpg,720,960,0.6912,0.75,0.4831,0.2469,163.0309,0.21,0.5376
train_4533.jpg,720,960,0.6912,0.75,0.5892,0.1857,33.8388,0.164,0.6283
train_4534.jpg,720,960,0.6912,0.75,0.5387,0.2989,147.4256,0.101,0.5578
train_4535.jpg,960,720,0.6912,1.3333,0.4335,0.2332,214.3263,0.1849,0.4833
train_4536.jpg,720,960,0.6912,0.75,0.3548,0.1731,18.8712,0.2503,0.406
train_4537.jpg,720,960,0.6912,0.75,0.612,0.1946,24.7907,0.1803,0.6661
train_4538.jpg,720,960,0.6912,0.75,0.4345,0.3355,40.4301,0.166,0.4608
train_4539.jpg,720,960,0.6912,0.75,0.4929,0.2274,258.9364,0.1078,0.5155
train_4540.jpg,720,960,0.6912,0.75,0.4608,0.2097,261.3635,0.3445,0.5618
train_4541.jpg,720,960,0.6912,0.75,0.4763,0.309,248.0139,0.1765,0.5144
train_4542.jpg,720,960,0.6912,0.75,0.5421,0.2213,23.2645,0.1594,0.5888
train_4543.jpg,720,960,0.6912,0.75,0.4481,0.2208,29.5416,0.4393,0.5411
train_4544.jpg,720,960,0.6912,0.75,0.3822,0.2307,217.3236,0.2295,0.4413
train_4545.jpg,720,960,0.6912,0.75,0.5301,0.2441,245.148,0.0809,0.555
train_4546.jpg,960,720,0.6912,1.3333,0.382,0.1751,202.9403,0.2531,0.4339
train_4547.jpg,720,960,0.6912,0.75,0.3745,0.233,220.3405,0.2694,0.4384
train_4548.jpg,720,1280,0.9216,0.5625,0.5626,0.205,35.8416,0.2156,0.6023
train_4549.jpg,720,1280,0.9216,0.5625,0.4794,0.165,18.6272,0.4975,0.6725
train_4550.jpg,720,960,0.6912,0.75,0.5279,0.1742,209.7905,0.2189,0.6026
train_4551.jpg,960,720,0.6912,1.3333,0.5354,0.2161,17.8959,0.2898,0.6246
train_4552.jpg,1292,720,0.9302,1.7944,0.4502,0.2197,15.8647,0.217,0.4945
train_4553.jpg,720,960,0.6912,0.75,0.6752,0.1632,36.6083,0.0698,0.6977
train_4555.jpg,960,720,0.6912,1.3333,0.5366,0.2232,38.2089,0.2676,0.6069
train_4556.jpg,1220,720,0.8784,1.6944,0.4274,0.2629,34.1191,0.2136,0.4618
train_4557.jpg,960,720,0.6912,1.3333,0.4103,0.2008,68.5901,0.3301,0.4674
train_4558.jpg,960,720,0.6912,1.3333,0.3466,0.178,294.3118,0.3726,0.4775
train_4560.jpg,720,960,0.6912,0.75,0.3589,0.1837,23.5369,0.1595,0.3924
train_4561.jpg,720,960,0.6912,0.75,0.4424,0.2323,30.4722,0.1411,0.4665
train_4563.jpg,720,960,0.6912,0.75,0.4204,0.2426,43.1596,0.2661,0.478
train_4564.jpg,720,720,0.5184,1.0,0.486,0.1869,20.9476,0.2278,0.5432
train_4565.jpg,720,960,0.6912,0.75,0.6266,0.1271,9.2654,0.0859,0.6528
train_4567.jpg,720,940,0.6768,0.766,0.4578,0.2581,41.2655,0.3005,0.5137
train_4568.jpg,720,960,0.6912,0.75,0.4124,0.2129,280.8275,0.1018,0.4346
train_4569.jpg,720,960,0.6912,0.75,0.5655,0.2415,200.7618,0.1677,0.6107
train_4570.jpg,720,960,0.6912,0.75,0.5766,0.2332,21.5732,0.069,0.5945
train_4571.jpg,720,960,0.6912,0.75,0.4757,0.1779,174.3564,0.3008,0.5741
train_4572.jpg,720,960,0.6912,0.75,0.5804,0.287,13.9211,0.1941,0.6219
train_4573.jpg,720,960,0.6912,0.75,0.4619,0.1952,22.0237,0.1181,0.4873
train_4575.jpg,720,832,0.599,0.8654,0.4297,0.1994,105.7399,0.3097,0.4808
train_4576.jpg,720,1280,0.9216,0.5625,0.5668,0.1872,249.2681,0.2457,0.6554
train_4577.jpg,720,960,0.6912,0.75,0.4672,0.2298,149.0719,0.0786,0.4835
train_4578.jpg,1280,720,0.9216,1.7778,0.4656,0.2555,131.5386,0.1276,0.4859
train_4579.jpg,960,720,0.6912,1.3333,0.4899,0.2083,211.1107,0.2673,0.5772
train_4580.jpg,960,720,0.6912,1.3333,0.466,0.2252,21.1835,0.3235,0.5484
train_4581.jpg,720,960,0.6912,0.75,0.5674,0.2369,217.0148,0.184,0.627
train_4582.jpg,720,960,0.6912,0.75,0.6182,0.2661,265.5751,0.1505,0.662
train_4583.jpg,960,720,0.6912,1.3333,0.5669,0.1769,63.1374,0.1258,0.586
train_4584.jpg,960,720,0.6912,1.3333,0.4611,0.1776,40.8702,0.2665,0.5097
train_4585.jpg,720,960,0.6912,0.75,0.671,0.2241,26.7571,0.0768,0.6855
train_4586.jpg,720,960,0.6912,0.75,0.4753,0.2914,38.209,0.1287,0.5007
train_4587.jpg,720,1080,0.7776,0.6667,0.4157,0.1938,201.4492,0.2472,0.4642
train_4588.jpg,720,1092,0.7862,0.6593,0.3648,0.137,31.6712,0.1915,0.3919
train_4589.jpg,720,960,0.6912,0.75,0.6262,0.1785,30.4746,0.1054,0.6494
train_4590.jpg,720,960,0.6912,0.75,0.5625,0.2673,33.6394,0.2878,0.6029
train_4591.jpg,720,960,0.6912,0.75,0.5374,0.2092,26.4843,0.2366,0.5983
train_4592.jpg,720,960,0.6912,0.75,0.4021,0.2243,34.9662,0.1133,0.4227
train_4593.jpg,720,960,0.6912,0.75,0.3899,0.1749,270.6295,0.2182,0.4409
train_4595.jpg,720,960,0.6912,0.75,0.4578,0.2376,231.8237,0.1211,0.4851
train_4596.jpg,1320,720,0.9504,1.8333,0.4957,0.2474,38.5687,0.3429,0.5604
train_4597.jpg,720,1280,0.9216,0.5625,0.2046,0.1401,52.7816,0.3286,0.2363
train_4598.jpg,720,960,0.6912,0.75,0.4198,0.2204,29.9249,0.2258,0.4752
train_4599.jpg,720,960,0.6912,0.75,0.5391,0.2938,51.7408,0.029,0.5433
train_4600.jpg,720,960,0.6912,0.75,0.5263,0.2224,36.0237,0.3569,0.5985
train_4601.jpg,720,960,0.6912,0.75,0.691,0.1115,29.2982,0.0507,0.7062
train_4602.jpg,720,960,0.6912,0.75,0.3957,0.2304,16.6297,0.326,0.4535
train_4603.jpg,720,960,0.6912,0.75,0.3172,0.2094,32.2589,0.2564,0.3611
train_4604.jpg,720,960,0.6912,0.75,0.419,0.1976,77.1283,0.1023,0.4357
train_4605.jpg,720,960,0.6912,0.75,0.3409,0.1993,287.9599,0.2967,0.4085
train_4606.jpg,720,960,0.6912,0.75,0.5344,0.231,40.4646,0.1642,0.566
train_4607.jpg,720,960,0.6912,0.75,0.3942,0.1441,20.4887,0.2087,0.4438
train_4608.jpg,720,1279,0.9209,0.5629,0.5071,0.2147,15.5496,0.2575,0.5806
train_4609.jpg,720,960,0.6912,0.75,0.4304,0.2938,226.5907,0.1685,0.4716
train_4610.jpg,960,720,0.6912,1.3333,0.36,0.1845,322.2451,0.2068,0.3995
train_4611.jpg,720,960,0.6912,0.75,0.5485,0.2225,73.7125,0.1722,0.5863
train_4613.jpg,960,720,0.6912,1.3333,0.2721,0.1442,351.5934,0.4367,0.3814
train_4614.jpg,720,960,0.6912,0.75,0.6088,0.255,3.5291,0.2009,0.6681
train_4615.jpg,720,720,0.5184,1.0,0.4415,0.1962,128.8467,0.2482,0.508
train_4616.jpg,720,960,0.6912,0.75,0.4852,0.2452,42.0284,0.2346,0.5377
train_4617.jpg,720,1279,0.9209,0.5629,0.5075,0.1956,202.2451,0.3729,0.6493
train_4618.jpg,720,960,0.6912,0.75,0.4905,0.2299,41.966,0.0907,0.5068
train_4619.jpg,960,720,0.6912,1.3333,0.0386,0.0968,30.5244,0.4338,0.0465
train_4620.jpg,720,960,0.6912,0.75,0.5281,0.1966,343.8668,0.1587,0.577
train_4621.jpg,720,1280,0.9216,0.5625,0.4962,0.2036,130.6718,0.1256,0.524
train_4622.jpg,960,720,0.6912,1.3333,0.4366,0.1609,47.1431,0.2223,0.4818
train_4623.jpg,720,960,0.6912,0.75,0.3535,0.1991,17.6812,0.2314,0.396
train_4624.jpg,720,960,0.6912,0.75,0.3198,0.3213,197.4955,0.1663,0.3317
train_4625.jpg,720,960,0.6912,0.75,0.3508,0.1916,27.4377,0.2647,0.3985
train_4627.jpg,720,960,0.6912,0.75,0.5031,0.1892,356.6466,0.1343,0.5374
train_4628.jpg,720,960,0.6912,0.75,0.5512,0.1619,35.8203,0.1562,0.5776
train_4629.jpg,720,960,0.6912,0.75,0.5109,0.2012,238.3229,0.1257,0.5513
train_4630.jpg,720,960,0.6912,0.75,0.3721,0.1797,50.7392,0.199,0.4039
train_4631.jpg,720,960,0.6912,0.75,0.5171,0.2197,41.3271,0.1781,0.5477
train_4632.jpg,960,720,0.6912,1.3333,0.6261,0.1686,12.8588,0.0625,0.6439
train_4633.jpg,720,960,0.6912,0.75,0.6212,0.1397,47.3139,0.0572,0.6343
train_4634.jpg,960,720,0.6912,1.3333,0.4761,0.1813,282.22,0.3111,0.5876
train_4635.jpg,720,960,0.6912,0.75,0.4308,0.1892,167.0599,0.3267,0.5043
train_4636.jpg,960,720,0.6912,1.3333,0.4875,0.2834,191.9419,0.1806,0.5323
train_4637.jpg,720,960,0.6912,0.75,0.3742,0.2321,35.017,0.313,0.4236
train_4638.jpg,720,960,0.6912,0.75,0.4782,0.2651,221.7525,0.1839,0.5312
train_4639.jpg,720,1279,0.9209,0.5629,0.3257,0.2275,274.0773,0.1748,0.359
train_4640.jpg,720,960,0.6912,0.75,0.6943,0.1856,27.1437,0.1515,0.7449
train_4641.jpg,960,720,0.6912,1.3333,0.627,0.1062,25.6547,0.0297,0.6354
train_4642.jpg,720,1558,1.1218,0.4621,0.4324,0.1911,218.3232,0.0947,0.454
train_4643.jpg,960,720,0.6912,1.3333,0.4714,0.2319,19.7919,0.4164,0.5717
train_4644.jpg,720,960,0.6912,0.75,0.4571,0.2207,197.4347,0.3462,0.5546
train_4645.jpg,720,960,0.6912,0.75,0.4866,0.1801,124.4872,0.1207,0.5045
train_4647.jpg,720,960,0.6912,0.75,0.4096,0.2117,207.5648,0.2047,0.4568
train_4648.jpg,720,960,0.6912,0.75,0.4917,0.216,30.0603,0.3587,0.5653
train_4649.jpg,960,720,0.6912,1.3333,0.5002,0.1957,29.392,0.2822,0.5597
train_4650.jpg,720,960,0.6912,0.75,0.5505,0.1605,25.0517,0.0957,0.5724
train_4651.jpg,720,960,0.6912,0.75,0.4229,0.1278,26.5114,0.2851,0.4792
train_4652.jpg,720,960,0.6912,0.75,0.392,0.2564,251.0514,0.2185,0.443
train_4653.jpg,720,960,0.6912,0.75,0.5495,0.2001,93.4355,0.1845,0.5949
train_4654.jpg,720,1559,1.1225,0.4618,0.3833,0.1533,20.651,0.3209,0.4488
train_4655.jpg,720,960,0.6912,0.75,0.5409,0.1079,26.7619,0.1578,0.5831
train_4656.jpg,720,960,0.6912,0.75,0.568,0.2551,215.114,0.1644,0.6199
train_4657.jpg,948,720,0.6826,1.3167,0.35,0.243,56.9991,0.275,0.38
train_4658.jpg,720,960,0.6912,0.75,0.5461,0.2322,33.6288,0.3412,0.6089
train_4659.jpg,720,960,0.6912,0.75,0.4394,0.2052,12.0783,0.2021,0.4822
train_4660.jpg,720,720,0.5184,1.0,0.4733,0.1486,26.6276,0.2119,0.5261
train_4661.jpg,1066,720,0.7675,1.4806,0.3973,0.1692,257.3681,0.2034,0.4634
train_4662.jpg,720,960,0.6912,0.75,0.5202,0.1757,26.8998,0.0627,0.5318
train_4664.jpg,720,960,0.6912,0.75,0.6112,0.1703,30.5831,0.0428,0.6237
train_4665.jpg,720,960,0.6912,0.75,0.4792,0.2103,30.6257,0.4505,0.576
train_4666.jpg,720,960,0.6912,0.75,0.4407,0.2506,46.3826,0.1708,0.4641
train_4667.jpg,720,960,0.6912,0.75,0.5106,0.1853,316.0586,0.1436,0.56
train_4668.jpg,720,960,0.6912,0.75,0.6235,0.187,47.188,0.1694,0.6468
train_4669.jpg,720,960,0.6912,0.75,0.4234,0.1943,49.0437,0.3393,0.5031
train_4670.jpg,960,720,0.6912,1.3333,0.2503,0.1604,281.754,0.5888,0.4666
train_4671.jpg,2441,720,1.7575,3.3903,0.4251,0.1898,218.4812,0.1504,0.4668
train_4672.jpg,720,960,0.6912,0.75,0.4399,0.2273,183.3468,0.2204,0.4899
train_4673.jpg,960,720,0.6912,1.3333,0.413,0.2341,10.3041,0.45,0.5256
train_4674.jpg,720,960,0.6912,0.75,0.4843,0.1848,27.4582,0.1159,0.5115
train_4675.jpg,720,960,0.6912,0.75,0.4862,0.2053,187.5808,0.2006,0.5465
train_4676.jpg,720,960,0.6912,0.75,0.5229,0.1871,9.5011,0.2551,0.6127
train_4677.jpg,960,720,0.6912,1.3333,0.4134,0.1702,207.5862,0.4782,0.6173
train_4678.jpg,859,720,0.6185,1.1931,0.2468,0.2058,208.6539,0.2982,0.2891
train_4679.jpg,720,960,0.6912,0.75,0.5333,0.2951,76.3334,0.1268,0.5507
train_4680.jpg,720,960,0.6912,0.75,0.4529,0.2549,340.5666,0.1797,0.4912
train_4681.jpg,960,720,0.6912,1.3333,0.3699,0.2643,49.7979,0.2717,0.3983
train_4682.jpg,960,720,0.6912,1.3333,0.2784,0.2316,312.2279,0.343,0.3515
train_4683.jpg,960,720,0.6912,1.3333,0.3266,0.2102,226.0485,0.1968,0.3618
train_4684.jpg,720,960,0.6912,0.75,0.3732,0.1604,299.3006,0.1897,0.4204
train_4685.jpg,720,960,0.6912,0.75,0.4818,0.2273,10.1478,0.2742,0.5548
train_4686.jpg,960,720,0.6912,1.3333,0.5779,0.1879,72.5609,0.1412,0.6052
train_4688.jpg,960,720,0.6912,1.3333,0.5071,0.2277,249.457,0.1843,0.562
train_4689.jpg,960,720,0.6912,1.3333,0.4887,0.2324,350.9558,0.0997,0.5142
train_4690.jpg,720,960,0.6912,0.75,0.5224,0.2452,143.1268,0.164,0.5453
train_4691.jpg,720,960,0.6912,0.75,0.4399,0.2261,44.1585,0.1937,0.4787
train_4692.jpg,720,960,0.6912,0.75,0.5006,0.1724,224.686,0.1718,0.5511
train_4693.jpg,720,1134,0.8165,0.6349,0.3376,0.2345,31.5544,0.2896,0.3791
train_4695.jpg,720,960,0.6912,0.75,0.5009,0.1613,30.6144,0.1966,0.5427
train_4696.jpg,720,960,0.6912,0.75,0.4585,0.2502,33.2011,0.1648,0.4899
train_4697.jpg,720,960,0.6912,0.75,0.492,0.2419,26.9057,0.3353,0.5868
train_4698.jpg,720,960,0.6912,0.75,0.4358,0.266,223.7033,0.238,0.4849
train_4699.jpg,720,960,0.6912,0.75,0.5296,0.2292,83.5351,0.4086,0.6174
train_4700.jpg,1320,720,0.9504,1.8333,0.4196,0.2343,50.3901,0.298,0.4822
train_4701.jpg,1279,720,0.9209,1.7764,0.5733,0.1542,33.4727,0.0781,0.5962
train_4702.jpg,720,960,0.6912,0.75,0.5058,0.1545,46.0578,0.2562,0.5607
train_4703.jpg,720,960,0.6912,0.75,0.4144,0.1671,27.8017,0.2183,0.4657
train_4704.jpg,720,960,0.6912,0.75,0.4771,0.1796,248.793,0.2107,0.5424
train_4705.jpg,720,960,0.6912,0.75,0.3907,0.2726,237.9007,0.1485,0.4176
train_4706.jpg,720,960,0.6912,0.75,0.4967,0.2372,38.524,0.1307,0.5239
train_4707.jpg,960,720,0.6912,1.3333,0.4751,0.2373,211.7795,0.1664,0.5164
train_4708.jpg,960,720,0.6912,1.3333,0.3413,0.2466,123.6572,0.3343,0.3815
train_4709.jpg,720,960,0.6912,0.75,0.4686,0.2594,213.4361,0.4659,0.621
train_4710.jpg,960,720,0.6912,1.3333,0.4486,0.2197,23.7918,0.322,0.5268
train_4712.jpg,960,720,0.6912,1.3333,0.5453,0.2655,20.6513,0.2667,0.6148
train_4713.jpg,720,960,0.6912,0.75,0.4071,0.2371,31.1547,0.4512,0.5018
train_4714.jpg,720,960,0.6912,0.75,0.4729,0.2394,269.894,0.2171,0.5426
train_4715.jpg,720,960,0.6912,0.75,0.4114,0.2195,355.3926,0.3045,0.4826
train_4717.jpg,720,960,0.6912,0.75,0.4881,0.2313,216.8083,0.1954,0.5367
train_4718.jpg,720,960,0.6912,0.75,0.5788,0.2795,209.3961,0.1701,0.6233
train_4720.jpg,720,960,0.6912,0.75,0.5892,0.1587,41.0875,0.078,0.6045
train_4721.jpg,720,960,0.6912,0.75,0.5184,0.2763,230.4796,0.1323,0.5512
train_4722.jpg,720,960,0.6912,0.75,0.5032,0.266,121.8584,0.1421,0.5293
train_4723.jpg,720,1279,0.9209,0.5629,0.4368,0.1911,11.5171,0.4761,0.5837
train_4724.jpg,960,720,0.6912,1.3333,0.596,0.2138,355.3032,0.1738,0.641
train_4725.jpg,720,960,0.6912,0.75,0.384,0.2057,236.8941,0.3498,0.4859
train_4726.jpg,720,960,0.6912,0.75,0.5025,0.2006,98.4467,0.2151,0.5428
train_4727.jpg,720,960,0.6912,0.75,0.4579,0.2387,2.3788,0.245,0.5278
train_4729.jpg,960,720,0.6912,1.3333,0.3692,0.2344,27.5967,0.3213,0.4305
train_4730.jpg,720,960,0.6912,0.75,0.5451,0.2543,31.0677,0.2003,0.5943
train_4731.jpg,720,960,0.6912,0.75,0.5444,0.2285,38.1182,0.2532,0.5985
train_4732.jpg,720,960,0.6912,0.75,0.6341,0.1945,28.6788,0.13,0.6696
train_4734.jpg,720,960,0.6912,0.75,0.5001,0.1982,39.968,0.1884,0.549
train_4735.jpg,720,1280,0.9216,0.5625,0.585,0.2366,27.6143,0.1773,0.6265
train_4736.jpg,720,960,0.6912,0.75,0.4355,0.2279,220.2948,0.1448,0.4804
train_4737.jpg,720,960,0.6912,0.75,0.4785,0.2654,54.8238,0.1244,0.4982
train_4738.jpg,720,1280,0.9216,0.5625,0.434,0.228,20.2098,0.2596,0.4738
train_4739.jpg,960,720,0.6912,1.3333,0.5606,0.21,72.1996,0.0932,0.5812
train_4741.jpg,720,960,0.6912,0.75,0.5058,0.2131,46.3475,0.2895,0.5625
train_4742.jpg,720,960,0.6912,0.75,0.4973,0.2137,327.3296,0.1494,0.5394
train_4743.jpg,720,960,0.6912,0.75,0.5193,0.247,109.5922,0.2087,0.5612
train_4744.jpg,960,720,0.6912,1.3333,0.5574,0.3213,25.1902,0.1264,0.586
train_4745.jpg,720,741,0.5335,0.9717,0.5292,0.214,149.2284,0.1048,0.554
train_4746.jpg,720,960,0.6912,0.75,0.4569,0.2578,8.3051,0.2718,0.5205
train_4747.jpg,720,960,0.6912,0.75,0.5268,0.2009,27.4436,0.2722,0.6033
train_4748.jpg,720,960,0.6912,0.75,0.5559,0.2299,33.9355,0.1636,0.5969
train_4749.jpg,720,960,0.6912,0.75,0.5376,0.2167,33.5423,0.2136,0.5998
train_4750.jpg,720,960,0.6912,0.75,0.523,0.2159,54.4242,0.1137,0.5474
train_4751.jpg,720,960,0.6912,0.75,0.4796,0.2002,59.4604,0.32,0.5485
train_4752.jpg,720,960,0.6912,0.75,0.37,0.2143,218.4708,0.2451,0.4285
train_4754.jpg,720,960,0.6912,0.75,0.439,0.2565,210.3387,0.2889,0.514
train_4755.jpg,720,720,0.5184,1.0,0.4141,0.1889,212.0299,0.217,0.4685
train_4756.jpg,720,960,0.6912,0.75,0.5309,0.2098,154.0973,0.1249,0.5543
train_4757.jpg,1079,720,0.7769,1.4986,0.6036,0.3356,21.5892,0.2429,0.66
train_4758.jpg,720,960,0.6912,0.75,0.5158,0.1953,216.7791,0.1997,0.609
train_4760.jpg,720,960,0.6912,0.75,0.5183,0.2023,197.4045,0.216,0.5751
train_4761.jpg,960,720,0.6912,1.3333,0.4404,0.2049,264.6075,0.226,0.5114
train_4762.jpg,960,720,0.6912,1.3333,0.5775,0.2705,100.5872,0.1002,0.5934
train_4763.jpg,720,960,0.6912,0.75,0.49,0.2125,60.322,0.2198,0.5225
train_4764.jpg,720,960,0.6912,0.75,0.4572,0.2632,29.001,0.6298,0.5936
train_4765.jpg,720,960,0.6912,0.75,0.3254,0.1789,6.2482,0.3706,0.3983
train_4766.jpg,720,1279,0.9209,0.5629,0.4218,0.1726,324.5626,0.1584,0.4587
train_4767.jpg,720,960,0.6912,0.75,0.5637,0.2288,350.2311,0.0894,0.5833
train_4768.jpg,720,960,0.6912,0.75,0.4726,0.2377,34.6008,0.3127,0.5418
train_4769.jpg,960,720,0.6912,1.3333,0.4689,0.2025,198.259,0.1632,0.5134
train_4770.jpg,960,720,0.6912,1.3333,0.3998,0.2034,355.5536,0.2727,0.4626
train_4771.jpg,720,960,0.6912,0.75,0.5349,0.2221,7.424,0.2252,0.5971
train_4773.jpg,720,960,0.6912,0.75,0.511,0.1931,42.3373,0.1429,0.5344
train_4774.jpg,720,960,0.6912,0.75,0.391,0.1944,26.6161,0.3334,0.462
train_4775.jpg,720,960,0.6912,0.75,0.5754,0.192,34.5768,0.1021,0.5955
train_4776.jpg,960,720,0.6912,1.3333,0.3379,0.2139,268.3116,0.2163,0.3817
train_4777.jpg,720,960,0.6912,0.75,0.4435,0.2283,80.8148,0.1766,0.4639
train_4778.jpg,720,960,0.6912,0.75,0.3907,0.2167,214.1787,0.332,0.4961
train_4779.jpg,720,960,0.6912,0.75,0.5604,0.2049,45.2756,0.1159,0.5832
train_4780.jpg,720,960,0.6912,0.75,0.6151,0.1664,355.3568,0.1683,0.6683
train_4781.jpg,720,960,0.6912,0.75,0.4543,0.1673,21.217,0.2866,0.5342
train_4782.jpg,960,720,0.6912,1.3333,0.3308,0.2932,64.6748,0.1855,0.3481
train_4784.jpg,720,1558,1.1218,0.4621,0.5724,0.2164,201.4903,0.1044,0.6112
train_4785.jpg,960,720,0.6912,1.3333,0.4579,0.2401,83.2129,0.1499,0.4809
train_4786.jpg,720,960,0.6912,0.75,0.5722,0.2208,23.8851,0.1172,0.5958
train_4787.jpg,1080,720,0.7776,1.5,0.2477,0.2452,142.7581,0.1926,0.2619
train_4789.jpg,720,960,0.6912,0.75,0.4595,0.1905,244.0971,0.2918,0.5821
train_4790.jpg,720,960,0.6912,0.75,0.5028,0.2125,65.8707,0.2425,0.566
train_4791.jpg,960,720,0.6912,1.3333,0.4051,0.2213,349.8317,0.1689,0.4385
train_4792.jpg,720,960,0.6912,0.75,0.4099,0.2038,28.5435,0.2465,0.4562
train_4793.jpg,960,720,0.6912,1.3333,0.5727,0.1735,49.3645,0.2211,0.6268
train_4794.jpg,720,960,0.6912,0.75,0.4917,0.2223,238.9894,0.177,0.5424
train_4795.jpg,960,720,0.6912,1.3333,0.311,0.1207,22.9964,0.3525,0.3984
train_4796.jpg,720,960,0.6912,0.75,0.3995,0.24,179.1522,0.1721,0.4411
train_4797.jpg,720,960,0.6912,0.75,0.6087,0.2788,330.9131,0.063,0.6264
train_4798.jpg,960,720,0.6912,1.3333,0.3012,0.1867,14.1946,0.2784,0.352
train_4799.jpg,720,1280,0.9216,0.5625,0.5844,0.1142,58.5431,0.2385,0.6844
train_4800.jpg,720,947,0.6818,0.7603,0.428,0.2216,38.2921,0.36,0.4951
train_4801.jpg,720,960,0.6912,0.75,0.4653,0.2425,261.9759,0.2396,0.5291
train_4802.jpg,720,1279,0.9209,0.5629,0.5536,0.2276,23.4182,0.1658,0.589
train_4804.jpg,720,960,0.6912,0.75,0.4131,0.2399,200.2896,0.2774,0.5005
train_4805.jpg,720,1080,0.7776,0.6667,0.4861,0.2403,35.1232,0.1692,0.5157
train_4806.jpg,720,1280,0.9216,0.5625,0.4452,0.2885,25.5399,0.1968,0.4782
train_4808.jpg,960,720,0.6912,1.3333,0.2166,0.2191,22.5815,0.3309,0.2358
train_4809.jpg,960,720,0.6912,1.3333,0.5656,0.1961,27.6214,0.2233,0.6307
train_4813.jpg,960,720,0.6912,1.3333,0.4562,0.2517,21.5473,0.3256,0.5316
train_4814.jpg,960,720,0.6912,1.3333,0.4987,0.1501,43.1016,0.1772,0.5372
train_4815.jpg,720,960,0.6912,0.75,0.4908,0.2419,64.1885,0.2601,0.5375
train_4816.jpg,960,720,0.6912,1.3333,0.6204,0.2616,215.8763,0.1212,0.6431
train_4817.jpg,720,1280,0.9216,0.5625,0.5272,0.2283,213.2401,0.2006,0.583
train_4818.jpg,720,960,0.6912,0.75,0.3893,0.2389,24.6281,0.4424,0.4747
train_4819.jpg,1159,720,0.8345,1.6097,0.5555,0.2816,234.0231,0.1407,0.5867
train_4820.jpg,720,960,0.6912,0.75,0.5281,0.1638,18.0514,0.0887,0.5458
train_4821.jpg,720,960,0.6912,0.75,0.5822,0.2289,356.6611,0.2075,0.6594
train_4822.jpg,720,960,0.6912,0.75,0.4245,0.2435,0.0091,0.3054,0.5268
train_4823.jpg,720,960,0.6912,0.75,0.5531,0.2304,27.1731,0.2644,0.6175
train_4824.jpg,720,960,0.6912,0.75,0.5779,0.2624,233.1568,0.1153,0.6058
train_4825.jpg,720,960,0.6912,0.75,0.4476,0.1822,27.1045,0.455,0.5441
train_4826.jpg,1080,720,0.7776,1.5,0.3889,0.2405,59.1483,0.4291,0.4742
train_4827.jpg,960,720,0.6912,1.3333,0.416,0.2767,220.5342,0.2096,0.4695
train_4828.jpg,720,960,0.6912,0.75,0.4257,0.2133,58.9742,0.2932,0.4808
train_4829.jpg,720,960,0.6912,0.75,0.4479,0.1995,213.9809,0.2216,0.5044
train_4830.jpg,960,720,0.6912,1.3333,0.4082,0.1866,225.4091,0.2056,0.4749
train_4831.jpg,720,1280,0.9216,0.5625,0.59,0.2795,214.7152,0.0955,0.6107
train_4832.jpg,720,960,0.6912,0.75,0.4563,0.2159,21.0422,0.2896,0.5231
train_4833.jpg,720,960,0.6912,0.75,0.3915,0.2239,154.7514,0.1627,0.4219
train_4834.jpg,720,960,0.6912,0.75,0.6508,0.1865,38.7456,0.0594,0.663
train_4836.jpg,720,960,0.6912,0.75,0.4934,0.2164,47.3331,0.1873,0.5307
train_4837.jpg,960,720,0.6912,1.3333,0.4408,0.1718,142.9135,0.3182,0.5308
train_4839.jpg,720,960,0.6912,0.75,0.4316,0.1786,238.8739,0.2018,0.4841
train_4840.jpg,720,960,0.6912,0.75,0.5696,0.2239,346.9793,0.2149,0.6292
train_4841.jpg,960,720,0.6912,1.3333,0.4845,0.1935,33.9773,0.3038,0.5444
train_4842.jpg,720,960,0.6912,0.75,0.5443,0.2226,32.8707,0.2751,0.6054
train_4843.jpg,720,960,0.6912,0.75,0.4525,0.2736,7.8565,0.235,0.5033
train_4844.jpg,720,960,0.6912,0.75,0.4297,0.2423,281.0309,0.0902,0.448
train_4845.jpg,720,960,0.6912,0.75,0.3385,0.2162,306.6226,0.2637,0.3963
train_4847.jpg,720,1384,0.9965,0.5202,0.4691,0.2264,230.9553,0.3328,0.5635
train_4848.jpg,960,720,0.6912,1.3333,0.5821,0.1946,5.7519,0.1268,0.6216
train_4849.jpg,720,960,0.6912,0.75,0.516,0.222,28.1748,0.1423,0.5585
train_4850.jpg,720,1559,1.1225,0.4618,0.5022,0.2547,25.0956,0.2357,0.5601
train_4851.jpg,960,720,0.6912,1.3333,0.6318,0.192,32.8582,0.115,0.6623
train_4852.jpg,720,960,0.6912,0.75,0.3183,0.1975,86.3267,0.2196,0.3378
train_4853.jpg,720,960,0.6912,0.75,0.4111,0.2205,226.9261,0.1256,0.4421
train_4854.jpg,720,960,0.6912,0.75,0.4615,0.2215,211.0165,0.2895,0.5492
train_4855.jpg,720,960,0.6912,0.75,0.4976,0.1583,27.7413,0.2702,0.5622
train_4856.jpg,720,960,0.6912,0.75,0.5267,0.2198,23.6288,0.184,0.5747
train_4857.jpg,720,960,0.6912,0.75,0.4698,0.2061,119.1553,0.174,0.5073
train_4858.jpg,724,720,0.5213,1.0056,0.438,0.2415,35.2863,0.3095,0.497
train_4859.jpg,720,960,0.6912,0.75,0.4488,0.2113,39.0292,0.1478,0.4802
train_4860.jpg,720,960,0.6912,0.75,0.4486,0.1523,230.5325,0.2898,0.5421
train_4861.jpg,720,1279,0.9209,0.5629,0.4483,0.2292,244.8773,0.2463,0.5187
train_4862.jpg,960,720,0.6912,1.3333,0.4969,0.2244,355.5924,0.2065,0.5555
train_4863.jpg,720,960,0.6912,0.75,0.5055,0.2024,25.2368,0.3439,0.609
train_4864.jpg,720,960,0.6912,0.75,0.4747,0.2226,193.4862,0.2005,0.5251
train_4865.jpg,720,1280,0.9216,0.5625,0.4761,0.2308,44.0697,0.3687,0.5588
train_4867.jpg,720,960,0.6912,0.75,0.4471,0.215,20.3787,0.4666,0.5719
train_4868.jpg,720,1280,0.9216,0.5625,0.5373,0.2436,36.5935,0.1408,0.5651
train_4869.jpg,960,720,0.6912,1.3333,0.5021,0.1931,180.894,0.2799,0.5937
train_4870.jpg,720,1280,0.9216,0.5625,0.476,0.2185,23.1147,0.2609,0.5311
train_4871.jpg,720,960,0.6912,0.75,0.5214,0.2438,216.5685,0.2156,0.5851
train_4872.jpg,720,960,0.6912,0.75,0.5676,0.2614,332.1779,0.1209,0.5905
train_4873.jpg,1279,720,0.9209,1.7764,0.1602,0.1351,12.7818,0.4659,0.2111
train_4874.jpg,1357,720,0.977,1.8847,0.4855,0.2136,240.8208,0.2482,0.5651
train_4876.jpg,720,1280,0.9216,0.5625,0.3795,0.1646,1.9989,0.18,0.4274
train_4877.jpg,960,720,0.6912,1.3333,0.5766,0.2573,41.9911,0.2026,0.6141
train_4878.jpg,720,960,0.6912,0.75,0.461,0.2138,8.1224,0.2385,0.5299
train_4879.jpg,720,960,0.6912,0.75,0.4838,0.2652,234.1746,0.2459,0.5388
train_4881.jpg,720,960,0.6912,0.75,0.5863,0.2656,207.6508,0.1456,0.6112
train_4882.jpg,720,960,0.6912,0.75,0.4503,0.2489,217.3433,0.2652,0.5266
train_4883.jpg,720,960,0.6912,0.75,0.5145,0.161,188.6199,0.3352,0.6408
train_4884.jpg,720,960,0.6912,0.75,0.4284,0.2445,89.6008,0.1897,0.4572
train_4885.jpg,720,720,0.5184,1.0,0.4565,0.2406,20.6675,0.2824,0.5345
train_4886.jpg,960,720,0.6912,1.3333,0.4486,0.1728,338.051,0.1797,0.4949
train_4887.jpg,720,960,0.6912,0.75,0.552,0.168,26.1874,0.2171,0.6104
train_4888.jpg,960,720,0.6912,1.3333,0.3917,0.1702,300.314,0.0897,0.4127
train_4889.jpg,960,720,0.6912,1.3333,0.5249,0.2265,21.3323,0.1389,0.5618
train_4890.jpg,1599,720,1.1513,2.2208,0.5423,0.1726,6.531,0.3128,0.6428
train_4891.jpg,923,720,0.6646,1.2819,0.5549,0.2799,31.0779,0.3459,0.634
train_4892.jpg,720,960,0.6912,0.75,0.5192,0.2947,9.1507,0.3092,0.6154
train_4893.jpg,720,960,0.6912,0.75,0.4985,0.1897,45.8207,0.2584,0.5449
train_4894.jpg,720,960,0.6912,0.75,0.4628,0.2363,2.745,0.3209,0.562
train_4895.jpg,720,1279,0.9209,0.5629,0.4943,0.2149,18.2131,0.1651,0.5373
train_4897.jpg,720,960,0.6912,0.75,0.5051,0.1954,298.5413,0.1836,0.5627
train_4898.jpg,720,960,0.6912,0.75,0.4763,0.2413,45.0642,0.3776,0.5627
train_4899.jpg,960,720,0.6912,1.3333,0.5833,0.1163,51.9474,0.077,0.6002
train_4900.jpg,720,960,0.6912,0.75,0.5631,0.2046,22.2935,0.2083,0.6092
train_4901.jpg,960,720,0.6912,1.3333,0.5272,0.2349,196.0495,0.1229,0.5604
train_4904.jpg,720,1280,0.9216,0.5625,0.4501,0.2181,22.28,0.4652,0.5743
train_4905.jpg,720,960,0.6912,0.75,0.4648,0.2408,73.3437,0.2653,0.4881
train_4906.jpg,960,720,0.6912,1.3333,0.4928,0.2039,185.6222,0.1317,0.5265
train_4907.jpg,720,720,0.5184,1.0,0.4772,0.2394,323.751,0.2219,0.5443
train_4908.jpg,720,960,0.6912,0.75,0.5435,0.2785,29.874,0.2606,0.579
train_4909.jpg,720,960,0.6912,0.75,0.4892,0.2002,42.1773,0.1068,0.5073
train_4910.jpg,720,960,0.6912,0.75,0.4447,0.2505,55.5251,0.2995,0.5347
train_4911.jpg,720,960,0.6912,0.75,0.6076,0.2583,110.5352,0.3202,0.6864
train_4912.jpg,960,720,0.6912,1.3333,0.4828,0.2169,32.74,0.6112,0.6248
train_4913.jpg,720,960,0.6912,0.75,0.5898,0.1294,31.488,0.1937,0.6499
train_4914.jpg,960,720,0.6912,1.3333,0.4104,0.2232,198.5058,0.1921,0.4526
train_4915.jpg,1280,720,0.9216,1.7778,0.5098,0.2561,130.9248,0.185,0.5526
train_4916.jpg,960,720,0.6912,1.3333,0.4356,0.2237,62.6522,0.1989,0.4816
train_4917.jpg,720,960,0.6912,0.75,0.4036,0.2648,45.4748,0.227,0.4247
train_4918.jpg,720,720,0.5184,1.0,0.6729,0.1851,337.4856,0.0846,0.7028
train_4919.jpg,720,960,0.6912,0.75,0.4889,0.1988,237.6487,0.0638,0.5042
train_4920.jpg,720,720,0.5184,1.0,0.5223,0.2118,22.0263,0.3493,0.6094
train_4921.jpg,720,960,0.6912,0.75,0.6156,0.2827,219.073,0.2558,0.7032
train_4922.jpg,720,960,0.6912,0.75,0.5669,0.1546,29.0284,0.3175,0.6546
train_4923.jpg,720,960,0.6912,0.75,0.4509,0.2017,29.3362,0.2315,0.499
train_4924.jpg,720,960,0.6912,0.75,0.4389,0.2137,164.3539,0.3238,0.5189
train_4925.jpg,720,960,0.6912,0.75,0.5186,0.2036,34.9788,0.3113,0.5878
train_4926.jpg,720,956,0.6883,0.7531,0.548,0.206,83.6091,0.1303,0.5761
train_4927.jpg,960,720,0.6912,1.3333,0.4387,0.1979,306.8214,0.1409,0.467
train_4928.jpg,1280,720,0.9216,1.7778,0.3805,0.2516,29.6334,0.4556,0.5006
train_4929.jpg,720,960,0.6912,0.75,0.5263,0.1127,22.2195,0.2152,0.5936
train_4930.jpg,720,1279,0.9209,0.5629,0.4568,0.2405,321.756,0.1463,0.4913
train_4931.jpg,720,960,0.6912,0.75,0.3581,0.2297,18.3732,0.2322,0.3945
train_4932.jpg,720,960,0.6912,0.75,0.2317,0.2007,61.8036,0.3236,0.2461
train_4933.jpg,720,960,0.6912,0.75,0.3417,0.1884,64.3336,0.2918,0.3695
train_4934.jpg,720,1274,0.9173,0.5651,0.4713,0.1648,228.4727,0.1224,0.5174
train_4935.jpg,960,720,0.6912,1.3333,0.4398,0.2593,266.4054,0.3777,0.514
train_4937.jpg,960,720,0.6912,1.3333,0.4057,0.2214,219.0372,0.3791,0.5452
train_4938.jpg,960,720,0.6912,1.3333,0.3048,0.2205,4.2463,0.184,0.3417
train_4939.jpg,720,960,0.6912,0.75,0.3955,0.1627,33.1939,0.1265,0.4214
train_4940.jpg,720,960,0.6912,0.75,0.47,0.2794,42.7369,0.3493,0.5301
train_4941.jpg,960,720,0.6912,1.3333,0.5003,0.2613,328.321,0.2684,0.5629
train_4942.jpg,720,960,0.6912,0.75,0.1931,0.156,231.7161,0.7708,0.4835
train_4943.jpg,960,720,0.6912,1.3333,0.5513,0.2763,199.6,0.1631,0.5904
train_4944.jpg,720,960,0.6912,0.75,0.6093,0.2377,32.7592,0.3115,0.6783
train_4946.jpg,720,960,0.6912,0.75,0.5034,0.2488,233.0854,0.0756,0.5185
train_4947.jpg,720,1824,1.3133,0.3947,0.455,0.1992,291.8241,0.1003,0.4823
train_4948.jpg,720,960,0.6912,0.75,0.3933,0.2323,245.0318,0.1912,0.4425
train_4949.jpg,720,960,0.6912,0.75,0.422,0.2247,27.7096,0.2186,0.4585
train_4950.jpg,960,720,0.6912,1.3333,0.5016,0.244,213.3769,0.1961,0.5467
train_4951.jpg,720,960,0.6912,0.75,0.5173,0.2901,190.8827,0.3082,0.5877
train_4952.jpg,720,960,0.6912,0.75,0.4696,0.239,147.3571,0.1903,0.5019
train_4953.jpg,720,960,0.6912,0.75,0.4448,0.2494,50.1223,0.2072,0.4836
train_4954.jpg,720,960,0.6912,0.75,0.528,0.2036,57.4868,0.2043,0.5717
train_4955.jpg,720,960,0.6912,0.75,0.6907,0.1356,38.2508,0.028,0.6953
train_4956.jpg,960,720,0.6912,1.3333,0.5665,0.2943,41.9948,0.2095,0.6065
train_4957.jpg,720,960,0.6912,0.75,0.3529,0.2447,35.0778,0.2994,0.3976
train_4958.jpg,960,720,0.6912,1.3333,0.5903,0.1709,18.6317,0.1321,0.6256
train_4960.jpg,720,960,0.6912,0.75,0.4405,0.258,29.9226,0.1792,0.4731
train_4961.jpg,720,960,0.6912,0.75,0.458,0.2106,24.7002,0.2025,0.5019
train_4962.jpg,720,960,0.6912,0.75,0.4866,0.2263,168.2451,0.2093,0.5267
train_4964.jpg,1279,720,0.9209,1.7764,0.4012,0.1878,92.4767,0.18,0.4329
train_4965.jpg,720,960,0.6912,0.75,0.3925,0.2481,95.6654,0.285,0.4399
train_4966.jpg,720,960,0.6912,0.75,0.5504,0.196,30.3356,0.1444,0.5826
train_4967.jpg,960,720,0.6912,1.3333,0.4535,0.175,224.5108,0.2391,0.5404
train_4968.jpg,720,960,0.6912,0.75,0.4102,0.2006,18.5125,0.3241,0.4964
train_4969.jpg,720,960,0.6912,0.75,0.1863,0.25,38.8652,0.3186,0.23
train_4970.jpg,720,960,0.6912,0.75,0.5258,0.2014,206.7856,0.1609,0.5829
train_4971.jpg,720,960,0.6912,0.75,0.4531,0.2024,220.0901,0.2929,0.5611
train_4972.jpg,960,720,0.6912,1.3333,0.4459,0.2422,213.2374,0.5357,0.6448
train_4973.jpg,720,960,0.6912,0.75,0.6111,0.2118,184.0243,0.2094,0.6622
train_4974.jpg,720,960,0.6912,0.75,0.5089,0.2377,36.3014,0.1903,0.5408
train_4975.jpg,720,720,0.5184,1.0,0.5516,0.2459,15.2145,0.2037,0.5997
train_4976.jpg,720,960,0.6912,0.75,0.604,0.1767,92.9807,0.0682,0.6152
train_4977.jpg,720,960,0.6912,0.75,0.5626,0.2318,3.2891,0.1701,0.6178
train_4978.jpg,720,960,0.6912,0.75,0.5539,0.2421,97.0618,0.1208,0.5802
train_4979.jpg,720,960,0.6912,0.75,0.5086,0.1292,32.1626,0.2726,0.571
train_4980.jpg,960,720,0.6912,1.3333,0.3925,0.2491,27.9774,0.235,0.4241
train_4981.jpg,960,720,0.6912,1.3333,0.5039,0.2302,335.7627,0.2887,0.6027
train_4982.jpg,720,960,0.6912,0.75,0.5064,0.2019,234.7153,0.029,0.5141
train_4983.jpg,1280,720,0.9216,1.7778,0.4193,0.1788,216.1464,0.2535,0.4878
train_4984.jpg,720,960,0.6912,0.75,0.5752,0.2257,161.5402,0.2245,0.627
train_4985.jpg,1320,720,0.9504,1.8333,0.5749,0.2177,141.2611,0.2407,0.6432
train_4986.jpg,720,1280,0.9216,0.5625,0.2022,0.1987,32.274,0.4079,0.2339
train_4987.jpg,720,960,0.6912,0.75,0.4123,0.2022,24.8819,0.2416,0.4697
train_4988.jpg,720,960,0.6912,0.75,0.5724,0.1947,211.3709,0.2157,0.659
train_4989.jpg,720,1280,0.9216,0.5625,0.4446,0.1353,7.6279,0.3431,0.5493
train_4991.jpg,720,960,0.6912,0.75,0.6424,0.2421,37.5298,0.1945,0.6922
train_4992.jpg,960,720,0.6912,1.3333,0.2253,0.2132,319.1301,0.406,0.2752
train_4993.jpg,720,960,0.6912,0.75,0.5144,0.2696,34.5052,0.1624,0.5403
train_4994.jpg,720,960,0.6912,0.75,0.6417,0.2686,205.7018,0.1352,0.6883
train_4996.jpg,720,960,0.6912,0.75,0.3948,0.2231,332.6011,0.1359,0.4223
train_4997.jpg,720,960,0.6912,0.75,0.5927,0.2108,201.3243,0.1969,0.6611
train_4998.jpg,720,720,0.5184,1.0,0.4441,0.2388,35.5025,0.2346,0.4857
train_4999.jpg,720,960,0.6912,0.75,0.5902,0.1374,39.1339,0.1548,0.6211
train_5000.jpg,720,960,0.6912,0.75,0.5921,0.2842,303.8537,0.0758,0.6056
train_5001.jpg,720,960,0.6912,0.75,0.4827,0.2323,57.701,0.2148,0.5121
train_5002.jpg,720,960,0.6912,0.75,0.6108,0.1178,54.3242,0.1052,0.6376
train_5003.jpg,720,960,0.6912,0.75,0.5913,0.2048,196.0297,0.2022,0.6585
train_5004.jpg,1323,720,0.9526,1.8375,0.3122,0.2396,19.4884,0.489,0.3894
train_5005.jpg,720,960,0.6912,0.75,0.4288,0.2382,221.2235,0.1665,0.4688
train_5006.jpg,720,960,0.6912,0.75,0.5671,0.1969,29.7446,0.2174,0.6153
train_5007.jpg,960,720,0.6912,1.3333,0.4632,0.2586,188.0474,0.1456,0.492
train_5008.jpg,720,960,0.6912,0.75,0.5494,0.2339,206.0079,0.1309,0.5925
train_5009.jpg,720,960,0.6912,0.75,0.6908,0.1737,26.2777,0.0954,0.7248
train_5010.jpg,720,960,0.6912,0.75,0.3624,0.215,50.1484,0.2828,0.4038
train_5011.jpg,960,720,0.6912,1.3333,0.5433,0.2295,200.0441,0.1285,0.5783
train_5012.jpg,720,960,0.6912,0.75,0.459,0.1898,207.3802,0.3588,0.6042
train_5013.jpg,720,1279,0.9209,0.5629,0.6069,0.1802,257.065,0.151,0.6452
train_5014.jpg,720,960,0.6912,0.75,0.5012,0.2541,74.2505,0.2666,0.5451
train_5015.jpg,1080,720,0.7776,1.5,0.2152,0.2378,37.5064,0.2908,0.2314
train_5016.jpg,720,960,0.6912,0.75,0.5222,0.2254,99.1091,0.2039,0.5677
train_5017.jpg,720,960,0.6912,0.75,0.1608,0.1163,235.2957,0.8408,0.5447
train_5018.jpg,720,960,0.6912,0.75,0.2441,0.2194,255.5024,0.2101,0.2762
train_5019.jpg,720,960,0.6912,0.75,0.4494,0.2266,72.6425,0.217,0.5028
train_5020.jpg,720,959,0.6905,0.7508,0.1384,0.1613,58.4835,0.255,0.1571
train_5021.jpg,960,720,0.6912,1.3333,0.4819,0.1651,241.7898,0.1204,0.5189
train_5022.jpg,720,720,0.5184,1.0,0.4754,0.2292,209.0167,0.2071,0.5316
train_5023.jpg,720,960,0.6912,0.75,0.3726,0.2199,107.8,0.2722,0.4014
train_5024.jpg,720,1280,0.9216,0.5625,0.5156,0.186,55.9447,0.1256,0.5378
train_5026.jpg,720,961,0.6919,0.7492,0.3347,0.2347,264.3898,0.4171,0.4398
train_5027.jpg,720,960,0.6912,0.75,0.5352,0.2805,48.9948,0.3432,0.5895
train_5028.jpg,720,960,0.6912,0.75,0.5042,0.2332,58.6284,0.1818,0.5297
train_5029.jpg,960,720,0.6912,1.3333,0.4014,0.2406,246.5,0.2799,0.4659
train_5030.jpg,960,720,0.6912,1.3333,0.4913,0.1338,29.4352,0.2927,0.56
train_5031.jpg,720,960,0.6912,0.75,0.4332,0.2338,28.3694,0.3997,0.518
train_5032.jpg,720,960,0.6912,0.75,0.3163,0.2037,0.3107,0.2363,0.3776
train_5033.jpg,720,940,0.6768,0.766,0.5325,0.2079,9.7596,0.1144,0.5524
train_5034.jpg,720,960,0.6912,0.75,0.5117,0.2481,122.147,0.134,0.5393
train_5036.jpg,960,720,0.6912,1.3333,0.4593,0.2612,189.0343,0.135,0.4895
train_5037.jpg,720,960,0.6912,0.75,0.5223,0.2231,34.2161,0.2123,0.5684
train_5038.jpg,720,960,0.6912,0.75,0.4869,0.1683,62.521,0.1772,0.5089
train_5039.jpg,720,1280,0.9216,0.5625,0.5247,0.2277,163.1735,0.1781,0.5707
train_5040.jpg,720,960,0.6912,0.75,0.5421,0.1843,28.8337,0.5009,0.6743
train_5041.jpg,720,960,0.6912,0.75,0.5775,0.3104,112.9792,0.0835,0.5956
train_5042.jpg,720,960,0.6912,0.75,0.3657,0.1938,70.0795,0.3409,0.4055
train_5043.jpg,960,720,0.6912,1.3333,0.458,0.255,21.0134,0.2304,0.5005
train_5044.jpg,720,960,0.6912,0.75,0.4181,0.2243,224.0282,0.1723,0.4644
train_5045.jpg,720,960,0.6912,0.75,0.5146,0.2186,23.6276,0.1859,0.5567
train_5046.jpg,720,960,0.6912,0.75,0.5145,0.2436,242.4506,0.1872,0.5653
train_5047.jpg,720,960,0.6912,0.75,0.4684,0.1669,22.092,0.358,0.5707
train_5048.jpg,720,960,0.6912,0.75,0.5773,0.1725,57.1284,0.1849,0.6056
train_5049.jpg,720,960,0.6912,0.75,0.5615,0.2285,56.5132,0.171,0.5985
train_5050.jpg,720,960,0.6912,0.75,0.5793,0.1694,47.0592,0.0629,0.5902
train_5051.jpg,960,720,0.6912,1.3333,0.5078,0.2218,211.3428,0.1695,0.5564
train_5052.jpg,720,960,0.6912,0.75,0.5367,0.1531,12.1037,0.1196,0.5708
train_5054.jpg,1882,720,1.355,2.6139,0.3666,0.1666,229.3083,0.2716,0.4428
train_5055.jpg,720,960,0.6912,0.75,0.5249,0.1941,33.2296,0.3348,0.5805
train_5056.jpg,830,720,0.5976,1.1528,0.4982,0.2513,29.6102,0.2192,0.5411
train_5057.jpg,960,720,0.6912,1.3333,0.4629,0.2586,206.145,0.3051,0.5282
train_5058.jpg,720,960,0.6912,0.75,0.4475,0.2134,343.6824,0.2349,0.5105
train_5059.jpg,720,720,0.5184,1.0,0.3236,0.1321,35.0156,0.1907,0.3478
train_5060.jpg,720,960,0.6912,0.75,0.3367,0.2442,359.2459,0.2463,0.3915
train_5061.jpg,720,960,0.6912,0.75,0.507,0.223,273.5732,0.1381,0.5479
train_5062.jpg,720,960,0.6912,0.75,0.58,0.2124,115.6719,0.0911,0.6026
train_5063.jpg,720,960,0.6912,0.75,0.5039,0.1954,36.925,0.2487,0.572
train_5064.jpg,720,960,0.6912,0.75,0.3932,0.138,216.7296,0.1081,0.4213
train_5065.jpg,720,960,0.6912,0.75,0.6156,0.1283,15.1996,0.0299,0.625
train_5066.jpg,720,960,0.6912,0.75,0.4834,0.22,24.2239,0.2074,0.5449
train_5067.jpg,720,960,0.6912,0.75,0.6092,0.1472,79.4491,0.1622,0.6518
train_5068.jpg,720,960,0.6912,0.75,0.541,0.2221,30.1862,0.1518,0.5845
train_5069.jpg,720,960,0.6912,0.75,0.477,0.1754,25.4875,0.1769,0.5231
train_5070.jpg,720,1560,1.1232,0.4615,0.3342,0.319,357.5337,0.1812,0.3949
train_5071.jpg,720,960,0.6912,0.75,0.3809,0.202,82.3963,0.1731,0.4153
train_5072.jpg,960,720,0.6912,1.3333,0.4427,0.1782,35.2342,0.1997,0.477
train_5073.jpg,1280,720,0.9216,1.7778,0.4965,0.1493,5.4907,0.1085,0.5246
train_5074.jpg,1039,720,0.7481,1.4431,0.5244,0.2609,346.5951,0.2333,0.6055
train_5075.jpg,720,960,0.6912,0.75,0.4744,0.2025,342.9164,0.3134,0.5718
train_5076.jpg,960,720,0.6912,1.3333,0.4833,0.2455,22.2507,0.2007,0.5344
train_5077.jpg,720,960,0.6912,0.75,0.5374,0.223,34.3595,0.1059,0.5565
train_5078.jpg,720,960,0.6912,0.75,0.4562,0.187,208.0237,0.1812,0.5059
train_5079.jpg,720,1600,1.152,0.45,0.5474,0.4235,219.9439,0.1684,0.5638
train_5080.jpg,720,959,0.6905,0.7508,0.36,0.16,230.1855,0.3122,0.4306
train_5081.jpg,720,960,0.6912,0.75,0.3246,0.2144,323.136,0.3957,0.4242
train_5082.jpg,960,720,0.6912,1.3333,0.5545,0.2374,24.1924,0.1739,0.602
train_5083.jpg,720,720,0.5184,1.0,0.4548,0.1488,11.0766,0.2,0.4981
train_5084.jpg,720,1280,0.9216,0.5625,0.4069,0.2026,212.4296,0.4742,0.5734
train_5085.jpg,720,960,0.6912,0.75,0.2736,0.169,118.1611,0.3713,0.3059
train_5087.jpg,720,960,0.6912,0.75,0.4283,0.2345,28.0011,0.1306,0.4582
train_5088.jpg,720,1279,0.9209,0.5629,0.4641,0.1994,205.7601,0.1894,0.522
train_5089.jpg,720,960,0.6912,0.75,0.4247,0.1742,111.4512,0.4885,0.52
train_5090.jpg,720,1001,0.7207,0.7193,0.6113,0.2662,213.0908,0.2353,0.6963
train_5092.jpg,720,960,0.6912,0.75,0.5693,0.2744,44.4705,0.2041,0.5966
train_5093.jpg,720,960,0.6912,0.75,0.3785,0.2756,217.233,0.4467,0.4912
train_5094.jpg,720,960,0.6912,0.75,0.4973,0.2102,328.293,0.1371,0.5425
train_5095.jpg,960,720,0.6912,1.3333,0.451,0.1618,28.1971,0.0934,0.4731
train_5097.jpg,720,960,0.6912,0.75,0.553,0.1808,24.9893,0.1839,0.5991
train_5098.jpg,720,960,0.6912,0.75,0.5633,0.2536,180.6982,0.1772,0.6018
train_5099.jpg,720,960,0.6912,0.75,0.5693,0.2557,117.1713,0.223,0.6175
train_5100.jpg,720,960,0.6912,0.75,0.3974,0.2065,359.5063,0.168,0.4283
train_5101.jpg,720,1151,0.8287,0.6255,0.3786,0.2786,171.6176,0.3383,0.4463
train_5102.jpg,960,720,0.6912,1.3333,0.4461,0.1594,159.7759,0.1291,0.4731
train_5103.jpg,720,960,0.6912,0.75,0.5923,0.2802,137.8768,0.1004,0.6144
train_5104.jpg,960,720,0.6912,1.3333,0.6342,0.2376,54.8718,0.1523,0.6743
train_5105.jpg,720,1279,0.9209,0.5629,0.5999,0.1753,141.9262,0.2325,0.6548
train_5106.jpg,960,720,0.6912,1.3333,0.5006,0.1894,66.8426,0.2943,0.5438
train_5107.jpg,720,960,0.6912,0.75,0.4541,0.2102,260.7846,0.1612,0.4959
train_5108.jpg,720,960,0.6912,0.75,0.4429,0.2389,10.4183,0.1545,0.4805
train_5110.jpg,960,720,0.6912,1.3333,0.6855,0.197,58.1558,0.061,0.6955
train_5111.jpg,720,960,0.6912,0.75,0.4766,0.2593,112.2805,0.1951,0.5137
train_5112.jpg,720,960,0.6912,0.75,0.5645,0.2464,40.985,0.1001,0.5777
train_5113.jpg,720,960,0.6912,0.75,0.4392,0.2542,54.051,0.2562,0.4787
train_5114.jpg,960,720,0.6912,1.3333,0.4619,0.2132,214.7337,0.2448,0.5373
train_5116.jpg,720,960,0.6912,0.75,0.4261,0.2612,209.6493,0.2225,0.4746
train_5117.jpg,720,960,0.6912,0.75,0.4602,0.2354,4.1209,0.1814,0.5093
train_5118.jpg,720,960,0.6912,0.75,0.3712,0.2173,346.5487,0.2301,0.4468
train_5119.jpg,720,960,0.6912,0.75,0.46,0.2242,85.5484,0.2515,0.5126
train_5120.jpg,960,720,0.6912,1.3333,0.4946,0.2245,219.3465,0.1243,0.5261
train_5121.jpg,780,720,0.5616,1.0833,0.4647,0.1715,212.6259,0.0979,0.4873
train_5122.jpg,720,960,0.6912,0.75,0.6271,0.1658,44.6113,0.0632,0.6471
train_5123.jpg,720,960,0.6912,0.75,0.4941,0.2162,31.0636,0.1917,0.5498
train_5124.jpg,720,960,0.6912,0.75,0.5007,0.2162,71.6379,0.1993,0.5425
train_5125.jpg,720,960,0.6912,0.75,0.4352,0.2043,212.6559,0.2317,0.5188
train_5126.jpg,720,960,0.6912,0.75,0.5278,0.1717,37.9729,0.2628,0.5841
train_5127.jpg,720,960,0.6912,0.75,0.461,0.2168,23.8326,0.2169,0.5036
train_5128.jpg,960,720,0.6912,1.3333,0.5266,0.2951,203.1878,0.1286,0.5654
train_5129.jpg,720,720,0.5184,1.0,0.3542,0.1918,31.2125,0.3393,0.4317
train_5131.jpg,720,960,0.6912,0.75,0.5018,0.2068,34.3994,0.431,0.5944
train_5132.jpg,960,720,0.6912,1.3333,0.3835,0.223,26.9601,0.1898,0.4184
train_5133.jpg,720,960,0.6912,0.75,0.4876,0.2706,113.6811,0.1392,0.515
train_5134.jpg,960,720,0.6912,1.3333,0.4285,0.2533,225.8276,0.1589,0.4629
train_5135.jpg,720,960,0.6912,0.75,0.6739,0.101,55.5653,0.1121,0.6894
train_5136.jpg,720,960,0.6912,0.75,0.5892,0.236,256.068,0.1248,0.6207
train_5137.jpg,720,960,0.6912,0.75,0.4612,0.2107,24.7061,0.0836,0.4752
train_5138.jpg,720,1565,1.1268,0.4601,0.3018,0.322,313.9788,0.1097,0.3238
train_5139.jpg,720,960,0.6912,0.75,0.4552,0.193,268.4637,0.1045,0.4861
train_5140.jpg,960,720,0.6912,1.3333,0.641,0.2344,352.2361,0.1348,0.6873
train_5141.jpg,720,960,0.6912,0.75,0.4333,0.1803,216.1521,0.1782,0.4783
train_5142.jpg,720,960,0.6912,0.75,0.4414,0.2004,9.4071,0.4542,0.5494
train_5143.jpg,720,960,0.6912,0.75,0.5397,0.1642,78.4411,0.2941,0.5957
train_5144.jpg,720,960,0.6912,0.75,0.6107,0.0968,24.6824,0.0792,0.6303
train_5145.jpg,720,960,0.6912,0.75,0.3764,0.2113,332.703,0.2599,0.446
train_5146.jpg,720,960,0.6912,0.75,0.6243,0.1527,248.4178,0.0641,0.6471
train_5148.jpg,720,960,0.6912,0.75,0.4941,0.2275,30.5955,0.1104,0.5151
train_5149.jpg,720,960,0.6912,0.75,0.5109,0.2564,61.3877,0.1225,0.5281
train_5150.jpg,960,720,0.6912,1.3333,0.5041,0.1596,48.4784,0.3579,0.612
train_5151.jpg,720,960,0.6912,0.75,0.5388,0.2277,20.8967,0.2929,0.621
train_5152.jpg,720,960,0.6912,0.75,0.5237,0.2033,25.7938,0.2352,0.5729
train_5155.jpg,720,1558,1.1218,0.4621,0.4643,0.2114,213.1936,0.1479,0.5101
train_5156.jpg,720,1279,0.9209,0.5629,0.3935,0.1683,346.3413,0.2642,0.4738
train_5157.jpg,720,960,0.6912,0.75,0.5572,0.1335,29.9132,0.115,0.5831
train_5158.jpg,960,720,0.6912,1.3333,0.662,0.1628,36.6882,0.1852,0.7076
train_5159.jpg,720,960,0.6912,0.75,0.4525,0.2086,26.1734,0.5236,0.5744
train_5160.jpg,720,960,0.6912,0.75,0.5503,0.2508,22.6084,0.3541,0.6479
train_5161.jpg,720,1280,0.9216,0.5625,0.522,0.1906,212.6878,0.1449,0.5657
train_5164.jpg,720,960,0.6912,0.75,0.4969,0.2741,23.3355,0.3136,0.5576
train_5165.jpg,720,960,0.6912,0.75,0.3977,0.2757,10.7603,0.1589,0.4274
train_5167.jpg,720,960,0.6912,0.75,0.4639,0.1934,245.2584,0.1033,0.4905
train_5169.jpg,960,720,0.6912,1.3333,0.5534,0.2005,189.2583,0.1992,0.6117
train_5170.jpg,720,960,0.6912,0.75,0.471,0.2095,329.0474,0.0792,0.4861
train_5171.jpg,720,960,0.6912,0.75,0.6492,0.141,352.4188,0.0592,0.6651
train_5172.jpg,960,720,0.6912,1.3333,0.4263,0.1527,39.1055,0.1354,0.4476
train_5173.jpg,720,960,0.6912,0.75,0.5181,0.2826,110.82,0.0838,0.5365
train_5174.jpg,720,960,0.6912,0.75,0.5748,0.2122,44.8734,0.0576,0.582
train_5175.jpg,720,960,0.6912,0.75,0.4813,0.2277,26.136,0.2706,0.5523
train_5176.jpg,720,720,0.5184,1.0,0.3176,0.2275,36.4492,0.2474,0.3424
train_5177.jpg,960,720,0.6912,1.3333,0.4971,0.2472,40.7224,0.1726,0.5355
train_5178.jpg,720,960,0.6912,0.75,0.5429,0.2151,64.3099,0.1834,0.5838
train_5179.jpg,720,960,0.6912,0.75,0.4334,0.2648,354.3796,0.1764,0.4814
train_5180.jpg,720,900,0.648,0.8,0.5065,0.1577,41.2597,0.1654,0.5228
train_5181.jpg,720,960,0.6912,0.75,0.4987,0.2232,198.8725,0.0972,0.5206
train_5182.jpg,1133,720,0.8158,1.5736,0.2556,0.2266,4.9612,0.5512,0.3994
train_5183.jpg,960,720,0.6912,1.3333,0.4606,0.252,26.0854,0.2129,0.51
train_5184.jpg,1280,720,0.9216,1.7778,0.5728,0.2093,105.0789,0.1342,0.6055
train_5185.jpg,1481,720,1.0663,2.0569,0.5291,0.2568,26.9209,0.3878,0.6189
train_5186.jpg,720,960,0.6912,0.75,0.3433,0.2194,76.4574,0.2186,0.3646
train_5187.jpg,720,960,0.6912,0.75,0.4796,0.2167,122.2049,0.091,0.4942
train_5188.jpg,720,1279,0.9209,0.5629,0.5883,0.193,219.9538,0.1537,0.6413
train_5189.jpg,1280,720,0.9216,1.7778,0.4451,0.2517,227.6316,0.1326,0.4779
train_5190.jpg,720,960,0.6912,0.75,0.5604,0.1848,40.4419,0.1566,0.5877
train_5191.jpg,720,960,0.6912,0.75,0.4319,0.2397,40.8093,0.1091,0.4456
train_5192.jpg,720,960,0.6912,0.75,0.2946,0.2604,357.5297,0.5148,0.3806
train_5193.jpg,720,960,0.6912,0.75,0.3875,0.2429,19.9125,0.3544,0.4601
train_5194.jpg,720,960,0.6912,0.75,0.1699,0.1783,85.2753,0.2945,0.1949
train_5195.jpg,720,960,0.6912,0.75,0.4547,0.1973,203.4556,0.2521,0.5425
train_5196.jpg,720,960,0.6912,0.75,0.4399,0.2552,245.6387,0.2821,0.5295
train_5197.jpg,960,720,0.6912,1.3333,0.412,0.1649,19.5258,0.3124,0.4828
train_5198.jpg,720,960,0.6912,0.75,0.4226,0.232,207.0596,0.3311,0.5098
train_5199.jpg,720,960,0.6912,0.75,0.5353,0.1667,46.6004,0.0824,0.5458
train_5200.jpg,720,1279,0.9209,0.5629,0.446,0.2158,20.3568,0.338,0.5288
train_5201.jpg,960,720,0.6912,1.3333,0.4904,0.2357,61.6324,0.3487,0.546
train_5202.jpg,720,960,0.6912,0.75,0.6112,0.2363,23.6431,0.1999,0.6643
train_5204.jpg,720,960,0.6912,0.75,0.4919,0.1831,214.8074,0.094,0.5161
train_5205.jpg,720,960,0.6912,0.75,0.2933,0.2305,259.6956,0.5371,0.5213
train_5206.jpg,720,720,0.5184,1.0,0.4449,0.1943,27.3553,0.3597,0.5137
train_5207.jpg,720,960,0.6912,0.75,0.5,0.3002,70.9889,0.1484,0.5343
train_5208.jpg,960,720,0.6912,1.3333,0.5332,0.1797,284.4775,0.0836,0.5581
train_5209.jpg,720,960,0.6912,0.75,0.6104,0.2275,25.7365,0.1884,0.6493
train_5210.jpg,960,720,0.6912,1.3333,0.5389,0.1947,349.9528,0.2899,0.6338
train_5211.jpg,720,720,0.5184,1.0,0.6308,0.1663,256.3191,0.0408,0.6411
train_5212.jpg,720,1558,1.1218,0.4621,0.2429,0.2211,253.1469,0.285,0.2621
train_5213.jpg,833,720,0.5998,1.1569,0.6317,0.2215,231.1106,0.1965,0.7229
train_5216.jpg,720,960,0.6912,0.75,0.4666,0.2258,358.9778,0.2672,0.5501
train_5218.jpg,720,960,0.6912,0.75,0.5074,0.1682,173.0061,0.2634,0.5525
train_5219.jpg,720,960,0.6912,0.75,0.4897,0.2692,0.2755,0.2174,0.5436
train_5220.jpg,720,960,0.6912,0.75,0.4717,0.1773,35.9604,0.2793,0.5227
train_5221.jpg,960,720,0.6912,1.3333,0.6875,0.168,30.0107,0.0754,0.7046
train_5222.jpg,720,960,0.6912,0.75,0.5035,0.2019,229.4966,0.159,0.5491
train_5223.jpg,720,960,0.6912,0.75,0.4825,0.2406,240.6647,0.2159,0.5346
train_5224.jpg,960,720,0.6912,1.3333,0.4582,0.216,24.8303,0.4848,0.5627
train_5227.jpg,720,960,0.6912,0.75,0.4807,0.2781,30.3344,0.3395,0.524
train_5228.jpg,720,1279,0.9209,0.5629,0.5274,0.2593,18.1332,0.1687,0.5632
train_5229.jpg,720,720,0.5184,1.0,0.5058,0.1711,16.999,0.263,0.5795
train_5230.jpg,720,960,0.6912,0.75,0.5436,0.126,35.3411,0.2938,0.6221
train_5232.jpg,720,960,0.6912,0.75,0.4948,0.218,14.7258,0.1544,0.5395
train_5233.jpg,720,960,0.6912,0.75,0.5176,0.1814,12.7194,0.3386,0.6326
train_5234.jpg,720,960,0.6912,0.75,0.3135,0.1866,23.0042,0.5802,0.4204
train_5235.jpg,960,720,0.6912,1.3333,0.5526,0.2517,14.8443,0.2256,0.6246
train_5236.jpg,720,1280,0.9216,0.5625,0.4373,0.1903,161.5908,0.1453,0.4649
train_5237.jpg,720,960,0.6912,0.75,0.309,0.1875,22.5509,0.2032,0.3429
train_5238.jpg,720,1279,0.9209,0.5629,0.4524,0.1941,75.1312,0.3111,0.5084
train_5240.jpg,720,960,0.6912,0.75,0.5108,0.1969,33.7752,0.2111,0.5486
train_5241.jpg,2396,720,1.7251,3.3278,0.34,0.1689,218.6572,0.1791,0.386
train_5242.jpg,720,960,0.6912,0.75,0.4491,0.2198,355.1985,0.4307,0.5808
train_5243.jpg,960,720,0.6912,1.3333,0.6051,0.2755,49.0437,0.1055,0.6265
train_5244.jpg,720,960,0.6912,0.75,0.4154,0.2416,92.569,0.2229,0.444
train_5245.jpg,720,960,0.6912,0.75,0.4547,0.2126,74.5943,0.1715,0.4935
train_5246.jpg,960,720,0.6912,1.3333,0.4048,0.2208,29.264,0.1923,0.4395
train_5247.jpg,720,960,0.6912,0.75,0.5079,0.2405,115.5505,0.1747,0.5496
train_5248.jpg,960,720,0.6912,1.3333,0.5205,0.2771,10.8343,0.1934,0.5648
train_5249.jpg,720,960,0.6912,0.75,0.5176,0.2876,217.9535,0.0902,0.5319
train_5250.jpg,720,960,0.6912,0.75,0.4059,0.2932,65.8755,0.263,0.4384
train_5252.jpg,720,960,0.6912,0.75,0.5545,0.2468,8.2484,0.1495,0.5985
train_5253.jpg,720,993,0.715,0.7251,0.671,0.1205,206.1103,0.1639,0.7432
train_5254.jpg,720,960,0.6912,0.75,0.5005,0.24,26.2665,0.368,0.5905
train_5255.jpg,720,960,0.6912,0.75,0.3664,0.2433,14.0731,0.2557,0.4042
train_5256.jpg,960,720,0.6912,1.3333,0.4252,0.2306,43.8391,0.2288,0.4752
train_5257.jpg,934,720,0.6725,1.2972,0.5334,0.1345,69.196,0.0966,0.5457
train_5258.jpg,720,960,0.6912,0.75,0.6135,0.2643,234.2285,0.1729,0.6717
train_5259.jpg,720,960,0.6912,0.75,0.5226,0.2369,194.4388,0.1676,0.5695
train_5260.jpg,720,960,0.6912,0.75,0.4245,0.2083,178.8674,0.4089,0.554
train_5263.jpg,720,960,0.6912,0.75,0.4419,0.2131,95.8786,0.3006,0.5385
train_5264.jpg,960,720,0.6912,1.3333,0.4875,0.1621,30.6142,0.0919,0.5081
train_5265.jpg,720,960,0.6912,0.75,0.491,0.1811,93.5002,0.1525,0.522
train_5266.jpg,720,960,0.6912,0.75,0.57,0.1933,238.4228,0.0959,0.5991
train_5267.jpg,720,1279,0.9209,0.5629,0.5707,0.1998,25.1992,0.239,0.6443
train_5268.jpg,960,720,0.6912,1.3333,0.4624,0.2127,185.7469,0.1317,0.4905
train_5269.jpg,720,1279,0.9209,0.5629,0.2499,0.1627,69.516,0.2086,0.2677
train_5270.jpg,720,960,0.6912,0.75,0.4965,0.1912,174.8793,0.1134,0.5224
train_5271.jpg,720,960,0.6912,0.75,0.4641,0.2086,97.1903,0.1743,0.5001
train_5272.jpg,720,960,0.6912,0.75,0.4561,0.2004,20.4461,0.039,0.4648
train_5273.jpg,720,960,0.6912,0.75,0.4411,0.2507,238.89,0.3476,0.5778
train_5274.jpg,720,960,0.6912,0.75,0.5431,0.1398,23.1188,0.1406,0.5783
train_5275.jpg,960,720,0.6912,1.3333,0.47,0.2195,47.1507,0.2652,0.5218
train_5276.jpg,960,720,0.6912,1.3333,0.32,0.2178,232.6036,0.2139,0.3625
train_5277.jpg,720,960,0.6912,0.75,0.4359,0.2534,57.3009,0.1669,0.4683
train_5278.jpg,720,960,0.6912,0.75,0.364,0.2475,17.2106,0.2703,0.4056
train_5279.jpg,960,720,0.6912,1.3333,0.4779,0.2282,216.0416,0.1831,0.5334
train_5280.jpg,720,960,0.6912,0.75,0.3941,0.1376,354.8729,0.3777,0.5055
train_5281.jpg,960,720,0.6912,1.3333,0.5387,0.1955,98.1429,0.0913,0.5615
train_5282.jpg,720,960,0.6912,0.75,0.6062,0.1693,59.6628,0.1835,0.6213
train_5283.jpg,960,720,0.6912,1.3333,0.4189,0.2588,200.6446,0.2258,0.4617
train_5284.jpg,720,960,0.6912,0.75,0.4283,0.2373,348.931,0.3058,0.5067
train_5286.jpg,720,960,0.6912,0.75,0.4959,0.2491,55.6602,0.2012,0.5297
train_5287.jpg,720,960,0.6912,0.75,0.5207,0.227,6.1398,0.1715,0.5656
train_5288.jpg,720,960,0.6912,0.75,0.4442,0.2511,280.8421,0.1734,0.4855
train_5289.jpg,1113,720,0.8014,1.5458,0.4508,0.19,217.304,0.3171,0.5399
train_5290.jpg,960,720,0.6912,1.3333,0.6004,0.2252,12.9767,0.1543,0.6336
train_5291.jpg,1320,720,0.9504,1.8333,0.408,0.28,93.0439,0.3208,0.4407
train_5292.jpg,720,1280,0.9216,0.5625,0.3923,0.2009,182.3452,0.3308,0.4978
train_5293.jpg,720,960,0.6912,0.75,0.5982,0.2537,26.1059,0.1331,0.6342
train_5294.jpg,720,960,0.6912,0.75,0.5112,0.1642,33.8046,0.2784,0.5638
train_5295.jpg,720,960,0.6912,0.75,0.4397,0.2031,55.4426,0.481,0.5745
train_5296.jpg,720,960,0.6912,0.75,0.5063,0.2188,47.2152,0.2529,0.5688
train_5297.jpg,720,960,0.6912,0.75,0.3663,0.2025,22.615,0.3689,0.4597
train_5298.jpg,720,960,0.6912,0.75,0.4186,0.1966,30.462,0.342,0.4887
train_5300.jpg,720,960,0.6912,0.75,0.575,0.2561,205.9022,0.1336,0.6186
train_5301.jpg,720,960,0.6912,0.75,0.5084,0.2541,86.9413,0.2472,0.5636
train_5302.jpg,720,960,0.6912,0.75,0.6382,0.1872,36.5676,0.1277,0.661
train_5303.jpg,720,960,0.6912,0.75,0.5193,0.2211,216.6652,0.1074,0.5523
train_5304.jpg,720,720,0.5184,1.0,0.4802,0.1996,225.8145,0.3471,0.6236
train_5305.jpg,720,960,0.6912,0.75,0.6236,0.1785,31.0146,0.1808,0.675
train_5306.jpg,720,960,0.6912,0.75,0.3976,0.2233,41.8992,0.1595,0.4289
train_5307.jpg,720,960,0.6912,0.75,0.5024,0.2542,31.9699,0.2909,0.5645
train_5308.jpg,720,960,0.6912,0.75,0.489,0.1749,5.0146,0.2238,0.5572
train_5309.jpg,720,960,0.6912,0.75,0.3497,0.1946,26.7459,0.2652,0.3892
train_5310.jpg,720,960,0.6912,0.75,0.453,0.2548,27.4247,0.2823,0.5063
train_5311.jpg,720,960,0.6912,0.75,0.5562,0.1887,202.7944,0.129,0.5925
train_5312.jpg,720,960,0.6912,0.75,0.5457,0.2491,186.1239,0.1187,0.5785
train_5313.jpg,720,960,0.6912,0.75,0.2693,0.1966,346.6196,0.4012,0.3381
train_5314.jpg,720,960,0.6912,0.75,0.4002,0.2452,358.257,0.3022,0.4723
train_5315.jpg,720,960,0.6912,0.75,0.5556,0.1973,211.659,0.2039,0.6182
train_5316.jpg,1280,720,0.9216,1.7778,0.4763,0.191,26.4751,0.245,0.5427
train_5317.jpg,960,720,0.6912,1.3333,0.5149,0.243,29.217,0.2869,0.5831
train_5318.jpg,720,960,0.6912,0.75,0.5125,0.2235,53.9722,0.1419,0.5353
train_5319.jpg,720,960,0.6912,0.75,0.4653,0.2521,12.9083,0.3582,0.542
train_5320.jpg,1280,720,0.9216,1.7778,0.472,0.2115,45.4341,0.4129,0.5329
train_5322.jpg,960,720,0.6912,1.3333,0.3576,0.2805,7.8693,0.2004,0.388
train_5323.jpg,720,960,0.6912,0.75,0.5089,0.2375,54.3155,0.4048,0.5968
train_5324.jpg,720,1279,0.9209,0.5629,0.4551,0.3061,198.6044,0.1769,0.506
train_5325.jpg,720,1138,0.8194,0.6327,0.676,0.1693,49.6058,0.2496,0.7146
train_5326.jpg,720,1558,1.1218,0.4621,0.4562,0.2706,319.9467,0.1681,0.4857
train_5327.jpg,720,960,0.6912,0.75,0.4663,0.2627,352.0464,0.1611,0.5006
train_5328.jpg,720,960,0.6912,0.75,0.3359,0.1675,156.7968,0.3304,0.4097
train_5329.jpg,720,960,0.6912,0.75,0.6539,0.1292,28.9478,0.1054,0.6844
train_5330.jpg,720,960,0.6912,0.75,0.454,0.2673,195.9448,0.2149,0.5166
train_5331.jpg,720,960,0.6912,0.75,0.5733,0.2618,205.0221,0.0466,0.5791
train_5332.jpg,720,960,0.6912,0.75,0.4643,0.2135,167.3829,0.1878,0.5139
train_5334.jpg,720,960,0.6912,0.75,0.5194,0.2204,40.2032,0.1317,0.5376
train_5335.jpg,720,960,0.6912,0.75,0.1937,0.1466,27.8945,0.2648,0.2157
train_5336.jpg,720,960,0.6912,0.75,0.4864,0.1508,230.7666,0.1197,0.5245
train_5339.jpg,960,720,0.6912,1.3333,0.4652,0.2139,32.013,0.2175,0.5048
train_5340.jpg,720,960,0.6912,0.75,0.6619,0.1236,33.7055,0.035,0.6669
train_5341.jpg,960,720,0.6912,1.3333,0.5665,0.1265,12.9406,0.2184,0.6414
train_5342.jpg,720,766,0.5515,0.9399,0.4822,0.2816,36.0512,0.1922,0.5193
train_5343.jpg,960,720,0.6912,1.3333,0.5129,0.1435,50.7097,0.2107,0.5527
train_5344.jpg,1558,720,1.1218,2.1639,0.447,0.2645,212.3394,0.1602,0.4809
train_5345.jpg,720,960,0.6912,0.75,0.5299,0.2327,43.4844,0.2077,0.5621
train_5346.jpg,720,960,0.6912,0.75,0.3656,0.2417,189.9238,0.2542,0.4293
train_5347.jpg,720,960,0.6912,0.75,0.4968,0.2242,50.2394,0.1597,0.5275
train_5348.jpg,1280,720,0.9216,1.7778,0.4604,0.1821,210.7513,0.1844,0.5119
train_5349.jpg,720,960,0.6912,0.75,0.5018,0.2026,204.1177,0.1642,0.5473
train_5350.jpg,720,960,0.6912,0.75,0.5453,0.2496,51.392,0.1617,0.5783
train_5351.jpg,720,960,0.6912,0.75,0.5754,0.2197,200.142,0.2522,0.6762
train_5352.jpg,1279,720,0.9209,1.7764,0.4876,0.224,135.9034,0.1758,0.5236
train_5353.jpg,960,720,0.6912,1.3333,0.4717,0.2015,24.7898,0.453,0.6061
train_5354.jpg,720,934,0.6725,0.7709,0.4628,0.22,20.126,0.3452,0.5338
train_5355.jpg,960,720,0.6912,1.3333,0.5992,0.2178,234.8853,0.1093,0.6271
train_5356.jpg,960,720,0.6912,1.3333,0.4965,0.2632,262.5006,0.0861,0.5175
train_5357.jpg,720,960,0.6912,0.75,0.4893,0.2717,352.1059,0.1747,0.527
train_5358.jpg,720,1279,0.9209,0.5629,0.5415,0.2288,217.7131,0.2661,0.6408
train_5359.jpg,720,960,0.6912,0.75,0.514,0.1902,15.1389,0.0641,0.5254
train_5360.jpg,720,960,0.6912,0.75,0.4172,0.2023,198.8146,0.3193,0.5087
train_5361.jpg,1279,720,0.9209,1.7764,0.5007,0.1819,76.1012,0.1874,0.5417
train_5362.jpg,720,960,0.6912,0.75,0.5214,0.2227,62.6685,0.1779,0.5535
train_5363.jpg,960,720,0.6912,1.3333,0.3443,0.1547,18.9715,0.2102,0.3871
train_5364.jpg,720,960,0.6912,0.75,0.3223,0.2039,251.2371,0.1513,0.3565
train_5365.jpg,959,720,0.6905,1.3319,0.31,0.2074,293.8553,0.099,0.3298
train_5366.jpg,720,960,0.6912,0.75,0.5069,0.2091,28.9368,0.4851,0.6153
train_5367.jpg,720,1279,0.9209,0.5629,0.4699,0.1858,4.0788,0.3549,0.5828
train_5368.jpg,720,960,0.6912,0.75,0.4724,0.2147,47.5699,0.1593,0.502
train_5369.jpg,720,1279,0.9209,0.5629,0.4097,0.2665,214.5078,0.3157,0.4941
train_5370.jpg,720,960,0.6912,0.75,0.5692,0.1965,177.3851,0.1394,0.5965
train_5371.jpg,1124,720,0.8093,1.5611,0.5258,0.2537,42.8527,0.2826,0.5831
train_5372.jpg,960,720,0.6912,1.3333,0.5065,0.2232,227.875,0.1754,0.5617
train_5373.jpg,720,960,0.6912,0.75,0.4817,0.2015,18.7469,0.1639,0.5127
train_5374.jpg,960,720,0.6912,1.3333,0.3889,0.2866,348.647,0.3669,0.4535
train_5375.jpg,720,960,0.6912,0.75,0.4591,0.2151,35.1024,0.1414,0.4858
train_5376.jpg,720,890,0.6408,0.809,0.4642,0.201,192.8124,0.31,0.5515
train_5378.jpg,720,960,0.6912,0.75,0.4876,0.2703,193.0014,0.2428,0.5535
train_5379.jpg,720,960,0.6912,0.75,0.4263,0.2153,154.5944,0.14,0.4586
train_5380.jpg,720,1280,0.9216,0.5625,0.5009,0.1692,29.6454,0.1328,0.5271
train_5381.jpg,720,960,0.6912,0.75,0.4953,0.2391,29.425,0.3488,0.5758
train_5382.jpg,720,960,0.6912,0.75,0.5036,0.2286,190.1815,0.0881,0.5223
train_5383.jpg,720,960,0.6912,0.75,0.5478,0.2527,148.6254,0.2333,0.6041
train_5384.jpg,720,960,0.6912,0.75,0.5042,0.2087,160.2794,0.1467,0.5381
train_5385.jpg,720,960,0.6912,0.75,0.0675,0.1356,291.7475,0.7262,0.1118
train_5386.jpg,720,960,0.6912,0.75,0.4402,0.1961,205.8454,0.3252,0.5472
train_5387.jpg,960,720,0.6912,1.3333,0.4971,0.2043,203.0317,0.1816,0.5501
train_5388.jpg,960,720,0.6912,1.3333,0.4298,0.2195,184.8607,0.2277,0.4766
train_5389.jpg,720,720,0.5184,1.0,0.4256,0.1847,209.1846,0.2667,0.511
train_5390.jpg,720,1278,0.9202,0.5634,0.5785,0.2067,16.6031,0.0416,0.5873
train_5392.jpg,1280,720,0.9216,1.7778,0.5869,0.2776,29.7979,0.2307,0.6277
train_5393.jpg,720,960,0.6912,0.75,0.5558,0.2319,42.6395,0.1624,0.5881
train_5394.jpg,720,960,0.6912,0.75,0.5076,0.1608,25.2085,0.1504,0.5443
train_5395.jpg,960,720,0.6912,1.3333,0.4834,0.2826,59.9752,0.2257,0.5102
train_5397.jpg,720,960,0.6912,0.75,0.4285,0.2463,34.8647,0.3472,0.484
train_5399.jpg,720,960,0.6912,0.75,0.4089,0.1999,217.4594,0.2522,0.4815
train_5400.jpg,720,1279,0.9209,0.5629,0.5473,0.1902,49.9421,0.2841,0.5966
train_5401.jpg,720,960,0.6912,0.75,0.4644,0.1912,354.5685,0.1607,0.5038
train_5402.jpg,720,960,0.6912,0.75,0.4853,0.2422,25.9039,0.3103,0.5546
train_5403.jpg,960,720,0.6912,1.3333,0.5957,0.2058,198.6059,0.1903,0.6445
train_5404.jpg,720,960,0.6912,0.75,0.495,0.23,108.0406,0.1411,0.5264
train_5405.jpg,720,1280,0.9216,0.5625,0.3993,0.2682,31.315,0.3547,0.4538
train_5406.jpg,720,960,0.6912,0.75,0.4994,0.2488,164.2034,0.1473,0.5226
train_5407.jpg,720,960,0.6912,0.75,0.3812,0.2322,20.3908,0.3209,0.4501
train_5408.jpg,720,960,0.6912,0.75,0.4457,0.2534,66.2496,0.2483,0.4946
train_5409.jpg,720,753,0.5422,0.9562,0.5687,0.2683,133.5629,0.2612,0.632
train_5410.jpg,720,960,0.6912,0.75,0.4752,0.1945,87.3328,0.1089,0.4976
train_5411.jpg,720,1279,0.9209,0.5629,0.5147,0.2316,18.4268,0.174,0.5529
train_5412.jpg,720,960,0.6912,0.75,0.5021,0.2197,48.6611,0.3345,0.5641
train_5413.jpg,720,960,0.6912,0.75,0.6472,0.2435,38.6852,0.0875,0.6651
train_5414.jpg,960,720,0.6912,1.3333,0.6246,0.1621,359.1292,0.1164,0.6573
train_5415.jpg,720,960,0.6912,0.75,0.4807,0.2232,74.8937,0.2591,0.5342
train_5416.jpg,720,1558,1.1218,0.4621,0.2298,0.1235,16.7456,0.2864,0.2587
train_5417.jpg,1320,720,0.9504,1.8333,0.4752,0.2029,27.6591,0.4083,0.5746
train_5418.jpg,720,960,0.6912,0.75,0.4474,0.1936,34.3982,0.2258,0.4941
train_5419.jpg,960,720,0.6912,1.3333,0.4873,0.1985,207.1511,0.1188,0.5213
train_5422.jpg,1280,720,0.9216,1.7778,0.5816,0.2064,27.3875,0.2248,0.6339
train_5423.jpg,720,720,0.5184,1.0,0.4898,0.2501,157.5687,0.1291,0.5198
train_5424.jpg,960,720,0.6912,1.3333,0.5017,0.194,59.4726,0.2782,0.5301
train_5425.jpg,720,960,0.6912,0.75,0.5335,0.2335,11.3135,0.2715,0.6241
train_5426.jpg,720,960,0.6912,0.75,0.4473,0.2144,175.046,0.1554,0.4742
train_5427.jpg,720,960,0.6912,0.75,0.503,0.2168,209.1671,0.1248,0.5358
train_5428.jpg,720,960,0.6912,0.75,0.4209,0.2006,217.1796,0.3183,0.5264
train_5429.jpg,720,960,0.6912,0.75,0.4978,0.2131,327.7686,0.284,0.5819
train_5430.jpg,1279,720,0.9209,1.7764,0.5625,0.2531,197.9429,0.1491,0.6083
train_5431.jpg,720,960,0.6912,0.75,0.5627,0.1739,108.8174,0.3876,0.6616
train_5432.jpg,960,720,0.6912,1.3333,0.5033,0.2497,44.9089,0.3727,0.5511
train_5433.jpg,720,960,0.6912,0.75,0.538,0.1945,93.3425,0.4777,0.6116
train_5434.jpg,720,960,0.6912,0.75,0.2676,0.2061,48.9899,0.2435,0.2958
train_5435.jpg,720,960,0.6912,0.75,0.4701,0.1722,211.2858,0.1498,0.5162
train_5436.jpg,720,960,0.6912,0.75,0.4218,0.2397,8.6097,0.3509,0.5015
train_5437.jpg,720,960,0.6912,0.75,0.4899,0.1716,29.2371,0.1707,0.5212
train_5438.jpg,720,960,0.6912,0.75,0.4983,0.1997,29.7575,0.2585,0.5617
train_5439.jpg,960,720,0.6912,1.3333,0.4684,0.213,75.9885,0.3344,0.5232
train_5440.jpg,720,960,0.6912,0.75,0.4439,0.2015,101.0032,0.1842,0.4787
train_5441.jpg,960,720,0.6912,1.3333,0.4532,0.2221,230.1968,0.1095,0.4873
train_5442.jpg,720,960,0.6912,0.75,0.4868,0.209,209.9032,0.1693,0.5413
train_5443.jpg,960,720,0.6912,1.3333,0.3511,0.1662,6.8568,0.5409,0.5388
train_5444.jpg,960,720,0.6912,1.3333,0.3335,0.2197,25.2816,0.3766,0.3934
train_5445.jpg,720,960,0.6912,0.75,0.5397,0.2164,48.706,0.2056,0.5817
train_5446.jpg,720,960,0.6912,0.75,0.4974,0.1899,175.8506,0.1338,0.5257
train_5447.jpg,960,720,0.6912,1.3333,0.4503,0.2451,29.607,0.3677,0.5284
train_5448.jpg,720,1279,0.9209,0.5629,0.5325,0.2364,74.3189,0.1967,0.553
train_5449.jpg,720,960,0.6912,0.75,0.4809,0.1947,201.1379,0.1348,0.5134
train_5450.jpg,720,960,0.6912,0.75,0.3854,0.24,180.5435,0.237,0.417
train_5451.jpg,720,960,0.6912,0.75,0.2254,0.1746,32.8249,0.2162,0.2409
train_5452.jpg,720,960,0.6912,0.75,0.5001,0.2323,19.9068,0.4915,0.6545
train_5455.jpg,720,960,0.6912,0.75,0.5569,0.1878,32.28,0.5189,0.7039
train_5456.jpg,720,960,0.6912,0.75,0.5313,0.1885,4.1154,0.1681,0.5805
train_5457.jpg,720,960,0.6912,0.75,0.5568,0.2301,52.8734,0.2843,0.6068
train_5458.jpg,720,1558,1.1218,0.4621,0.4511,0.285,51.6135,0.1044,0.4671
train_5460.jpg,720,960,0.6912,0.75,0.511,0.2142,188.608,0.0949,0.5321
train_5462.jpg,1280,720,0.9216,1.7778,0.4717,0.2857,87.1046,0.1748,0.5078
train_5463.jpg,720,960,0.6912,0.75,0.5725,0.2296,29.6714,0.2479,0.6414
train_5464.jpg,720,960,0.6912,0.75,0.5107,0.2261,218.9079,0.1814,0.5678
train_5465.jpg,960,720,0.6912,1.3333,0.5071,0.2539,45.1065,0.093,0.5203
train_5466.jpg,960,720,0.6912,1.3333,0.5899,0.1956,29.5545,0.1435,0.6236
train_5469.jpg,720,960,0.6912,0.75,0.5206,0.2325,304.1946,0.2359,0.58
train_5470.jpg,960,720,0.6912,1.3333,0.5613,0.1396,237.849,0.0476,0.5774
train_5472.jpg,960,720,0.6912,1.3333,0.4484,0.2137,208.0515,0.2098,0.4989
train_5473.jpg,720,960,0.6912,0.75,0.5572,0.1842,60.5148,0.2208,0.6094
train_5474.jpg,960,720,0.6912,1.3333,0.5438,0.2074,38.2741,0.2165,0.5825
train_5476.jpg,1279,720,0.9209,1.7764,0.4824,0.1996,8.4933,0.1284,0.5122
train_5477.jpg,720,960,0.6912,0.75,0.5317,0.2064,207.6298,0.3631,0.6752
train_5478.jpg,720,960,0.6912,0.75,0.6152,0.2006,36.078,0.152,0.6358
train_5479.jpg,720,960,0.6912,0.75,0.315,0.1979,1.5858,0.2946,0.3693
train_5480.jpg,1542,720,1.1102,2.1417,0.4504,0.2091,209.9234,0.1516,0.4871
train_5482.jpg,960,720,0.6912,1.3333,0.4756,0.249,216.16,0.1671,0.5223
train_5483.jpg,720,720,0.5184,1.0,0.5305,0.2214,200.1786,0.0894,0.5562
train_5484.jpg,720,1559,1.1225,0.4618,0.4507,0.1909,24.1114,0.4712,0.5647
train_5485.jpg,720,1560,1.1232,0.4615,0.2443,0.2895,343.9604,0.1409,0.2708
train_5486.jpg,960,720,0.6912,1.3333,0.4731,0.2274,39.463,0.5243,0.587
train_5487.jpg,720,960,0.6912,0.75,0.5555,0.2817,59.2701,0.1118,0.5666
train_5488.jpg,720,960,0.6912,0.75,0.6557,0.145,18.064,0.0618,0.6738
train_5489.jpg,720,1279,0.9209,0.5629,0.542,0.1855,38.3763,0.0881,0.5622
train_5490.jpg,720,960,0.6912,0.75,0.5504,0.2232,220.1473,0.1531,0.5841
train_5492.jpg,720,960,0.6912,0.75,0.4014,0.257,229.5688,0.4744,0.579
train_5493.jpg,1763,720,1.2694,2.4486,0.335,0.228,353.243,0.4143,0.4857
train_5494.jpg,720,960,0.6912,0.75,0.4218,0.2197,189.2936,0.3068,0.52
train_5495.jpg,720,960,0.6912,0.75,0.5021,0.2146,214.0403,0.2712,0.6097
train_5496.jpg,960,720,0.6912,1.3333,0.4814,0.2107,3.5519,0.2857,0.5554
train_5497.jpg,720,960,0.6912,0.75,0.4872,0.2539,125.7694,0.133,0.508
train_5498.jpg,1080,720,0.7776,1.5,0.2586,0.1927,26.5002,0.3385,0.2994
train_5499.jpg,720,960,0.6912,0.75,0.4899,0.2013,37.573,0.2373,0.5476
train_5500.jpg,720,960,0.6912,0.75,0.4017,0.1688,33.1646,0.1712,0.4292
train_5501.jpg,1279,720,0.9209,1.7764,0.4619,0.2145,42.0945,0.2229,0.5065
train_5502.jpg,720,960,0.6912,0.75,0.4363,0.268,216.4961,0.2511,0.5033
train_5503.jpg,720,960,0.6912,0.75,0.4584,0.2582,21.5175,0.182,0.5067
train_5504.jpg,720,960,0.6912,0.75,0.4733,0.2601,163.3273,0.2817,0.5682
train_5505.jpg,720,960,0.6912,0.75,0.5291,0.2809,117.2383,0.1292,0.5507
train_5506.jpg,720,960,0.6912,0.75,0.5838,0.1041,211.2263,0.0692,0.6065
train_5507.jpg,960,720,0.6912,1.3333,0.5419,0.1904,57.1497,0.0988,0.561
train_5508.jpg,720,960,0.6912,0.75,0.5578,0.1807,227.138,0.1973,0.6536
train_5509.jpg,960,720,0.6912,1.3333,0.3544,0.1798,19.2089,0.2279,0.3971
train_5510.jpg,720,960,0.6912,0.75,0.4273,0.2503,296.1806,0.285,0.4802
train_5511.jpg,720,1280,0.9216,0.5625,0.378,0.1957,322.6783,0.4846,0.5538
train_5512.jpg,720,960,0.6912,0.75,0.4233,0.2686,17.8634,0.3478,0.4873
train_5513.jpg,720,960,0.6912,0.75,0.3282,0.1935,16.5442,0.517,0.466
train_5514.jpg,720,1279,0.9209,0.5629,0.2367,0.1304,31.5654,0.3058,0.2708
train_5515.jpg,720,960,0.6912,0.75,0.4656,0.1937,116.3002,0.184,0.5065
train_5517.jpg,720,960,0.6912,0.75,0.3436,0.2005,359.5849,0.4647,0.5003
train_5518.jpg,720,960,0.6912,0.75,0.481,0.1768,28.4053,0.3493,0.5727
train_5520.jpg,720,960,0.6912,0.75,0.433,0.2558,98.5767,0.2999,0.507
train_5521.jpg,720,960,0.6912,0.75,0.1528,0.1757,226.4727,0.1371,0.1704
train_5522.jpg,720,960,0.6912,0.75,0.4629,0.2198,138.0485,0.2609,0.5104
train_5523.jpg,720,960,0.6912,0.75,0.2179,0.1779,23.7484,0.5999,0.297
train_5524.jpg,720,960,0.6912,0.75,0.5102,0.2072,53.9338,0.1535,0.5474
train_5525.jpg,720,960,0.6912,0.75,0.5191,0.1917,54.6701,0.2663,0.5942
train_5526.jpg,960,720,0.6912,1.3333,0.5376,0.1719,33.3781,0.0848,0.5577
train_5527.jpg,720,960,0.6912,0.75,0.4985,0.1917,211.6449,0.1617,0.5364
train_5528.jpg,720,960,0.6912,0.75,0.4681,0.227,218.7764,0.099,0.4935
train_5529.jpg,720,960,0.6912,0.75,0.4725,0.2145,61.3893,0.2008,0.5095
train_5530.jpg,1279,720,0.9209,1.7764,0.5443,0.2038,29.8646,0.2275,0.5984
train_5531.jpg,720,960,0.6912,0.75,0.6513,0.1831,305.2755,0.06,0.6622
train_5533.jpg,720,960,0.6912,0.75,0.4453,0.2129,171.6512,0.1301,0.4667
train_5534.jpg,960,720,0.6912,1.3333,0.4284,0.2605,227.8442,0.2531,0.4816
train_5535.jpg,720,960,0.6912,0.75,0.2573,0.2679,210.8226,0.3833,0.3167
train_5536.jpg,1547,720,1.1138,2.1486,0.6344,0.1776,266.7214,0.2936,0.8074
train_5537.jpg,720,960,0.6912,0.75,0.414,0.1742,30.0298,0.25,0.4565
train_5538.jpg,720,960,0.6912,0.75,0.4262,0.3174,4.9787,0.1877,0.4642
train_5539.jpg,720,720,0.5184,1.0,0.4729,0.2866,60.3351,0.1896,0.5033
train_5540.jpg,720,960,0.6912,0.75,0.6123,0.1694,29.1652,0.141,0.6437
train_5541.jpg,720,960,0.6912,0.75,0.4905,0.2146,40.8583,0.1482,0.5342
train_5542.jpg,720,720,0.5184,1.0,0.6656,0.3068,244.6781,0.0673,0.6788
train_5543.jpg,960,720,0.6912,1.3333,0.4986,0.2374,20.6489,0.1387,0.5452
train_5544.jpg,720,960,0.6912,0.75,0.508,0.2104,350.0464,0.1523,0.5552
train_5546.jpg,720,960,0.6912,0.75,0.6592,0.1152,19.2691,0.0538,0.6758
train_5547.jpg,720,720,0.5184,1.0,0.2271,0.2082,245.6383,0.3816,0.2798
train_5548.jpg,785,720,0.5652,1.0903,0.4984,0.2312,168.3766,0.1513,0.522
train_5549.jpg,960,720,0.6912,1.3333,0.5033,0.2168,220.2041,0.0924,0.5288
train_5550.jpg,720,960,0.6912,0.75,0.5287,0.1986,39.3408,0.1661,0.5537
train_5551.jpg,720,960,0.6912,0.75,0.5132,0.1771,32.3224,0.5666,0.6498
train_5553.jpg,1558,720,1.1218,2.1639,0.5175,0.1862,165.094,0.0821,0.5416
train_5554.jpg,720,960,0.6912,0.75,0.3309,0.2247,352.8275,0.1749,0.3633
train_5555.jpg,1440,720,1.0368,2.0,0.5702,0.1762,179.3577,0.1538,0.6067
train_5556.jpg,720,960,0.6912,0.75,0.5906,0.2362,220.1309,0.2183,0.6482
train_5557.jpg,720,960,0.6912,0.75,0.4712,0.2126,128.0,0.2967,0.5616
train_5558.jpg,720,960,0.6912,0.75,0.5147,0.2368,92.4564,0.1942,0.5472
train_5559.jpg,720,960,0.6912,0.75,0.4863,0.2895,150.8427,0.3908,0.5604
train_5560.jpg,960,720,0.6912,1.3333,0.46,0.2148,49.1234,0.2526,0.4957
train_5561.jpg,960,720,0.6912,1.3333,0.4923,0.1975,67.7769,0.2741,0.5325
train_5562.jpg,720,960,0.6912,0.75,0.4437,0.1486,216.0659,0.5322,0.6651
train_5563.jpg,720,720,0.5184,1.0,0.4653,0.1875,24.918,0.2071,0.5185
train_5565.jpg,960,720,0.6912,1.3333,0.4959,0.1971,41.1114,0.2672,0.5399
train_5566.jpg,720,960,0.6912,0.75,0.5381,0.2131,54.3838,0.3168,0.5814
train_5567.jpg,720,1280,0.9216,0.5625,0.5535,0.192,202.6069,0.2413,0.623
train_5569.jpg,720,960,0.6912,0.75,0.4861,0.2124,11.0068,0.2004,0.5435
train_5570.jpg,720,960,0.6912,0.75,0.4272,0.1784,174.1436,0.295,0.4921
train_5571.jpg,720,960,0.6912,0.75,0.4824,0.2523,202.734,0.2007,0.5249
train_5572.jpg,960,720,0.6912,1.3333,0.487,0.2029,159.4516,0.1761,0.5166
train_5573.jpg,962,720,0.6926,1.3361,0.4928,0.2721,211.6595,0.1774,0.5377
train_5574.jpg,720,960,0.6912,0.75,0.4667,0.2556,28.698,0.175,0.4982
train_5575.jpg,720,960,0.6912,0.75,0.4866,0.2522,355.1547,0.2522,0.5482
train_5576.jpg,720,720,0.5184,1.0,0.513,0.187,86.1209,0.0964,0.5355
train_5578.jpg,720,1279,0.9209,0.5629,0.5865,0.1364,222.1233,0.1251,0.6265
train_5579.jpg,720,960,0.6912,0.75,0.6673,0.1481,202.7336,0.1211,0.7
train_5580.jpg,720,960,0.6912,0.75,0.2702,0.181,109.4143,0.2462,0.2989
train_5581.jpg,720,960,0.6912,0.75,0.5325,0.2644,39.1532,0.1137,0.548
train_5582.jpg,960,720,0.6912,1.3333,0.5088,0.2135,35.6669,0.1074,0.5365
train_5583.jpg,720,960,0.6912,0.75,0.6457,0.1965,340.0341,0.1201,0.6717
train_5584.jpg,720,1280,0.9216,0.5625,0.4887,0.1867,88.1114,0.1925,0.5377
train_5585.jpg,1279,720,0.9209,1.7764,0.3329,0.1785,224.5887,0.3729,0.4466
train_5586.jpg,720,960,0.6912,0.75,0.5906,0.2096,215.8672,0.2015,0.6485
train_5587.jpg,720,960,0.6912,0.75,0.3749,0.2498,12.3743,0.2346,0.4384
train_5588.jpg,720,960,0.6912,0.75,0.4581,0.2489,66.0526,0.2064,0.4768
train_5589.jpg,720,960,0.6912,0.75,0.5369,0.1387,38.833,0.0788,0.5541
train_5590.jpg,720,960,0.6912,0.75,0.4393,0.2236,356.0914,0.3624,0.5515
train_5592.jpg,720,960,0.6912,0.75,0.4795,0.2215,34.7416,0.2803,0.5292
train_5594.jpg,1315,720,0.9468,1.8264,0.4074,0.2094,218.8369,0.5012,0.5688
train_5595.jpg,1513,720,1.0894,2.1014,0.4228,0.1733,208.6184,0.3651,0.5234
train_5596.jpg,720,960,0.6912,0.75,0.5068,0.1668,46.6049,0.2172,0.5651
train_5597.jpg,720,960,0.6912,0.75,0.4498,0.2009,40.1443,0.2824,0.5117
train_5598.jpg,720,1279,0.9209,0.5629,0.6149,0.1746,36.0636,0.1758,0.6454
train_5599.jpg,720,960,0.6912,0.75,0.5991,0.1911,19.6569,0.0898,0.6191
train_5600.jpg,720,960,0.6912,0.75,0.4431,0.2541,67.6572,0.1618,0.4732
train_5601.jpg,960,720,0.6912,1.3333,0.3374,0.1815,20.0509,0.321,0.4017
train_5602.jpg,720,1280,0.9216,0.5625,0.5494,0.2396,57.0119,0.1061,0.5713
train_5603.jpg,960,720,0.6912,1.3333,0.5147,0.2462,50.7994,0.2086,0.5442
train_5604.jpg,720,960,0.6912,0.75,0.499,0.1593,30.9949,0.3407,0.6024
train_5605.jpg,720,960,0.6912,0.75,0.4206,0.2641,242.3109,0.2897,0.4985
train_5606.jpg,720,1279,0.9209,0.5629,0.5868,0.1717,2.1523,0.0859,0.6071
train_5607.jpg,720,960,0.6912,0.75,0.5084,0.1892,20.3482,0.3565,0.6065
train_5608.jpg,720,960,0.6912,0.75,0.5048,0.1956,40.0062,0.1038,0.5472
train_5609.jpg,1013,720,0.7294,1.4069,0.5018,0.2672,217.0342,0.2524,0.5834
train_5610.jpg,720,960,0.6912,0.75,0.4662,0.1827,30.798,0.5124,0.5819
train_5611.jpg,720,960,0.6912,0.75,0.3051,0.2739,64.614,0.2056,0.3289
train_5612.jpg,720,960,0.6912,0.75,0.3391,0.2258,183.0859,0.5467,0.5449
train_5613.jpg,720,960,0.6912,0.75,0.4853,0.1675,323.1397,0.1295,0.5214
train_5614.jpg,960,720,0.6912,1.3333,0.5333,0.1474,47.5088,0.1977,0.5821
train_5615.jpg,720,960,0.6912,0.75,0.5057,0.2452,339.9755,0.2235,0.5685
train_5616.jpg,720,1280,0.9216,0.5625,0.567,0.2018,36.6254,0.392,0.6461
train_5617.jpg,960,720,0.6912,1.3333,0.4068,0.2614,213.3847,0.2846,0.4926
train_5618.jpg,957,720,0.689,1.3292,0.5058,0.297,224.324,0.2289,0.5602
train_5619.jpg,960,720,0.6912,1.3333,0.6528,0.1069,215.0054,0.0905,0.6854
train_5620.jpg,960,720,0.6912,1.3333,0.4121,0.2616,207.4245,0.3187,0.482
train_5621.jpg,720,1280,0.9216,0.5625,0.1659,0.1736,67.3286,0.3398,0.1948
train_5622.jpg,720,960,0.6912,0.75,0.4443,0.219,217.4276,0.2833,0.5198
train_5623.jpg,960,720,0.6912,1.3333,0.3653,0.2373,263.5186,0.2091,0.4205
train_5624.jpg,720,960,0.6912,0.75,0.4486,0.2567,28.0935,0.3408,0.5084
train_5625.jpg,720,960,0.6912,0.75,0.4128,0.2477,354.9649,0.1762,0.4467
train_5626.jpg,720,960,0.6912,0.75,0.6011,0.2007,285.2259,0.1303,0.6466
train_5627.jpg,720,960,0.6912,0.75,0.4527,0.1787,29.7928,0.2857,0.5154
train_5628.jpg,960,720,0.6912,1.3333,0.4832,0.1375,84.0553,0.1352,0.5084
train_5629.jpg,720,960,0.6912,0.75,0.4216,0.2009,26.3723,0.1841,0.4565
train_5630.jpg,720,960,0.6912,0.75,0.5369,0.2177,50.4636,0.2691,0.6199
train_5631.jpg,720,960,0.6912,0.75,0.5755,0.2513,277.2182,0.1202,0.6097
train_5632.jpg,960,720,0.6912,1.3333,0.381,0.2,46.7131,0.2902,0.4327
train_5633.jpg,720,960,0.6912,0.75,0.5226,0.1835,57.0468,0.1487,0.5419
train_5634.jpg,1279,720,0.9209,1.7764,0.4665,0.2184,198.7813,0.1942,0.5156
train_5635.jpg,960,720,0.6912,1.3333,0.5035,0.2461,204.0778,0.17,0.5421
train_5636.jpg,720,960,0.6912,0.75,0.5234,0.2418,23.1643,0.199,0.5639
train_5637.jpg,758,720,0.5458,1.0528,0.5786,0.1437,163.0941,0.223,0.6383
train_5638.jpg,720,960,0.6912,0.75,0.4799,0.3224,29.2817,0.1608,0.4973
train_5639.jpg,720,960,0.6912,0.75,0.5264,0.2588,54.0848,0.1321,0.5456
train_5640.jpg,960,720,0.6912,1.3333,0.5495,0.177,33.7395,0.1483,0.5798
train_5641.jpg,720,1280,0.9216,0.5625,0.4407,0.1832,139.7899,0.1307,0.4627
train_5643.jpg,720,1360,0.9792,0.5294,0.4296,0.1723,334.2943,0.1808,0.4821
train_5644.jpg,720,960,0.6912,0.75,0.496,0.2151,121.3467,0.1371,0.5244
train_5645.jpg,720,960,0.6912,0.75,0.4507,0.2339,34.7666,0.0542,0.4584
train_5648.jpg,720,960,0.6912,0.75,0.2609,0.2059,220.3825,0.3637,0.3273
train_5649.jpg,1280,720,0.9216,1.7778,0.301,0.1866,20.2019,0.3218,0.3502
train_5650.jpg,720,960,0.6912,0.75,0.458,0.1884,25.0016,0.2367,0.5101
train_5651.jpg,720,960,0.6912,0.75,0.5504,0.1629,30.0076,0.1522,0.5807
train_5652.jpg,720,960,0.6912,0.75,0.4656,0.2778,10.5153,0.2392,0.5196
train_5653.jpg,720,960,0.6912,0.75,0.326,0.1939,37.9521,0.3071,0.3714
train_5654.jpg,720,960,0.6912,0.75,0.5002,0.2315,23.7682,0.1368,0.5308
train_5655.jpg,720,960,0.6912,0.75,0.4587,0.2316,31.346,0.125,0.4892
train_5656.jpg,1559,720,1.1225,2.1653,0.4719,0.1653,16.834,0.2759,0.5595
train_5657.jpg,720,1280,0.9216,0.5625,0.5669,0.2146,179.4458,0.2143,0.6245
train_5658.jpg,720,996,0.7171,0.7229,0.3514,0.1941,43.6516,0.3088,0.4159
train_5659.jpg,720,960,0.6912,0.75,0.5533,0.1667,184.6753,0.1264,0.5955
train_5660.jpg,1279,720,0.9209,1.7764,0.4888,0.2097,113.1189,0.0922,0.5021
train_5661.jpg,720,960,0.6912,0.75,0.5988,0.2309,25.5641,0.1088,0.6253
train_5663.jpg,1079,720,0.7769,1.4986,0.2935,0.2146,169.1558,0.2784,0.3334
train_5664.jpg,720,960,0.6912,0.75,0.4737,0.1491,205.2752,0.1129,0.5041
train_5665.jpg,720,960,0.6912,0.75,0.4586,0.2737,161.2789,0.1864,0.4789
train_5666.jpg,720,1600,1.152,0.45,0.5011,0.1863,130.9489,0.1265,0.5318
train_5667.jpg,720,960,0.6912,0.75,0.4809,0.2347,52.0995,0.2604,0.5278
train_5668.jpg,956,720,0.6883,1.3278,0.3667,0.2078,341.5692,0.2555,0.4324
train_5669.jpg,960,720,0.6912,1.3333,0.414,0.2552,216.898,0.2045,0.4603
train_5671.jpg,720,960,0.6912,0.75,0.6212,0.1817,303.6602,0.0812,0.6444
train_5673.jpg,720,960,0.6912,0.75,0.52,0.2606,22.9117,0.2394,0.5736
train_5675.jpg,960,720,0.6912,1.3333,0.617,0.1226,48.7209,0.1048,0.6396
train_5676.jpg,720,960,0.6912,0.75,0.3531,0.1752,38.5597,0.1295,0.375
train_5677.jpg,960,720,0.6912,1.3333,0.4298,0.1993,345.0541,0.1767,0.4749
train_5678.jpg,720,960,0.6912,0.75,0.1735,0.2022,41.8886,0.638,0.2383
train_5679.jpg,720,960,0.6912,0.75,0.466,0.2221,197.8147,0.0927,0.4843
train_5680.jpg,720,960,0.6912,0.75,0.4574,0.2768,20.4232,0.2033,0.4958
train_5681.jpg,720,960,0.6912,0.75,0.5848,0.2044,30.796,0.1434,0.6082
train_5682.jpg,960,720,0.6912,1.3333,0.4354,0.2491,29.4441,0.2437,0.4891
train_5683.jpg,720,960,0.6912,0.75,0.5864,0.1706,27.4373,0.2669,0.6722
train_5684.jpg,720,960,0.6912,0.75,0.6006,0.2024,206.9745,0.1139,0.6383
train_5686.jpg,720,960,0.6912,0.75,0.5852,0.2079,172.118,0.2947,0.664
train_5687.jpg,720,960,0.6912,0.75,0.3726,0.1986,214.2088,0.3827,0.4626
train_5688.jpg,960,720,0.6912,1.3333,0.5533,0.1881,33.4052,0.193,0.5975
train_5689.jpg,960,720,0.6912,1.3333,0.5185,0.2317,192.3138,0.2405,0.5735
train_5690.jpg,960,720,0.6912,1.3333,0.4124,0.2386,94.9286,0.2987,0.4468
train_5691.jpg,720,960,0.6912,0.75,0.4845,0.2531,31.2867,0.3729,0.5713
train_5692.jpg,720,960,0.6912,0.75,0.4746,0.2459,203.1781,0.262,0.5543
train_5693.jpg,720,960,0.6912,0.75,0.3231,0.2164,306.6244,0.2326,0.3727
train_5694.jpg,720,720,0.5184,1.0,0.4406,0.3327,162.0757,0.2464,0.4816
train_5695.jpg,720,1280,0.9216,0.5625,0.2817,0.1812,45.0492,0.1734,0.2996
train_5696.jpg,720,960,0.6912,0.75,0.4887,0.1974,32.0863,0.3034,0.5449
train_5697.jpg,960,720,0.6912,1.3333,0.4633,0.2602,25.4086,0.1616,0.496
train_5698.jpg,960,720,0.6912,1.3333,0.4566,0.1961,49.505,0.2182,0.4968
train_5699.jpg,960,720,0.6912,1.3333,0.4098,0.1861,36.6888,0.1154,0.4354
train_5700.jpg,720,960,0.6912,0.75,0.5377,0.2703,17.5815,0.299,0.597
train_5701.jpg,720,960,0.6912,0.75,0.4619,0.3004,5.5385,0.2141,0.5065
train_5702.jpg,720,960,0.6912,0.75,0.4148,0.1999,75.3606,0.4702,0.4546
train_5703.jpg,720,960,0.6912,0.75,0.4167,0.211,20.699,0.373,0.4881
train_5704.jpg,720,960,0.6912,0.75,0.5124,0.2669,33.9019,0.2548,0.5613
train_5705.jpg,720,1279,0.9209,0.5629,0.4924,0.2177,46.0127,0.1676,0.5335
train_5706.jpg,720,960,0.6912,0.75,0.4673,0.1974,69.5118,0.2747,0.5106
train_5707.jpg,720,960,0.6912,0.75,0.5535,0.2171,208.8595,0.2052,0.6077
train_5708.jpg,720,960,0.6912,0.75,0.4789,0.2215,38.701,0.2689,0.536
train_5709.jpg,720,960,0.6912,0.75,0.4295,0.2376,32.4035,0.2322,0.4706
train_5710.jpg,720,960,0.6912,0.75,0.4859,0.1934,18.9946,0.1988,0.5388
train_5711.jpg,720,1280,0.9216,0.5625,0.4539,0.2476,51.6508,0.5054,0.6045
train_5712.jpg,960,720,0.6912,1.3333,0.4582,0.2318,174.6725,0.1271,0.4887
train_5713.jpg,960,720,0.6912,1.3333,0.4815,0.2467,194.7151,0.2002,0.5193
train_5714.jpg,720,1279,0.9209,0.5629,0.2967,0.1821,65.8558,0.2297,0.3173
train_5715.jpg,960,720,0.6912,1.3333,0.2859,0.2141,70.7904,0.2619,0.32
train_5716.jpg,720,960,0.6912,0.75,0.5592,0.2262,254.2095,0.1516,0.6104
train_5717.jpg,720,960,0.6912,0.75,0.3616,0.2672,182.3813,0.1834,0.3912
train_5718.jpg,960,720,0.6912,1.3333,0.5393,0.1871,18.2954,0.1488,0.581
train_5719.jpg,977,720,0.7034,1.3569,0.6503,0.1726,36.9158,0.157,0.6805
train_5720.jpg,720,890,0.6408,0.809,0.3815,0.1942,10.4803,0.5792,0.5846
train_5721.jpg,720,960,0.6912,0.75,0.2733,0.2182,314.1799,0.2412,0.3099
train_5722.jpg,720,959,0.6905,0.7508,0.5465,0.281,192.6887,0.1352,0.5735
train_5723.jpg,720,960,0.6912,0.75,0.4428,0.2436,63.2415,0.1958,0.4703
train_5724.jpg,720,960,0.6912,0.75,0.4626,0.2168,230.4473,0.1834,0.5091
train_5725.jpg,720,960,0.6912,0.75,0.5098,0.2592,26.6215,0.2188,0.5632
train_5726.jpg,960,720,0.6912,1.3333,0.6106,0.1235,20.7975,0.1318,0.6525
train_5727.jpg,720,960,0.6912,0.75,0.5585,0.1817,10.0565,0.1118,0.5905
train_5728.jpg,720,1280,0.9216,0.5625,0.4142,0.2052,19.5921,0.3103,0.4786
train_5729.jpg,720,960,0.6912,0.75,0.4028,0.2066,208.1193,0.3042,0.5043
train_5730.jpg,720,960,0.6912,0.75,0.5469,0.1825,34.0765,0.1448,0.5838
train_5732.jpg,720,960,0.6912,0.75,0.5107,0.2221,12.5993,0.2086,0.5645
train_5733.jpg,720,960,0.6912,0.75,0.4189,0.1756,23.7722,0.1154,0.4471
train_5734.jpg,720,720,0.5184,1.0,0.5403,0.2072,213.1457,0.3669,0.6959
train_5735.jpg,720,1557,1.121,0.4624,0.303,0.2905,61.938,0.1143,0.3302
train_5736.jpg,720,960,0.6912,0.75,0.5758,0.2253,28.7919,0.2611,0.6349
train_5737.jpg,720,960,0.6912,0.75,0.5761,0.1379,217.5707,0.2062,0.6429
train_5738.jpg,720,960,0.6912,0.75,0.2714,0.2309,345.1967,0.3243,0.3422
train_5739.jpg,1334,720,0.9605,1.8528,0.3169,0.1181,40.8853,0.1945,0.349
train_5741.jpg,720,960,0.6912,0.75,0.5466,0.2232,25.3729,0.4047,0.6518
train_5742.jpg,720,960,0.6912,0.75,0.4044,0.2295,116.2335,0.2578,0.4582
train_5743.jpg,720,960,0.6912,0.75,0.4733,0.2143,61.5416,0.149,0.4937
train_5744.jpg,720,960,0.6912,0.75,0.4858,0.1937,208.4409,0.1781,0.5371
train_5745.jpg,720,960,0.6912,0.75,0.3705,0.2108,29.8594,0.2289,0.4156
train_5746.jpg,720,960,0.6912,0.75,0.6634,0.1859,37.8802,0.0443,0.6693
train_5747.jpg,720,960,0.6912,0.75,0.4672,0.2648,13.4226,0.3106,0.5504
train_5748.jpg,720,720,0.5184,1.0,0.4733,0.2692,217.2702,0.2224,0.5315
train_5749.jpg,960,720,0.6912,1.3333,0.6154,0.1825,37.1443,0.1386,0.6538
train_5750.jpg,720,960,0.6912,0.75,0.5221,0.1941,4.869,0.2881,0.6139
train_5751.jpg,720,1080,0.7776,0.6667,0.3632,0.2031,167.7769,0.2585,0.4046
train_5752.jpg,720,960,0.6912,0.75,0.5565,0.2391,61.2028,0.1766,0.5937
train_5753.jpg,720,960,0.6912,0.75,0.5106,0.1982,194.6686,0.3333,0.609
train_5754.jpg,720,960,0.6912,0.75,0.4979,0.2586,223.9296,0.2227,0.5808
train_5755.jpg,1279,720,0.9209,1.7764,0.4885,0.2023,178.1122,0.2039,0.5328
train_5757.jpg,720,960,0.6912,0.75,0.5654,0.1428,47.927,0.0754,0.5785
train_5758.jpg,720,960,0.6912,0.75,0.5363,0.1538,48.3244,0.0759,0.5455
train_5759.jpg,960,720,0.6912,1.3333,0.5368,0.1702,31.761,0.0952,0.5623
train_5760.jpg,720,960,0.6912,0.75,0.3087,0.193,212.204,0.4278,0.3881
train_5761.jpg,960,720,0.6912,1.3333,0.5039,0.2752,223.7346,0.2569,0.5569
train_5763.jpg,720,960,0.6912,0.75,0.5012,0.2266,22.7017,0.242,0.5606
train_5764.jpg,720,720,0.5184,1.0,0.5708,0.265,28.5257,0.3268,0.6377
train_5765.jpg,720,960,0.6912,0.75,0.5365,0.21,94.4513,0.1402,0.5581
train_5766.jpg,720,960,0.6912,0.75,0.4619,0.2121,37.7695,0.2943,0.5214
train_5767.jpg,720,960,0.6912,0.75,0.2799,0.2086,8.3504,0.3129,0.3338
train_5768.jpg,720,960,0.6912,0.75,0.6153,0.2565,347.1157,0.1224,0.646
train_5770.jpg,720,960,0.6912,0.75,0.5578,0.1868,153.2439,0.0971,0.5755
train_5771.jpg,720,960,0.6912,0.75,0.5766,0.1777,56.7436,0.2296,0.6251
train_5773.jpg,1005,720,0.7236,1.3958,0.4124,0.1855,295.5296,0.16,0.4558
train_5774.jpg,720,960,0.6912,0.75,0.3462,0.2035,178.5833,0.3745,0.4076
train_5775.jpg,720,960,0.6912,0.75,0.3948,0.2322,22.6325,0.247,0.4349
train_5776.jpg,720,960,0.6912,0.75,0.4409,0.1491,202.0851,0.4222,0.6309
train_5777.jpg,720,960,0.6912,0.75,0.6148,0.1855,196.0756,0.1376,0.6565
train_5778.jpg,720,960,0.6912,0.75,0.5672,0.2202,213.5232,0.174,0.6246
train_5779.jpg,720,995,0.7164,0.7236,0.376,0.1759,68.9362,0.2331,0.4042
train_5780.jpg,720,720,0.5184,1.0,0.5349,0.2451,38.0489,0.19,0.567
train_5781.jpg,720,960,0.6912,0.75,0.4812,0.3069,21.4832,0.2199,0.5216
train_5782.jpg,720,960,0.6912,0.75,0.5051,0.2318,211.3649,0.1149,0.5425
train_5783.jpg,720,960,0.6912,0.75,0.209,0.1582,15.342,0.1942,0.2337
train_5784.jpg,720,960,0.6912,0.75,0.6324,0.2101,35.0526,0.2006,0.6823
train_5785.jpg,720,1000,0.72,0.72,0.695,0.1692,50.8171,0.1137,0.7281
train_5786.jpg,720,960,0.6912,0.75,0.5239,0.1688,24.4704,0.1872,0.569
train_5787.jpg,720,960,0.6912,0.75,0.4436,0.2303,98.3589,0.2731,0.5033
train_5789.jpg,720,960,0.6912,0.75,0.3629,0.2059,12.9735,0.3412,0.4437
train_5790.jpg,720,960,0.6912,0.75,0.544,0.2716,355.6571,0.188,0.5927
train_5791.jpg,720,960,0.6912,0.75,0.506,0.1996,62.788,0.1614,0.5438
train_5792.jpg,720,960,0.6912,0.75,0.4318,0.2359,35.1181,0.2744,0.4866
train_5793.jpg,720,960,0.6912,0.75,0.5006,0.1838,28.5928,0.2503,0.5513
train_5794.jpg,960,720,0.6912,1.3333,0.4643,0.232,256.5496,0.2478,0.532
train_5795.jpg,720,960,0.6912,0.75,0.5877,0.2369,39.0603,0.1214,0.6068
train_5796.jpg,720,960,0.6912,0.75,0.4051,0.2116,17.508,0.2859,0.5196
train_5797.jpg,720,1279,0.9209,0.5629,0.4077,0.2078,63.8336,0.2375,0.4545
train_5798.jpg,720,960,0.6912,0.75,0.3379,0.1309,149.4672,0.2917,0.3838
train_5800.jpg,1080,720,0.7776,1.5,0.6139,0.3218,255.6956,0.1609,0.6558
train_5801.jpg,720,960,0.6912,0.75,0.5515,0.2644,89.1819,0.0975,0.5663
train_5802.jpg,720,960,0.6912,0.75,0.5965,0.2491,24.0267,0.1785,0.6363
train_5803.jpg,720,960,0.6912,0.75,0.4951,0.1891,230.4541,0.1221,0.5333
train_5804.jpg,720,960,0.6912,0.75,0.4301,0.2308,192.5065,0.2837,0.495
train_5805.jpg,720,960,0.6912,0.75,0.5305,0.2661,42.2962,0.1647,0.5585
train_5807.jpg,720,960,0.6912,0.75,0.6428,0.2679,26.7051,0.0994,0.6636
train_5808.jpg,720,960,0.6912,0.75,0.499,0.173,196.2465,0.4004,0.6275
train_5809.jpg,720,960,0.6912,0.75,0.5755,0.2154,25.6613,0.1841,0.6194
train_5810.jpg,720,960,0.6912,0.75,0.5578,0.1509,25.1549,0.2596,0.6277
train_5811.jpg,720,960,0.6912,0.75,0.4342,0.1834,36.8029,0.1751,0.4655
train_5812.jpg,720,960,0.6912,0.75,0.4497,0.1742,202.1474,0.2134,0.5079
train_5813.jpg,960,720,0.6912,1.3333,0.4945,0.1964,168.8162,0.0347,0.5009
train_5814.jpg,960,720,0.6912,1.3333,0.5512,0.289,24.1872,0.1903,0.5922
train_5815.jpg,960,720,0.6912,1.3333,0.527,0.2148,12.8549,0.2996,0.6312
train_5816.jpg,720,960,0.6912,0.75,0.517,0.1428,85.8694,0.331,0.5798
train_5817.jpg,720,960,0.6912,0.75,0.516,0.2105,32.7254,0.2205,0.5621
train_5818.jpg,720,960,0.6912,0.75,0.2845,0.2201,32.5085,0.327,0.3198
train_5819.jpg,720,960,0.6912,0.75,0.3417,0.2255,349.9782,0.2809,0.4062
train_5820.jpg,720,960,0.6912,0.75,0.5422,0.2515,199.2148,0.1175,0.5637
train_5821.jpg,720,960,0.6912,0.75,0.2089,0.1635,35.8749,0.2187,0.2383
train_5822.jpg,720,960,0.6912,0.75,0.4663,0.2055,32.7366,0.2341,0.5228
train_5824.jpg,720,1561,1.1239,0.4612,0.3154,0.3006,186.9025,0.0692,0.3259
train_5825.jpg,720,960,0.6912,0.75,0.5644,0.2415,48.93,0.0926,0.5843
train_5826.jpg,720,960,0.6912,0.75,0.3602,0.2343,29.3513,0.3456,0.415
train_5827.jpg,960,720,0.6912,1.3333,0.453,0.1994,21.6861,0.242,0.5128
train_5828.jpg,720,960,0.6912,0.75,0.4652,0.2232,19.504,0.2468,0.5279
train_5829.jpg,720,1280,0.9216,0.5625,0.4705,0.2346,33.5441,0.226,0.5117
train_5830.jpg,720,960,0.6912,0.75,0.3594,0.184,14.851,0.2748,0.4214
train_5831.jpg,720,959,0.6905,0.7508,0.3423,0.2099,47.2035,0.2208,0.3758
train_5832.jpg,720,960,0.6912,0.75,0.6166,0.2256,134.066,0.2496,0.6704
train_5833.jpg,720,960,0.6912,0.75,0.4314,0.2121,213.5409,0.3465,0.5348
train_5834.jpg,720,960,0.6912,0.75,0.4972,0.241,48.9791,0.1746,0.5365
train_5836.jpg,720,960,0.6912,0.75,0.4819,0.1825,173.1573,0.2264,0.5511
train_5837.jpg,1600,720,1.152,2.2222,0.513,0.1655,244.9659,0.3223,0.6297
train_5838.jpg,720,960,0.6912,0.75,0.5457,0.1815,45.9286,0.2296,0.5895
train_5839.jpg,960,720,0.6912,1.3333,0.6115,0.2034,33.0877,0.1942,0.6502
train_5841.jpg,720,960,0.6912,0.75,0.4417,0.2705,214.6885,0.19,0.4771
train_5842.jpg,720,960,0.6912,0.75,0.449,0.1946,211.6144,0.1832,0.4986
train_5843.jpg,720,960,0.6912,0.75,0.5064,0.1525,201.6158,0.1945,0.5639
train_5844.jpg,960,720,0.6912,1.3333,0.4898,0.2434,6.2444,0.4215,0.5903
train_5845.jpg,960,720,0.6912,1.3333,0.5075,0.1714,188.7411,0.2023,0.5664
train_5847.jpg,924,720,0.6653,1.2833,0.2846,0.1701,357.636,0.4742,0.466
train_5849.jpg,720,960,0.6912,0.75,0.6195,0.2234,42.0275,0.1955,0.6627
train_5850.jpg,720,960,0.6912,0.75,0.4099,0.2094,283.3618,0.2571,0.5046
train_5851.jpg,720,1076,0.7747,0.6691,0.3344,0.2151,81.4346,0.4235,0.402
train_5852.jpg,720,960,0.6912,0.75,0.4235,0.1748,35.55,0.2904,0.4744
train_5853.jpg,720,1599,1.1513,0.4503,0.2513,0.1706,0.532,0.7699,0.5031
train_5854.jpg,720,960,0.6912,0.75,0.4931,0.2064,299.1768,0.1762,0.5586
train_5855.jpg,720,960,0.6912,0.75,0.4852,0.1856,86.1399,0.1235,0.5076
train_5856.jpg,720,960,0.6912,0.75,0.5283,0.278,46.2466,0.27,0.5817
train_5857.jpg,1279,720,0.9209,1.7764,0.6113,0.2458,30.5692,0.2278,0.6684
train_5858.jpg,720,960,0.6912,0.75,0.5126,0.2241,31.9696,0.156,0.5502
train_5859.jpg,720,960,0.6912,0.75,0.6084,0.1728,29.6243,0.1703,0.6552
train_5860.jpg,1320,720,0.9504,1.8333,0.4549,0.2849,29.187,0.489,0.5358
train_5861.jpg,960,720,0.6912,1.3333,0.657,0.1827,33.3115,0.1827,0.7078
train_5862.jpg,960,720,0.6912,1.3333,0.4404,0.2223,210.267,0.3108,0.5487
train_5863.jpg,960,720,0.6912,1.3333,0.4849,0.3089,220.2524,0.1035,0.4977
train_5864.jpg,720,960,0.6912,0.75,0.4308,0.1827,197.2632,0.1675,0.4666
train_5865.jpg,720,960,0.6912,0.75,0.5957,0.1542,31.8002,0.1869,0.6391
train_5866.jpg,720,960,0.6912,0.75,0.4491,0.1421,224.9333,0.1094,0.4777
train_5867.jpg,720,960,0.6912,0.75,0.4928,0.1993,213.3565,0.2011,0.5623
train_5869.jpg,960,720,0.6912,1.3333,0.5534,0.1353,147.4648,0.2961,0.6121
train_5870.jpg,1319,720,0.9497,1.8319,0.32,0.2394,58.7696,0.4025,0.3767
train_5871.jpg,720,960,0.6912,0.75,0.5169,0.2523,101.3136,0.1037,0.5383
train_5872.jpg,720,960,0.6912,0.75,0.441,0.2349,21.179,0.3463,0.519
train_5873.jpg,960,720,0.6912,1.3333,0.3795,0.1969,38.1469,0.1442,0.4098
train_5874.jpg,960,720,0.6912,1.3333,0.4118,0.1764,64.1163,0.364,0.4754
train_5876.jpg,720,960,0.6912,0.75,0.3279,0.2487,21.0114,0.3736,0.4017
train_5877.jpg,720,960,0.6912,0.75,0.4236,0.2344,200.3141,0.2854,0.4873
train_5878.jpg,720,960,0.6912,0.75,0.2232,0.2187,252.7302,0.3511,0.2575
train_5879.jpg,720,960,0.6912,0.75,0.4878,0.2207,17.9255,0.1698,0.5322
train_5880.jpg,720,960,0.6912,0.75,0.2015,0.1838,61.3796,0.469,0.2498
train_5881.jpg,720,960,0.6912,0.75,0.6468,0.2479,127.4192,0.0871,0.6723
train_5882.jpg,960,720,0.6912,1.3333,0.514,0.1749,25.6554,0.0977,0.5373
train_5883.jpg,720,960,0.6912,0.75,0.3785,0.1781,243.0581,0.2195,0.45
train_5884.jpg,720,960,0.6912,0.75,0.411,0.1984,49.1591,0.2233,0.4319
train_5885.jpg,720,960,0.6912,0.75,0.454,0.2318,14.4001,0.2119,0.4963
train_5886.jpg,960,720,0.6912,1.3333,0.4672,0.2324,43.2506,0.1891,0.4969
train_5888.jpg,720,960,0.6912,0.75,0.5284,0.2085,39.558,0.0907,0.5432
train_5889.jpg,720,1279,0.9209,0.5629,0.428,0.2771,175.6782,0.1551,0.4616
train_5890.jpg,720,960,0.6912,0.75,0.4506,0.2909,199.2491,0.0943,0.4677
train_5891.jpg,720,1280,0.9216,0.5625,0.5877,0.1881,36.0873,0.1272,0.6125
train_5892.jpg,720,960,0.6912,0.75,0.6119,0.0891,214.546,0.0396,0.6213
train_5893.jpg,720,960,0.6912,0.75,0.5136,0.1796,39.3947,0.2835,0.5698
train_5894.jpg,960,720,0.6912,1.3333,0.29,0.2123,254.3566,0.3564,0.3354
train_5895.jpg,720,960,0.6912,0.75,0.454,0.2127,264.096,0.1756,0.5064
train_5896.jpg,960,720,0.6912,1.3333,0.4564,0.2517,124.7206,0.1157,0.4772
train_5897.jpg,720,960,0.6912,0.75,0.2481,0.1939,228.8921,0.2111,0.2769
train_5898.jpg,720,960,0.6912,0.75,0.461,0.2275,35.3601,0.1938,0.4936
train_5899.jpg,1280,720,0.9216,1.7778,0.3394,0.2409,210.2835,0.2536,0.386
train_5900.jpg,720,960,0.6912,0.75,0.4445,0.1994,204.4456,0.2789,0.5249
train_5901.jpg,720,960,0.6912,0.75,0.457,0.2152,278.637,0.457,0.6099
train_5902.jpg,720,960,0.6912,0.75,0.5941,0.163,24.3412,0.1685,0.6425
train_5903.jpg,720,720,0.5184,1.0,0.4061,0.216,25.225,0.3753,0.4883
train_5904.jpg,720,960,0.6912,0.75,0.3095,0.208,261.5423,0.1302,0.3268
train_5905.jpg,720,960,0.6912,0.75,0.4548,0.285,29.3778,0.1062,0.4795
train_5906.jpg,720,1080,0.7776,0.6667,0.4384,0.1945,0.7622,0.2945,0.5118
train_5907.jpg,720,960,0.6912,0.75,0.5026,0.2117,32.0807,0.3353,0.5677
train_5908.jpg,720,960,0.6912,0.75,0.4044,0.2198,246.7881,0.1995,0.4503
train_5910.jpg,960,720,0.6912,1.3333,0.435,0.2305,294.9932,0.2603,0.509
train_5911.jpg,960,720,0.6912,1.3333,0.4931,0.2758,45.9142,0.1355,0.5065
train_5912.jpg,720,960,0.6912,0.75,0.6285,0.2384,247.5593,0.0683,0.6478
train_5914.jpg,720,960,0.6912,0.75,0.4307,0.2159,46.2274,0.3629,0.4887
train_5915.jpg,720,960,0.6912,0.75,0.5384,0.238,90.8703,0.2588,0.5791
train_5916.jpg,720,960,0.6912,0.75,0.5559,0.1949,26.0406,0.1644,0.593
train_5917.jpg,720,960,0.6912,0.75,0.4898,0.2218,358.7461,0.1781,0.5255
train_5918.jpg,720,960,0.6912,0.75,0.2845,0.1497,6.3712,0.2367,0.3186
train_5919.jpg,960,720,0.6912,1.3333,0.4963,0.201,61.0536,0.0554,0.5083
train_5920.jpg,720,960,0.6912,0.75,0.399,0.1948,35.4189,0.2742,0.457
train_5921.jpg,720,960,0.6912,0.75,0.5952,0.2344,30.2886,0.2664,0.6571
train_5922.jpg,720,960,0.6912,0.75,0.5234,0.2074,44.5368,0.2069,0.5642
train_5923.jpg,720,960,0.6912,0.75,0.3959,0.2089,239.8189,0.5202,0.5649
train_5924.jpg,720,960,0.6912,0.75,0.471,0.2275,40.3724,0.3988,0.5443
train_5926.jpg,720,960,0.6912,0.75,0.2613,0.2322,84.2667,0.2727,0.2839
train_5927.jpg,720,1279,0.9209,0.5629,0.5325,0.2069,47.7505,0.2345,0.5994
train_5928.jpg,720,960,0.6912,0.75,0.4403,0.2249,24.8052,0.2253,0.4803
train_5929.jpg,720,960,0.6912,0.75,0.3741,0.2579,24.5556,0.3924,0.4278
train_5930.jpg,720,960,0.6912,0.75,0.4631,0.2559,53.3819,0.1548,0.4888
train_5931.jpg,720,1280,0.9216,0.5625,0.4769,0.1858,20.3182,0.0841,0.493
train_5932.jpg,720,960,0.6912,0.75,0.5551,0.1821,346.1186,0.3558,0.7168
train_5933.jpg,720,720,0.5184,1.0,0.4888,0.2544,51.6262,0.3134,0.5612
train_5934.jpg,720,960,0.6912,0.75,0.4307,0.2621,34.8301,0.2813,0.4948
train_5935.jpg,720,1280,0.9216,0.5625,0.3292,0.1488,271.5155,0.58,0.5574
train_5936.jpg,720,960,0.6912,0.75,0.5951,0.2171,266.3327,0.15,0.6428
train_5937.jpg,960,720,0.6912,1.3333,0.4496,0.2324,205.9055,0.0994,0.4727
train_5938.jpg,960,720,0.6912,1.3333,0.564,0.2202,31.8809,0.2192,0.6192
train_5939.jpg,720,960,0.6912,0.75,0.4999,0.2008,87.4584,0.1503,0.5253
train_5940.jpg,720,960,0.6912,0.75,0.4934,0.2619,219.7827,0.1235,0.52
train_5941.jpg,720,1279,0.9209,0.5629,0.2956,0.178,228.2604,0.2795,0.3398
train_5942.jpg,720,960,0.6912,0.75,0.4957,0.2021,231.384,0.2331,0.5796
train_5943.jpg,720,960,0.6912,0.75,0.4875,0.1781,193.487,0.3628,0.5918
train_5944.jpg,720,960,0.6912,0.75,0.5114,0.3138,27.2821,0.3308,0.5698
train_5945.jpg,960,720,0.6912,1.3333,0.4294,0.233,199.9976,0.2733,0.4911
train_5946.jpg,720,960,0.6912,0.75,0.3987,0.2746,68.4739,0.2629,0.4381
train_5948.jpg,1279,720,0.9209,1.7764,0.4207,0.2245,104.8268,0.2495,0.4693
train_5949.jpg,720,960,0.6912,0.75,0.4124,0.1814,89.3706,0.2673,0.4575
train_5950.jpg,960,720,0.6912,1.3333,0.3889,0.2031,220.1312,0.2786,0.455
train_5951.jpg,720,960,0.6912,0.75,0.2327,0.2025,76.1852,0.334,0.2578
train_5952.jpg,720,960,0.6912,0.75,0.4468,0.2317,216.1464,0.2334,0.513
train_5954.jpg,1128,720,0.8122,1.5667,0.3394,0.2317,206.7548,0.329,0.4083
train_5955.jpg,720,960,0.6912,0.75,0.5683,0.198,359.2835,0.1498,0.6173
train_5956.jpg,720,960,0.6912,0.75,0.6428,0.2096,14.8889,0.1623,0.6977
train_5957.jpg,720,960,0.6912,0.75,0.4921,0.2338,298.088,0.1576,0.5317
train_5958.jpg,3033,720,2.1838,4.2125,0.6536,0.133,205.5625,0.0665,0.678
train_5959.jpg,720,950,0.684,0.7579,0.305,0.206,24.4417,0.3901,0.3869
train_5960.jpg,960,720,0.6912,1.3333,0.5318,0.2063,204.5672,0.1565,0.5748
train_5961.jpg,720,1561,1.1239,0.4612,0.2886,0.274,54.6637,0.1193,0.3066
train_5962.jpg,720,959,0.6905,0.7508,0.486,0.2564,22.1247,0.3465,0.5848
train_5963.jpg,720,960,0.6912,0.75,0.4405,0.2289,29.1206,0.1707,0.4641
train_5964.jpg,720,960,0.6912,0.75,0.3924,0.1909,186.3403,0.2717,0.4623
train_5965.jpg,720,960,0.6912,0.75,0.5182,0.2002,37.8387,0.1848,0.551
train_5966.jpg,720,960,0.6912,0.75,0.4585,0.2014,214.214,0.3418,0.5623
train_5967.jpg,1263,720,0.9094,1.7542,0.4388,0.183,261.4135,0.1574,0.4797
train_5968.jpg,720,1280,0.9216,0.5625,0.3842,0.2748,91.7849,0.1983,0.4122
train_5969.jpg,720,960,0.6912,0.75,0.5857,0.2107,45.964,0.1965,0.6276
train_5970.jpg,720,960,0.6912,0.75,0.3321,0.2174,76.2087,0.249,0.3721
train_5971.jpg,720,960,0.6912,0.75,0.4563,0.2446,116.0593,0.2257,0.4985
train_5972.jpg,960,720,0.6912,1.3333,0.5106,0.2046,29.0035,0.2007,0.5609
train_5973.jpg,960,720,0.6912,1.3333,0.5997,0.2056,243.7101,0.0905,0.6194
train_5974.jpg,720,960,0.6912,0.75,0.2887,0.224,12.3289,0.3329,0.3745
train_5975.jpg,960,720,0.6912,1.3333,0.374,0.2235,5.1184,0.2871,0.4549
train_5976.jpg,960,720,0.6912,1.3333,0.494,0.2608,273.4916,0.1035,0.5158
train_5977.jpg,960,720,0.6912,1.3333,0.3104,0.22,287.0315,0.2975,0.3793
train_5978.jpg,720,960,0.6912,0.75,0.5696,0.173,35.9179,0.1731,0.602
train_5979.jpg,960,720,0.6912,1.3333,0.3845,0.2056,274.5182,0.1592,0.4202
train_5980.jpg,720,960,0.6912,0.75,0.4275,0.2558,278.2381,0.2637,0.4844
train_5981.jpg,720,960,0.6912,0.75,0.4728,0.1934,316.1063,0.0908,0.5037
train_5982.jpg,960,720,0.6912,1.3333,0.3147,0.2074,158.2324,0.1905,0.3451
train_5983.jpg,960,720,0.6912,1.3333,0.4325,0.256,106.7999,0.2364,0.4859
train_5984.jpg,1320,720,0.9504,1.8333,0.5319,0.2414,218.5062,0.2064,0.5916
train_5985.jpg,1079,720,0.7769,1.4986,0.1391,0.2341,222.6555,0.2135,0.1608
train_5988.jpg,960,720,0.6912,1.3333,0.2048,0.194,22.2923,0.3608,0.2471
train_5989.jpg,720,1481,1.0663,0.4862,0.1784,0.2029,148.9578,0.5956,0.2414
train_5990.jpg,720,960,0.6912,0.75,0.6026,0.2203,55.287,0.2423,0.6399
train_5991.jpg,960,720,0.6912,1.3333,0.4424,0.2256,0.2971,0.256,0.5079
train_5992.jpg,720,960,0.6912,0.75,0.5247,0.2924,172.5797,0.2189,0.5538
train_5993.jpg,960,720,0.6912,1.3333,0.4952,0.1504,19.6934,0.2883,0.5958
train_5994.jpg,720,1279,0.9209,0.5629,0.576,0.2325,358.2433,0.1353,0.6185
train_5995.jpg,720,776,0.5587,0.9278,0.3321,0.1603,205.5174,0.2849,0.3989
train_5996.jpg,960,720,0.6912,1.3333,0.448,0.2351,16.0681,0.0925,0.4661
train_5997.jpg,720,960,0.6912,0.75,0.5067,0.1987,186.5842,0.1452,0.5389
train_5998.jpg,720,960,0.6912,0.75,0.56,0.2076,21.8636,0.2686,0.6282
train_5999.jpg,960,720,0.6912,1.3333,0.3024,0.2003,23.7107,0.3586,0.3645
train_6000.jpg,720,960,0.6912,0.75,0.5302,0.1677,36.7002,0.5324,0.6581
train_6001.jpg,720,960,0.6912,0.75,0.5422,0.1764,92.1361,0.0796,0.5584
train_6002.jpg,960,720,0.6912,1.3333,0.4597,0.1679,34.0515,0.1538,0.4905
train_6003.jpg,720,960,0.6912,0.75,0.3647,0.2165,265.2143,0.3502,0.4454
train_6005.jpg,720,720,0.5184,1.0,0.4209,0.2061,114.2501,0.167,0.4555
train_6006.jpg,960,720,0.6912,1.3333,0.4748,0.1855,30.1483,0.1757,0.5161
train_6009.jpg,720,960,0.6912,0.75,0.4408,0.2583,27.4299,0.261,0.475
train_6011.jpg,720,960,0.6912,0.75,0.4752,0.305,230.4864,0.1562,0.5238
train_6012.jpg,720,960,0.6912,0.75,0.4293,0.2302,295.7142,0.1558,0.4645
train_6013.jpg,960,720,0.6912,1.3333,0.4379,0.1896,261.2202,0.1756,0.492
train_6015.jpg,720,960,0.6912,0.75,0.3618,0.2308,240.0664,0.1645,0.3924
train_6017.jpg,960,720,0.6912,1.3333,0.3739,0.1336,27.1664,0.2666,0.4245
train_6018.jpg,720,766,0.5515,0.9399,0.4953,0.2167,30.0745,0.2463,0.5466
train_6019.jpg,960,720,0.6912,1.3333,0.5958,0.1903,36.1224,0.04,0.6026
train_6021.jpg,720,960,0.6912,0.75,0.4459,0.2457,11.8863,0.2084,0.5031
train_6022.jpg,1280,720,0.9216,1.7778,0.5851,0.1926,23.7499,0.1487,0.6262
train_6023.jpg,720,960,0.6912,0.75,0.5326,0.2269,28.9423,0.3474,0.6063
train_6024.jpg,720,960,0.6912,0.75,0.4186,0.2413,62.9126,0.2975,0.4641
train_6025.jpg,720,960,0.6912,0.75,0.5036,0.2133,214.0029,0.1984,0.5599
train_6026.jpg,960,720,0.6912,1.3333,0.4127,0.1838,293.9264,0.1248,0.4431
train_6027.jpg,720,960,0.6912,0.75,0.473,0.2289,40.0802,0.194,0.51
train_6028.jpg,720,960,0.6912,0.75,0.5153,0.2535,200.7124,0.1671,0.5558
train_6029.jpg,720,960,0.6912,0.75,0.335,0.1842,243.6397,0.3033,0.4324
train_6030.jpg,720,960,0.6912,0.75,0.5441,0.2194,190.0242,0.1285,0.5797
train_6031.jpg,720,960,0.6912,0.75,0.5446,0.2802,222.337,0.1679,0.5964
train_6032.jpg,720,956,0.6883,0.7531,0.4818,0.2645,66.8101,0.1442,0.5054
train_6033.jpg,1558,720,1.1218,2.1639,0.319,0.1432,23.9654,0.3513,0.3766
train_6034.jpg,720,960,0.6912,0.75,0.3358,0.2029,76.6049,0.2319,0.3725
train_6035.jpg,720,960,0.6912,0.75,0.4058,0.1565,220.9025,0.3488,0.5404
train_6036.jpg,720,720,0.5184,1.0,0.4733,0.2027,25.0465,0.2892,0.545
train_6037.jpg,960,720,0.6912,1.3333,0.5001,0.2875,39.128,0.1234,0.5173
train_6039.jpg,720,1279,0.9209,0.5629,0.5951,0.2317,232.2741,0.1469,0.6464
train_6040.jpg,1440,720,1.0368,2.0,0.4976,0.2327,130.1851,0.3105,0.5574
train_6041.jpg,1080,720,0.7776,1.5,0.4133,0.1941,32.2665,0.3501,0.4751
train_6042.jpg,960,720,0.6912,1.3333,0.4535,0.1819,303.4105,0.1772,0.4994
train_6043.jpg,720,960,0.6912,0.75,0.4632,0.2407,200.3266,0.1963,0.5089
train_6044.jpg,1279,720,0.9209,1.7764,0.4991,0.2811,44.8952,0.3741,0.5561
train_6045.jpg,720,960,0.6912,0.75,0.5665,0.1623,22.6674,0.139,0.6056
train_6046.jpg,720,960,0.6912,0.75,0.4731,0.254,7.5973,0.1469,0.5043
train_6047.jpg,720,1279,0.9209,0.5629,0.5157,0.2032,14.5139,0.2508,0.5864
train_6048.jpg,960,720,0.6912,1.3333,0.4126,0.221,351.297,0.1706,0.4591
train_6049.jpg,720,960,0.6912,0.75,0.4799,0.2249,207.4236,0.2162,0.5484
train_6050.jpg,720,960,0.6912,0.75,0.4646,0.1958,66.6675,0.3206,0.5067
train_6051.jpg,720,960,0.6912,0.75,0.4551,0.2497,65.3066,0.2164,0.4894
train_6052.jpg,720,960,0.6912,0.75,0.5123,0.1789,314.8282,0.1174,0.5438
train_6053.jpg,720,960,0.6912,0.75,0.5579,0.1985,12.3918,0.1477,0.6009
train_6054.jpg,720,960,0.6912,0.75,0.3352,0.2437,337.818,0.3446,0.4093
train_6055.jpg,720,720,0.5184,1.0,0.5321,0.1302,24.9894,0.3183,0.6176
train_6056.jpg,720,1279,0.9209,0.5629,0.5516,0.1307,343.044,0.0697,0.5756
train_6057.jpg,720,960,0.6912,0.75,0.5334,0.2516,3.9993,0.1827,0.5778
train_6058.jpg,960,720,0.6912,1.3333,0.3659,0.2382,33.1177,0.2191,0.4149
train_6059.jpg,720,960,0.6912,0.75,0.5227,0.2204,216.3657,0.1772,0.589
train_6060.jpg,720,960,0.6912,0.75,0.562,0.2402,80.805,0.1504,0.5925
train_6061.jpg,720,960,0.6912,0.75,0.4595,0.2387,316.3861,0.1282,0.4913
train_6063.jpg,720,1558,1.1218,0.4621,0.456,0.186,12.9633,0.3673,0.5596
train_6065.jpg,960,720,0.6912,1.3333,0.5648,0.27,28.3438,0.2478,0.6199
train_6066.jpg,720,960,0.6912,0.75,0.504,0.1871,39.1971,0.2033,0.5374
train_6067.jpg,720,1280,0.9216,0.5625,0.6116,0.2407,34.7578,0.1075,0.6389
train_6068.jpg,720,1558,1.1218,0.4621,0.5006,0.2378,35.7607,0.1397,0.5409
train_6069.jpg,720,960,0.6912,0.75,0.5097,0.2491,65.4063,0.1105,0.5263
train_6070.jpg,720,960,0.6912,0.75,0.4463,0.2466,12.8568,0.228,0.4999
train_6071.jpg,1078,720,0.7762,1.4972,0.4631,0.2304,270.4263,0.2024,0.5135
train_6072.jpg,720,960,0.6912,0.75,0.3803,0.1913,77.8972,0.3088,0.4441
train_6073.jpg,720,960,0.6912,0.75,0.4332,0.1604,354.811,0.4204,0.5962
train_6074.jpg,960,720,0.6912,1.3333,0.401,0.1643,222.5452,0.2249,0.4708
train_6075.jpg,720,769,0.5537,0.9363,0.5125,0.1635,26.1222,0.2111,0.5677
train_6076.jpg,960,720,0.6912,1.3333,0.5408,0.2176,26.752,0.1784,0.5801
train_6077.jpg,720,960,0.6912,0.75,0.3445,0.1928,352.1117,0.3489,0.4384
train_6079.jpg,720,960,0.6912,0.75,0.512,0.1551,37.8059,0.2997,0.573
train_6080.jpg,960,720,0.6912,1.3333,0.5351,0.2414,151.4552,0.1876,0.5851
train_6081.jpg,720,1280,0.9216,0.5625,0.5165,0.2359,174.3755,0.1586,0.5499
train_6082.jpg,720,960,0.6912,0.75,0.5354,0.2319,204.4109,0.2118,0.6033
train_6083.jpg,960,720,0.6912,1.3333,0.5106,0.1809,28.2503,0.2203,0.5635
train_6084.jpg,960,720,0.6912,1.3333,0.456,0.2024,31.6113,0.3818,0.5492
train_6085.jpg,1280,720,0.9216,1.7778,0.4186,0.1918,219.9754,0.3617,0.5234
train_6086.jpg,720,960,0.6912,0.75,0.6344,0.1553,201.1127,0.1671,0.6995
train_6087.jpg,720,960,0.6912,0.75,0.4908,0.2256,137.9003,0.1387,0.5191
train_6090.jpg,1320,720,0.9504,1.8333,0.4467,0.1679,196.8909,0.2363,0.5029
train_6091.jpg,960,720,0.6912,1.3333,0.4581,0.224,173.9439,0.1741,0.4916
train_6092.jpg,960,720,0.6912,1.3333,0.414,0.2515,53.6687,0.2975,0.4975
train_6093.jpg,720,924,0.6653,0.7792,0.5607,0.2622,359.2565,0.1173,0.5973
train_6094.jpg,720,960,0.6912,0.75,0.6221,0.1342,38.3791,0.0966,0.6418
train_6095.jpg,720,960,0.6912,0.75,0.4705,0.2969,212.6347,0.153,0.4987
train_6096.jpg,960,720,0.6912,1.3333,0.4119,0.2366,204.6547,0.2655,0.4815
train_6097.jpg,720,960,0.6912,0.75,0.6589,0.2335,357.4812,0.2192,0.7447
train_6098.jpg,720,960,0.6912,0.75,0.4559,0.2233,84.3606,0.3971,0.5234
train_6099.jpg,720,960,0.6912,0.75,0.5073,0.1943,22.2924,0.1865,0.5427
train_6100.jpg,720,960,0.6912,0.75,0.5805,0.2688,235.9173,0.1615,0.6276
train_6101.jpg,720,960,0.6912,0.75,0.585,0.2463,193.5306,0.2216,0.6589
train_6102.jpg,720,960,0.6912,0.75,0.5075,0.2235,42.0514,0.0725,0.5241
train_6103.jpg,960,720,0.6912,1.3333,0.3629,0.2559,30.1021,0.3464,0.4334
train_6104.jpg,720,960,0.6912,0.75,0.4547,0.1953,202.3431,0.1381,0.4899
train_6105.jpg,960,720,0.6912,1.3333,0.2604,0.2433,115.3115,0.4065,0.2889
train_6107.jpg,720,1559,1.1225,0.4618,0.3449,0.1971,263.791,0.2265,0.4016
train_6108.jpg,720,960,0.6912,0.75,0.2989,0.2609,87.3165,0.1907,0.3179
train_6109.jpg,720,960,0.6912,0.75,0.2489,0.2026,345.9295,0.2234,0.2772
train_6110.jpg,720,960,0.6912,0.75,0.4824,0.2317,27.4517,0.2832,0.5569
train_6111.jpg,720,960,0.6912,0.75,0.4877,0.244,200.319,0.2672,0.552
train_6112.jpg,720,960,0.6912,0.75,0.5879,0.2256,177.6364,0.0506,0.5935
train_6113.jpg,960,720,0.6912,1.3333,0.177,0.1556,26.1572,0.3148,0.2013
train_6114.jpg,720,960,0.6912,0.75,0.5681,0.2307,37.3292,0.1508,0.6038
train_6115.jpg,858,720,0.6178,1.1917,0.4877,0.2333,16.1525,0.2159,0.5362
train_6116.jpg,1076,720,0.7747,1.4944,0.6004,0.2784,222.1939,0.288,0.7404
train_6117.jpg,720,960,0.6912,0.75,0.5085,0.2217,220.7581,0.1907,0.5727
train_6118.jpg,720,1279,0.9209,0.5629,0.1719,0.1084,5.9524,0.3584,0.2173
train_6119.jpg,1558,720,1.1218,2.1639,0.5449,0.2073,254.8507,0.1623,0.6013
train_6120.jpg,720,960,0.6912,0.75,0.5303,0.2176,60.7037,0.1993,0.5551
train_6122.jpg,720,960,0.6912,0.75,0.5439,0.2347,37.9445,0.1167,0.5657
train_6123.jpg,720,960,0.6912,0.75,0.4106,0.2089,157.9058,0.105,0.4309
train_6124.jpg,720,960,0.6912,0.75,0.3893,0.2549,107.7426,0.2158,0.423
train_6125.jpg,960,720,0.6912,1.3333,0.5429,0.2285,28.7004,0.1093,0.5627
train_6127.jpg,720,960,0.6912,0.75,0.511,0.2451,35.1533,0.2225,0.5599
train_6128.jpg,720,960,0.6912,0.75,0.4855,0.2368,76.7655,0.1224,0.5073
train_6129.jpg,960,720,0.6912,1.3333,0.5977,0.2386,208.5234,0.1496,0.6359
train_6130.jpg,720,960,0.6912,0.75,0.5036,0.2815,189.5264,0.1731,0.5523
train_6131.jpg,720,960,0.6912,0.75,0.421,0.2114,30.7679,0.2699,0.4903
train_6132.jpg,720,960,0.6912,0.75,0.2923,0.2122,234.6393,0.3937,0.3739
train_6133.jpg,720,960,0.6912,0.75,0.3892,0.1977,65.2761,0.2185,0.4133
train_6135.jpg,720,960,0.6912,0.75,0.3467,0.2677,15.9036,0.3429,0.4208
train_6136.jpg,720,960,0.6912,0.75,0.6154,0.2178,24.9556,0.1861,0.6506
train_6137.jpg,1279,720,0.9209,1.7764,0.352,0.172,202.1499,0.0622,0.3741
train_6138.jpg,720,960,0.6912,0.75,0.2655,0.1983,225.2939,0.2518,0.3021
train_6140.jpg,720,960,0.6912,0.75,0.5061,0.2118,27.0848,0.3624,0.5816
train_6141.jpg,720,960,0.6912,0.75,0.4587,0.1684,349.9133,0.1289,0.4895
train_6143.jpg,1280,720,0.9216,1.7778,0.4886,0.2416,200.1154,0.2908,0.5834
train_6144.jpg,960,720,0.6912,1.3333,0.467,0.1939,27.535,0.1347,0.4969
train_6145.jpg,960,720,0.6912,1.3333,0.4331,0.2146,356.4324,0.2494,0.5147
train_6146.jpg,720,960,0.6912,0.75,0.4686,0.2218,28.4818,0.5261,0.5889
train_6147.jpg,720,960,0.6912,0.75,0.601,0.2111,28.1192,0.192,0.6395
train_6148.jpg,960,720,0.6912,1.3333,0.4187,0.2167,22.7946,0.1543,0.4427
train_6149.jpg,720,960,0.6912,0.75,0.4361,0.1872,52.9728,0.1231,0.4502
train_6150.jpg,1320,720,0.9504,1.8333,0.4475,0.2636,43.6538,0.2704,0.4907
train_6151.jpg,720,960,0.6912,0.75,0.4545,0.1991,94.2825,0.2683,0.5116
train_6153.jpg,720,960,0.6912,0.75,0.5561,0.2023,8.9397,0.2512,0.6181
train_6154.jpg,720,960,0.6912,0.75,0.6861,0.1513,71.1546,0.054,0.6966
train_6156.jpg,720,960,0.6912,0.75,0.3679,0.1716,213.3438,0.3187,0.4728
train_6157.jpg,960,720,0.6912,1.3333,0.289,0.1343,303.1827,0.1876,0.3329
train_6158.jpg,720,960,0.6912,0.75,0.4541,0.2171,31.9511,0.2266,0.4907
train_6160.jpg,960,720,0.6912,1.3333,0.4823,0.2638,213.0116,0.118,0.5153
train_6161.jpg,720,960,0.6912,0.75,0.5094,0.2001,26.9192,0.1201,0.5336
train_6162.jpg,960,720,0.6912,1.3333,0.3267,0.1939,217.374,0.4928,0.4584
train_6163.jpg,720,960,0.6912,0.75,0.5863,0.2134,31.081,0.202,0.6307
train_6164.jpg,720,960,0.6912,0.75,0.4204,0.2439,47.4353,0.1111,0.434
train_6165.jpg,720,1652,1.1894,0.4358,0.2281,0.1188,245.1483,0.1849,0.2658
train_6166.jpg,720,960,0.6912,0.75,0.46,0.1581,102.4408,0.1681,0.4948
train_6167.jpg,720,960,0.6912,0.75,0.5847,0.183,52.2802,0.0799,0.5921
train_6168.jpg,960,720,0.6912,1.3333,0.3939,0.2146,29.1384,0.3551,0.4565
train_6169.jpg,720,960,0.6912,0.75,0.28,0.1612,42.4337,0.2338,0.3108
train_6170.jpg,720,960,0.6912,0.75,0.4486,0.1724,229.834,0.2483,0.5327
train_6171.jpg,720,960,0.6912,0.75,0.4764,0.241,13.6699,0.19,0.5173
train_6172.jpg,960,720,0.6912,1.3333,0.4845,0.2613,212.5144,0.1898,0.5298
train_6173.jpg,720,1071,0.7711,0.6723,0.5422,0.2109,192.4896,0.2545,0.6185
train_6174.jpg,1279,720,0.9209,1.7764,0.53,0.2342,23.7036,0.4377,0.657
train_6175.jpg,720,960,0.6912,0.75,0.4554,0.2102,50.2215,0.1249,0.4719
train_6176.jpg,720,1560,1.1232,0.4615,0.512,0.3044,99.3623,0.112,0.5322
train_6177.jpg,720,960,0.6912,0.75,0.5448,0.226,36.0164,0.1852,0.5769
train_6178.jpg,960,720,0.6912,1.3333,0.5397,0.2019,218.0749,0.1864,0.5927
train_6179.jpg,720,960,0.6912,0.75,0.4535,0.2391,61.4358,0.2119,0.4812
train_6180.jpg,720,960,0.6912,0.75,0.5805,0.1596,47.544,0.0725,0.5971
train_6182.jpg,960,720,0.6912,1.3333,0.2491,0.2322,309.5845,0.1995,0.2865
train_6183.jpg,960,720,0.6912,1.3333,0.5631,0.2094,36.1678,0.1841,0.6079
train_6184.jpg,720,960,0.6912,0.75,0.5219,0.1986,5.1851,0.1908,0.5829
train_6185.jpg,1280,720,0.9216,1.7778,0.3252,0.248,330.5035,0.3056,0.3899
train_6186.jpg,960,720,0.6912,1.3333,0.434,0.1977,41.4211,0.1829,0.4678
train_6188.jpg,720,960,0.6912,0.75,0.5245,0.2514,210.0874,0.1527,0.5687
train_6189.jpg,720,960,0.6912,0.75,0.5585,0.1929,29.4885,0.2577,0.6132
train_6191.jpg,720,960,0.6912,0.75,0.2899,0.1741,250.5442,0.4657,0.4311
train_6192.jpg,1440,720,1.0368,2.0,0.3332,0.1653,49.8557,0.3348,0.3925
train_6193.jpg,960,720,0.6912,1.3333,0.4483,0.2586,214.4578,0.1928,0.5099
train_6194.jpg,960,720,0.6912,1.3333,0.506,0.2313,24.6483,0.1233,0.5322
train_6195.jpg,720,960,0.6912,0.75,0.5908,0.2487,325.2499,0.0796,0.6062
train_6196.jpg,720,960,0.6912,0.75,0.501,0.2268,23.3492,0.1532,0.5282
train_6197.jpg,720,960,0.6912,0.75,0.4352,0.1512,36.8598,0.1507,0.4624
train_6198.jpg,720,960,0.6912,0.75,0.3913,0.2203,31.3253,0.5305,0.569
train_6199.jpg,1189,720,0.8561,1.6514,0.5079,0.2279,59.3915,0.1587,0.5349
train_6200.jpg,720,1558,1.1218,0.4621,0.4446,0.2373,245.8042,0.1446,0.4745
train_6201.jpg,720,961,0.6919,0.7492,0.46,0.2332,206.8737,0.2831,0.5326
train_6202.jpg,960,720,0.6912,1.3333,0.2107,0.1563,142.9646,0.3748,0.2681
train_6204.jpg,720,960,0.6912,0.75,0.4698,0.2048,17.4388,0.2499,0.5458
train_6205.jpg,720,1034,0.7445,0.6963,0.5277,0.2392,51.1202,0.0945,0.5418
train_6206.jpg,720,960,0.6912,0.75,0.5198,0.1479,20.757,0.1717,0.5671
train_6207.jpg,720,960,0.6912,0.75,0.3619,0.1809,350.9491,0.2755,0.4788
train_6208.jpg,960,720,0.6912,1.3333,0.5888,0.196,28.0492,0.4203,0.7087
train_6209.jpg,960,720,0.6912,1.3333,0.6418,0.2199,32.2757,0.1262,0.6745
train_6210.jpg,720,960,0.6912,0.75,0.4107,0.2002,207.3732,0.2969,0.4944
train_6211.jpg,720,960,0.6912,0.75,0.419,0.2293,179.2114,0.3088,0.4958
train_6212.jpg,720,960,0.6912,0.75,0.5067,0.1846,29.3572,0.2205,0.5625
train_6214.jpg,960,720,0.6912,1.3333,0.5134,0.1917,208.2459,0.2196,0.5811
train_6215.jpg,720,960,0.6912,0.75,0.4432,0.2047,151.5554,0.1581,0.4687
train_6216.jpg,960,720,0.6912,1.3333,0.4319,0.2326,276.136,0.1798,0.4776
train_6217.jpg,720,960,0.6912,0.75,0.5314,0.2561,146.6083,0.1403,0.5613
train_6218.jpg,720,960,0.6912,0.75,0.6388,0.2277,209.7782,0.1669,0.6918
train_6219.jpg,960,720,0.6912,1.3333,0.4218,0.1932,230.2105,0.2503,0.5026
train_6220.jpg,720,720,0.5184,1.0,0.6193,0.3101,18.0539,0.2212,0.6637
train_6221.jpg,720,960,0.6912,0.75,0.4728,0.1821,103.1376,0.1422,0.4954
train_6222.jpg,720,960,0.6912,0.75,0.5544,0.1878,15.763,0.1362,0.5875
train_6223.jpg,720,960,0.6912,0.75,0.5448,0.1229,33.1987,0.2389,0.5963
train_6224.jpg,960,720,0.6912,1.3333,0.5634,0.143,78.3505,0.6898,0.6642
train_6225.jpg,720,960,0.6912,0.75,0.4136,0.2481,5.3785,0.1027,0.4358
train_6226.jpg,720,960,0.6912,0.75,0.5582,0.1398,41.4333,0.0722,0.5694
train_6227.jpg,720,960,0.6912,0.75,0.3751,0.2047,342.8474,0.1944,0.4194
train_6228.jpg,720,881,0.6343,0.8173,0.1769,0.1642,202.8311,0.2797,0.273
train_6229.jpg,960,720,0.6912,1.3333,0.4299,0.206,60.8538,0.2481,0.4647
train_6230.jpg,720,1280,0.9216,0.5625,0.4235,0.2045,24.3859,0.3794,0.5021
train_6231.jpg,720,960,0.6912,0.75,0.3327,0.2559,295.625,0.2034,0.3739
train_6232.jpg,960,720,0.6912,1.3333,0.3332,0.2197,92.3003,0.2854,0.3918
train_6233.jpg,720,960,0.6912,0.75,0.4846,0.3142,213.7783,0.1403,0.5141
train_6234.jpg,720,960,0.6912,0.75,0.4495,0.2253,16.9301,0.2175,0.4935
train_6235.jpg,720,960,0.6912,0.75,0.4955,0.2581,39.8839,0.3041,0.554
train_6236.jpg,720,960,0.6912,0.75,0.6211,0.1363,41.6666,0.2835,0.6817
train_6237.jpg,720,960,0.6912,0.75,0.4955,0.2086,34.4707,0.1445,0.5274
train_6238.jpg,720,960,0.6912,0.75,0.4699,0.2055,235.687,0.1846,0.5294
train_6239.jpg,720,960,0.6912,0.75,0.4745,0.2138,96.7961,0.1721,0.5143
train_6240.jpg,720,960,0.6912,0.75,0.5433,0.1139,58.8228,0.2105,0.5972
train_6241.jpg,720,960,0.6912,0.75,0.582,0.1891,235.5687,0.1609,0.6401
train_6242.jpg,720,960,0.6912,0.75,0.3112,0.1894,11.4529,0.2286,0.3451
train_6244.jpg,720,960,0.6912,0.75,0.4903,0.2337,44.3258,0.2793,0.5421
train_6245.jpg,960,720,0.6912,1.3333,0.4323,0.2422,37.0867,0.2813,0.4962
train_6246.jpg,720,960,0.6912,0.75,0.4474,0.2437,44.6274,0.2185,0.4903
train_6247.jpg,720,960,0.6912,0.75,0.487,0.2611,207.3794,0.1569,0.5279
train_6248.jpg,720,960,0.6912,0.75,0.2951,0.214,116.0919,0.2348,0.3214
train_6249.jpg,720,720,0.5184,1.0,0.5029,0.2422,30.9846,0.1384,0.5367
train_6250.jpg,720,960,0.6912,0.75,0.4769,0.2009,113.1793,0.1528,0.5127
train_6251.jpg,720,960,0.6912,0.75,0.6245,0.2052,176.2863,0.099,0.649
train_6252.jpg,720,720,0.5184,1.0,0.3228,0.2538,195.1893,0.1914,0.3613
train_6253.jpg,1838,720,1.3234,2.5528,0.3991,0.2308,24.3122,0.3307,0.4655
train_6254.jpg,720,960,0.6912,0.75,0.5293,0.172,233.5822,0.0921,0.5594
train_6255.jpg,720,960,0.6912,0.75,0.5638,0.2076,63.3761,0.1277,0.5964
train_6256.jpg,960,720,0.6912,1.3333,0.5179,0.1937,52.6921,0.2585,0.5785
train_6258.jpg,720,960,0.6912,0.75,0.5552,0.222,63.7043,0.1435,0.5802
train_6259.jpg,960,720,0.6912,1.3333,0.6151,0.1604,73.8768,0.1632,0.6422
train_6260.jpg,720,960,0.6912,0.75,0.5768,0.2471,44.8248,0.144,0.5965
train_6261.jpg,960,720,0.6912,1.3333,0.2668,0.2977,226.3934,0.8494,0.5875
train_6262.jpg,720,1279,0.9209,0.5629,0.5605,0.1839,198.5354,0.0723,0.5832
train_6263.jpg,720,960,0.6912,0.75,0.4522,0.2319,191.7633,0.4061,0.5385
train_6264.jpg,768,720,0.553,1.0667,0.4816,0.2335,40.5225,0.1957,0.5256
train_6265.jpg,720,960,0.6912,0.75,0.4148,0.2181,33.357,0.2243,0.4476
train_6267.jpg,720,960,0.6912,0.75,0.4128,0.2462,24.9661,0.3104,0.5032
train_6268.jpg,720,960,0.6912,0.75,0.4526,0.1976,62.8222,0.2925,0.5055
train_6269.jpg,1279,720,0.9209,1.7764,0.4929,0.1798,234.3968,0.2774,0.5842
train_6270.jpg,720,960,0.6912,0.75,0.4502,0.1703,36.1268,0.4581,0.5239
train_6271.jpg,960,720,0.6912,1.3333,0.5786,0.2216,33.1296,0.1233,0.6076
train_6272.jpg,720,960,0.6912,0.75,0.4102,0.2041,354.2298,0.1891,0.4482
train_6273.jpg,720,960,0.6912,0.75,0.4717,0.1929,251.809,0.3214,0.6162
train_6274.jpg,720,960,0.6912,0.75,0.4617,0.1943,201.3752,0.2724,0.5338
train_6277.jpg,871,720,0.6271,1.2097,0.2191,0.1414,238.7926,0.4087,0.2794
train_6278.jpg,720,960,0.6912,0.75,0.4953,0.2098,232.3662,0.0973,0.5199
train_6279.jpg,720,960,0.6912,0.75,0.3866,0.1783,270.307,0.2623,0.4674
train_6280.jpg,720,960,0.6912,0.75,0.5613,0.2208,28.069,0.1955,0.6056
train_6281.jpg,720,960,0.6912,0.75,0.2108,0.2113,240.1717,0.2919,0.2532
train_6283.jpg,720,960,0.6912,0.75,0.3562,0.2259,14.1857,0.3448,0.4195
train_6284.jpg,720,960,0.6912,0.75,0.5383,0.2025,34.754,0.0922,0.5587
train_6285.jpg,720,960,0.6912,0.75,0.4073,0.2618,204.5042,0.1966,0.4683
train_6286.jpg,720,960,0.6912,0.75,0.4172,0.2148,248.4758,0.2544,0.4804
train_6287.jpg,720,960,0.6912,0.75,0.5477,0.189,48.6415,0.3948,0.6493
train_6288.jpg,720,960,0.6912,0.75,0.3603,0.2119,34.3779,0.2759,0.3952
train_6290.jpg,960,720,0.6912,1.3333,0.3833,0.1971,6.8289,0.4771,0.5215
train_6291.jpg,720,960,0.6912,0.75,0.4868,0.1484,178.0788,0.0856,0.508
train_6292.jpg,720,960,0.6912,0.75,0.5405,0.1698,219.776,0.4678,0.7689
train_6293.jpg,960,720,0.6912,1.3333,0.5721,0.1324,184.3596,0.1095,0.5945
train_6295.jpg,720,960,0.6912,0.75,0.5055,0.2151,22.1117,0.2201,0.5575
train_6296.jpg,720,960,0.6912,0.75,0.443,0.2229,17.886,0.3822,0.5418
train_6297.jpg,720,1558,1.1218,0.4621,0.6403,0.1239,52.3214,0.0783,0.6635
train_6298.jpg,720,960,0.6912,0.75,0.513,0.2335,191.3512,0.1947,0.5621
train_6299.jpg,960,720,0.6912,1.3333,0.5331,0.2418,32.6174,0.2091,0.5823
train_6300.jpg,960,720,0.6912,1.3333,0.5929,0.1727,30.892,0.2342,0.6496
train_6301.jpg,720,960,0.6912,0.75,0.5703,0.2594,34.294,0.292,0.6354
train_6303.jpg,960,720,0.6912,1.3333,0.5014,0.2176,205.7615,0.1989,0.5473
train_6304.jpg,720,960,0.6912,0.75,0.6022,0.2532,240.3015,0.291,0.714
train_6305.jpg,720,960,0.6912,0.75,0.3855,0.2175,40.5698,0.4007,0.4466
train_6306.jpg,720,960,0.6912,0.75,0.3736,0.2396,18.5102,0.5779,0.494
train_6307.jpg,720,1280,0.9216,0.5625,0.4324,0.1926,29.806,0.0933,0.4507
train_6308.jpg,720,960,0.6912,0.75,0.3814,0.2547,97.9862,0.2664,0.4234
train_6309.jpg,720,960,0.6912,0.75,0.4683,0.1743,7.8447,0.3344,0.5669
train_6310.jpg,720,1280,0.9216,0.5625,0.4619,0.2226,29.5612,0.295,0.5308
train_6311.jpg,960,720,0.6912,1.3333,0.4573,0.2858,206.4837,0.2909,0.5167
train_6312.jpg,720,1279,0.9209,0.5629,0.5636,0.2208,23.8141,0.1215,0.5962
train_6313.jpg,720,960,0.6912,0.75,0.6317,0.1894,213.0428,0.1587,0.6818
train_6314.jpg,720,960,0.6912,0.75,0.5223,0.2396,27.2704,0.2884,0.5925
train_6315.jpg,720,960,0.6912,0.75,0.5432,0.2126,33.071,0.2163,0.5896
train_6316.jpg,720,960,0.6912,0.75,0.4073,0.2332,24.2511,0.2939,0.4658
train_6317.jpg,720,960,0.6912,0.75,0.2748,0.1733,31.3864,0.4477,0.3246
train_6318.jpg,720,960,0.6912,0.75,0.5289,0.2138,26.6907,0.2247,0.5797
train_6319.jpg,720,960,0.6912,0.75,0.4209,0.1856,29.0132,0.1581,0.451
train_6320.jpg,720,960,0.6912,0.75,0.3435,0.2035,330.0782,0.1165,0.3637
train_6321.jpg,720,960,0.6912,0.75,0.2325,0.2037,43.1861,0.4128,0.2845
train_6322.jpg,960,720,0.6912,1.3333,0.495,0.2205,31.642,0.2206,0.5347
train_6325.jpg,720,1280,0.9216,0.5625,0.5273,0.1595,33.251,0.2821,0.5856
train_6326.jpg,720,1280,0.9216,0.5625,0.601,0.1656,278.9626,0.0752,0.6214
train_6328.jpg,720,960,0.6912,0.75,0.4939,0.2465,25.5921,0.3491,0.5725
train_6329.jpg,960,720,0.6912,1.3333,0.6473,0.2294,217.1279,0.1001,0.6755
train_6330.jpg,720,1279,0.9209,0.5629,0.6965,0.1845,359.0818,0.0587,0.7127
train_6331.jpg,720,960,0.6912,0.75,0.4433,0.239,207.7973,0.2646,0.5124
train_6332.jpg,960,720,0.6912,1.3333,0.3935,0.2033,214.9622,0.2176,0.4375
train_6333.jpg,720,720,0.5184,1.0,0.5447,0.2086,29.3451,0.1904,0.5935
train_6334.jpg,960,720,0.6912,1.3333,0.4436,0.1888,189.7486,0.2303,0.4987
train_6335.jpg,1280,720,0.9216,1.7778,0.3322,0.2205,239.7352,0.2948,0.3835
train_6336.jpg,720,960,0.6912,0.75,0.5181,0.2696,41.5848,0.2356,0.5633
train_6337.jpg,960,720,0.6912,1.3333,0.5106,0.189,149.7061,0.2949,0.5715
train_6338.jpg,720,1280,0.9216,0.5625,0.6139,0.2028,134.5753,0.0753,0.6278
train_6339.jpg,960,720,0.6912,1.3333,0.6537,0.1159,34.3325,0.1841,0.7
train_6340.jpg,720,960,0.6912,0.75,0.4777,0.2028,192.206,0.1618,0.5171
train_6341.jpg,720,960,0.6912,0.75,0.5852,0.1573,46.4839,0.154,0.6185
train_6342.jpg,720,720,0.5184,1.0,0.5719,0.1504,24.1932,0.3729,0.6865
train_6343.jpg,720,960,0.6912,0.75,0.5103,0.2259,200.4081,0.1961,0.56
train_6344.jpg,960,720,0.6912,1.3333,0.5272,0.2156,103.2799,0.2701,0.6118
train_6345.jpg,720,720,0.5184,1.0,0.5178,0.2798,232.8557,0.1652,0.5719
train_6346.jpg,720,960,0.6912,0.75,0.7021,0.2385,32.3657,0.1283,0.7321
train_6348.jpg,960,720,0.6912,1.3333,0.4333,0.286,58.381,0.5491,0.4692
train_6349.jpg,720,960,0.6912,0.75,0.4988,0.2507,46.9139,0.2377,0.5498
train_6350.jpg,727,720,0.5234,1.0097,0.5325,0.229,32.2899,0.1833,0.5754
train_6351.jpg,720,960,0.6912,0.75,0.5249,0.1906,44.3341,0.0836,0.547
train_6352.jpg,720,720,0.5184,1.0,0.4233,0.1844,91.5058,0.1888,0.4527
train_6354.jpg,720,960,0.6912,0.75,0.4797,0.2511,22.5133,0.1299,0.5061
train_6356.jpg,720,960,0.6912,0.75,0.4296,0.2116,6.9564,0.1152,0.4529
train_6357.jpg,720,960,0.6912,0.75,0.4451,0.2322,42.0974,0.2171,0.4831
train_6358.jpg,720,960,0.6912,0.75,0.5784,0.1469,19.0716,0.1453,0.6279
train_6359.jpg,720,960,0.6912,0.75,0.5645,0.2334,196.5334,0.198,0.6234
train_6361.jpg,1280,720,0.9216,1.7778,0.3723,0.2259,269.4319,0.2621,0.4296
train_6362.jpg,720,960,0.6912,0.75,0.396,0.2213,8.2189,0.4087,0.5032
train_6363.jpg,720,960,0.6912,0.75,0.5381,0.2343,24.5009,0.1614,0.5813
train_6364.jpg,720,960,0.6912,0.75,0.5664,0.2324,31.0565,0.1398,0.5892
train_6365.jpg,720,960,0.6912,0.75,0.4881,0.2471,195.7185,0.139,0.5247
train_6366.jpg,720,960,0.6912,0.75,0.5335,0.2866,17.7686,0.1338,0.567
train_6367.jpg,720,960,0.6912,0.75,0.4852,0.192,197.8658,0.1956,0.5287
train_6368.jpg,1280,720,0.9216,1.7778,0.5642,0.2113,40.7924,0.1968,0.6011
train_6369.jpg,720,1279,0.9209,0.5629,0.3461,0.2153,339.7267,0.3733,0.4243
train_6370.jpg,960,720,0.6912,1.3333,0.5322,0.2148,31.1875,0.1567,0.577
train_6371.jpg,720,960,0.6912,0.75,0.3296,0.2358,215.2223,0.4257,0.4002
train_6372.jpg,960,720,0.6912,1.3333,0.3836,0.2441,354.761,0.2885,0.4526
train_6373.jpg,720,960,0.6912,0.75,0.3984,0.23,332.7261,0.2405,0.451
train_6374.jpg,720,960,0.6912,0.75,0.3398,0.2004,41.6627,0.4095,0.4053
train_6375.jpg,720,1279,0.9209,0.5629,0.4026,0.2511,25.9706,0.2252,0.4373
train_6376.jpg,720,960,0.6912,0.75,0.4399,0.165,9.7501,0.2655,0.5167
train_6377.jpg,720,1279,0.9209,0.5629,0.2866,0.2284,330.5913,0.4389,0.365
train_6378.jpg,1279,720,0.9209,1.7764,0.4193,0.1953,13.1242,0.0959,0.4347
train_6380.jpg,720,1279,0.9209,0.5629,0.4419,0.2335,13.3548,0.3397,0.5233
train_6382.jpg,720,960,0.6912,0.75,0.5749,0.2124,30.1031,0.1593,0.6117
train_6383.jpg,720,960,0.6912,0.75,0.6143,0.2272,36.9099,0.1463,0.6448
train_6384.jpg,720,960,0.6912,0.75,0.4721,0.2013,359.3548,0.1079,0.4982
train_6385.jpg,1558,720,1.1218,2.1639,0.5347,0.1916,34.3798,0.0791,0.5491
train_6386.jpg,720,960,0.6912,0.75,0.4699,0.2793,32.3518,0.293,0.5339
train_6387.jpg,720,960,0.6912,0.75,0.6481,0.1834,34.2667,0.1228,0.6732
train_6388.jpg,1320,720,0.9504,1.8333,0.4853,0.2074,190.0779,0.2227,0.5439
train_6389.jpg,720,960,0.6912,0.75,0.4244,0.2203,24.2099,0.1714,0.4492
train_6391.jpg,720,960,0.6912,0.75,0.4576,0.254,66.7296,0.0989,0.4755
train_6392.jpg,720,960,0.6912,0.75,0.4683,0.2688,209.0085,0.2007,0.5201
train_6393.jpg,720,960,0.6912,0.75,0.3925,0.289,174.6832,0.191,0.4166
train_6394.jpg,720,960,0.6912,0.75,0.5173,0.224,36.3401,0.241,0.5596
train_6395.jpg,720,960,0.6912,0.75,0.3782,0.2702,32.8083,0.4458,0.4644
train_6396.jpg,720,960,0.6912,0.75,0.5899,0.2065,234.7704,0.1239,0.6336
train_6398.jpg,720,960,0.6912,0.75,0.4741,0.1977,21.833,0.1932,0.5261
train_6399.jpg,720,960,0.6912,0.75,0.4835,0.2294,50.9133,0.2177,0.5268
train_6400.jpg,720,960,0.6912,0.75,0.5597,0.2301,300.1269,0.2034,0.6335
train_6401.jpg,720,1279,0.9209,0.5629,0.5245,0.2078,24.5898,0.3684,0.6238
train_6402.jpg,960,720,0.6912,1.3333,0.4868,0.2147,227.1413,0.1517,0.5293
train_6403.jpg,1280,720,0.9216,1.7778,0.4198,0.2217,216.5946,0.2206,0.4723
train_6405.jpg,720,960,0.6912,0.75,0.5434,0.2237,194.3524,0.1274,0.5662
train_6406.jpg,720,960,0.6912,0.75,0.4866,0.3023,209.359,0.1341,0.5087
train_6407.jpg,720,960,0.6912,0.75,0.5213,0.253,31.9692,0.1483,0.55
train_6408.jpg,796,720,0.5731,1.1056,0.4209,0.2013,264.4726,0.238,0.4869
train_6409.jpg,720,960,0.6912,0.75,0.3521,0.2359,14.0634,0.4949,0.4539
train_6410.jpg,720,960,0.6912,0.75,0.5126,0.202,44.2651,0.1298,0.538
train_6411.jpg,720,960,0.6912,0.75,0.5268,0.1949,46.1219,0.164,0.5532
train_6412.jpg,720,960,0.6912,0.75,0.3701,0.1846,17.0417,0.3985,0.4708
train_6413.jpg,720,960,0.6912,0.75,0.3556,0.1434,65.1819,0.174,0.3849
train_6414.jpg,720,1280,0.9216,0.5625,0.4898,0.2047,214.6074,0.2668,0.6049
train_6415.jpg,720,960,0.6912,0.75,0.4896,0.2448,35.8943,0.1632,0.5233
train_6416.jpg,720,960,0.6912,0.75,0.4682,0.2424,206.4747,0.1725,0.5077
train_6417.jpg,720,960,0.6912,0.75,0.4065,0.2219,43.6124,0.1783,0.4373
train_6418.jpg,720,960,0.6912,0.75,0.3751,0.1868,15.7451,0.3332,0.4579
train_6419.jpg,990,720,0.7128,1.375,0.4343,0.2298,6.6602,0.2024,0.4805
train_6420.jpg,960,720,0.6912,1.3333,0.3765,0.2236,152.5997,0.3416,0.4428
train_6421.jpg,720,960,0.6912,0.75,0.4931,0.1845,70.5935,0.118,0.5122
train_6422.jpg,720,960,0.6912,0.75,0.5464,0.2403,36.9805,0.2229,0.6092
train_6423.jpg,720,960,0.6912,0.75,0.4798,0.1998,212.8656,0.1975,0.5351
train_6424.jpg,720,960,0.6912,0.75,0.4844,0.192,234.7724,0.0941,0.5065
train_6425.jpg,720,960,0.6912,0.75,0.3676,0.2391,23.3144,0.3096,0.4372
train_6426.jpg,720,960,0.6912,0.75,0.4289,0.1884,17.6129,0.2058,0.4736
train_6427.jpg,960,720,0.6912,1.3333,0.4767,0.2373,205.5534,0.1283,0.513
train_6428.jpg,960,720,0.6912,1.3333,0.4065,0.2059,243.5074,0.4198,0.5892
train_6429.jpg,720,960,0.6912,0.75,0.5496,0.1788,100.2845,0.1087,0.5685
train_6430.jpg,720,960,0.6912,0.75,0.5713,0.1692,34.1706,0.3562,0.6692
train_6431.jpg,720,720,0.5184,1.0,0.3586,0.2078,221.3711,0.2751,0.4148
train_6432.jpg,960,720,0.6912,1.3333,0.5008,0.2844,211.4448,0.1689,0.5329
train_6433.jpg,720,1280,0.9216,0.5625,0.4458,0.1644,348.485,0.3284,0.5752
train_6434.jpg,720,960,0.6912,0.75,0.3994,0.1845,110.9956,0.2643,0.4489
train_6435.jpg,720,960,0.6912,0.75,0.2899,0.201,252.5659,0.4002,0.4021
train_6436.jpg,720,1279,0.9209,0.5629,0.5836,0.2056,18.3305,0.0865,0.6051
train_6437.jpg,720,960,0.6912,0.75,0.4661,0.2082,152.5417,0.1178,0.4989
train_6438.jpg,720,960,0.6912,0.75,0.3587,0.247,345.0139,0.2536,0.4026
train_6439.jpg,720,960,0.6912,0.75,0.501,0.2743,22.209,0.2501,0.5488
train_6440.jpg,720,960,0.6912,0.75,0.4429,0.2188,336.405,0.27,0.5158
train_6441.jpg,720,720,0.5184,1.0,0.5413,0.2119,343.058,0.207,0.6055
train_6442.jpg,720,1558,1.1218,0.4621,0.3861,0.1992,246.6046,0.0829,0.4041
train_6443.jpg,720,960,0.6912,0.75,0.3891,0.207,32.5365,0.2034,0.4246
train_6444.jpg,1282,720,0.923,1.7806,0.5589,0.0581,,0.0062,0.5605
train_6445.jpg,720,960,0.6912,0.75,0.438,0.2562,32.0447,0.3536,0.5113
train_6446.jpg,720,960,0.6912,0.75,0.404,0.1771,12.0068,0.3767,0.5227
train_6447.jpg,720,960,0.6912,0.75,0.4698,0.2035,188.1279,0.3724,0.6131
train_6448.jpg,960,720,0.6912,1.3333,0.4975,0.2292,70.6458,0.1427,0.5235
train_6449.jpg,720,960,0.6912,0.75,0.4293,0.206,32.0229,0.2952,0.4854
train_6450.jpg,720,960,0.6912,0.75,0.2168,0.2,239.5343,0.7223,0.4507
train_6451.jpg,720,960,0.6912,0.75,0.6597,0.1967,27.1271,0.0785,0.6738
train_6452.jpg,720,960,0.6912,0.75,0.3996,0.2221,203.1069,0.2217,0.4503
train_6453.jpg,1279,720,0.9209,1.7764,0.4213,0.158,86.6674,0.1084,0.4436
train_6454.jpg,1279,720,0.9209,1.7764,0.5277,0.2105,23.41,0.2143,0.587
train_6455.jpg,720,960,0.6912,0.75,0.4393,0.2441,42.8529,0.1655,0.4683
train_6456.jpg,1279,720,0.9209,1.7764,0.6102,0.1173,205.0013,0.2482,0.7025
train_6457.jpg,720,960,0.6912,0.75,0.6149,0.145,30.3358,0.1327,0.6565
train_6458.jpg,720,960,0.6912,0.75,0.4679,0.2744,197.4985,0.1648,0.4984
train_6459.jpg,720,1558,1.1218,0.4621,0.5842,0.1694,19.0025,0.1935,0.6378
train_6460.jpg,720,720,0.5184,1.0,0.407,0.1754,52.3406,0.1436,0.4378
train_6461.jpg,720,960,0.6912,0.75,0.426,0.2031,15.7761,0.3705,0.5034
train_6462.jpg,960,720,0.6912,1.3333,0.4757,0.2536,41.8896,0.3445,0.5432
train_6463.jpg,960,720,0.6912,1.3333,0.5075,0.1647,235.2771,0.1098,0.5427
train_6464.jpg,720,960,0.6912,0.75,0.4647,0.2333,18.4745,0.2363,0.5182
train_6465.jpg,1279,720,0.9209,1.7764,0.5023,0.1709,26.6261,0.2372,0.5582
train_6466.jpg,720,960,0.6912,0.75,0.4034,0.2501,324.165,0.2614,0.4568
train_6467.jpg,720,960,0.6912,0.75,0.229,0.1625,229.2899,0.4662,0.3702
train_6468.jpg,1054,720,0.7589,1.4639,0.6009,0.2185,33.0306,0.382,0.6861
train_6469.jpg,720,960,0.6912,0.75,0.5619,0.1908,191.5252,0.0416,0.5694
train_6470.jpg,720,960,0.6912,0.75,0.5348,0.2427,209.9285,0.1995,0.6001
train_6471.jpg,1080,720,0.7776,1.5,0.3267,0.2272,197.336,0.1271,0.3475
train_6472.jpg,846,720,0.6091,1.175,0.3915,0.2757,256.9951,0.3049,0.4691
train_6473.jpg,720,1280,0.9216,0.5625,0.428,0.2359,42.0016,0.4434,0.5112
train_6474.jpg,720,960,0.6912,0.75,0.4647,0.1902,184.5228,0.291,0.5342
train_6475.jpg,720,960,0.6912,0.75,0.6196,0.1934,70.025,0.0431,0.6249
train_6476.jpg,720,960,0.6912,0.75,0.443,0.1914,21.9321,0.2718,0.5143
train_6477.jpg,720,960,0.6912,0.75,0.2643,0.1639,267.1722,0.4076,0.3766
train_6478.jpg,720,960,0.6912,0.75,0.6098,0.1796,24.999,0.0699,0.6241
train_6479.jpg,720,960,0.6912,0.75,0.3935,0.1499,19.4969,0.2851,0.4673
train_6480.jpg,720,960,0.6912,0.75,0.6277,0.1703,42.9412,0.1235,0.6457
train_6481.jpg,720,960,0.6912,0.75,0.4751,0.2283,76.8156,0.1129,0.4962
train_6482.jpg,720,960,0.6912,0.75,0.5285,0.1986,51.7174,0.682,0.6411
train_6483.jpg,720,960,0.6912,0.75,0.4761,0.1992,33.6807,0.2496,0.5295
train_6484.jpg,720,960,0.6912,0.75,0.3147,0.2332,65.6569,0.209,0.3403
train_6486.jpg,720,960,0.6912,0.75,0.4229,0.2452,30.5043,0.1759,0.4534
train_6487.jpg,960,720,0.6912,1.3333,0.5569,0.2484,40.0995,0.116,0.5769
train_6488.jpg,720,960,0.6912,0.75,0.4614,0.2508,223.9499,0.1176,0.4917
train_6489.jpg,960,720,0.6912,1.3333,0.5843,0.1764,21.7737,0.0912,0.6082
train_6490.jpg,960,720,0.6912,1.3333,0.2845,0.1351,319.4727,0.3567,0.361
train_6491.jpg,720,1280,0.9216,0.5625,0.4171,0.2065,232.8296,0.1532,0.4753
train_6492.jpg,720,720,0.5184,1.0,0.5721,0.172,130.1902,0.106,0.5973
train_6493.jpg,720,920,0.6624,0.7826,0.3963,0.2241,29.4084,0.4167,0.4689
train_6494.jpg,720,960,0.6912,0.75,0.5766,0.1744,180.236,0.0838,0.5997
train_6496.jpg,720,1279,0.9209,0.5629,0.4488,0.1748,194.0017,0.2828,0.5308
train_6497.jpg,900,720,0.648,1.25,0.3341,0.2197,26.7686,0.3015,0.4029
train_6498.jpg,960,720,0.6912,1.3333,0.4236,0.1847,27.9506,0.2998,0.481
train_6499.jpg,720,960,0.6912,0.75,0.4922,0.2239,175.9383,0.2467,0.5578
train_6500.jpg,720,960,0.6912,0.75,0.4653,0.255,207.6158,0.2876,0.5502
train_6501.jpg,960,720,0.6912,1.3333,0.5927,0.1396,12.8503,0.0722,0.6086
train_6502.jpg,720,960,0.6912,0.75,0.4768,0.2054,4.1297,0.2209,0.5407
train_6503.jpg,720,960,0.6912,0.75,0.1856,0.1592,71.5879,0.215,0.2013
train_6504.jpg,720,960,0.6912,0.75,0.4341,0.1963,111.7574,0.2986,0.4929
train_6505.jpg,720,960,0.6912,0.75,0.551,0.2126,136.6676,0.1879,0.5957
train_6506.jpg,720,960,0.6912,0.75,0.3993,0.2218,33.8616,0.4177,0.488
train_6507.jpg,1280,720,0.9216,1.7778,0.4315,0.1687,198.8811,0.1113,0.4565
train_6508.jpg,720,960,0.6912,0.75,0.4468,0.1117,12.961,0.1124,0.4752
train_6509.jpg,720,960,0.6912,0.75,0.2606,0.1775,15.9886,0.2873,0.3165
train_6510.jpg,720,960,0.6912,0.75,0.5143,0.2049,46.4138,0.1547,0.5468
train_6511.jpg,720,960,0.6912,0.75,0.5083,0.2097,140.1613,0.0995,0.5238
train_6512.jpg,720,960,0.6912,0.75,0.424,0.2012,30.3368,0.4539,0.5271
train_6513.jpg,960,720,0.6912,1.3333,0.4157,0.2724,99.8768,0.1421,0.4385
train_6515.jpg,720,1280,0.9216,0.5625,0.6187,0.2257,261.1807,0.0842,0.6416
train_6516.jpg,720,960,0.6912,0.75,0.4876,0.2347,41.8936,0.2189,0.5294
train_6517.jpg,720,960,0.6912,0.75,0.4604,0.2304,72.3041,0.2508,0.5149
train_6518.jpg,720,960,0.6912,0.75,0.4216,0.2268,18.3564,0.3729,0.5249
train_6519.jpg,720,960,0.6912,0.75,0.4498,0.2962,336.7899,0.18,0.5022
train_6520.jpg,720,1280,0.9216,0.5625,0.4618,0.2226,27.0711,0.2948,0.5259
train_6521.jpg,720,960,0.6912,0.75,0.4329,0.2877,173.4399,0.1316,0.4539
train_6523.jpg,720,960,0.6912,0.75,0.5871,0.2141,6.2664,0.4166,0.7624
train_6524.jpg,960,720,0.6912,1.3333,0.5305,0.2226,25.0676,0.2944,0.5996
train_6525.jpg,960,720,0.6912,1.3333,0.1767,0.1434,127.9534,0.3475,0.1998
train_6526.jpg,720,960,0.6912,0.75,0.3884,0.2443,238.0996,0.2436,0.4355
train_6527.jpg,720,960,0.6912,0.75,0.5728,0.1739,265.9427,0.1287,0.613
train_6528.jpg,720,1561,1.1239,0.4612,0.2305,0.2448,204.0786,0.1112,0.2525
train_6529.jpg,720,960,0.6912,0.75,0.4671,0.218,29.2722,0.187,0.5134
train_6530.jpg,720,960,0.6912,0.75,0.5606,0.1966,39.8186,0.0923,0.5817
train_6531.jpg,960,720,0.6912,1.3333,0.3998,0.2211,59.701,0.2667,0.4442
train_6532.jpg,1080,720,0.7776,1.5,0.4413,0.2508,37.7919,0.2894,0.4809
train_6533.jpg,720,960,0.6912,0.75,0.4756,0.2101,261.3608,0.2641,0.5507
train_6535.jpg,720,960,0.6912,0.75,0.3679,0.2207,39.8986,0.3651,0.4253
train_6536.jpg,720,960,0.6912,0.75,0.3878,0.2375,301.4457,0.2226,0.45
train_6537.jpg,720,720,0.5184,1.0,0.5525,0.1471,183.5236,0.1639,0.6037
train_6538.jpg,720,960,0.6912,0.75,0.4311,0.2985,152.7224,0.1658,0.4529
train_6539.jpg,720,960,0.6912,0.75,0.3904,0.1619,16.0994,0.5953,0.5786
train_6540.jpg,957,720,0.689,1.3292,0.4797,0.1506,198.7719,0.5676,0.6419
train_6541.jpg,720,1279,0.9209,0.5629,0.4648,0.257,22.6646,0.2311,0.5242
train_6542.jpg,1559,720,1.1225,2.1653,0.5379,0.2596,55.3472,0.1022,0.5613
train_6543.jpg,1279,720,0.9209,1.7764,0.5773,0.1806,24.4294,0.1824,0.6278
train_6544.jpg,720,1280,0.9216,0.5625,0.2002,0.2545,22.1181,0.3794,0.2274
train_6545.jpg,720,960,0.6912,0.75,0.4147,0.2259,29.2757,0.2383,0.4524
train_6546.jpg,960,720,0.6912,1.3333,0.5641,0.2483,6.8613,0.1549,0.604
train_6547.jpg,960,720,0.6912,1.3333,0.5236,0.23,140.3791,0.1359,0.5478
train_6548.jpg,720,960,0.6912,0.75,0.2824,0.1792,27.5244,0.3832,0.326
train_6549.jpg,720,960,0.6912,0.75,0.5192,0.1788,212.032,0.1273,0.5601
train_6550.jpg,1043,720,0.751,1.4486,0.6076,0.2519,202.8649,0.1689,0.6723
train_6551.jpg,720,960,0.6912,0.75,0.3988,0.2734,23.8407,0.3076,0.4548
train_6552.jpg,720,1280,0.9216,0.5625,0.5383,0.2295,12.6402,0.1757,0.5854
train_6553.jpg,1278,720,0.9202,1.775,0.6562,0.2039,22.8408,0.0889,0.6823
train_6554.jpg,720,960,0.6912,0.75,0.0969,0.1198,30.5482,0.6151,0.1388
train_6555.jpg,720,960,0.6912,0.75,0.512,0.2154,57.2294,0.1955,0.5327
train_6556.jpg,720,960,0.6912,0.75,0.369,0.1945,29.1187,0.3093,0.4234
train_6559.jpg,720,960,0.6912,0.75,0.2917,0.24,203.4567,0.2882,0.3363
train_6560.jpg,720,960,0.6912,0.75,0.23,0.1731,54.8712,0.2756,0.2487
train_6561.jpg,720,960,0.6912,0.75,0.4531,0.2361,170.7988,0.303,0.5083
train_6562.jpg,720,960,0.6912,0.75,0.4387,0.1808,150.6274,0.4044,0.5761
train_6563.jpg,720,960,0.6912,0.75,0.5502,0.1821,236.1772,0.1197,0.5859
train_6564.jpg,720,960,0.6912,0.75,0.4036,0.2677,111.9733,0.154,0.4253
train_6565.jpg,720,960,0.6912,0.75,0.4255,0.1605,7.7337,0.2831,0.5034
train_6566.jpg,720,1280,0.9216,0.5625,0.3799,0.1346,235.6527,0.594,0.626
train_6567.jpg,1279,720,0.9209,1.7764,0.494,0.1969,54.8167,0.1443,0.522
train_6568.jpg,720,789,0.5681,0.9125,0.6041,0.2239,29.4596,0.1762,0.6546
train_6569.jpg,960,720,0.6912,1.3333,0.4866,0.206,155.4377,0.2695,0.561
train_6570.jpg,720,960,0.6912,0.75,0.3406,0.2498,236.6426,0.2229,0.3874
train_6571.jpg,720,960,0.6912,0.75,0.5148,0.2386,300.9787,0.2587,0.5769
train_6572.jpg,720,960,0.6912,0.75,0.4754,0.229,241.8486,0.1919,0.5341
train_6573.jpg,720,960,0.6912,0.75,0.3618,0.1878,46.5066,0.1963,0.3869
train_6575.jpg,720,960,0.6912,0.75,0.5492,0.2094,12.7944,0.1711,0.5872
train_6576.jpg,720,960,0.6912,0.75,0.5351,0.1687,34.4773,0.2106,0.5779
train_6577.jpg,720,1279,0.9209,0.5629,0.4894,0.1556,30.5217,0.2585,0.5498
train_6578.jpg,720,960,0.6912,0.75,0.4231,0.1965,231.4995,0.2524,0.4936
train_6579.jpg,720,720,0.5184,1.0,0.6573,0.123,163.1797,0.0348,0.6656
train_6580.jpg,720,960,0.6912,0.75,0.446,0.216,185.199,0.3696,0.5255
train_6581.jpg,960,720,0.6912,1.3333,0.4861,0.2289,276.0408,0.1764,0.5247
train_6582.jpg,960,720,0.6912,1.3333,0.3772,0.1887,220.0374,0.2584,0.4343
train_6583.jpg,720,960,0.6912,0.75,0.5434,0.2053,32.9881,0.1999,0.5983
train_6584.jpg,720,960,0.6912,0.75,0.5293,0.2335,41.4966,0.1532,0.5597
train_6585.jpg,720,960,0.6912,0.75,0.5198,0.1554,173.7963,0.0914,0.5404
train_6586.jpg,720,960,0.6912,0.75,0.2955,0.1725,34.1147,0.3549,0.359
train_6587.jpg,720,960,0.6912,0.75,0.5162,0.2188,343.959,0.1174,0.5441
train_6588.jpg,960,720,0.6912,1.3333,0.5509,0.1553,28.259,0.1853,0.6027
train_6589.jpg,960,720,0.6912,1.3333,0.5158,0.1862,46.7158,0.1504,0.5566
train_6590.jpg,720,960,0.6912,0.75,0.5874,0.2002,37.1057,0.2995,0.6636
train_6591.jpg,720,960,0.6912,0.75,0.6571,0.1677,200.1974,0.1331,0.6961
train_6592.jpg,720,960,0.6912,0.75,0.536,0.1362,250.5718,0.1728,0.5856
train_6593.jpg,960,720,0.6912,1.3333,0.4547,0.2012,196.9029,0.2282,0.5105
train_6594.jpg,960,720,0.6912,1.3333,0.4677,0.1855,30.3834,0.2016,0.5191
train_6595.jpg,720,960,0.6912,0.75,0.4412,0.2325,46.2953,0.2623,0.4874
train_6596.jpg,720,960,0.6912,0.75,0.5765,0.2302,16.4612,0.2026,0.6307
train_6597.jpg,960,720,0.6912,1.3333,0.4917,0.2387,137.9567,0.1259,0.5163
train_6598.jpg,720,960,0.6912,0.75,0.4512,0.178,32.9157,0.5356,0.5719
train_6599.jpg,960,720,0.6912,1.3333,0.4079,0.2081,19.334,0.1724,0.4438
train_6600.jpg,720,960,0.6912,0.75,0.3308,0.2608,210.1159,0.1505,0.3595
train_6601.jpg,720,960,0.6912,0.75,0.46,0.2361,30.929,0.1656,0.4925
train_6603.jpg,720,960,0.6912,0.75,0.5091,0.1608,239.752,0.1657,0.5677
train_6604.jpg,720,960,0.6912,0.75,0.4209,0.1632,71.3057,0.1353,0.4496
train_6605.jpg,960,720,0.6912,1.3333,0.6495,0.2052,61.8059,0.4136,0.7217
train_6606.jpg,720,960,0.6912,0.75,0.4942,0.2286,107.3246,0.1992,0.5308
train_6607.jpg,720,960,0.6912,0.75,0.5003,0.1996,222.5699,0.1302,0.5419
train_6608.jpg,720,960,0.6912,0.75,0.445,0.2378,214.9054,0.2491,0.5292
train_6609.jpg,720,960,0.6912,0.75,0.4553,0.1747,35.5539,0.1781,0.4854
train_6610.jpg,720,1279,0.9209,0.5629,0.5282,0.1641,30.1354,0.2614,0.5812
train_6611.jpg,720,960,0.6912,0.75,0.5776,0.197,133.2188,0.1039,0.5949
train_6612.jpg,960,720,0.6912,1.3333,0.5418,0.2483,61.0629,0.1469,0.5668
train_6613.jpg,720,720,0.5184,1.0,0.508,0.1979,29.5635,0.2407,0.5583
train_6615.jpg,720,960,0.6912,0.75,0.6732,0.1092,39.3351,0.0503,0.6862
train_6616.jpg,720,960,0.6912,0.75,0.5257,0.1995,229.6838,0.2227,0.6011
train_6617.jpg,720,960,0.6912,0.75,0.2133,0.1113,29.1418,0.6039,0.2725
train_6618.jpg,720,960,0.6912,0.75,0.5806,0.2094,129.8814,0.1052,0.6037
train_6619.jpg,720,960,0.6912,0.75,0.5059,0.2199,76.4641,0.2429,0.5586
train_6620.jpg,720,960,0.6912,0.75,0.4576,0.2084,211.4725,0.1529,0.4921
train_6621.jpg,1279,720,0.9209,1.7764,0.5409,0.2055,19.2733,0.3228,0.6529
train_6622.jpg,720,1280,0.9216,0.5625,0.4873,0.2088,38.581,0.1516,0.5178
train_6623.jpg,720,948,0.6826,0.7595,0.6245,0.1802,13.4083,0.0815,0.6403
train_6624.jpg,720,960,0.6912,0.75,0.571,0.272,73.6987,0.1405,0.6066
train_6625.jpg,1280,720,0.9216,1.7778,0.5727,0.1969,266.9284,0.222,0.6414
train_6626.jpg,720,960,0.6912,0.75,0.5537,0.261,200.6754,0.1504,0.599
train_6627.jpg,720,960,0.6912,0.75,0.5264,0.1865,22.7528,0.2877,0.605
train_6628.jpg,720,960,0.6912,0.75,0.5519,0.1579,304.5875,0.0895,0.5732
train_6629.jpg,720,960,0.6912,0.75,0.5364,0.2375,202.2232,0.3314,0.6495
train_6630.jpg,720,1279,0.9209,0.5629,0.2643,0.2033,248.4697,0.4454,0.3461
train_6631.jpg,720,960,0.6912,0.75,0.5895,0.2536,48.8741,0.1605,0.6099
train_6632.jpg,960,720,0.6912,1.3333,0.4647,0.2281,189.0402,0.1979,0.5072
train_6633.jpg,720,960,0.6912,0.75,0.4331,0.2142,40.0046,0.1365,0.4563
train_6634.jpg,720,960,0.6912,0.75,0.4847,0.2343,216.0179,0.1606,0.5285
train_6635.jpg,720,720,0.5184,1.0,0.3869,0.1869,106.2466,0.1988,0.4173
train_6636.jpg,720,960,0.6912,0.75,0.4398,0.2306,22.6316,0.247,0.4996
train_6637.jpg,720,960,0.6912,0.75,0.5295,0.229,26.1314,0.0872,0.5468
train_6638.jpg,720,960,0.6912,0.75,0.5276,0.2032,26.1337,0.2648,0.5896
train_6640.jpg,720,960,0.6912,0.75,0.5081,0.2802,315.9103,0.1561,0.5521
train_6641.jpg,720,1280,0.9216,0.5625,0.4542,0.1943,20.2362,0.4093,0.5565
train_6642.jpg,720,960,0.6912,0.75,0.5263,0.2206,21.7513,0.1739,0.5713
train_6643.jpg,720,960,0.6912,0.75,0.4961,0.1983,5.5918,0.1902,0.5536
train_6644.jpg,720,960,0.6912,0.75,0.6289,0.1661,35.1822,0.1051,0.6492
train_6645.jpg,960,720,0.6912,1.3333,0.4082,0.2016,213.237,0.4126,0.5308
train_6646.jpg,720,960,0.6912,0.75,0.4719,0.2271,73.0937,0.2714,0.5167
train_6647.jpg,720,960,0.6912,0.75,0.4165,0.2193,254.6038,0.2844,0.5018
train_6648.jpg,960,720,0.6912,1.3333,0.4703,0.2547,323.5613,0.1097,0.4941
train_6649.jpg,720,960,0.6912,0.75,0.4598,0.2085,28.0648,0.2982,0.5141
train_6650.jpg,720,960,0.6912,0.75,0.4846,0.2071,30.5118,0.3379,0.5565
train_6651.jpg,720,960,0.6912,0.75,0.4456,0.2561,43.1379,0.3605,0.5246
train_6652.jpg,720,960,0.6912,0.75,0.2344,0.1732,215.8684,0.2657,0.2638
train_6653.jpg,720,960,0.6912,0.75,0.4711,0.2903,40.4843,0.2204,0.5094
train_6654.jpg,720,960,0.6912,0.75,0.4273,0.2165,23.4278,0.319,0.4965
train_6655.jpg,960,720,0.6912,1.3333,0.4903,0.2155,59.0315,0.187,0.5312
train_6656.jpg,720,720,0.5184,1.0,0.5055,0.2394,24.4549,0.6182,0.6846
train_6657.jpg,720,960,0.6912,0.75,0.3814,0.2065,22.7212,0.1907,0.4226
train_6658.jpg,720,1280,0.9216,0.5625,0.5275,0.2151,40.9775,0.1832,0.5736
train_6660.jpg,720,720,0.5184,1.0,0.5867,0.1618,23.1641,0.2054,0.6484
train_6661.jpg,720,960,0.6912,0.75,0.5112,0.1942,358.163,0.2172,0.5851
train_6663.jpg,960,720,0.6912,1.3333,0.6235,0.1229,16.146,0.1234,0.6626
train_6664.jpg,720,960,0.6912,0.75,0.5446,0.1909,218.208,0.4039,0.7447
train_6666.jpg,960,720,0.6912,1.3333,0.3622,0.2352,23.3961,0.2783,0.4136
train_6667.jpg,720,960,0.6912,0.75,0.5843,0.2723,217.2728,0.2781,0.6696
train_6668.jpg,720,846,0.6091,0.8511,0.4022,0.2981,37.3358,0.4862,0.4798
train_6669.jpg,720,960,0.6912,0.75,0.5721,0.2389,26.983,0.206,0.6075
train_6670.jpg,960,720,0.6912,1.3333,0.4921,0.2536,32.3226,0.2063,0.533
train_6671.jpg,720,960,0.6912,0.75,0.5594,0.2679,32.2314,0.2657,0.6072
train_6672.jpg,720,960,0.6912,0.75,0.2318,0.147,348.4243,0.4859,0.3621
train_6673.jpg,720,960,0.6912,0.75,0.4328,0.2003,30.6689,0.2301,0.474
train_6674.jpg,720,960,0.6912,0.75,0.4464,0.2646,61.8868,0.202,0.4885
train_6675.jpg,720,960,0.6912,0.75,0.3086,0.2197,356.6939,0.4504,0.4169
train_6676.jpg,720,960,0.6912,0.75,0.4553,0.2186,258.9262,0.3423,0.577
train_6677.jpg,720,960,0.6912,0.75,0.4773,0.219,320.4863,0.2644,0.5581
train_6678.jpg,720,960,0.6912,0.75,0.4323,0.2373,201.1253,0.2428,0.4981
train_6679.jpg,720,960,0.6912,0.75,0.5045,0.1485,26.9596,0.1573,0.5425
train_6680.jpg,959,720,0.6905,1.3319,0.3856,0.2166,355.8694,0.3848,0.4517
train_6682.jpg,720,960,0.6912,0.75,0.5274,0.1411,32.569,0.1143,0.5557
train_6683.jpg,720,960,0.6912,0.75,0.5136,0.187,213.1175,0.2755,0.6274
train_6684.jpg,960,720,0.6912,1.3333,0.4973,0.1934,28.1522,0.2458,0.5515
train_6685.jpg,960,720,0.6912,1.3333,0.5095,0.2157,91.5238,0.2648,0.5844
train_6686.jpg,720,960,0.6912,0.75,0.4273,0.225,30.2373,0.1511,0.4507
train_6687.jpg,720,960,0.6912,0.75,0.4493,0.1544,229.7251,0.2912,0.5562
train_6688.jpg,720,960,0.6912,0.75,0.5078,0.2348,222.3942,0.2023,0.5906
train_6689.jpg,720,960,0.6912,0.75,0.5824,0.2484,288.4335,0.2194,0.6534
train_6690.jpg,720,960,0.6912,0.75,0.3489,0.2224,181.3205,0.19,0.3747
train_6691.jpg,720,960,0.6912,0.75,0.4149,0.2248,16.3775,0.429,0.5274
train_6692.jpg,720,960,0.6912,0.75,0.4768,0.2798,326.1523,0.2453,0.536
train_6693.jpg,720,960,0.6912,0.75,0.5435,0.219,205.5272,0.1839,0.6001
train_6694.jpg,720,960,0.6912,0.75,0.4453,0.2015,35.1001,0.1785,0.4832
train_6695.jpg,720,960,0.6912,0.75,0.6031,0.1889,273.0693,0.1389,0.6488
train_6696.jpg,720,960,0.6912,0.75,0.3503,0.1551,11.2059,0.2119,0.3869
train_6697.jpg,720,960,0.6912,0.75,0.5435,0.3362,17.5759,0.1833,0.5588
train_6698.jpg,720,960,0.6912,0.75,0.3649,0.1741,224.0182,0.2768,0.4432
train_6699.jpg,960,720,0.6912,1.3333,0.3246,0.2244,37.9224,0.3736,0.3621
train_6702.jpg,720,960,0.6912,0.75,0.4361,0.2189,322.3905,0.1902,0.4811
train_6703.jpg,720,960,0.6912,0.75,0.4213,0.234,216.2879,0.1881,0.4739
train_6705.jpg,720,720,0.5184,1.0,0.5466,0.1351,208.0639,0.0883,0.5731
train_6706.jpg,720,960,0.6912,0.75,0.4725,0.2313,197.2798,0.287,0.5563
train_6710.jpg,886,720,0.6379,1.2306,0.4686,0.1919,30.0249,0.2982,0.5306
train_6711.jpg,720,960,0.6912,0.75,0.5906,0.1692,35.3288,0.1027,0.6122
train_6714.jpg,720,1280,0.9216,0.5625,0.4123,0.2393,25.1816,0.2125,0.4589
train_0024.jpg,720,960,0.6912,0.75,0.4793,0.258,215.7,0.2607,0.5595
train_0031.jpg,960,720,0.6912,1.3333,0.3679,0.1666,21.8117,0.2241,0.4087
train_0049.jpg,720,960,0.6912,0.75,0.4791,0.2333,71.6871,0.232,0.5164
train_0063.jpg,1568,720,1.129,2.1778,0.2806,0.1723,241.4794,0.4152,0.4024
train_0065.jpg,720,887,0.6386,0.8117,0.3886,0.2721,274.8206,0.218,0.4251
train_0072.jpg,720,960,0.6912,0.75,0.5067,0.2332,31.2324,0.2709,0.5674
train_0075.jpg,720,960,0.6912,0.75,0.6064,0.1758,31.4746,0.2635,0.6759
train_0076.jpg,720,960,0.6912,0.75,0.5017,0.1896,32.6073,0.1666,0.5289
train_0077.jpg,960,720,0.6912,1.3333,0.5368,0.1613,40.3764,0.197,0.5875
train_0080.jpg,720,960,0.6912,0.75,0.6203,0.166,38.411,0.1867,0.6571
train_0088.jpg,720,1280,0.9216,0.5625,0.4118,0.1578,141.7048,0.2212,0.4498
train_0098.jpg,720,960,0.6912,0.75,0.4709,0.2151,14.4109,0.2081,0.5387
train_0109.jpg,720,960,0.6912,0.75,0.4123,0.2672,245.542,0.2154,0.4748
train_0112.jpg,960,720,0.6912,1.3333,0.4442,0.207,166.6201,0.1709,0.4902
train_0128.jpg,960,720,0.6912,1.3333,0.461,0.2355,24.9846,0.2567,0.5164
train_0129.jpg,1280,720,0.9216,1.7778,0.4903,0.1878,195.4993,0.2525,0.5429
train_0149.jpg,720,960,0.6912,0.75,0.4501,0.2504,16.9237,0.4055,0.555
train_0151.jpg,720,960,0.6912,0.75,0.3325,0.2295,69.8174,0.3425,0.3864
train_0166.jpg,960,720,0.6912,1.3333,0.3664,0.1948,56.032,0.2066,0.399
train_0191.jpg,720,960,0.6912,0.75,0.5191,0.1823,6.0573,0.203,0.5932
train_0209.jpg,720,960,0.6912,0.75,0.5011,0.2467,49.6031,0.1712,0.5327
train_0214.jpg,720,960,0.6912,0.75,0.4491,0.2436,348.5685,0.2061,0.4991
train_0218.jpg,720,960,0.6912,0.75,0.4949,0.2411,108.2038,0.2225,0.5338
train_0219.jpg,720,960,0.6912,0.75,0.5318,0.2439,56.6236,0.1184,0.5521
train_0223.jpg,720,960,0.6912,0.75,0.4332,0.2528,21.1494,0.4115,0.536
train_0238.jpg,720,1558,1.1218,0.4621,0.5987,0.1858,337.4939,0.1519,0.6428
train_0251.jpg,720,960,0.6912,0.75,0.4909,0.2627,229.8378,0.1749,0.5421
train_0254.jpg,1280,720,0.9216,1.7778,0.2891,0.1863,105.3041,0.3739,0.3369
train_0270.jpg,720,960,0.6912,0.75,0.4159,0.2031,41.5051,0.1394,0.4368
train_0293.jpg,720,960,0.6912,0.75,0.5859,0.1322,37.7838,0.214,0.6315
train_0295.jpg,960,720,0.6912,1.3333,0.5678,0.1918,21.4432,0.2241,0.6169
train_0306.jpg,864,720,0.6221,1.2,0.5076,0.3149,199.524,0.214,0.5643
train_0317.jpg,720,960,0.6912,0.75,0.3666,0.1633,26.8518,0.4132,0.4567
train_0318.jpg,720,943,0.679,0.7635,0.5619,0.1834,328.0466,0.2739,0.7204
train_0319.jpg,720,960,0.6912,0.75,0.449,0.2318,33.7285,0.3606,0.5448
train_0321.jpg,720,1280,0.9216,0.5625,0.4325,0.2616,270.6248,0.3941,0.5394
train_0322.jpg,1059,720,0.7625,1.4708,0.4721,0.2336,10.6419,0.2567,0.5499
train_0336.jpg,720,960,0.6912,0.75,0.4844,0.2567,350.9785,0.2738,0.5589
train_0338.jpg,720,720,0.5184,1.0,0.4881,0.2534,335.7657,0.1058,0.5117
train_0346.jpg,720,960,0.6912,0.75,0.5222,0.2145,18.1593,0.1565,0.5638
train_0348.jpg,720,960,0.6912,0.75,0.412,0.2546,285.2729,0.265,0.4621
train_0349.jpg,960,720,0.6912,1.3333,0.5005,0.1764,168.6815,0.2444,0.5741
train_0352.jpg,720,960,0.6912,0.75,0.535,0.1759,206.1512,0.2363,0.6238
train_0367.jpg,960,720,0.6912,1.3333,0.3737,0.2416,21.1143,0.3458,0.4455
train_0374.jpg,720,960,0.6912,0.75,0.4963,0.1629,19.3597,0.3554,0.6058
train_0389.jpg,720,960,0.6912,0.75,0.5622,0.2035,63.3971,0.1118,0.5887
train_0405.jpg,1320,720,0.9504,1.8333,0.4214,0.2337,29.9021,0.2723,0.4696
train_0415.jpg,720,960,0.6912,0.75,0.4856,0.2246,17.2281,0.1535,0.5207
train_0426.jpg,720,960,0.6912,0.75,0.464,0.2227,11.5887,0.2138,0.5193
train_0445.jpg,720,960,0.6912,0.75,0.3214,0.2621,30.0569,0.5142,0.3856
train_0449.jpg,1283,720,0.9238,1.7819,0.6099,0.1912,88.1805,0.3982,0.7036
train_0461.jpg,720,960,0.6912,0.75,0.432,0.2199,35.9208,0.1597,0.4598
train_0475.jpg,720,960,0.6912,0.75,0.4725,0.2143,17.071,0.3503,0.569
train_0479.jpg,1279,720,0.9209,1.7764,0.5268,0.1179,211.187,0.0746,0.5449
train_0480.jpg,720,960,0.6912,0.75,0.5009,0.2074,224.8729,0.1717,0.544
train_0497.jpg,720,960,0.6912,0.75,0.5876,0.2238,353.3333,0.0817,0.6104
train_0502.jpg,720,960,0.6912,0.75,0.3786,0.2369,79.4851,0.1759,0.4071
train_0505.jpg,720,960,0.6912,0.75,0.5413,0.2598,185.6633,0.1216,0.5749
train_0518.jpg,720,960,0.6912,0.75,0.5267,0.2009,24.4537,0.3117,0.598
train_0526.jpg,720,1280,0.9216,0.5625,0.5284,0.2474,178.7203,0.198,0.5675
train_0537.jpg,960,720,0.6912,1.3333,0.5359,0.1988,162.478,0.0987,0.5586
train_0538.jpg,1278,720,0.9202,1.775,0.6016,0.2634,336.22,0.1977,0.6707
train_0544.jpg,720,1561,1.1239,0.4612,0.4318,0.3074,29.9708,0.1055,0.4528
train_0576.jpg,720,960,0.6912,0.75,0.4042,0.2125,352.079,0.3071,0.4789
train_0579.jpg,960,720,0.6912,1.3333,0.5136,0.2374,33.3802,0.2879,0.5673
train_0590.jpg,720,960,0.6912,0.75,0.5369,0.1758,346.1366,0.0769,0.5597
train_0591.jpg,720,960,0.6912,0.75,0.5651,0.1797,39.3169,0.1095,0.5856
train_0600.jpg,720,960,0.6912,0.75,0.513,0.2026,30.5099,0.2837,0.5927
train_0608.jpg,720,961,0.6919,0.7492,0.4028,0.2159,125.2961,0.1878,0.4325
train_0612.jpg,720,960,0.6912,0.75,0.5863,0.1696,41.024,0.1791,0.6271
train_0625.jpg,720,960,0.6912,0.75,0.401,0.2023,359.0491,0.1876,0.4673
train_0642.jpg,720,960,0.6912,0.75,0.5202,0.21,11.9959,0.4064,0.6579
train_0650.jpg,720,960,0.6912,0.75,0.3955,0.2466,324.8818,0.4204,0.5161
train_0652.jpg,720,960,0.6912,0.75,0.5127,0.1839,212.6986,0.3401,0.6627
train_0658.jpg,720,960,0.6912,0.75,0.5116,0.1669,60.5392,0.1206,0.5281
train_0669.jpg,720,960,0.6912,0.75,0.6852,0.1956,8.723,0.1356,0.7253
train_0685.jpg,720,1279,0.9209,0.5629,0.4803,0.199,330.786,0.0699,0.4972
train_0688.jpg,720,960,0.6912,0.75,0.4613,0.2057,17.8252,0.3526,0.5615
train_0702.jpg,956,720,0.6883,1.3278,0.5857,0.2759,213.709,0.1167,0.6165
train_0711.jpg,1189,720,0.8561,1.6514,0.3982,0.2092,230.3567,0.3231,0.5209
train_0726.jpg,720,960,0.6912,0.75,0.5959,0.1607,60.48,0.0652,0.6077
train_0732.jpg,720,960,0.6912,0.75,0.2523,0.2086,55.6753,0.265,0.2735
train_0735.jpg,720,960,0.6912,0.75,0.5466,0.1872,208.5052,0.2756,0.6532
train_0736.jpg,960,720,0.6912,1.3333,0.4895,0.2489,351.2673,0.1646,0.5305
train_0744.jpg,1320,720,0.9504,1.8333,0.4165,0.2655,32.4421,0.1795,0.4492
train_0746.jpg,1279,720,0.9209,1.7764,0.6027,0.214,1.6675,0.0847,0.6236
train_0758.jpg,960,720,0.6912,1.3333,0.2903,0.1828,28.9384,0.1458,0.3086
train_0763.jpg,720,960,0.6912,0.75,0.3724,0.1674,224.1723,0.2978,0.454
train_0769.jpg,720,960,0.6912,0.75,0.2847,0.2182,28.4313,0.2367,0.3225
train_0776.jpg,720,1560,1.1232,0.4615,0.2312,0.3162,39.2024,0.0916,0.2544
train_0777.jpg,945,720,0.6804,1.3125,0.3074,0.2046,223.5728,0.2982,0.3665
train_0786.jpg,720,960,0.6912,0.75,0.563,0.2518,208.5373,0.0849,0.5815
train_0787.jpg,720,960,0.6912,0.75,0.5191,0.2063,56.7126,0.0944,0.5273
train_0813.jpg,960,720,0.6912,1.3333,0.5287,0.2241,250.7137,0.0622,0.5428
train_0814.jpg,720,960,0.6912,0.75,0.5714,0.1495,35.178,0.1971,0.6166
train_0847.jpg,960,720,0.6912,1.3333,0.446,0.2075,37.2551,0.2406,0.4989
train_0872.jpg,720,960,0.6912,0.75,0.4792,0.2548,32.1727,0.2709,0.5393
train_0881.jpg,960,720,0.6912,1.3333,0.4394,0.1914,167.2102,0.1271,0.466
train_0885.jpg,720,960,0.6912,0.75,0.4441,0.2183,114.4658,0.2538,0.5094
train_0887.jpg,960,720,0.6912,1.3333,0.5061,0.2123,33.998,0.3327,0.5912
train_0900.jpg,720,960,0.6912,0.75,0.6427,0.1437,1.1232,0.031,0.6517
train_0910.jpg,720,960,0.6912,0.75,0.5339,0.1996,27.1241,0.4293,0.656
train_0923.jpg,720,960,0.6912,0.75,0.4972,0.2348,16.2249,0.2062,0.5582
train_0933.jpg,960,720,0.6912,1.3333,0.4389,0.2956,356.3711,0.3158,0.5225
train_0951.jpg,720,960,0.6912,0.75,0.59,0.2641,27.8131,0.1976,0.6327
train_0952.jpg,720,960,0.6912,0.75,0.6452,0.2486,31.7231,0.1447,0.6728
train_0956.jpg,720,1280,0.9216,0.5625,0.4072,0.187,22.6188,0.1935,0.4466
train_0961.jpg,720,1280,0.9216,0.5625,0.3916,0.2636,1.9761,0.2658,0.4332
train_0975.jpg,720,960,0.6912,0.75,0.5179,0.2436,49.0659,0.1677,0.5511
train_0986.jpg,720,960,0.6912,0.75,0.4448,0.1747,17.0917,0.2243,0.4978
train_1008.jpg,720,960,0.6912,0.75,0.3784,0.1942,18.2195,0.3171,0.4333
train_1018.jpg,720,960,0.6912,0.75,0.5516,0.269,205.275,0.1345,0.5889
train_1038.jpg,720,960,0.6912,0.75,0.3293,0.2274,31.6165,0.3626,0.3756
train_1055.jpg,720,960,0.6912,0.75,0.1062,0.2265,20.9319,0.3342,0.1371
train_1058.jpg,720,960,0.6912,0.75,0.3933,0.2568,38.6174,0.2328,0.419
train_1083.jpg,720,960,0.6912,0.75,0.3462,0.2132,279.1807,0.2306,0.4091
train_1110.jpg,1080,720,0.7776,1.5,0.3743,0.2256,223.8061,0.2721,0.4557
train_1112.jpg,720,960,0.6912,0.75,0.4879,0.2246,228.7225,0.0336,0.4932
train_1120.jpg,720,960,0.6912,0.75,0.5057,0.1681,168.3727,0.1033,0.5293
train_1127.jpg,720,960,0.6912,0.75,0.4644,0.1797,31.1095,0.2512,0.5153
train_1141.jpg,720,1282,0.923,0.5616,0.5173,0.2201,350.6676,0.2268,0.5912
train_1151.jpg,720,960,0.6912,0.75,0.517,0.2192,70.4011,0.1733,0.5474
train_1158.jpg,720,960,0.6912,0.75,0.4797,0.3105,13.8245,0.0999,0.5055
train_1161.jpg,960,720,0.6912,1.3333,0.3245,0.3454,353.9241,0.2593,0.3633
train_1181.jpg,720,960,0.6912,0.75,0.4754,0.2428,27.7744,0.1332,0.4949
train_1188.jpg,720,960,0.6912,0.75,0.4831,0.2488,47.8013,0.1877,0.5258
train_1222.jpg,960,720,0.6912,1.3333,0.48,0.2507,21.4989,0.1782,0.5182
train_1229.jpg,720,1279,0.9209,0.5629,0.551,0.1988,2.2839,0.1923,0.6081
train_1236.jpg,720,1280,0.9216,0.5625,0.5017,0.3189,189.1277,0.3495,0.5721
train_1262.jpg,720,960,0.6912,0.75,0.3998,0.1773,274.9557,0.2556,0.4547
train_1263.jpg,720,1080,0.7776,0.6667,0.4865,0.2938,89.6727,0.3098,0.5166
train_1273.jpg,720,960,0.6912,0.75,0.3512,0.3472,39.5807,0.1723,0.3769
train_1285.jpg,720,960,0.6912,0.75,0.5782,0.2439,24.7592,0.1239,0.6035
train_1294.jpg,720,960,0.6912,0.75,0.4233,0.1895,230.6737,0.2905,0.5433
train_1321.jpg,720,960,0.6912,0.75,0.4678,0.2171,215.202,0.1758,0.499
train_1333.jpg,720,960,0.6912,0.75,0.4223,0.2726,46.8267,0.3286,0.4677
train_1350.jpg,720,960,0.6912,0.75,0.6281,0.1458,184.219,0.2487,0.7137
train_1354.jpg,960,720,0.6912,1.3333,0.5025,0.2072,50.675,0.3001,0.5509
train_1374.jpg,720,960,0.6912,0.75,0.4491,0.2245,260.3612,0.2046,0.5091
train_1380.jpg,960,720,0.6912,1.3333,0.4676,0.2324,41.6594,0.2259,0.5077
train_1396.jpg,720,960,0.6912,0.75,0.4478,0.2457,269.6968,0.161,0.4859
train_1403.jpg,960,720,0.6912,1.3333,0.3338,0.1857,249.4123,0.2282,0.3889
train_1411.jpg,720,960,0.6912,0.75,0.5085,0.2065,305.7088,0.1248,0.5457
train_1420.jpg,720,960,0.6912,0.75,0.2707,0.2082,67.2891,0.4409,0.3016
train_1427.jpg,720,960,0.6912,0.75,0.4315,0.1759,72.4084,0.2411,0.4625
train_1453.jpg,720,960,0.6912,0.75,0.4652,0.2085,103.4151,0.1269,0.4838
train_1458.jpg,720,960,0.6912,0.75,0.4544,0.2601,343.8899,0.1455,0.4822
train_1468.jpg,720,960,0.6912,0.75,0.6384,0.1164,58.0797,0.0932,0.6645
train_1469.jpg,720,960,0.6912,0.75,0.4185,0.2769,51.5253,0.2559,0.4621
train_1472.jpg,720,960,0.6912,0.75,0.5386,0.2728,82.6486,0.111,0.5534
train_1482.jpg,720,960,0.6912,0.75,0.5231,0.2101,20.5286,0.2434,0.5782
train_1492.jpg,720,1280,0.9216,0.5625,0.4497,0.1995,247.9012,0.2752,0.5311
train_1493.jpg,720,960,0.6912,0.75,0.5077,0.174,235.3836,0.1164,0.5408
train_1495.jpg,720,1280,0.9216,0.5625,0.522,0.3071,323.5234,0.2702,0.581
train_1498.jpg,720,960,0.6912,0.75,0.3819,0.2432,358.2525,0.3,0.4478
train_1513.jpg,720,960,0.6912,0.75,0.4317,0.2177,38.433,0.2653,0.4791
train_1520.jpg,720,960,0.6912,0.75,0.635,0.1543,4.0314,0.1387,0.6791
train_1530.jpg,720,960,0.6912,0.75,0.4225,0.2317,19.4395,0.2765,0.4789
train_1536.jpg,720,960,0.6912,0.75,0.602,0.211,37.1998,0.08,0.6195
train_1540.jpg,720,960,0.6912,0.75,0.443,0.26,231.8043,0.0964,0.4669
train_1546.jpg,960,720,0.6912,1.3333,0.5458,0.2419,25.431,0.1443,0.5783
train_1564.jpg,960,720,0.6912,1.3333,0.3985,0.1966,43.1602,0.2033,0.4296
train_1570.jpg,1988,720,1.4314,2.7611,0.4735,0.1787,232.8859,0.0419,0.4848
train_1600.jpg,720,960,0.6912,0.75,0.4787,0.2083,340.7391,0.2082,0.5343
train_1603.jpg,720,960,0.6912,0.75,0.4719,0.1631,357.1842,0.2805,0.5626
train_1615.jpg,720,960,0.6912,0.75,0.3623,0.2329,59.0803,0.2308,0.3836
train_1628.jpg,720,960,0.6912,0.75,0.268,0.1836,40.9266,0.17,0.2921
train_1645.jpg,964,720,0.6941,1.3389,0.567,0.2354,160.4345,0.1709,0.6044
train_1664.jpg,1490,720,1.0728,2.0694,0.368,0.1741,237.6246,0.2459,0.4254
train_1671.jpg,720,960,0.6912,0.75,0.4007,0.2383,303.7993,0.4657,0.5239
train_1678.jpg,720,960,0.6912,0.75,0.5237,0.2582,24.2256,0.1499,0.5496
train_1679.jpg,720,960,0.6912,0.75,0.6515,0.1742,45.9984,0.0412,0.6595
train_1696.jpg,720,960,0.6912,0.75,0.4811,0.2263,197.269,0.321,0.5721
train_1700.jpg,960,720,0.6912,1.3333,0.585,0.1599,44.4239,0.086,0.6009
train_1718.jpg,720,1280,0.9216,0.5625,0.5715,0.244,35.1009,0.2127,0.6098
train_1731.jpg,720,960,0.6912,0.75,0.4585,0.2518,221.1331,0.186,0.5036
train_1741.jpg,960,720,0.6912,1.3333,0.4504,0.2239,19.5579,0.2186,0.4974
train_1750.jpg,720,1279,0.9209,0.5629,0.6001,0.2005,34.4566,0.1067,0.6218
train_1756.jpg,720,960,0.6912,0.75,0.5095,0.2258,20.2894,0.2422,0.5825
train_1764.jpg,720,960,0.6912,0.75,0.3791,0.2356,108.0014,0.3245,0.4312
train_1766.jpg,720,743,0.535,0.969,0.4958,0.2458,53.76,0.1099,0.5114
train_1777.jpg,720,960,0.6912,0.75,0.5669,0.2145,45.9988,0.3341,0.6353
train_1781.jpg,1542,720,1.1102,2.1417,0.6341,0.2238,344.5288,0.0698,0.648
train_1784.jpg,2266,720,1.6315,3.1472,0.2722,0.1556,37.5515,0.5119,0.3278
train_1785.jpg,720,1138,0.8194,0.6327,0.6284,0.1145,82.4488,0.0737,0.6445
train_1789.jpg,960,720,0.6912,1.3333,0.4469,0.1608,206.8916,0.2889,0.5518
train_1807.jpg,720,960,0.6912,0.75,0.446,0.2445,39.4301,0.3456,0.5178
train_1814.jpg,720,960,0.6912,0.75,0.421,0.1705,20.8663,0.4057,0.5191
train_1815.jpg,1279,720,0.9209,1.7764,0.4581,0.2131,96.3975,0.4068,0.5589
train_1819.jpg,1320,720,0.9504,1.8333,0.4436,0.2584,35.4158,0.3774,0.5097
train_1839.jpg,720,960,0.6912,0.75,0.6102,0.138,28.113,0.0883,0.6371
train_1845.jpg,720,1845,1.3284,0.3902,0.611,0.2625,37.9445,0.2497,0.6685
train_1869.jpg,720,960,0.6912,0.75,0.3021,0.2444,227.7418,0.6088,0.4969
train_1880.jpg,720,960,0.6912,0.75,0.5041,0.2835,60.7129,0.1401,0.5345
train_1899.jpg,907,720,0.653,1.2597,0.286,0.1569,224.1363,0.7032,0.5645
train_1901.jpg,720,960,0.6912,0.75,0.6441,0.1767,46.4717,0.176,0.6767
train_1911.jpg,960,720,0.6912,1.3333,0.2425,0.1962,236.697,0.482,0.3544
train_1912.jpg,960,720,0.6912,1.3333,0.4189,0.1852,41.8654,0.2008,0.4597
train_1918.jpg,720,960,0.6912,0.75,0.5297,0.2636,33.0459,0.1217,0.5557
train_1925.jpg,720,720,0.5184,1.0,0.4611,0.2612,87.8378,0.1372,0.4827
train_1956.jpg,720,1279,0.9209,0.5629,0.4413,0.2597,155.5714,0.228,0.481
train_1965.jpg,720,960,0.6912,0.75,0.4757,0.2455,292.5916,0.1234,0.5168
train_1972.jpg,720,960,0.6912,0.75,0.6325,0.2651,32.0237,0.1601,0.6658
train_1977.jpg,720,960,0.6912,0.75,0.4529,0.2043,60.4384,0.2666,0.4986
train_1982.jpg,960,720,0.6912,1.3333,0.3961,0.1911,23.647,0.1406,0.4236
train_1983.jpg,960,720,0.6912,1.3333,0.5393,0.1909,36.8792,0.3108,0.5999
train_1986.jpg,720,1279,0.9209,0.5629,0.572,0.2113,183.117,0.3463,0.6841
train_2035.jpg,720,960,0.6912,0.75,0.4188,0.2579,30.7166,0.3153,0.4843
train_2038.jpg,720,960,0.6912,0.75,0.5688,0.1873,179.595,0.2549,0.6501
train_2045.jpg,720,960,0.6912,0.75,0.4405,0.1925,217.2814,0.1276,0.4709
train_2061.jpg,720,960,0.6912,0.75,0.3524,0.2104,29.1412,0.3953,0.413
train_2072.jpg,720,960,0.6912,0.75,0.4154,0.2222,223.1251,0.1735,0.4479
train_2089.jpg,720,960,0.6912,0.75,0.4787,0.2361,52.3569,0.2464,0.508
train_2102.jpg,720,960,0.6912,0.75,0.3957,0.2071,25.9279,0.576,0.5115
train_2106.jpg,960,720,0.6912,1.3333,0.4289,0.1853,25.1806,0.2556,0.4848
train_2110.jpg,720,960,0.6912,0.75,0.3786,0.2325,331.811,0.2366,0.4241
train_2115.jpg,720,960,0.6912,0.75,0.4553,0.2725,128.6988,0.1441,0.4795
train_2122.jpg,720,1279,0.9209,0.5629,0.4964,0.2,313.1445,0.2312,0.5669
train_2128.jpg,960,720,0.6912,1.3333,0.441,0.1958,225.8356,0.2636,0.5305
train_2131.jpg,720,960,0.6912,0.75,0.538,0.2435,144.3658,0.1573,0.5716
train_2134.jpg,960,720,0.6912,1.3333,0.3552,0.1924,55.649,0.1108,0.3676
train_2135.jpg,720,1280,0.9216,0.5625,0.4517,0.2279,244.3253,0.2373,0.5231
train_2136.jpg,720,960,0.6912,0.75,0.4883,0.1859,32.1343,0.1945,0.5248
train_2149.jpg,1736,720,1.2499,2.4111,0.5013,0.2078,39.3676,0.399,0.5821
train_2156.jpg,720,960,0.6912,0.75,0.3784,0.2363,29.1911,0.4887,0.4775
train_2161.jpg,720,960,0.6912,0.75,0.4217,0.2549,160.895,0.2332,0.4648
train_2168.jpg,720,960,0.6912,0.75,0.2611,0.1823,107.349,0.2172,0.2958
train_2173.jpg,720,960,0.6912,0.75,0.5383,0.2021,18.049,0.1403,0.5785
train_2186.jpg,720,960,0.6912,0.75,0.4,0.2511,159.0826,0.2231,0.4307
train_2191.jpg,720,1282,0.923,0.5616,0.3944,0.1885,28.1406,0.2108,0.4529
train_2194.jpg,720,864,0.6221,0.8333,0.5157,0.2146,60.158,0.3931,0.5441
train_2199.jpg,720,960,0.6912,0.75,0.4196,0.2178,25.871,0.4902,0.527
train_2218.jpg,720,960,0.6912,0.75,0.5739,0.1382,13.4473,0.0858,0.5993
train_2223.jpg,720,960,0.6912,0.75,0.6683,0.1515,260.4344,0.0689,0.6787
train_2225.jpg,720,960,0.6912,0.75,0.4634,0.1922,298.316,0.2674,0.5345
train_2238.jpg,960,720,0.6912,1.3333,0.2481,0.2642,12.9688,0.1077,0.2598
train_2241.jpg,720,960,0.6912,0.75,0.5702,0.2402,191.6184,0.1011,0.5983
train_2245.jpg,720,960,0.6912,0.75,0.2345,0.1873,151.0713,0.3353,0.2845
train_2246.jpg,1280,720,0.9216,1.7778,0.4515,0.238,318.4804,0.1423,0.4833
train_2267.jpg,720,960,0.6912,0.75,0.5453,0.1897,33.6088,0.0921,0.5668
train_2282.jpg,720,960,0.6912,0.75,0.5684,0.2033,4.9583,0.1306,0.61
train_2301.jpg,720,720,0.5184,1.0,0.3978,0.3066,1.1978,0.1505,0.4232
train_2325.jpg,720,960,0.6912,0.75,0.4652,0.2679,347.1152,0.1662,0.5009
train_2338.jpg,960,720,0.6912,1.3333,0.4877,0.2254,50.5211,0.4166,0.5457
train_2359.jpg,720,960,0.6912,0.75,0.4753,0.2245,7.9495,0.2921,0.5449
train_2388.jpg,720,1029,0.7409,0.6997,0.4016,0.221,234.3956,0.2357,0.466
train_2405.jpg,720,960,0.6912,0.75,0.5361,0.1205,210.0244,0.296,0.6531
train_2414.jpg,720,960,0.6912,0.75,0.427,0.2125,21.0942,0.4797,0.5601
train_2419.jpg,720,960,0.6912,0.75,0.4991,0.2086,182.4412,0.2002,0.5543
train_2455.jpg,1280,720,0.9216,1.7778,0.3191,0.1891,10.3032,0.2552,0.3581
train_2457.jpg,720,960,0.6912,0.75,0.4491,0.2436,348.5685,0.2061,0.4991
train_2460.jpg,720,960,0.6912,0.75,0.5019,0.1908,22.0225,0.3102,0.5864
train_2465.jpg,720,1599,1.1513,0.4503,0.389,0.2221,252.842,0.2777,0.4555
train_2467.jpg,720,960,0.6912,0.75,0.5622,0.1978,40.7891,0.149,0.6002
train_2468.jpg,720,960,0.6912,0.75,0.5274,0.2326,28.3,0.2172,0.5769
train_2475.jpg,720,960,0.6912,0.75,0.2305,0.2326,154.6335,0.2267,0.2727
train_2478.jpg,720,720,0.5184,1.0,0.5018,0.2266,212.9419,0.283,0.5913
train_2486.jpg,720,960,0.6912,0.75,0.4969,0.1816,37.3464,0.3817,0.5563
train_2497.jpg,720,960,0.6912,0.75,0.5646,0.2015,34.9473,0.2388,0.6117
train_2528.jpg,720,960,0.6912,0.75,0.4412,0.2598,139.4717,0.1477,0.4642
train_2536.jpg,720,960,0.6912,0.75,0.477,0.2227,111.8438,0.1953,0.5235
train_2549.jpg,720,960,0.6912,0.75,0.3974,0.2186,110.4471,0.3258,0.4458
train_2552.jpg,960,720,0.6912,1.3333,0.3765,0.2063,50.3615,0.2245,0.4071
train_2557.jpg,720,720,0.5184,1.0,0.4585,0.2001,32.4265,0.3861,0.5283
train_2558.jpg,1280,720,0.9216,1.7778,0.4752,0.1998,113.7325,0.1057,0.4936
train_2571.jpg,720,960,0.6912,0.75,0.3769,0.1821,41.6672,0.18,0.4077
train_2578.jpg,720,960,0.6912,0.75,0.524,0.2595,84.0652,0.2258,0.5663
train_2587.jpg,720,960,0.6912,0.75,0.5069,0.2314,63.2352,0.1071,0.5254
train_2593.jpg,720,1558,1.1218,0.4621,0.5051,0.2042,90.0702,0.1242,0.5326
train_2598.jpg,720,960,0.6912,0.75,0.6332,0.1979,40.9637,0.0875,0.6512
train_2603.jpg,720,960,0.6912,0.75,0.159,0.0956,0.2937,0.9725,0.476
train_2633.jpg,720,960,0.6912,0.75,0.5267,0.2703,304.163,0.1748,0.5725
train_2651.jpg,960,720,0.6912,1.3333,0.2494,0.2151,35.8837,0.2617,0.2991
train_2676.jpg,720,960,0.6912,0.75,0.4881,0.2134,43.6632,0.1975,0.5226
train_2712.jpg,720,1280,0.9216,0.5625,0.6634,0.1187,34.1964,0.0401,0.6738
train_2726.jpg,960,720,0.6912,1.3333,0.5504,0.2151,242.2421,0.0814,0.5733
train_2738.jpg,720,996,0.7171,0.7229,0.5587,0.2256,54.1407,0.221,0.6132
train_2753.jpg,960,720,0.6912,1.3333,0.3246,0.2198,28.3582,0.2066,0.3566
train_2761.jpg,960,720,0.6912,1.3333,0.4205,0.1902,53.7859,0.2159,0.4505
train_2775.jpg,720,1279,0.9209,0.5629,0.4255,0.2479,47.313,0.1473,0.4533
train_2779.jpg,720,960,0.6912,0.75,0.4514,0.2279,27.4268,0.21,0.4925
train_2780.jpg,720,720,0.5184,1.0,0.6525,0.1958,27.2509,0.1474,0.6843
train_2803.jpg,720,960,0.6912,0.75,0.4938,0.2141,19.963,0.21,0.5482
train_2810.jpg,720,960,0.6912,0.75,0.453,0.2253,36.188,0.3119,0.5124
train_2811.jpg,720,960,0.6912,0.75,0.4985,0.2574,36.3154,0.2507,0.5608
train_2860.jpg,720,1280,0.9216,0.5625,0.5142,0.1884,30.9039,0.3579,0.5991
train_2866.jpg,720,960,0.6912,0.75,0.2453,0.2651,33.9333,0.2409,0.2664
train_2875.jpg,960,720,0.6912,1.3333,0.4509,0.2381,43.1892,0.3307,0.5029
train_2887.jpg,960,720,0.6912,1.3333,0.5128,0.2387,235.1358,0.2174,0.5846
train_2889.jpg,720,960,0.6912,0.75,0.454,0.2444,241.4921,0.1936,0.5011
train_2903.jpg,720,960,0.6912,0.75,0.3079,0.2816,301.3548,0.4948,0.413
train_2904.jpg,720,960,0.6912,0.75,0.4482,0.3604,143.5341,0.1397,0.4587
train_2911.jpg,720,960,0.6912,0.75,0.2836,0.1472,33.6167,0.3078,0.3124
train_2914.jpg,960,720,0.6912,1.3333,0.5326,0.2178,179.4041,0.1035,0.5584
train_2920.jpg,720,960,0.6912,0.75,0.3136,0.2174,60.1737,0.2794,0.3452
train_2924.jpg,960,720,0.6912,1.3333,0.4861,0.1901,295.7297,0.1805,0.5456
train_2945.jpg,720,960,0.6912,0.75,0.5517,0.2597,333.4031,0.2998,0.6429
train_2953.jpg,720,960,0.6912,0.75,0.6463,0.1888,40.9272,0.1278,0.674
train_2958.jpg,720,960,0.6912,0.75,0.5898,0.2319,198.8197,0.0894,0.6129
train_2969.jpg,720,1279,0.9209,0.5629,0.4608,0.2573,216.9135,0.1778,0.4941
train_2975.jpg,720,960,0.6912,0.75,0.6316,0.1852,30.2899,0.1945,0.6869
train_2984.jpg,720,960,0.6912,0.75,0.6002,0.123,27.1219,0.1611,0.6523
train_2987.jpg,720,960,0.6912,0.75,0.4761,0.1886,40.1558,0.1839,0.5098
train_2992.jpg,720,960,0.6912,0.75,0.4994,0.217,204.1023,0.2575,0.5679
train_3015.jpg,1280,720,0.9216,1.7778,0.4485,0.2396,34.0259,0.1908,0.4857
train_3024.jpg,720,960,0.6912,0.75,0.4863,0.2507,302.6166,0.1586,0.5231
train_3029.jpg,720,1280,0.9216,0.5625,0.5601,0.267,37.0984,0.128,0.5823
train_3035.jpg,720,960,0.6912,0.75,0.4808,0.305,74.5957,0.1399,0.5047
train_3046.jpg,720,960,0.6912,0.75,0.6053,0.1723,51.8304,0.0791,0.6155
train_3052.jpg,720,960,0.6912,0.75,0.5081,0.267,31.2526,0.1463,0.5289
train_3060.jpg,960,720,0.6912,1.3333,0.551,0.2139,25.3446,0.1049,0.5779
train_3061.jpg,720,960,0.6912,0.75,0.498,0.2664,37.5432,0.3268,0.5714
train_3064.jpg,1906,720,1.3723,2.6472,0.3585,0.2494,258.9089,0.3677,0.4632
train_3078.jpg,720,1571,1.1311,0.4583,0.4757,0.2349,40.5446,0.1854,0.5082
train_3081.jpg,720,960,0.6912,0.75,0.5179,0.3023,192.5174,0.1202,0.5402
train_3082.jpg,960,720,0.6912,1.3333,0.5265,0.2615,19.6937,0.1731,0.5623
train_3087.jpg,720,720,0.5184,1.0,0.5333,0.2051,24.4624,0.1867,0.5769
train_3091.jpg,960,720,0.6912,1.3333,0.4197,0.301,212.1848,0.1786,0.4594
train_3099.jpg,720,960,0.6912,0.75,0.6483,0.2291,47.8801,0.1893,0.7025
train_3115.jpg,720,960,0.6912,0.75,0.4374,0.2501,39.9932,0.1805,0.4575
train_3121.jpg,720,1280,0.9216,0.5625,0.3396,0.2212,188.9405,0.297,0.4006
train_3124.jpg,720,960,0.6912,0.75,0.5679,0.1906,214.0271,0.1076,0.6047
train_3126.jpg,720,720,0.5184,1.0,0.3227,0.1526,335.1365,0.214,0.3528
train_3128.jpg,960,720,0.6912,1.3333,0.5862,0.1934,213.1465,0.1515,0.6421
train_3144.jpg,720,1279,0.9209,0.5629,0.627,0.1672,197.5178,0.2758,0.7186
train_3156.jpg,960,720,0.6912,1.3333,0.2572,0.3151,233.5769,0.5955,0.3541
train_3167.jpg,720,960,0.6912,0.75,0.4862,0.2747,30.2257,0.3161,0.5646
train_3172.jpg,720,960,0.6912,0.75,0.5378,0.2531,30.2797,0.2852,0.5993
train_3197.jpg,720,960,0.6912,0.75,0.3866,0.262,211.1561,0.1796,0.4296
train_3210.jpg,720,960,0.6912,0.75,0.5168,0.1889,25.998,0.3328,0.5908
train_3217.jpg,720,960,0.6912,0.75,0.3764,0.2146,321.6272,0.2806,0.4592
train_3219.jpg,720,960,0.6912,0.75,0.4975,0.2311,29.9121,0.1271,0.5223
train_3221.jpg,1320,720,0.9504,1.8333,0.4953,0.2751,44.091,0.3713,0.5507
train_3223.jpg,960,720,0.6912,1.3333,0.239,0.1935,11.6999,0.3818,0.2978
train_3228.jpg,720,1678,1.2082,0.4291,0.4419,0.2417,324.7509,0.2254,0.4942
train_3237.jpg,720,960,0.6912,0.75,0.2532,0.144,41.8326,0.2462,0.276
train_3242.jpg,960,720,0.6912,1.3333,0.5115,0.2039,12.0801,0.1385,0.5467
train_3243.jpg,960,720,0.6912,1.3333,0.5093,0.2287,198.0893,0.1567,0.5492
train_3247.jpg,720,960,0.6912,0.75,0.5525,0.2223,25.8283,0.0857,0.5684
train_3251.jpg,720,960,0.6912,0.75,0.4898,0.2632,55.008,0.1435,0.5032
train_3257.jpg,720,960,0.6912,0.75,0.2588,0.1512,44.3568,0.1215,0.2708
train_3258.jpg,720,960,0.6912,0.75,0.4035,0.2289,61.0549,0.1837,0.4382
train_3262.jpg,720,960,0.6912,0.75,0.4071,0.1942,25.8357,0.208,0.4547
train_3279.jpg,720,960,0.6912,0.75,0.5528,0.2165,18.6781,0.2003,0.609
train_3283.jpg,720,960,0.6912,0.75,0.499,0.2664,164.5015,0.2084,0.5357
train_3296.jpg,960,720,0.6912,1.3333,0.5777,0.1598,34.6308,0.3379,0.6575
train_3338.jpg,960,720,0.6912,1.3333,0.1835,0.1656,217.3109,0.2944,0.2104
train_3346.jpg,720,960,0.6912,0.75,0.5682,0.1782,36.7852,0.2572,0.6187
train_3386.jpg,720,960,0.6912,0.75,0.3828,0.2009,193.4333,0.4004,0.4865
train_3387.jpg,720,960,0.6912,0.75,0.4793,0.2355,2.6405,0.2643,0.5528
train_3390.jpg,720,960,0.6912,0.75,0.4241,0.2416,283.1483,0.2217,0.4792
train_3395.jpg,720,960,0.6912,0.75,0.3999,0.2482,15.0078,0.5052,0.5601
train_3407.jpg,960,720,0.6912,1.3333,0.5466,0.2402,15.4853,0.2033,0.6141
train_3408.jpg,1365,720,0.9828,1.8958,0.671,0.2816,193.6383,0.1499,0.7131
train_3436.jpg,720,960,0.6912,0.75,0.6515,0.1385,22.7333,0.035,0.6586
train_3446.jpg,720,960,0.6912,0.75,0.3442,0.2348,210.5287,0.3039,0.3944
train_3448.jpg,720,1558,1.1218,0.4621,0.6239,0.1719,41.2089,0.1003,0.6418
train_3449.jpg,720,960,0.6912,0.75,0.444,0.2418,33.1398,0.1572,0.4705
train_3493.jpg,720,720,0.5184,1.0,0.3845,0.1576,21.4711,0.196,0.4262
train_3506.jpg,720,960,0.6912,0.75,0.4979,0.2664,311.0451,0.1716,0.5414
train_3573.jpg,960,720,0.6912,1.3333,0.3279,0.1786,6.5204,0.2613,0.3664
train_3574.jpg,720,960,0.6912,0.75,0.5627,0.2178,268.9973,0.1365,0.6007
train_3582.jpg,1319,720,0.9497,1.8319,0.5271,0.248,197.0075,0.2225,0.5892
train_3593.jpg,1280,720,0.9216,1.7778,0.4685,0.19,325.1837,0.1984,0.5239
train_3597.jpg,720,960,0.6912,0.75,0.4404,0.2061,312.8397,0.1786,0.4806
train_3604.jpg,720,960,0.6912,0.75,0.2349,0.2089,5.1007,0.443,0.34
train_3617.jpg,720,960,0.6912,0.75,0.5097,0.2381,309.2325,0.1275,0.5464
train_3621.jpg,720,960,0.6912,0.75,0.6215,0.1911,152.0706,0.2748,0.678
train_3622.jpg,720,960,0.6912,0.75,0.4657,0.2174,35.9071,0.1123,0.4858
train_3623.jpg,720,960,0.6912,0.75,0.3413,0.1776,0.3109,0.7162,0.6588
train_3662.jpg,960,720,0.6912,1.3333,0.5474,0.1698,194.8896,0.1716,0.5952
train_3666.jpg,720,960,0.6912,0.75,0.4407,0.2038,210.7946,0.3351,0.5501
train_3672.jpg,720,960,0.6912,0.75,0.4523,0.2245,34.5892,0.2806,0.5112
train_3679.jpg,720,1080,0.7776,0.6667,0.369,0.2575,111.876,0.2325,0.3944
train_3685.jpg,720,960,0.6912,0.75,0.4481,0.2211,325.8031,0.2264,0.5228
train_3688.jpg,720,960,0.6912,0.75,0.6342,0.1853,136.5167,0.1199,0.6665
train_3696.jpg,720,960,0.6912,0.75,0.3632,0.2359,78.6638,0.3221,0.409
train_3697.jpg,960,720,0.6912,1.3333,0.511,0.1671,196.292,0.1222,0.5398
train_3712.jpg,720,960,0.6912,0.75,0.4143,0.2717,29.6088,0.2356,0.4591
train_3713.jpg,720,960,0.6912,0.75,0.4634,0.1531,31.3802,0.3212,0.5271
train_3714.jpg,1280,720,0.9216,1.7778,0.4242,0.2394,221.769,0.4747,0.6002
train_3735.jpg,720,960,0.6912,0.75,0.4737,0.2245,33.548,0.1644,0.5063
train_3743.jpg,720,960,0.6912,0.75,0.4519,0.2217,22.3101,0.1447,0.4837
train_3759.jpg,720,960,0.6912,0.75,0.5183,0.1917,41.1336,0.1195,0.5416
train_3765.jpg,960,720,0.6912,1.3333,0.5199,0.1903,162.334,0.1384,0.5529
train_3769.jpg,720,960,0.6912,0.75,0.2517,0.2172,234.6278,0.2588,0.3064
train_3793.jpg,720,1280,0.9216,0.5625,0.6131,0.203,29.0272,0.0816,0.6298
train_3796.jpg,1280,720,0.9216,1.7778,0.4808,0.2209,206.6367,0.2516,0.5661
train_3803.jpg,720,960,0.6912,0.75,0.5438,0.1266,34.2339,0.6012,0.6996
train_3807.jpg,720,960,0.6912,0.75,0.4219,0.2522,28.264,0.3235,0.4755
train_3822.jpg,720,960,0.6912,0.75,0.4888,0.2317,117.2975,0.2115,0.5397
train_3824.jpg,720,960,0.6912,0.75,0.4745,0.2116,19.9418,0.2135,0.5255
train_3830.jpg,720,960,0.6912,0.75,0.4832,0.2308,41.4175,0.1504,0.5085
train_3837.jpg,720,960,0.6912,0.75,0.3529,0.2537,220.5833,0.4172,0.4807
train_3839.jpg,720,960,0.6912,0.75,0.3686,0.2244,208.1892,0.2355,0.4103
train_3841.jpg,720,960,0.6912,0.75,0.511,0.2045,242.915,0.2335,0.6077
train_3848.jpg,720,1279,0.9209,0.5629,0.4941,0.1577,345.873,0.0783,0.5139
train_3852.jpg,720,1280,0.9216,0.5625,0.3727,0.2107,231.0108,0.3091,0.4828
train_3860.jpg,720,960,0.6912,0.75,0.545,0.1924,21.6893,0.0894,0.5652
train_3865.jpg,720,960,0.6912,0.75,0.4389,0.2315,300.2611,0.3009,0.5344
train_3866.jpg,720,960,0.6912,0.75,0.4839,0.1966,226.4303,0.3333,0.6081
train_3873.jpg,960,720,0.6912,1.3333,0.5696,0.1945,32.8135,0.2631,0.6323
train_3879.jpg,960,720,0.6912,1.3333,0.3693,0.1899,6.3708,0.1095,0.386
train_3883.jpg,960,720,0.6912,1.3333,0.4628,0.1546,40.461,0.2303,0.5036
train_3894.jpg,720,960,0.6912,0.75,0.3924,0.2211,249.3328,0.2766,0.4455
train_3895.jpg,960,720,0.6912,1.3333,0.4773,0.2442,339.8048,0.0868,0.5019
train_3900.jpg,720,720,0.5184,1.0,0.5048,0.2269,28.78,0.5339,0.6334
train_3905.jpg,960,720,0.6912,1.3333,0.4693,0.1845,177.4755,0.1654,0.5157
train_3911.jpg,720,960,0.6912,0.75,0.3967,0.2515,84.7455,0.1488,0.421
train_3932.jpg,720,1280,0.9216,0.5625,0.4039,0.2558,27.5874,0.5204,0.5095
train_3950.jpg,720,1558,1.1218,0.4621,0.5134,0.1594,272.1352,0.1718,0.5752
train_3951.jpg,720,960,0.6912,0.75,0.4065,0.242,206.7712,0.2553,0.4652
train_4004.jpg,720,960,0.6912,0.75,0.6025,0.2795,252.1479,0.1583,0.6474
train_4006.jpg,720,1279,0.9209,0.5629,0.7522,0.1343,220.2004,0.034,0.76
train_4009.jpg,720,960,0.6912,0.75,0.2941,0.1892,10.7511,0.1536,0.3132
train_4022.jpg,960,720,0.6912,1.3333,0.4031,0.2501,31.0984,0.1457,0.426
train_4030.jpg,720,960,0.6912,0.75,0.5097,0.2336,23.7804,0.2012,0.5671
train_4035.jpg,720,960,0.6912,0.75,0.4961,0.1954,243.8664,0.2239,0.5609
train_4037.jpg,720,960,0.6912,0.75,0.4701,0.2598,29.2889,0.2021,0.5093
train_4039.jpg,960,720,0.6912,1.3333,0.2962,0.2236,46.8847,0.1814,0.3196
train_4051.jpg,720,960,0.6912,0.75,0.6665,0.1521,32.3766,0.1093,0.6953
train_4061.jpg,720,960,0.6912,0.75,0.4329,0.1774,243.8405,0.2315,0.4952
train_4070.jpg,720,960,0.6912,0.75,0.1784,0.1679,307.3823,0.7128,0.3345
train_4073.jpg,720,960,0.6912,0.75,0.4308,0.2108,30.5278,0.4279,0.5336
train_4079.jpg,960,720,0.6912,1.3333,0.4475,0.2192,29.4756,0.3614,0.5149
train_4119.jpg,720,960,0.6912,0.75,0.4435,0.2064,145.1005,0.1613,0.4794
train_4131.jpg,720,960,0.6912,0.75,0.4907,0.2343,22.4601,0.1558,0.5231
train_4132.jpg,720,960,0.6912,0.75,0.485,0.1877,97.9389,0.2934,0.5483
train_4134.jpg,720,960,0.6912,0.75,0.6758,0.119,45.1057,0.0643,0.686
train_4141.jpg,720,1280,0.9216,0.5625,0.5095,0.2486,258.3093,0.1724,0.5614
train_4146.jpg,960,720,0.6912,1.3333,0.326,0.1881,352.5858,0.4076,0.4467
train_4164.jpg,720,960,0.6912,0.75,0.5362,0.247,332.8321,0.1145,0.5742
train_4169.jpg,720,720,0.5184,1.0,0.6087,0.159,54.5489,0.1117,0.6398
train_4186.jpg,720,1279,0.9209,0.5629,0.4737,0.18,197.4957,0.1452,0.5127
train_4192.jpg,720,960,0.6912,0.75,0.4816,0.0948,30.4385,0.3708,0.5691
train_4226.jpg,960,720,0.6912,1.3333,0.6752,0.0806,252.8032,0.0431,0.6871
train_4233.jpg,960,720,0.6912,1.3333,0.6564,0.1288,242.7499,0.0238,0.6616
train_4254.jpg,720,960,0.6912,0.75,0.4982,0.1759,18.3831,0.3299,0.5786
train_4262.jpg,720,1280,0.9216,0.5625,0.4828,0.2112,32.4697,0.1938,0.5225
train_4278.jpg,720,960,0.6912,0.75,0.4745,0.2841,6.1035,0.2245,0.5218
train_4283.jpg,720,960,0.6912,0.75,0.4121,0.3095,14.9165,0.1565,0.4774
train_4303.jpg,720,960,0.6912,0.75,0.4523,0.1894,61.502,0.2872,0.5082
train_4318.jpg,720,960,0.6912,0.75,0.599,0.1006,124.7785,0.0531,0.6122
train_4327.jpg,776,720,0.5587,1.0778,0.1867,0.2078,26.0123,0.4566,0.2271
train_4330.jpg,1178,720,0.8482,1.6361,0.4116,0.2037,237.4116,0.146,0.4562
train_4331.jpg,720,960,0.6912,0.75,0.4664,0.27,25.8186,0.2211,0.5102
train_4337.jpg,720,843,0.607,0.8541,0.4815,0.2251,96.88,0.146,0.5162
train_4354.jpg,720,960,0.6912,0.75,0.536,0.2887,36.1538,0.2507,0.5816
train_4356.jpg,720,1280,0.9216,0.5625,0.4424,0.2065,29.2088,0.3242,0.5079
train_4358.jpg,720,960,0.6912,0.75,0.5867,0.1884,4.1194,0.1306,0.6241
train_4362.jpg,720,960,0.6912,0.75,0.4936,0.2204,43.3469,0.1529,0.5155
train_4364.jpg,720,960,0.6912,0.75,0.4973,0.2067,25.082,0.2262,0.5535
train_4402.jpg,960,720,0.6912,1.3333,0.4985,0.2501,93.5859,0.2129,0.5435
train_4411.jpg,720,1280,0.9216,0.5625,0.352,0.1975,187.1463,0.2665,0.3987
train_4412.jpg,720,960,0.6912,0.75,0.6252,0.1647,42.4549,0.1367,0.649
train_4414.jpg,720,960,0.6912,0.75,0.5394,0.2516,41.1087,0.1295,0.5618
train_4417.jpg,960,720,0.6912,1.3333,0.4176,0.2352,23.4177,0.4051,0.5092
train_4426.jpg,720,960,0.6912,0.75,0.6124,0.1906,125.9721,0.2043,0.6503
train_4436.jpg,960,720,0.6912,1.3333,0.3441,0.17,214.397,0.2045,0.3895
train_4441.jpg,720,960,0.6912,0.75,0.1995,0.2612,24.5291,0.2677,0.246
train_4443.jpg,960,720,0.6912,1.3333,0.4464,0.2838,149.1802,0.234,0.4807
train_4447.jpg,720,960,0.6912,0.75,0.4056,0.2371,15.4262,0.317,0.4709
train_4463.jpg,720,960,0.6912,0.75,0.4589,0.203,14.0569,0.1412,0.4923
train_4484.jpg,720,960,0.6912,0.75,0.4115,0.1863,233.3006,0.2468,0.4845
train_4501.jpg,720,960,0.6912,0.75,0.6315,0.1407,47.7577,0.1209,0.6487
train_4527.jpg,720,960,0.6912,0.75,0.4562,0.2077,8.2128,0.3292,0.564
train_4554.jpg,720,960,0.6912,0.75,0.4599,0.2091,50.4095,0.1679,0.4853
train_4559.jpg,720,960,0.6912,0.75,0.2409,0.1829,211.4283,0.6789,0.384
train_4562.jpg,720,960,0.6912,0.75,0.4967,0.1761,29.3005,0.2632,0.5536
train_4566.jpg,720,720,0.5184,1.0,0.4787,0.1842,29.9792,0.2529,0.5296
train_4574.jpg,720,959,0.6905,0.7508,0.4806,0.2651,136.6175,0.1406,0.5086
train_4594.jpg,720,1280,0.9216,0.5625,0.6065,0.1711,187.8594,0.1523,0.6548
train_4612.jpg,720,960,0.6912,0.75,0.501,0.1331,22.0138,0.1466,0.54
train_4626.jpg,720,960,0.6912,0.75,0.5271,0.2527,58.8265,0.2263,0.5556
train_4646.jpg,720,960,0.6912,0.75,0.3822,0.2608,151.9804,0.3534,0.4478
train_4663.jpg,720,960,0.6912,0.75,0.4666,0.2019,147.8253,0.2401,0.5179
train_4687.jpg,720,960,0.6912,0.75,0.5906,0.2098,207.8149,0.299,0.725
train_4694.jpg,720,960,0.6912,0.75,0.4769,0.223,349.6576,0.2059,0.5235
train_4711.jpg,960,720,0.6912,1.3333,0.3449,0.3063,187.2774,0.2559,0.3728
train_4716.jpg,720,960,0.6912,0.75,0.5741,0.2971,16.7239,0.1899,0.6253
train_4719.jpg,720,960,0.6912,0.75,0.5051,0.2769,28.3728,0.2355,0.5591
train_4728.jpg,720,960,0.6912,0.75,0.5112,0.2134,18.6112,0.2156,0.5638
train_4733.jpg,720,960,0.6912,0.75,0.4481,0.2381,146.21,0.2206,0.492
train_4740.jpg,720,720,0.5184,1.0,0.4536,0.2413,145.3165,0.3919,0.5255
train_4753.jpg,720,960,0.6912,0.75,0.5042,0.2235,220.2571,0.1498,0.5404
train_4759.jpg,720,960,0.6912,0.75,0.5289,0.2483,202.3228,0.2327,0.5823
train_4772.jpg,720,960,0.6912,0.75,0.478,0.2919,250.4581,0.1232,0.5008
train_4783.jpg,720,960,0.6912,0.75,0.4058,0.1391,140.473,0.2918,0.4888
train_4788.jpg,960,720,0.6912,1.3333,0.2911,0.1851,340.7353,0.2432,0.3413
train_4803.jpg,720,960,0.6912,0.75,0.4522,0.2049,227.589,0.2683,0.5381
train_4807.jpg,960,720,0.6912,1.3333,0.5501,0.2072,178.6669,0.1811,0.5979
train_4810.jpg,720,960,0.6912,0.75,0.3907,0.2916,197.3541,0.3083,0.4423
train_4811.jpg,720,960,0.6912,0.75,0.3893,0.2725,225.8363,0.2279,0.4336
train_4812.jpg,720,960,0.6912,0.75,0.5183,0.2248,119.0567,0.1548,0.5527
train_4835.jpg,720,960,0.6912,0.75,0.4245,0.2242,19.3688,0.2329,0.4947
train_4838.jpg,960,720,0.6912,1.3333,0.4522,0.2335,5.2352,0.187,0.4971
train_4846.jpg,720,960,0.6912,0.75,0.5127,0.2457,206.9536,0.2734,0.5877
train_4866.jpg,720,960,0.6912,0.75,0.4195,0.1982,29.814,0.3943,0.5048
train_4875.jpg,960,720,0.6912,1.3333,0.5775,0.1713,208.0721,0.0514,0.5914
train_4880.jpg,720,960,0.6912,0.75,0.6429,0.2207,7.3532,0.2267,0.7182
train_4896.jpg,720,960,0.6912,0.75,0.4086,0.2119,209.9416,0.2764,0.4741
train_4902.jpg,720,960,0.6912,0.75,0.5277,0.2775,27.3839,0.239,0.5584
train_4903.jpg,960,720,0.6912,1.3333,0.5383,0.2185,22.3499,0.2093,0.5876
train_4936.jpg,720,960,0.6912,0.75,0.5008,0.232,22.9857,0.3167,0.5785
train_4945.jpg,720,960,0.6912,0.75,0.6251,0.2719,69.0146,0.0346,0.6308
train_4959.jpg,720,1279,0.9209,0.5629,0.4884,0.2228,267.1935,0.2651,0.5759
train_4963.jpg,720,960,0.6912,0.75,0.322,0.2076,54.8423,0.2211,0.362
train_4990.jpg,720,720,0.5184,1.0,0.6766,0.1527,66.5606,0.0778,0.6928
train_4995.jpg,720,960,0.6912,0.75,0.5437,0.1651,213.7526,0.1161,0.5814
train_5025.jpg,1108,720,0.7978,1.5389,0.2727,0.168,243.9653,0.3502,0.3427
train_5035.jpg,720,960,0.6912,0.75,0.5138,0.1751,75.187,0.2327,0.5432
train_5053.jpg,720,960,0.6912,0.75,0.5142,0.2144,209.2472,0.1033,0.5392
train_5086.jpg,720,960,0.6912,0.75,0.451,0.1805,177.8212,0.2925,0.5001
train_5091.jpg,720,960,0.6912,0.75,0.427,0.2411,45.9283,0.4326,0.5577
train_5096.jpg,720,960,0.6912,0.75,0.4574,0.2161,16.9142,0.1319,0.4869
train_5109.jpg,720,960,0.6912,0.75,0.6156,0.2123,48.1567,0.1915,0.6567
train_5115.jpg,720,960,0.6912,0.75,0.5358,0.189,28.7056,0.2844,0.6068
train_5130.jpg,720,960,0.6912,0.75,0.5244,0.1651,178.9713,0.0991,0.5504
train_5147.jpg,720,960,0.6912,0.75,0.4508,0.2187,188.5807,0.2093,0.4952
train_5153.jpg,720,960,0.6912,0.75,0.4622,0.1772,30.2012,0.1226,0.4891
train_5154.jpg,720,960,0.6912,0.75,0.5505,0.278,23.0475,0.1431,0.5806
train_5162.jpg,720,960,0.6912,0.75,0.4891,0.113,18.873,0.2394,0.5592
train_5163.jpg,1080,720,0.7776,1.5,0.3745,0.2341,99.9307,0.1535,0.3983
train_5166.jpg,720,1280,0.9216,0.5625,0.5176,0.1816,53.5663,0.369,0.6575
train_5168.jpg,720,960,0.6912,0.75,0.6445,0.2133,44.904,0.0719,0.6593
train_5203.jpg,960,720,0.6912,1.3333,0.4932,0.1916,33.8699,0.1239,0.5204
train_5214.jpg,720,960,0.6912,0.75,0.4599,0.1593,326.0513,0.2453,0.5542
train_5215.jpg,720,1279,0.9209,0.5629,0.6447,0.1641,18.4417,0.0969,0.671
train_5217.jpg,720,960,0.6912,0.75,0.5776,0.2385,34.6106,0.0747,0.5919
train_5225.jpg,720,960,0.6912,0.75,0.61,0.1508,224.3656,0.1708,0.6946
train_5226.jpg,960,720,0.6912,1.3333,0.5501,0.164,29.9008,0.3882,0.6472
train_5231.jpg,960,720,0.6912,1.3333,0.4693,0.2365,205.21,0.1147,0.4914
train_5239.jpg,960,720,0.6912,1.3333,0.408,0.1856,97.4283,0.2247,0.4477
train_5251.jpg,720,1280,0.9216,0.5625,0.4649,0.2113,358.101,0.2586,0.5366
train_5261.jpg,720,960,0.6912,0.75,0.5713,0.1721,30.899,0.1625,0.6058
train_5262.jpg,720,960,0.6912,0.75,0.4371,0.2405,206.7753,0.2831,0.5156
train_5285.jpg,1080,720,0.7776,1.5,0.4986,0.3427,216.1656,0.1604,0.5343
train_5299.jpg,720,960,0.6912,0.75,0.4461,0.1362,72.3878,0.2677,0.4978
train_5321.jpg,720,960,0.6912,0.75,0.5179,0.241,59.1714,0.1672,0.5506
train_5333.jpg,720,960,0.6912,0.75,0.6132,0.1342,43.4135,0.1349,0.6391
train_5337.jpg,720,956,0.6883,0.7531,0.5085,0.2277,26.7385,0.3347,0.5947
train_5338.jpg,720,960,0.6912,0.75,0.3668,0.2192,24.5212,0.3703,0.4289
train_5377.jpg,720,960,0.6912,0.75,0.5225,0.2466,41.8383,0.3564,0.5964
train_5391.jpg,720,960,0.6912,0.75,0.5209,0.1588,221.9792,0.2061,0.6123
train_5396.jpg,720,960,0.6912,0.75,0.5921,0.138,31.3336,0.2357,0.6492
train_5398.jpg,720,960,0.6912,0.75,0.3645,0.1275,221.0936,0.2104,0.4269
train_5420.jpg,720,960,0.6912,0.75,0.5025,0.2158,21.3174,0.1737,0.5378
train_5421.jpg,1280,720,0.9216,1.7778,0.1865,0.2179,237.7817,0.5198,0.2321
train_5453.jpg,720,960,0.6912,0.75,0.4667,0.2258,37.5758,0.4515,0.5535
train_5454.jpg,720,1279,0.9209,0.5629,0.5402,0.1933,25.0925,0.151,0.5821
train_5459.jpg,720,960,0.6912,0.75,0.5116,0.2437,25.4227,0.326,0.5978
train_5461.jpg,720,960,0.6912,0.75,0.4555,0.1425,9.0354,0.1822,0.5176
train_5467.jpg,720,960,0.6912,0.75,0.4171,0.2279,36.4295,0.3666,0.4811
train_5468.jpg,720,960,0.6912,0.75,0.4434,0.1846,57.6538,0.3213,0.519
train_5471.jpg,720,960,0.6912,0.75,0.5823,0.2179,35.1675,0.2839,0.6526
train_5475.jpg,960,720,0.6912,1.3333,0.5432,0.1443,46.0136,0.1928,0.5844
train_5481.jpg,720,960,0.6912,0.75,0.4626,0.2201,28.7396,0.4142,0.5491
train_5491.jpg,720,960,0.6912,0.75,0.5081,0.2251,50.3077,0.1411,0.5282
train_5516.jpg,720,960,0.6912,0.75,0.2841,0.2774,317.5556,0.3477,0.3177
train_5519.jpg,720,960,0.6912,0.75,0.2372,0.1898,227.7122,0.3032,0.2809
train_5532.jpg,720,960,0.6912,0.75,0.4479,0.2144,44.9546,0.0807,0.4637
train_5545.jpg,960,720,0.6912,1.3333,0.5139,0.2555,2.5901,0.3281,0.6104
train_5552.jpg,720,960,0.6912,0.75,0.5522,0.2315,30.1729,0.1872,0.5916
train_5564.jpg,1279,720,0.9209,1.7764,0.462,0.1941,34.9011,0.3392,0.5244
train_5568.jpg,720,960,0.6912,0.75,0.4132,0.2136,53.1855,0.2558,0.4677
train_5577.jpg,720,960,0.6912,0.75,0.5333,0.17,30.0968,0.2963,0.6064
train_5591.jpg,720,960,0.6912,0.75,0.4761,0.2587,10.9699,0.3908,0.5867
train_5593.jpg,720,960,0.6912,0.75,0.5677,0.2494,208.4247,0.1199,0.6032
train_5642.jpg,720,960,0.6912,0.75,0.5734,0.2899,110.3301,0.1303,0.587
train_5646.jpg,720,1559,1.1225,0.4618,0.3382,0.3387,292.0673,0.2668,0.4097
train_5647.jpg,720,960,0.6912,0.75,0.565,0.1545,32.3972,0.1966,0.6162
train_5662.jpg,720,960,0.6912,0.75,0.4237,0.2264,33.7248,0.4099,0.5179
train_5670.jpg,720,960,0.6912,0.75,0.4931,0.2163,21.7145,0.2696,0.5552
train_5672.jpg,720,960,0.6912,0.75,0.2981,0.1999,39.0208,0.2809,0.3285
train_5674.jpg,720,960,0.6912,0.75,0.2676,0.2149,350.315,0.2717,0.2924
train_5685.jpg,998,720,0.7186,1.3861,0.4322,0.2567,31.9922,0.2371,0.4728
train_5731.jpg,720,1279,0.9209,0.5629,0.3864,0.2214,217.484,0.2888,0.4587
train_5740.jpg,720,960,0.6912,0.75,0.4988,0.2749,191.425,0.1288,0.5267
train_5756.jpg,1280,720,0.9216,1.7778,0.619,0.2031,10.5818,0.117,0.6612
train_5762.jpg,720,960,0.6912,0.75,0.4736,0.2523,219.4408,0.2197,0.5385
train_5769.jpg,960,720,0.6912,1.3333,0.4871,0.1666,29.3178,0.2852,0.5491
train_5772.jpg,720,960,0.6912,0.75,0.6964,0.2001,122.7088,0.1013,0.7166
train_5788.jpg,720,960,0.6912,0.75,0.467,0.2078,40.5683,0.1414,0.4951
train_5799.jpg,720,960,0.6912,0.75,0.432,0.2344,90.7373,0.3342,0.5075
train_5806.jpg,720,960,0.6912,0.75,0.4288,0.3342,67.6131,0.2234,0.4677
train_5823.jpg,960,720,0.6912,1.3333,0.2627,0.125,236.9458,0.367,0.3942
train_5835.jpg,720,960,0.6912,0.75,0.5385,0.2074,160.6866,0.2141,0.5801
train_5840.jpg,720,960,0.6912,0.75,0.3725,0.2486,235.3666,0.2011,0.4399
train_5846.jpg,720,960,0.6912,0.75,0.5077,0.2469,21.7278,0.2416,0.5656
train_5848.jpg,720,960,0.6912,0.75,0.4627,0.1496,1.6365,0.486,0.6647
train_5868.jpg,720,960,0.6912,0.75,0.5079,0.251,12.8559,0.127,0.5427
train_5875.jpg,720,960,0.6912,0.75,0.4166,0.2325,27.5366,0.4138,0.5018
train_5887.jpg,720,1279,0.9209,0.5629,0.4902,0.2365,205.7187,0.1542,0.5449
train_5909.jpg,720,960,0.6912,0.75,0.4512,0.1972,329.185,0.3569,0.5829
train_5913.jpg,960,720,0.6912,1.3333,0.4167,0.1955,20.5366,0.2034,0.4605
train_5925.jpg,960,720,0.6912,1.3333,0.4323,0.1768,189.9522,0.1265,0.4585
train_5947.jpg,720,960,0.6912,0.75,0.517,0.1998,33.8828,0.2376,0.5636
train_5953.jpg,720,960,0.6912,0.75,0.52,0.3316,26.9795,0.2956,0.5677
train_5986.jpg,720,960,0.6912,0.75,0.4385,0.2328,234.1077,0.1479,0.4982
train_5987.jpg,720,1600,1.152,0.45,0.4633,0.2292,63.6216,0.1705,0.4912
train_6004.jpg,720,960,0.6912,0.75,0.4916,0.2156,39.2994,0.1149,0.5157
train_6007.jpg,960,720,0.6912,1.3333,0.4333,0.1793,32.7301,0.1663,0.4663
train_6008.jpg,720,960,0.6912,0.75,0.5519,0.178,45.3175,0.1724,0.586
train_6010.jpg,720,960,0.6912,0.75,0.4767,0.2078,162.6157,0.177,0.5129
train_6014.jpg,960,720,0.6912,1.3333,0.5022,0.2329,203.2127,0.1957,0.5461
train_6016.jpg,720,960,0.6912,0.75,0.496,0.1916,40.3312,0.2115,0.5512
train_6020.jpg,960,720,0.6912,1.3333,0.4719,0.1719,210.3337,0.1579,0.5175
train_6038.jpg,720,960,0.6912,0.75,0.531,0.2904,144.9471,0.1095,0.5507
train_6062.jpg,720,960,0.6912,0.75,0.6071,0.1508,16.4379,0.1046,0.6323
train_6064.jpg,960,720,0.6912,1.3333,0.3709,0.2773,173.6907,0.1879,0.4089
train_6078.jpg,720,960,0.6912,0.75,0.5198,0.2333,66.0895,0.1503,0.5561
train_6088.jpg,720,1280,0.9216,0.5625,0.5109,0.2593,28.7065,0.2571,0.5786
train_6089.jpg,720,960,0.6912,0.75,0.4146,0.245,31.2086,0.2712,0.4824
train_6106.jpg,720,960,0.6912,0.75,0.2985,0.1794,235.4413,0.3593,0.417
train_6121.jpg,960,720,0.6912,1.3333,0.4312,0.2184,208.1717,0.2337,0.4848
train_6126.jpg,720,960,0.6912,0.75,0.3429,0.1487,24.7689,0.2108,0.3757
train_6134.jpg,720,960,0.6912,0.75,0.4071,0.2399,89.5273,0.2372,0.4399
train_6139.jpg,720,960,0.6912,0.75,0.5023,0.2474,60.3864,0.2829,0.5746
train_6142.jpg,720,960,0.6912,0.75,0.5791,0.2058,30.2253,0.0746,0.5946
train_6152.jpg,720,960,0.6912,0.75,0.6704,0.185,29.2975,0.1045,0.6977
train_6155.jpg,960,720,0.6912,1.3333,0.5202,0.2069,20.3658,0.2598,0.5879
train_6159.jpg,720,960,0.6912,0.75,0.5563,0.2484,67.6933,0.078,0.5674
train_6181.jpg,960,720,0.6912,1.3333,0.2794,0.1244,40.8232,0.2299,0.3158
train_6187.jpg,720,960,0.6912,0.75,0.419,0.2292,61.7239,0.3058,0.4882
train_6190.jpg,720,1279,0.9209,0.5629,0.3004,0.2646,352.9847,0.3979,0.3743
train_6203.jpg,874,720,0.6293,1.2139,0.5214,0.1498,311.5745,0.2217,0.6049
train_6213.jpg,720,960,0.6912,0.75,0.5214,0.2896,222.5995,0.1376,0.5552
train_6243.jpg,720,922,0.6638,0.7809,0.581,0.3244,52.2416,0.1189,0.6035
train_6257.jpg,720,960,0.6912,0.75,0.5227,0.1514,30.3996,0.3127,0.6026
train_6266.jpg,720,960,0.6912,0.75,0.5227,0.225,46.0101,0.0757,0.5327
train_6275.jpg,720,960,0.6912,0.75,0.4783,0.2267,350.3702,0.2607,0.5663
train_6276.jpg,720,960,0.6912,0.75,0.5357,0.2717,34.7904,0.1391,0.5737
train_6282.jpg,960,720,0.6912,1.3333,0.3495,0.2048,54.5262,0.1751,0.3658
train_6289.jpg,720,960,0.6912,0.75,0.5891,0.1595,36.2921,0.2016,0.6431
train_6294.jpg,720,960,0.6912,0.75,0.5912,0.1699,137.468,0.0557,0.5978
train_6302.jpg,720,960,0.6912,0.75,0.4118,0.2201,310.6841,0.1665,0.4451
train_6323.jpg,720,961,0.6919,0.7492,0.5302,0.1999,17.9278,0.3028,0.6479
train_6324.jpg,960,720,0.6912,1.3333,0.4733,0.2016,356.7313,0.3143,0.5537
train_6327.jpg,960,720,0.6912,1.3333,0.2569,0.2095,28.2804,0.2681,0.2867
train_6347.jpg,720,960,0.6912,0.75,0.2305,0.178,290.8036,0.2442,0.2702
train_6353.jpg,960,720,0.6912,1.3333,0.5457,0.2434,207.0761,0.2207,0.6132
train_6355.jpg,720,960,0.6912,0.75,0.6265,0.2378,217.2888,0.0532,0.6356
train_6360.jpg,960,720,0.6912,1.3333,0.4098,0.2107,213.6777,0.3796,0.5054
train_6379.jpg,720,960,0.6912,0.75,0.4854,0.1665,30.9639,0.2195,0.5527
train_6381.jpg,720,960,0.6912,0.75,0.4745,0.2781,208.2245,0.2746,0.5372
train_6390.jpg,960,720,0.6912,1.3333,0.4142,0.1666,212.5212,0.2181,0.4708
train_6397.jpg,720,960,0.6912,0.75,0.2602,0.212,12.3789,0.3513,0.3231
train_6404.jpg,720,960,0.6912,0.75,0.4103,0.2294,23.2708,0.3277,0.4813
train_6485.jpg,720,960,0.6912,0.75,0.4719,0.2323,240.9027,0.2104,0.5333
train_6495.jpg,720,960,0.6912,0.75,0.6574,0.1225,227.047,0.0759,0.6862
train_6514.jpg,720,960,0.6912,0.75,0.4454,0.2288,265.2883,0.2099,0.5002
train_6522.jpg,720,960,0.6912,0.75,0.4715,0.2083,76.6865,0.1905,0.5129
train_6534.jpg,720,960,0.6912,0.75,0.4902,0.2321,51.5695,0.1616,0.5121
train_6557.jpg,720,960,0.6912,0.75,0.5279,0.1309,38.7003,0.2172,0.5694
train_6558.jpg,720,1481,1.0663,0.4862,0.5617,0.1579,7.4518,0.1684,0.6307
train_6574.jpg,720,960,0.6912,0.75,0.4841,0.1964,26.3073,0.1989,0.531
train_6602.jpg,900,720,0.648,1.25,0.2508,0.2041,61.1509,0.2147,0.2771
train_6614.jpg,720,960,0.6912,0.75,0.5889,0.1304,27.65,0.0896,0.6034
train_6639.jpg,960,720,0.6912,1.3333,0.4572,0.1882,25.2848,0.3337,0.5425
train_6659.jpg,720,960,0.6912,0.75,0.5147,0.1907,26.6832,0.3802,0.6098
train_6662.jpg,960,720,0.6912,1.3333,0.4734,0.1969,203.9554,0.1242,0.5054
train_6665.jpg,720,960,0.6912,0.75,0.4601,0.1775,214.9869,0.4279,0.6167
train_6681.jpg,960,720,0.6912,1.3333,0.3696,0.1829,21.9988,0.1847,0.4022
train_6700.jpg,960,720,0.6912,1.3333,0.2545,0.2019,101.6818,0.2078,0.2769
train_6701.jpg,720,1279,0.9209,0.5629,0.4917,0.1857,37.4947,0.3458,0.5766
train_6704.jpg,720,960,0.6912,0.75,0.3675,0.1515,255.7624,0.2864,0.4528
train_6707.jpg,720,960,0.6912,0.75,0.4754,0.2137,89.5056,0.1567,0.5196
train_6708.jpg,720,1279,0.9209,0.5629,0.4184,0.1711,206.5293,0.2929,0.4991
train_6709.jpg,720,960,0.6912,0.75,0.4419,0.2,114.7388,0.2388,0.4871
train_6712.jpg,1240,720,0.8928,1.7222,0.4785,0.2962,321.3044,0.3186,0.5759
train_6713.jpg,720,960,0.6912,0.75,0.3964,0.2233,27.9289,0.2074,0.4261
test_0001.jpg,1207,720,0.869,1.6764,0.2582,0.103,68.7055,0.3486,0.3118
test_0002.jpg,960,720,0.6912,1.3333,0.3868,0.2139,0.4102,0.1526,0.4249
test_0003.jpg,960,720,0.6912,1.3333,0.4746,0.2538,354.7489,0.3621,0.5932
test_0004.jpg,960,720,0.6912,1.3333,0.5014,0.1992,161.2911,0.245,0.5554
test_0005.jpg,960,720,0.6912,1.3333,0.3834,0.1905,23.5525,0.1641,0.4121
test_0006.jpg,720,960,0.6912,0.75,0.4831,0.28,245.2466,0.2003,0.5391
test_0007.jpg,720,960,0.6912,0.75,0.6149,0.2509,11.7534,0.0868,0.6236
test_0008.jpg,720,960,0.6912,0.75,0.4731,0.263,5.1223,0.288,0.551
test_0009.jpg,720,960,0.6912,0.75,0.5299,0.1469,28.7626,0.2321,0.5873
test_0010.jpg,720,960,0.6912,0.75,0.5394,0.2272,212.7954,0.3123,0.646
test_0011.jpg,720,960,0.6912,0.75,0.5299,0.2953,29.0242,0.199,0.5726
test_0012.jpg,720,960,0.6912,0.75,0.512,0.1784,41.2007,0.1529,0.542
test_0013.jpg,960,720,0.6912,1.3333,0.4856,0.2552,220.7767,0.1051,0.5061
test_0014.jpg,720,960,0.6912,0.75,0.5809,0.2109,32.1683,0.1551,0.6104
test_0015.jpg,720,960,0.6912,0.75,0.5328,0.2102,39.1647,0.1139,0.5515
test_0016.jpg,720,960,0.6912,0.75,0.5509,0.2057,96.2062,0.1817,0.5955
test_0017.jpg,720,960,0.6912,0.75,0.5237,0.2436,22.2516,0.1565,0.568
test_0018.jpg,720,960,0.6912,0.75,0.5048,0.1616,240.9447,0.1742,0.5678
test_0019.jpg,720,1558,1.1218,0.4621,0.5628,0.1527,116.0738,0.1171,0.5801
test_0020.jpg,720,960,0.6912,0.75,0.5044,0.2724,171.2561,0.2032,0.5586
test_0021.jpg,720,960,0.6912,0.75,0.5398,0.2052,25.8472,0.2479,0.6033
test_0022.jpg,1325,720,0.954,1.8403,0.4229,0.2865,307.0881,0.2922,0.498
test_0023.jpg,720,958,0.6898,0.7516,0.3399,0.248,2.1731,0.4383,0.441
test_0024.jpg,720,960,0.6912,0.75,0.4051,0.2164,343.7763,0.2162,0.4523
test_0025.jpg,720,960,0.6912,0.75,0.5289,0.1398,30.7466,0.1268,0.5613
test_0026.jpg,720,1560,1.1232,0.4615,0.352,0.2525,242.2275,0.2826,0.4347
test_0027.jpg,720,960,0.6912,0.75,0.6784,0.1185,19.2241,0.0639,0.6979
test_0028.jpg,720,960,0.6912,0.75,0.4417,0.1889,210.1981,0.2085,0.4996
test_0029.jpg,720,960,0.6912,0.75,0.5166,0.18,133.6689,0.0898,0.5391
test_0030.jpg,960,720,0.6912,1.3333,0.6064,0.1266,50.8645,0.1463,0.6308
test_0031.jpg,720,960,0.6912,0.75,0.4873,0.1717,4.8114,0.3807,0.5943
test_0032.jpg,720,960,0.6912,0.75,0.4158,0.2295,25.4137,0.379,0.4965
test_0033.jpg,720,960,0.6912,0.75,0.4832,0.1791,221.723,0.1349,0.5171
test_0034.jpg,720,960,0.6912,0.75,0.4975,0.2235,23.8075,0.1998,0.5454
test_0035.jpg,720,960,0.6912,0.75,0.4958,0.189,54.2013,0.1189,0.5202
test_0036.jpg,720,960,0.6912,0.75,0.575,0.2312,39.5214,0.1303,0.5918
test_0037.jpg,720,960,0.6912,0.75,0.5213,0.1632,45.8843,0.3232,0.5873
test_0038.jpg,720,960,0.6912,0.75,0.5497,0.163,40.7697,0.1147,0.5674
test_0039.jpg,720,960,0.6912,0.75,0.5939,0.2546,44.4506,0.3295,0.7125
test_0040.jpg,720,960,0.6912,0.75,0.515,0.2508,63.6634,0.1883,0.5308
test_0041.jpg,720,960,0.6912,0.75,0.4729,0.1788,33.5874,0.2986,0.5412
test_0042.jpg,720,960,0.6912,0.75,0.5313,0.2212,33.1889,0.3617,0.6317
test_0043.jpg,720,960,0.6912,0.75,0.5145,0.166,176.3967,0.2855,0.6165
test_0044.jpg,960,720,0.6912,1.3333,0.5029,0.2692,154.8691,0.1583,0.5361
test_0045.jpg,960,720,0.6912,1.3333,0.5641,0.1213,42.3249,0.0425,0.5748
test_0046.jpg,720,960,0.6912,0.75,0.5195,0.237,64.8552,0.159,0.5425
test_0047.jpg,720,960,0.6912,0.75,0.5465,0.2644,220.8955,0.1426,0.583
test_0048.jpg,720,960,0.6912,0.75,0.4387,0.2065,196.1785,0.293,0.5047
test_0049.jpg,720,960,0.6912,0.75,0.5242,0.1916,331.9444,0.2249,0.5872
test_0050.jpg,720,960,0.6912,0.75,0.6978,0.1104,20.568,0.0313,0.7044
test_0051.jpg,720,960,0.6912,0.75,0.3779,0.2025,73.743,0.2956,0.4445
test_0052.jpg,1320,720,0.9504,1.8333,0.3319,0.2088,226.0107,0.3353,0.3975
test_0053.jpg,720,960,0.6912,0.75,0.4146,0.1985,359.8878,0.207,0.4726
test_0054.jpg,960,720,0.6912,1.3333,0.4759,0.2408,206.7562,0.2041,0.5347
test_0055.jpg,720,960,0.6912,0.75,0.4947,0.2511,32.58,0.3672,0.5679
test_0056.jpg,720,960,0.6912,0.75,0.3693,0.2158,15.0571,0.2063,0.4175
test_0057.jpg,720,960,0.6912,0.75,0.489,0.2271,342.5362,0.0888,0.507
test_0058.jpg,720,1359,0.9785,0.5298,0.4639,0.1475,29.2859,0.1468,0.4949
test_0059.jpg,720,960,0.6912,0.75,0.4066,0.2544,41.2096,0.0845,0.4184
test_0060.jpg,720,960,0.6912,0.75,0.5071,0.2308,6.7849,0.291,0.5908
test_0061.jpg,720,960,0.6912,0.75,0.3657,0.2615,243.9692,0.1384,0.3903
test_0062.jpg,1166,720,0.8395,1.6194,0.4222,0.3301,234.587,0.2357,0.4523
test_0063.jpg,720,960,0.6912,0.75,0.3109,0.2128,285.5694,0.3705,0.3748
test_0064.jpg,720,1176,0.8467,0.6122,0.3341,0.2881,7.465,0.2353,0.4032
test_0065.jpg,720,960,0.6912,0.75,0.4265,0.1902,36.7516,0.2251,0.4816
test_0066.jpg,720,960,0.6912,0.75,0.5584,0.1793,184.4165,0.1388,0.587
test_0067.jpg,720,960,0.6912,0.75,0.5028,0.1794,26.3567,0.3993,0.6053
test_0068.jpg,720,960,0.6912,0.75,0.649,0.1525,355.0489,0.0587,0.6684
test_0069.jpg,720,960,0.6912,0.75,0.3928,0.1816,20.5089,0.149,0.4252
test_0070.jpg,720,960,0.6912,0.75,0.361,0.2608,30.585,0.3673,0.4402
test_0071.jpg,720,960,0.6912,0.75,0.4181,0.1859,50.0965,0.1762,0.4606
test_0072.jpg,720,960,0.6912,0.75,0.4099,0.252,222.8087,0.2073,0.4802
test_0073.jpg,960,720,0.6912,1.3333,0.4907,0.2658,86.7774,0.2204,0.535
test_0074.jpg,720,960,0.6912,0.75,0.5018,0.2501,202.0247,0.2867,0.562
test_0075.jpg,720,960,0.6912,0.75,0.264,0.2136,17.7883,0.2499,0.3002
test_0076.jpg,720,960,0.6912,0.75,0.5931,0.2241,219.6695,0.0895,0.6194
test_0077.jpg,960,720,0.6912,1.3333,0.4761,0.1944,4.3817,0.1335,0.5105
test_0078.jpg,720,1279,0.9209,0.5629,0.5301,0.2582,18.7983,0.3101,0.6066
test_0079.jpg,720,960,0.6912,0.75,0.4926,0.2111,78.1728,0.1804,0.5393
test_0080.jpg,720,960,0.6912,0.75,0.0836,0.1342,350.5549,0.2289,0.094
test_0081.jpg,720,960,0.6912,0.75,0.6654,0.1069,40.6506,0.0585,0.6815
test_0082.jpg,720,960,0.6912,0.75,0.5292,0.1264,242.4025,0.1689,0.5794
test_0083.jpg,720,960,0.6912,0.75,0.4599,0.2426,27.8373,0.3285,0.525
test_0084.jpg,720,960,0.6912,0.75,0.5592,0.1202,32.561,0.0613,0.5738
test_0085.jpg,720,960,0.6912,0.75,0.4586,0.2371,25.2351,0.2491,0.5054
test_0086.jpg,960,720,0.6912,1.3333,0.4449,0.2275,57.784,0.1551,0.4742
test_0087.jpg,960,720,0.6912,1.3333,0.5669,0.2705,23.7775,0.198,0.616
test_0088.jpg,720,960,0.6912,0.75,0.4814,0.2319,24.117,0.4551,0.6002
test_0089.jpg,960,720,0.6912,1.3333,0.4071,0.1233,26.5451,0.126,0.4339
test_0090.jpg,720,1279,0.9209,0.5629,0.5067,0.1767,215.5805,0.3127,0.6502
test_0091.jpg,720,960,0.6912,0.75,0.4574,0.2042,46.0584,0.1937,0.4937
test_0092.jpg,960,720,0.6912,1.3333,0.4463,0.2552,13.2755,0.1793,0.4849
test_0093.jpg,720,960,0.6912,0.75,0.5523,0.2036,270.3088,0.1645,0.6132
test_0094.jpg,720,960,0.6912,0.75,0.6425,0.169,45.506,0.0621,0.6498
test_0095.jpg,720,1279,0.9209,0.5629,0.5028,0.2639,196.6166,0.1563,0.5425
test_0096.jpg,720,960,0.6912,0.75,0.3257,0.2268,262.9589,0.2571,0.3723
test_0097.jpg,720,960,0.6912,0.75,0.4638,0.2191,13.0731,0.2106,0.51
test_0098.jpg,720,960,0.6912,0.75,0.2468,0.1912,22.5712,0.2098,0.2757
test_0099.jpg,810,720,0.5832,1.125,0.469,0.218,31.1553,0.2472,0.5239
test_0100.jpg,720,960,0.6912,0.75,0.4907,0.2643,204.4849,0.3097,0.5924
test_0101.jpg,720,960,0.6912,0.75,0.5483,0.1973,35.3801,0.1035,0.5687
test_0102.jpg,720,960,0.6912,0.75,0.5245,0.1877,96.5057,0.1471,0.5537
test_0103.jpg,960,720,0.6912,1.3333,0.2642,0.1125,283.9467,0.1512,0.2909
test_0104.jpg,720,960,0.6912,0.75,0.4621,0.2522,6.5828,0.4441,0.6159
test_0105.jpg,720,720,0.5184,1.0,0.4152,0.1842,30.9131,0.4012,0.49
test_0106.jpg,720,1279,0.9209,0.5629,0.5512,0.1731,226.9954,0.2431,0.6268
test_0107.jpg,720,960,0.6912,0.75,0.5294,0.2368,41.1202,0.1934,0.5759
test_0108.jpg,960,720,0.6912,1.3333,0.2918,0.2542,323.2873,0.2736,0.3437
test_0109.jpg,720,960,0.6912,0.75,0.4827,0.2123,4.353,0.2309,0.5384
test_0110.jpg,720,960,0.6912,0.75,0.4325,0.1769,205.4748,0.2422,0.504
test_0111.jpg,986,720,0.7099,1.3694,0.5724,0.2185,222.4435,0.3645,0.7529
test_0112.jpg,960,720,0.6912,1.3333,0.492,0.2125,300.5026,0.1394,0.533
test_0113.jpg,720,960,0.6912,0.75,0.5111,0.2389,227.6532,0.1738,0.5538
test_0114.jpg,1280,720,0.9216,1.7778,0.5686,0.2186,38.2033,0.1385,0.592
test_0115.jpg,720,960,0.6912,0.75,0.532,0.2432,209.1444,0.192,0.5879
test_0116.jpg,720,960,0.6912,0.75,0.6327,0.1327,43.3687,0.0519,0.6406
test_0117.jpg,720,960,0.6912,0.75,0.445,0.2189,200.6507,0.1599,0.4826
test_0118.jpg,720,1279,0.9209,0.5629,0.4201,0.195,100.7618,0.2351,0.4792
test_0119.jpg,720,960,0.6912,0.75,0.4549,0.2422,57.6566,0.17,0.4827
test_0120.jpg,720,960,0.6912,0.75,0.4607,0.1831,26.8521,0.3178,0.5311
test_0121.jpg,960,720,0.6912,1.3333,0.6136,0.2295,30.8736,0.1772,0.6419
test_0122.jpg,720,960,0.6912,0.75,0.4289,0.1312,221.7719,0.3557,0.5634
test_0123.jpg,720,960,0.6912,0.75,0.5386,0.1391,35.2753,0.1375,0.5676
test_0124.jpg,960,720,0.6912,1.3333,0.6126,0.2885,45.1398,0.0903,0.6226
test_0125.jpg,720,960,0.6912,0.75,0.4145,0.2158,31.3633,0.3414,0.4964
test_0126.jpg,720,1080,0.7776,0.6667,0.1966,0.1271,48.9777,0.2939,0.2286
test_0127.jpg,720,960,0.6912,0.75,0.4891,0.2196,47.0002,0.1897,0.5451
test_0128.jpg,720,960,0.6912,0.75,0.6023,0.2136,32.3286,0.242,0.6807
test_0129.jpg,720,960,0.6912,0.75,0.5523,0.2885,47.228,0.1241,0.5729
test_0130.jpg,720,960,0.6912,0.75,0.5885,0.1125,42.583,0.1042,0.6063
test_0131.jpg,960,720,0.6912,1.3333,0.4479,0.2101,233.7047,0.2685,0.5095
test_0132.jpg,720,960,0.6912,0.75,0.4489,0.2258,24.1945,0.2954,0.5231
test_0133.jpg,720,960,0.6912,0.75,0.3275,0.2479,29.7334,0.064,0.3345
test_0134.jpg,720,960,0.6912,0.75,0.6193,0.1943,30.3271,0.2088,0.6757
test_0135.jpg,1279,720,0.9209,1.7764,0.2715,0.2076,3.5515,0.3334,0.3369
test_0136.jpg,720,960,0.6912,0.75,0.5621,0.1724,40.893,0.466,0.6427
test_0137.jpg,720,1279,0.9209,0.5629,0.3367,0.2674,340.0587,0.3542,0.3958
test_0138.jpg,720,864,0.6221,0.8333,0.3583,0.2551,28.5775,0.2874,0.4079
test_0139.jpg,720,1279,0.9209,0.5629,0.3845,0.1977,286.3015,0.1976,0.4255
test_0140.jpg,720,960,0.6912,0.75,0.5331,0.2252,204.4155,0.138,0.5657
test_0141.jpg,720,960,0.6912,0.75,0.4284,0.211,80.6847,0.3413,0.4708
test_0142.jpg,720,960,0.6912,0.75,0.5454,0.171,25.7627,0.2093,0.596
test_0143.jpg,720,960,0.6912,0.75,0.4891,0.2688,57.4065,0.2547,0.5333
test_0144.jpg,720,960,0.6912,0.75,0.4641,0.1893,138.8497,0.2273,0.5102
test_0145.jpg,960,720,0.6912,1.3333,0.5255,0.2586,91.1553,0.1801,0.5599
test_0146.jpg,720,960,0.6912,0.75,0.4583,0.2561,177.9409,0.2635,0.5018
test_0147.jpg,720,1280,0.9216,0.5625,0.489,0.2814,259.5321,0.1675,0.5454
test_0148.jpg,720,960,0.6912,0.75,0.3916,0.1845,227.6336,0.176,0.4313
test_0149.jpg,720,960,0.6912,0.75,0.4991,0.248,140.1525,0.1551,0.5246
test_0150.jpg,960,720,0.6912,1.3333,0.3378,0.215,31.7051,0.5137,0.4449
test_0151.jpg,720,960,0.6912,0.75,0.4526,0.1954,269.4608,0.1915,0.53
test_0152.jpg,720,960,0.6912,0.75,0.4293,0.2009,44.1563,0.1209,0.4439
test_0153.jpg,720,960,0.6912,0.75,0.3846,0.2673,12.1183,0.4853,0.501
test_0154.jpg,720,960,0.6912,0.75,0.5397,0.2853,268.8656,0.0609,0.5542
test_0155.jpg,720,1280,0.9216,0.5625,0.4134,0.2388,195.5552,0.3027,0.5155
test_0156.jpg,720,960,0.6912,0.75,0.4032,0.2299,329.7179,0.2181,0.4755
test_0157.jpg,720,960,0.6912,0.75,0.5383,0.1725,17.8946,0.2931,0.6234
test_0158.jpg,720,960,0.6912,0.75,0.412,0.2096,35.0766,0.474,0.5014
test_0159.jpg,891,720,0.6415,1.2375,0.377,0.2163,18.1604,0.269,0.4394
test_0160.jpg,720,960,0.6912,0.75,0.478,0.257,70.8466,0.2179,0.5094
test_0161.jpg,720,960,0.6912,0.75,0.5353,0.1967,92.0434,0.1243,0.5546
test_0162.jpg,960,720,0.6912,1.3333,0.6441,0.1104,205.3342,0.1371,0.6917
test_0163.jpg,720,960,0.6912,0.75,0.4789,0.2116,224.272,0.2459,0.5666
test_0164.jpg,720,960,0.6912,0.75,0.4491,0.1831,68.4081,0.1807,0.4734
test_0165.jpg,720,960,0.6912,0.75,0.5337,0.222,16.8539,0.2706,0.6273
test_0166.jpg,720,960,0.6912,0.75,0.4563,0.2111,257.6922,0.1836,0.5078
test_0167.jpg,720,960,0.6912,0.75,0.4491,0.2141,29.6644,0.2804,0.5117
test_0168.jpg,720,960,0.6912,0.75,0.5627,0.1824,41.9239,0.0945,0.5856
test_0169.jpg,720,960,0.6912,0.75,0.5146,0.2867,42.6017,0.2481,0.5703
test_0170.jpg,960,720,0.6912,1.3333,0.3663,0.1652,23.18,0.3603,0.4506
test_0171.jpg,720,960,0.6912,0.75,0.4233,0.2278,205.4137,0.1921,0.4652
test_0172.jpg,720,960,0.6912,0.75,0.4312,0.1816,147.0696,0.2535,0.4818
test_0173.jpg,720,960,0.6912,0.75,0.469,0.2278,44.8411,0.199,0.4894
test_0174.jpg,720,960,0.6912,0.75,0.3152,0.1447,14.1381,0.3172,0.3721
test_0175.jpg,720,960,0.6912,0.75,0.5344,0.2362,40.7442,0.1298,0.5602
test_0176.jpg,720,1280,0.9216,0.5625,0.4312,0.1909,217.0834,0.4046,0.5705
test_0177.jpg,720,720,0.5184,1.0,0.385,0.1965,283.3116,0.1155,0.4091
test_0178.jpg,720,960,0.6912,0.75,0.4239,0.1938,2.9648,0.3136,0.5185
test_0179.jpg,1560,720,1.1232,2.1667,0.5671,0.2771,32.2755,0.261,0.6454
test_0180.jpg,720,720,0.5184,1.0,0.5718,0.226,32.3835,0.327,0.6609
test_0181.jpg,1599,720,1.1513,2.2208,0.4718,0.1541,48.5913,0.185,0.5094
test_0182.jpg,720,960,0.6912,0.75,0.4255,0.3274,35.1627,0.2531,0.4438
test_0183.jpg,720,960,0.6912,0.75,0.4178,0.2395,234.8474,0.1865,0.4492
test_0184.jpg,720,960,0.6912,0.75,0.4608,0.2229,4.5262,0.1012,0.4916
test_0185.jpg,720,1544,1.1117,0.4663,0.3132,0.2353,60.7536,0.3514,0.3598
test_0186.jpg,720,960,0.6912,0.75,0.5027,0.1874,155.1015,0.302,0.556
test_0187.jpg,720,960,0.6912,0.75,0.3356,0.1936,324.4292,0.4755,0.4859
test_0188.jpg,720,960,0.6912,0.75,0.5673,0.1919,208.4747,0.1198,0.6121
test_0189.jpg,720,960,0.6912,0.75,0.624,0.1494,32.9467,0.1232,0.6517
test_0190.jpg,720,960,0.6912,0.75,0.5936,0.225,181.2702,0.1107,0.6149
test_0191.jpg,720,960,0.6912,0.75,0.4151,0.2165,26.0555,0.1591,0.4451
test_0192.jpg,720,960,0.6912,0.75,0.5585,0.2598,212.8335,0.0718,0.5746
test_0193.jpg,720,960,0.6912,0.75,0.5562,0.2291,59.4452,0.2118,0.6048
test_0194.jpg,720,960,0.6912,0.75,0.4817,0.1687,48.5125,0.2615,0.5337
test_0195.jpg,720,960,0.6912,0.75,0.4202,0.2122,322.7481,0.3251,0.5049
test_0196.jpg,720,1080,0.7776,0.6667,0.3516,0.2426,35.6665,0.2391,0.3916
test_0197.jpg,960,720,0.6912,1.3333,0.4666,0.2091,204.2391,0.089,0.4861
test_0198.jpg,720,960,0.6912,0.75,0.5194,0.1872,24.5938,0.1916,0.5683
test_0199.jpg,720,960,0.6912,0.75,0.4634,0.246,216.6518,0.1676,0.5064
test_0200.jpg,960,720,0.6912,1.3333,0.4354,0.1436,29.9774,0.4635,0.5918
test_0201.jpg,720,960,0.6912,0.75,0.5371,0.2252,257.8275,0.0927,0.5601
test_0202.jpg,720,1558,1.1218,0.4621,0.7402,0.2022,21.7355,0.103,0.7684
test_0203.jpg,720,960,0.6912,0.75,0.5888,0.2544,41.2376,0.145,0.6142
test_0204.jpg,960,720,0.6912,1.3333,0.5557,0.2017,38.9161,0.1646,0.5961
test_0205.jpg,720,960,0.6912,0.75,0.5216,0.2446,14.4438,0.2864,0.5955
test_0206.jpg,960,720,0.6912,1.3333,0.3267,0.1931,48.7845,0.2543,0.365
test_0207.jpg,720,960,0.6912,0.75,0.6111,0.0958,139.9452,0.0595,0.6194
test_0208.jpg,720,960,0.6912,0.75,0.27,0.1962,62.2678,0.2323,0.2985
test_0209.jpg,824,720,0.5933,1.1444,0.6803,0.1473,207.1773,0.0867,0.7154
test_0210.jpg,960,720,0.6912,1.3333,0.5202,0.2029,19.6103,0.1838,0.5624
test_0211.jpg,720,960,0.6912,0.75,0.4805,0.2364,28.2309,0.1832,0.5103
test_0212.jpg,720,960,0.6912,0.75,0.4526,0.2227,170.518,0.2321,0.4916
test_0213.jpg,960,720,0.6912,1.3333,0.4737,0.3102,212.268,0.184,0.505
test_0214.jpg,720,960,0.6912,0.75,0.476,0.255,3.1545,0.2474,0.5588
test_0215.jpg,720,960,0.6912,0.75,0.437,0.2038,5.3118,0.4073,0.5475
test_0216.jpg,720,960,0.6912,0.75,0.4896,0.1967,180.913,0.2668,0.5563
test_0217.jpg,960,720,0.6912,1.3333,0.4777,0.231,38.3862,0.2116,0.535
test_0218.jpg,720,960,0.6912,0.75,0.5582,0.1935,34.9911,0.2059,0.6142
test_0219.jpg,1181,720,0.8503,1.6403,0.2971,0.2148,221.2195,0.3587,0.3667
test_0220.jpg,960,720,0.6912,1.3333,0.358,0.1771,34.6836,0.1904,0.3877
test_0221.jpg,960,720,0.6912,1.3333,0.526,0.2534,246.0474,0.1373,0.555
test_0222.jpg,720,720,0.5184,1.0,0.4344,0.0929,354.4151,0.042,0.4473
test_0223.jpg,1280,720,0.9216,1.7778,0.3358,0.2102,98.2886,0.297,0.3821
test_0224.jpg,960,720,0.6912,1.3333,0.377,0.2798,246.6207,0.2708,0.4293
test_0225.jpg,720,960,0.6912,0.75,0.3022,0.1568,310.5753,0.3067,0.3692
test_0226.jpg,720,960,0.6912,0.75,0.4124,0.228,296.4322,0.2456,0.4781
test_0227.jpg,720,960,0.6912,0.75,0.1817,0.2729,244.9786,0.1773,0.1937
test_0228.jpg,720,960,0.6912,0.75,0.4353,0.2022,261.1425,0.2254,0.4971
test_0229.jpg,720,960,0.6912,0.75,0.458,0.2807,243.095,0.2382,0.5176
test_0230.jpg,720,960,0.6912,0.75,0.4507,0.1938,31.1074,0.3205,0.5114
test_0231.jpg,720,1279,0.9209,0.5629,0.5396,0.2115,204.9806,0.0805,0.5659
test_0232.jpg,720,960,0.6912,0.75,0.3997,0.191,19.9443,0.3449,0.473
test_0233.jpg,720,960,0.6912,0.75,0.516,0.1973,31.28,0.4107,0.6147
test_0234.jpg,720,812,0.5846,0.8867,0.4218,0.2419,112.7954,0.3015,0.4876
test_0235.jpg,720,960,0.6912,0.75,0.4198,0.2257,22.9498,0.4946,0.5246
test_0236.jpg,720,960,0.6912,0.75,0.6053,0.1919,190.1122,0.0659,0.6163
test_0237.jpg,720,960,0.6912,0.75,0.3915,0.2571,33.258,0.2175,0.4292
test_0238.jpg,720,1279,0.9209,0.5629,0.5367,0.1954,31.5612,0.1885,0.5772
test_0239.jpg,960,720,0.6912,1.3333,0.5178,0.2116,25.5986,0.042,0.5282
test_0240.jpg,720,1280,0.9216,0.5625,0.3896,0.2391,224.1332,0.3391,0.4688
test_0241.jpg,720,960,0.6912,0.75,0.356,0.2335,11.2517,0.4844,0.4771
test_0242.jpg,720,960,0.6912,0.75,0.4037,0.1939,51.2899,0.2279,0.4379
test_0243.jpg,960,720,0.6912,1.3333,0.4478,0.1972,15.9012,0.125,0.481
test_0244.jpg,720,1279,0.9209,0.5629,0.5912,0.2268,197.5818,0.1769,0.6442
test_0245.jpg,720,960,0.6912,0.75,0.3609,0.2154,214.8119,0.4413,0.4812
test_0246.jpg,720,960,0.6912,0.75,0.5144,0.3305,54.0352,0.1662,0.547
test_0247.jpg,720,960,0.6912,0.75,0.4906,0.2595,94.1133,0.1338,0.5172
test_0248.jpg,720,960,0.6912,0.75,0.3759,0.1583,224.0004,0.4231,0.5346
test_0249.jpg,720,720,0.5184,1.0,0.5375,0.2554,86.2753,0.0777,0.5556
test_0250.jpg,720,720,0.5184,1.0,0.4325,0.2039,21.5981,0.2075,0.4781
test_0251.jpg,720,1279,0.9209,0.5629,0.4969,0.2213,206.7041,0.2236,0.5722
test_0252.jpg,720,960,0.6912,0.75,0.3399,0.2012,37.0158,0.1703,0.3662
test_0253.jpg,720,960,0.6912,0.75,0.5497,0.2052,42.7265,0.0686,0.5606
test_0254.jpg,720,960,0.6912,0.75,0.3733,0.2239,220.517,0.1196,0.4028
test_0255.jpg,1086,720,0.7819,1.5083,0.5012,0.2123,177.6453,0.2715,0.571
test_0256.jpg,720,1280,0.9216,0.5625,0.6526,0.1844,40.0196,0.1763,0.6937
test_0257.jpg,720,720,0.5184,1.0,0.5508,0.1852,42.4081,0.1398,0.588
test_0258.jpg,720,960,0.6912,0.75,0.4766,0.2205,35.1088,0.2089,0.5434
test_0259.jpg,720,960,0.6912,0.75,0.407,0.2099,38.6841,0.3094,0.4614
test_0260.jpg,720,960,0.6912,0.75,0.4792,0.2272,57.9915,0.1331,0.5058
test_0261.jpg,720,960,0.6912,0.75,0.4642,0.1891,331.4966,0.3411,0.5878
test_0262.jpg,720,960,0.6912,0.75,0.2708,0.1908,331.7133,0.1573,0.2997
test_0263.jpg,720,960,0.6912,0.75,0.3524,0.1899,20.3752,0.3952,0.4493
test_0264.jpg,960,720,0.6912,1.3333,0.4465,0.227,134.3724,0.3169,0.516
test_0265.jpg,960,720,0.6912,1.3333,0.5151,0.2248,4.7368,0.1293,0.5538
test_0266.jpg,720,960,0.6912,0.75,0.5676,0.2898,29.2021,0.2496,0.6284
test_0267.jpg,720,960,0.6912,0.75,0.503,0.2312,34.6253,0.379,0.5719
test_0268.jpg,720,960,0.6912,0.75,0.363,0.177,27.4666,0.5356,0.4612
test_0269.jpg,960,720,0.6912,1.3333,0.4646,0.2298,18.4315,0.439,0.616
test_0270.jpg,960,720,0.6912,1.3333,0.5846,0.2309,33.7702,0.0791,0.5974
test_0271.jpg,960,720,0.6912,1.3333,0.4287,0.2221,319.7492,0.2807,0.5166
test_0272.jpg,720,765,0.5508,0.9412,0.5732,0.2552,220.0213,0.1469,0.6139
test_0273.jpg,720,960,0.6912,0.75,0.524,0.2672,19.5795,0.1571,0.5593
test_0274.jpg,720,960,0.6912,0.75,0.5138,0.2466,80.3011,0.167,0.5482
test_0275.jpg,720,960,0.6912,0.75,0.4178,0.2521,217.7005,0.2283,0.4684
test_0276.jpg,765,720,0.5508,1.0625,0.46,0.2386,97.1067,0.2812,0.5214
test_0277.jpg,720,960,0.6912,0.75,0.5268,0.1962,28.3907,0.2232,0.5693
test_0278.jpg,720,960,0.6912,0.75,0.4715,0.144,177.2632,0.0907,0.5009
test_0279.jpg,720,960,0.6912,0.75,0.4562,0.2467,345.3754,0.2156,0.5
test_0280.jpg,1279,720,0.9209,1.7764,0.4647,0.1876,218.012,0.1543,0.5087
test_0281.jpg,720,960,0.6912,0.75,0.4658,0.1693,30.2056,0.1935,0.5053
test_0282.jpg,960,720,0.6912,1.3333,0.4691,0.233,173.2775,0.1618,0.4954
test_0283.jpg,720,960,0.6912,0.75,0.4826,0.2271,38.3761,0.4037,0.5691
test_0284.jpg,720,960,0.6912,0.75,0.4225,0.19,183.6544,0.3895,0.5386
test_0285.jpg,960,720,0.6912,1.3333,0.5984,0.2173,211.1817,0.3006,0.6848
test_0286.jpg,720,1279,0.9209,0.5629,0.4302,0.2409,31.8507,0.6124,0.5455
test_0287.jpg,720,960,0.6912,0.75,0.4653,0.2113,21.6964,0.4841,0.6122
test_0288.jpg,720,1280,0.9216,0.5625,0.5446,0.172,188.4746,0.098,0.5677
test_0289.jpg,720,960,0.6912,0.75,0.498,0.2216,38.9043,0.2364,0.5419
test_0290.jpg,720,960,0.6912,0.75,0.5807,0.2376,345.0004,0.1225,0.6129
test_0291.jpg,720,960,0.6912,0.75,0.6161,0.1545,211.5095,0.1201,0.658
test_0292.jpg,720,960,0.6912,0.75,0.5005,0.2508,272.8283,0.2753,0.5674
test_0293.jpg,720,960,0.6912,0.75,0.6001,0.1084,242.2521,0.0173,0.6013
test_0294.jpg,900,720,0.648,1.25,0.4687,0.1751,29.6111,0.415,0.5521
test_0295.jpg,960,720,0.6912,1.3333,0.2939,0.1825,57.909,0.2485,0.3311
test_0296.jpg,720,960,0.6912,0.75,0.6735,0.2209,284.0892,0.1122,0.7111
test_0297.jpg,1279,720,0.9209,1.7764,0.418,0.1996,66.3331,0.1632,0.4531
test_0298.jpg,720,960,0.6912,0.75,0.5807,0.2241,26.551,0.1688,0.6272
test_0299.jpg,720,960,0.6912,0.75,0.5068,0.2389,35.4464,0.1987,0.541
test_0300.jpg,720,960,0.6912,0.75,0.5597,0.2481,199.6621,0.1701,0.5991
test_0301.jpg,720,1279,0.9209,0.5629,0.4394,0.162,341.0381,0.2383,0.4998
test_0302.jpg,1028,720,0.7402,1.4278,0.5203,0.1553,212.3214,0.2036,0.5913
test_0303.jpg,960,720,0.6912,1.3333,0.2387,0.1555,236.6174,0.2996,0.2928
test_0304.jpg,720,960,0.6912,0.75,0.6109,0.2417,241.9102,0.1065,0.641
test_0305.jpg,960,720,0.6912,1.3333,0.5146,0.2725,357.6028,0.1589,0.5548
test_0306.jpg,720,960,0.6912,0.75,0.4808,0.3244,216.6002,0.1803,0.5071
test_0307.jpg,720,960,0.6912,0.75,0.5195,0.2325,204.6672,0.18,0.5663
test_0308.jpg,720,960,0.6912,0.75,0.4268,0.1223,5.9967,0.1284,0.4647
test_0309.jpg,720,1558,1.1218,0.4621,0.4327,0.2146,22.5561,0.2684,0.4867
test_0310.jpg,960,720,0.6912,1.3333,0.6026,0.2115,48.8916,0.0717,0.6167
test_0311.jpg,720,720,0.5184,1.0,0.6397,0.2171,214.4583,0.0885,0.6647
test_0312.jpg,720,960,0.6912,0.75,0.4637,0.1819,35.9857,0.7266,0.6179
test_0313.jpg,960,720,0.6912,1.3333,0.3907,0.148,48.0862,0.0634,0.4014
test_0314.jpg,960,720,0.6912,1.3333,0.4959,0.229,218.9232,0.2944,0.5874
test_0315.jpg,720,1279,0.9209,0.5629,0.488,0.2036,38.2038,0.1918,0.5351
test_0316.jpg,720,960,0.6912,0.75,0.6265,0.1657,188.5701,0.1103,0.6611
test_0317.jpg,1280,720,0.9216,1.7778,0.4846,0.2182,338.9391,0.3285,0.5839
test_0318.jpg,1279,720,0.9209,1.7764,0.4784,0.2113,15.6566,0.248,0.5528
test_0319.jpg,960,720,0.6912,1.3333,0.457,0.2529,275.8177,0.192,0.4985
test_0320.jpg,720,960,0.6912,0.75,0.4265,0.2219,74.2714,0.1658,0.4578
test_0321.jpg,720,720,0.5184,1.0,0.496,0.2002,22.2652,0.429,0.613
test_0322.jpg,720,960,0.6912,0.75,0.5584,0.1336,344.7536,0.0454,0.5718
test_0323.jpg,720,960,0.6912,0.75,0.5702,0.2225,47.3276,0.1479,0.5994
test_0324.jpg,720,960,0.6912,0.75,0.49,0.2356,357.8613,0.2172,0.5489
test_0325.jpg,960,720,0.6912,1.3333,0.3859,0.2507,204.342,0.2136,0.4306
test_0326.jpg,720,960,0.6912,0.75,0.4927,0.2021,25.395,0.1659,0.5375
test_0327.jpg,1314,720,0.9461,1.825,0.4825,0.2624,198.5871,0.19,0.5185
test_0328.jpg,960,720,0.6912,1.3333,0.604,0.2169,339.7813,0.1013,0.6266
test_0329.jpg,960,720,0.6912,1.3333,0.5552,0.1254,22.313,0.2434,0.6317
test_0330.jpg,720,960,0.6912,0.75,0.4531,0.2659,336.5129,0.2348,0.4994
test_0331.jpg,720,1447,1.0418,0.4976,0.3545,0.1449,136.2935,0.4408,0.4479
test_0332.jpg,720,960,0.6912,0.75,0.4841,0.2203,350.3671,0.2133,0.5436
test_0333.jpg,960,720,0.6912,1.3333,0.4745,0.1757,228.8773,0.0798,0.4952
test_0334.jpg,961,720,0.6919,1.3347,0.5427,0.275,215.1462,0.3936,0.6852
test_0335.jpg,720,960,0.6912,0.75,0.4882,0.2251,219.6383,0.1998,0.5529
test_0336.jpg,720,960,0.6912,0.75,0.5315,0.1745,310.1865,0.3246,0.6502
test_0337.jpg,720,960,0.6912,0.75,0.4339,0.1921,12.2627,0.3456,0.5289
test_0338.jpg,720,960,0.6912,0.75,0.4986,0.195,20.8486,0.2439,0.5656
test_0339.jpg,720,960,0.6912,0.75,0.4321,0.1748,23.6368,0.6976,0.6298
test_0340.jpg,720,960,0.6912,0.75,0.5853,0.2414,102.3734,0.1133,0.6219
test_0341.jpg,720,960,0.6912,0.75,0.5615,0.2157,42.8484,0.1162,0.5807
test_0342.jpg,720,960,0.6912,0.75,0.4676,0.1822,212.8553,0.2255,0.5531
test_0343.jpg,720,960,0.6912,0.75,0.5344,0.2179,228.753,0.0712,0.5504
test_0344.jpg,720,960,0.6912,0.75,0.5673,0.2585,214.9576,0.1348,0.6029
test_0345.jpg,720,960,0.6912,0.75,0.507,0.2149,23.837,0.2712,0.5777
test_0346.jpg,720,960,0.6912,0.75,0.4955,0.2399,44.4858,0.3773,0.5735
test_0347.jpg,720,960,0.6912,0.75,0.3204,0.2583,17.0823,0.4224,0.4293
test_0348.jpg,720,960,0.6912,0.75,0.5703,0.2575,15.4093,0.1406,0.6018
test_0349.jpg,720,960,0.6912,0.75,0.4842,0.2607,110.9515,0.2451,0.5225
test_0350.jpg,720,960,0.6912,0.75,0.3753,0.1981,66.1658,0.1879,0.3981
test_0351.jpg,720,720,0.5184,1.0,0.4752,0.1928,28.3295,0.1763,0.5322
test_0352.jpg,720,960,0.6912,0.75,0.4214,0.1599,59.643,0.1876,0.4486
test_0353.jpg,720,960,0.6912,0.75,0.4853,0.2355,4.8883,0.163,0.5215
test_0354.jpg,720,960,0.6912,0.75,0.295,0.1941,40.7857,0.484,0.3718
test_0355.jpg,720,960,0.6912,0.75,0.4485,0.2849,61.7176,0.1783,0.4745
test_0356.jpg,720,1560,1.1232,0.4615,0.7078,0.3114,15.9655,0.1243,0.7369
test_0357.jpg,720,960,0.6912,0.75,0.5948,0.2468,216.1161,0.1479,0.652
test_0358.jpg,1111,720,0.7999,1.5431,0.4208,0.1677,215.09,0.5066,0.6106
test_0359.jpg,720,960,0.6912,0.75,0.4724,0.2243,36.7832,0.1554,0.5056
test_0360.jpg,960,720,0.6912,1.3333,0.4032,0.2204,64.8028,0.1745,0.4399
test_0361.jpg,720,960,0.6912,0.75,0.418,0.2248,33.0553,0.2575,0.4712
test_0362.jpg,720,960,0.6912,0.75,0.4705,0.2197,43.6775,0.1731,0.506
test_0363.jpg,720,941,0.6775,0.7651,0.6604,0.096,54.5583,0.1793,0.6945
test_0364.jpg,720,720,0.5184,1.0,0.4101,0.243,19.4184,0.2071,0.4513
test_0365.jpg,720,960,0.6912,0.75,0.4477,0.1978,15.5507,0.1542,0.4821
test_0366.jpg,720,960,0.6912,0.75,0.543,0.2803,219.8701,0.2201,0.6088
test_0367.jpg,1080,720,0.7776,1.5,0.4978,0.2683,196.6752,0.4042,0.614
test_0368.jpg,720,960,0.6912,0.75,0.4965,0.2492,333.2263,0.2894,0.5817
test_0369.jpg,1320,720,0.9504,1.8333,0.4725,0.2624,35.9117,0.2344,0.5206
test_0370.jpg,720,960,0.6912,0.75,0.618,0.2378,30.1597,0.1397,0.6541
test_0371.jpg,720,960,0.6912,0.75,0.5332,0.2342,35.941,0.119,0.5526
test_0372.jpg,720,720,0.5184,1.0,0.4532,0.1537,226.6407,0.4789,0.6553
test_0373.jpg,720,960,0.6912,0.75,0.5306,0.2241,45.8757,0.2059,0.5725
test_0374.jpg,720,960,0.6912,0.75,0.4247,0.1926,344.9569,0.2047,0.4863
test_0375.jpg,720,960,0.6912,0.75,0.3935,0.2051,275.0376,0.3027,0.4727
test_0376.jpg,720,960,0.6912,0.75,0.4919,0.1509,214.3963,0.3581,0.6579
test_0377.jpg,720,960,0.6912,0.75,0.5628,0.155,46.7395,0.2219,0.6261
test_0378.jpg,720,1279,0.9209,0.5629,0.5075,0.299,191.4424,0.158,0.5438
test_0379.jpg,720,960,0.6912,0.75,0.3868,0.2113,20.5538,0.4156,0.4669
test_0380.jpg,720,960,0.6912,0.75,0.4639,0.2313,190.9491,0.2664,0.5428
test_0381.jpg,960,720,0.6912,1.3333,0.4313,0.2528,9.578,0.3246,0.5231
test_0382.jpg,720,960,0.6912,0.75,0.4833,0.2154,30.2594,0.1219,0.5089
test_0383.jpg,720,720,0.5184,1.0,0.6146,0.1832,36.9119,0.16,0.6563
test_0384.jpg,720,960,0.6912,0.75,0.4463,0.2241,23.1522,0.2067,0.4902
test_0385.jpg,720,960,0.6912,0.75,0.6594,0.2217,237.2068,0.2102,0.7566
test_0386.jpg,720,960,0.6912,0.75,0.5493,0.1936,183.1261,0.1173,0.5747
test_0387.jpg,720,1280,0.9216,0.5625,0.4564,0.2325,167.4864,0.1703,0.4842
test_0388.jpg,720,960,0.6912,0.75,0.5718,0.2516,27.4461,0.1905,0.6124
test_0389.jpg,720,960,0.6912,0.75,0.419,0.288,64.1204,0.1801,0.4481
test_0390.jpg,720,960,0.6912,0.75,0.4339,0.2231,37.5296,0.1911,0.479
test_0391.jpg,720,720,0.5184,1.0,0.5027,0.1881,25.4619,0.2263,0.5652
test_0392.jpg,720,960,0.6912,0.75,0.4568,0.1996,80.9059,0.3259,0.4961
test_0393.jpg,720,960,0.6912,0.75,0.39,0.1917,153.5129,0.1941,0.4221
test_0394.jpg,960,720,0.6912,1.3333,0.4301,0.0823,6.3206,0.0701,0.4433
test_0395.jpg,720,1280,0.9216,0.5625,0.6189,0.1466,280.3884,0.1594,0.6682
test_0396.jpg,720,960,0.6912,0.75,0.5986,0.223,38.1684,0.1693,0.6351
test_0397.jpg,720,960,0.6912,0.75,0.4916,0.2624,65.8109,0.1492,0.5114
test_0398.jpg,720,960,0.6912,0.75,0.5078,0.215,16.6496,0.1663,0.546
test_0399.jpg,720,960,0.6912,0.75,0.3679,0.2136,28.7719,0.2494,0.4206
test_0400.jpg,720,960,0.6912,0.75,0.6464,0.2469,50.7206,0.1531,0.6747
test_0401.jpg,720,960,0.6912,0.75,0.3702,0.1715,207.6638,0.1642,0.403
test_0402.jpg,960,720,0.6912,1.3333,0.5551,0.2567,209.0729,0.0915,0.5844
test_0403.jpg,720,960,0.6912,0.75,0.4707,0.2744,221.0445,0.1229,0.4996
test_0404.jpg,720,1280,0.9216,0.5625,0.4189,0.171,323.9808,0.2448,0.4803
test_0405.jpg,720,960,0.6912,0.75,0.5119,0.1894,207.7073,0.2936,0.6382
test_0406.jpg,720,1279,0.9209,0.5629,0.4559,0.2415,253.7345,0.2933,0.5492
test_0407.jpg,720,757,0.545,0.9511,0.462,0.2926,259.7604,0.2317,0.5137
test_0408.jpg,720,960,0.6912,0.75,0.496,0.2407,44.8752,0.2066,0.5257
test_0409.jpg,720,1280,0.9216,0.5625,0.5777,0.2732,60.6798,0.1329,0.6046
test_0410.jpg,720,960,0.6912,0.75,0.4596,0.2174,172.7885,0.092,0.4803
test_0411.jpg,720,960,0.6912,0.75,0.4729,0.2372,59.4517,0.1955,0.5095
test_0412.jpg,720,960,0.6912,0.75,0.4565,0.2429,16.4942,0.2288,0.5106
test_0413.jpg,960,720,0.6912,1.3333,0.3373,0.1461,229.6992,0.276,0.4125
test_0414.jpg,720,1560,1.1232,0.4615,0.2198,0.2853,232.4686,0.2326,0.265
test_0415.jpg,720,960,0.6912,0.75,0.5281,0.3174,214.0457,0.1301,0.5482
test_0416.jpg,720,960,0.6912,0.75,0.2177,0.2218,123.2496,0.3223,0.2432
test_0417.jpg,720,1280,0.9216,0.5625,0.4418,0.2146,208.4127,0.2609,0.5141
test_0418.jpg,960,720,0.6912,1.3333,0.4679,0.2397,49.7066,0.2157,0.5064
test_0419.jpg,720,960,0.6912,0.75,0.6459,0.2186,229.0186,0.0363,0.649
test_0420.jpg,720,960,0.6912,0.75,0.461,0.2337,63.157,0.1943,0.5092
test_0421.jpg,720,960,0.6912,0.75,0.4577,0.2496,42.7697,0.0902,0.4736
test_0422.jpg,1048,720,0.7546,1.4556,0.4717,0.2265,187.1264,0.2396,0.5259
test_0423.jpg,720,960,0.6912,0.75,0.3297,0.2213,224.9043,0.3345,0.4147
test_0424.jpg,720,960,0.6912,0.75,0.4619,0.1641,27.9022,0.201,0.509
test_0425.jpg,720,960,0.6912,0.75,0.5382,0.2136,258.6409,0.0602,0.5509
test_0426.jpg,960,720,0.6912,1.3333,0.4833,0.2521,213.7484,0.3495,0.6161
test_0427.jpg,720,960,0.6912,0.75,0.5339,0.2586,61.7635,0.1699,0.5666
test_0428.jpg,960,720,0.6912,1.3333,0.4347,0.2781,295.9153,0.1332,0.459
test_0429.jpg,960,720,0.6912,1.3333,0.4144,0.102,214.7087,0.8296,0.9087
test_0430.jpg,960,720,0.6912,1.3333,0.2983,0.2008,224.8209,0.3736,0.401
test_0431.jpg,1279,720,0.9209,1.7764,0.4089,0.1872,275.1505,0.3836,0.5171
test_0432.jpg,720,960,0.6912,0.75,0.4589,0.2761,242.5657,0.0924,0.4825
test_0433.jpg,720,960,0.6912,0.75,0.6197,0.2149,93.5345,0.061,0.6311
test_0434.jpg,1061,720,0.7639,1.4736,0.516,0.2226,222.3091,0.2203,0.5964
test_0435.jpg,720,785,0.5652,0.9172,0.4566,0.2234,76.3375,0.2053,0.4895
test_0436.jpg,720,960,0.6912,0.75,0.5311,0.1956,36.5256,0.1188,0.5549
test_0437.jpg,720,960,0.6912,0.75,0.4166,0.2753,10.9154,0.2372,0.4745
test_0438.jpg,720,960,0.6912,0.75,0.5946,0.1052,121.5542,0.1189,0.6235
test_0439.jpg,720,960,0.6912,0.75,0.6241,0.1619,12.2302,0.061,0.6382
test_0440.jpg,720,960,0.6912,0.75,0.475,0.2638,18.9476,0.0787,0.4905
test_0441.jpg,720,960,0.6912,0.75,0.4717,0.16,203.4533,0.3769,0.5926
test_0442.jpg,720,960,0.6912,0.75,0.5138,0.2592,29.0302,0.3008,0.569
test_0443.jpg,720,960,0.6912,0.75,0.4388,0.1944,44.5149,0.1033,0.4582
test_0444.jpg,960,720,0.6912,1.3333,0.3681,0.1959,299.8701,0.2306,0.4116
test_0445.jpg,720,720,0.5184,1.0,0.5504,0.2493,41.8369,0.1212,0.5797
test_0446.jpg,720,960,0.6912,0.75,0.3086,0.227,108.9223,0.2122,0.3431
test_0447.jpg,720,960,0.6912,0.75,0.584,0.0648,9.9439,0.0745,0.6144
test_0448.jpg,960,720,0.6912,1.3333,0.5964,0.1906,31.2394,0.0753,0.6085
test_0449.jpg,1332,720,0.959,1.85,0.3152,0.1854,245.3628,0.1767,0.357
test_0450.jpg,1280,720,0.9216,1.7778,0.4681,0.2556,34.212,0.243,0.5168
test_0451.jpg,720,960,0.6912,0.75,0.4157,0.265,100.6178,0.3757,0.4916
test_0452.jpg,720,960,0.6912,0.75,0.6224,0.2043,32.5878,0.2216,0.6817
test_0453.jpg,720,960,0.6912,0.75,0.5217,0.2133,199.4537,0.2711,0.6145
test_0454.jpg,720,960,0.6912,0.75,0.5078,0.2293,29.8629,0.3927,0.6115
test_0455.jpg,720,960,0.6912,0.75,0.4173,0.1714,84.2088,0.6286,0.4916
test_0456.jpg,720,960,0.6912,0.75,0.5159,0.2476,75.3926,0.2041,0.5529
test_0457.jpg,720,960,0.6912,0.75,0.4601,0.2125,186.5248,0.1477,0.4886
test_0458.jpg,720,960,0.6912,0.75,0.5939,0.2395,40.8566,0.2154,0.6364
test_0459.jpg,720,960,0.6912,0.75,0.5487,0.2414,201.6989,0.2031,0.6086
test_0460.jpg,872,720,0.6278,1.2111,0.3605,0.2041,104.1447,0.209,0.3978
test_0461.jpg,960,720,0.6912,1.3333,0.4743,0.2189,114.4233,0.0839,0.4911
test_0462.jpg,720,960,0.6912,0.75,0.5338,0.2354,40.2942,0.1893,0.5737
test_0463.jpg,720,960,0.6912,0.75,0.5537,0.2008,43.4163,0.0458,0.5659
test_0464.jpg,720,1558,1.1218,0.4621,0.4407,0.2297,23.5102,0.3506,0.5203
test_0465.jpg,720,960,0.6912,0.75,0.6314,0.093,38.4753,0.1993,0.6751
test_0466.jpg,720,960,0.6912,0.75,0.5087,0.2661,222.0842,0.2938,0.6071
test_0467.jpg,720,960,0.6912,0.75,0.4466,0.2428,34.2945,0.2428,0.485
test_0468.jpg,720,960,0.6912,0.75,0.4452,0.2115,206.4349,0.2103,0.5081
test_0469.jpg,720,960,0.6912,0.75,0.372,0.2008,37.0098,0.3085,0.4321
test_0470.jpg,960,720,0.6912,1.3333,0.3794,0.2626,215.0956,0.2314,0.4295
test_0471.jpg,1378,720,0.9922,1.9139,0.6681,0.3084,358.3391,0.189,0.7342
test_0472.jpg,720,1280,0.9216,0.5625,0.452,0.1768,33.7805,0.2211,0.4848
test_0473.jpg,960,720,0.6912,1.3333,0.5141,0.1639,305.4496,0.3879,0.6325
test_0474.jpg,720,960,0.6912,0.75,0.5079,0.2428,23.1085,0.2374,0.5601
test_0475.jpg,720,960,0.6912,0.75,0.4239,0.1796,336.5728,0.2373,0.5004
test_0476.jpg,960,720,0.6912,1.3333,0.5429,0.228,39.7003,0.1054,0.5679
test_0477.jpg,720,960,0.6912,0.75,0.5346,0.141,252.7849,0.1018,0.5693
test_0478.jpg,720,960,0.6912,0.75,0.4597,0.2638,243.209,0.1725,0.5019
test_0479.jpg,720,960,0.6912,0.75,0.4897,0.1889,188.9574,0.179,0.5305
test_0480.jpg,720,960,0.6912,0.75,0.4659,0.1856,45.114,0.1988,0.5057
test_0481.jpg,1320,720,0.9504,1.8333,0.4231,0.2764,27.9323,0.3773,0.5072
test_0482.jpg,720,933,0.6718,0.7717,0.1935,0.1964,14.4374,0.8034,0.3075
test_0483.jpg,720,960,0.6912,0.75,0.4906,0.3307,21.9005,0.079,0.5047
test_0484.jpg,720,960,0.6912,0.75,0.5234,0.2233,225.6877,0.0412,0.536
test_0485.jpg,720,1280,0.9216,0.5625,0.5444,0.192,38.429,0.1042,0.5671
test_0486.jpg,720,960,0.6912,0.75,0.4769,0.1907,37.158,0.1722,0.5128
test_0487.jpg,720,960,0.6912,0.75,0.4474,0.219,237.3619,0.2939,0.5334
test_0488.jpg,720,960,0.6912,0.75,0.5123,0.194,217.7674,0.2668,0.6151
test_0489.jpg,720,720,0.5184,1.0,0.4829,0.1871,305.7447,0.2967,0.5755
test_0490.jpg,960,720,0.6912,1.3333,0.6103,0.254,68.2336,0.0901,0.6283
test_0491.jpg,720,960,0.6912,0.75,0.2072,0.1898,223.9667,0.3699,0.2493
test_0492.jpg,720,720,0.5184,1.0,0.331,0.22,351.0158,0.1495,0.3576
test_0493.jpg,720,720,0.5184,1.0,0.5137,0.3102,15.6754,0.1279,0.5385
test_0494.jpg,720,960,0.6912,0.75,0.5589,0.1582,5.3722,0.2363,0.644
test_0495.jpg,720,960,0.6912,0.75,0.5067,0.2536,304.0505,0.1386,0.5381
test_0496.jpg,720,960,0.6912,0.75,0.4933,0.25,205.2873,0.1406,0.5285
test_0497.jpg,960,720,0.6912,1.3333,0.4804,0.2047,148.9449,0.1262,0.5056
test_0498.jpg,960,720,0.6912,1.3333,0.5047,0.1609,78.9169,0.2149,0.5548
test_0499.jpg,720,960,0.6912,0.75,0.6407,0.1786,27.6908,0.2292,0.7071
test_0500.jpg,720,960,0.6912,0.75,0.3975,0.1938,230.6168,0.2287,0.4653
test_0501.jpg,720,960,0.6912,0.75,0.3311,0.1958,238.4792,0.1389,0.357
test_0502.jpg,720,1280,0.9216,0.5625,0.6677,0.3329,260.4786,0.1182,0.6918
test_0503.jpg,720,960,0.6912,0.75,0.6001,0.1513,39.9468,0.0459,0.6133
test_0504.jpg,720,864,0.6221,0.8333,0.4264,0.2413,17.3406,0.2649,0.483
test_0505.jpg,1280,720,0.9216,1.7778,0.255,0.1919,35.8449,0.27,0.29
test_0506.jpg,720,960,0.6912,0.75,0.4894,0.2156,208.0509,0.361,0.5963
test_0507.jpg,720,960,0.6912,0.75,0.4462,0.2363,66.0714,0.1609,0.4772
test_0508.jpg,720,1481,1.0663,0.4862,0.3128,0.2676,34.5413,0.361,0.3744
test_0509.jpg,720,960,0.6912,0.75,0.5216,0.2019,18.5241,0.3717,0.6425
test_0510.jpg,960,720,0.6912,1.3333,0.4547,0.2706,306.1955,0.1237,0.4844
test_0511.jpg,720,960,0.6912,0.75,0.4936,0.2101,245.0937,0.1915,0.5499
test_0512.jpg,720,960,0.6912,0.75,0.5741,0.244,40.1267,0.3056,0.6541
test_0513.jpg,720,720,0.5184,1.0,0.4554,0.2533,19.906,0.1219,0.4848
test_0514.jpg,720,960,0.6912,0.75,0.3004,0.1972,353.8629,0.2282,0.3393
test_0515.jpg,720,960,0.6912,0.75,0.5434,0.1663,31.0981,0.1489,0.5787
test_0516.jpg,720,960,0.6912,0.75,0.2832,0.215,52.1468,0.3798,0.332
test_0517.jpg,720,960,0.6912,0.75,0.5277,0.1654,25.8863,0.3384,0.6267
test_0518.jpg,720,1279,0.9209,0.5629,0.4284,0.2635,248.7647,0.3817,0.5456
test_0519.jpg,720,960,0.6912,0.75,0.3441,0.1929,27.0495,0.2882,0.4028
test_0520.jpg,960,720,0.6912,1.3333,0.4899,0.214,13.2264,0.2489,0.5537
test_0521.jpg,960,720,0.6912,1.3333,0.3544,0.2239,57.4718,0.3352,0.4108
test_0522.jpg,960,720,0.6912,1.3333,0.5501,0.198,268.7808,0.2155,0.6216
test_0523.jpg,720,960,0.6912,0.75,0.2718,0.2052,207.8963,0.3565,0.3523
test_0524.jpg,720,960,0.6912,0.75,0.3972,0.2469,45.0314,0.295,0.4359
test_0525.jpg,720,960,0.6912,0.75,0.5987,0.1901,116.7069,0.0781,0.6078
test_0526.jpg,960,720,0.6912,1.3333,0.5783,0.2387,206.0002,0.1368,0.6175
test_0527.jpg,960,720,0.6912,1.3333,0.4573,0.1901,5.6814,0.2348,0.5316
test_0528.jpg,720,960,0.6912,0.75,0.587,0.2003,95.7125,0.1529,0.6086
test_0529.jpg,720,900,0.648,0.8,0.4049,0.2241,179.6359,0.2141,0.4531
test_0530.jpg,960,720,0.6912,1.3333,0.4039,0.2403,198.446,0.2168,0.4535
test_0531.jpg,720,960,0.6912,0.75,0.5229,0.2419,31.4087,0.1811,0.5531
test_0532.jpg,720,960,0.6912,0.75,0.4832,0.1684,39.2574,0.1343,0.5096
test_0533.jpg,960,720,0.6912,1.3333,0.477,0.2435,233.2455,0.0974,0.4971
test_0534.jpg,960,720,0.6912,1.3333,0.6467,0.1444,28.955,0.0844,0.6639
test_0535.jpg,720,960,0.6912,0.75,0.4901,0.2802,125.8715,0.2096,0.5217
test_0536.jpg,720,1278,0.9202,0.5634,0.3937,0.2508,216.9922,0.2178,0.4413
test_0537.jpg,720,960,0.6912,0.75,0.229,0.2029,25.3756,0.4368,0.2654
test_0538.jpg,720,960,0.6912,0.75,0.4464,0.2084,7.0849,0.232,0.5034
test_0539.jpg,960,720,0.6912,1.3333,0.4378,0.2482,16.924,0.274,0.4986
test_0540.jpg,960,720,0.6912,1.3333,0.516,0.1407,28.5265,0.1037,0.5442
test_0541.jpg,720,960,0.6912,0.75,0.6418,0.2166,85.4953,0.1212,0.6631
test_0542.jpg,720,1558,1.1218,0.4621,0.528,0.2646,131.7219,0.2454,0.5911
test_0543.jpg,720,960,0.6912,0.75,0.5178,0.2263,32.4715,0.2624,0.5737
test_0544.jpg,720,960,0.6912,0.75,0.5026,0.182,19.4384,0.2634,0.5699
test_0545.jpg,720,960,0.6912,0.75,0.3964,0.2587,38.2816,0.329,0.4442
test_0546.jpg,960,720,0.6912,1.3333,0.4108,0.2418,33.3154,0.2136,0.4481
test_0547.jpg,720,960,0.6912,0.75,0.5282,0.236,11.5023,0.1451,0.5742
test_0548.jpg,960,720,0.6912,1.3333,0.4915,0.2318,221.8575,0.1904,0.5495
test_0549.jpg,1280,720,0.9216,1.7778,0.3833,0.2249,57.3241,0.1997,0.4123
test_0550.jpg,720,960,0.6912,0.75,0.5034,0.2058,14.2583,0.1772,0.546
test_0551.jpg,960,720,0.6912,1.3333,0.3039,0.3255,184.5125,0.2964,0.3627
test_0552.jpg,960,720,0.6912,1.3333,0.4488,0.2578,217.8631,0.1166,0.4835
test_0553.jpg,1011,720,0.7279,1.4042,0.4422,0.3062,71.7334,0.398,0.4846
test_0554.jpg,720,1279,0.9209,0.5629,0.4472,0.2594,357.3699,0.1644,0.4793
test_0555.jpg,720,1280,0.9216,0.5625,0.4088,0.2308,273.585,0.2333,0.4621
test_0556.jpg,720,960,0.6912,0.75,0.5409,0.1634,193.4194,0.1932,0.6094
test_0557.jpg,720,960,0.6912,0.75,0.4556,0.2594,28.1673,0.3161,0.5359
test_0558.jpg,720,960,0.6912,0.75,0.4349,0.1669,78.324,0.2808,0.5178
test_0559.jpg,960,720,0.6912,1.3333,0.6596,0.1102,5.5274,0.0462,0.6703
test_0560.jpg,720,960,0.6912,0.75,0.4974,0.2324,22.5544,0.2157,0.5636
test_0561.jpg,720,960,0.6912,0.75,0.4091,0.1937,218.8875,0.1188,0.4354
test_0562.jpg,960,720,0.6912,1.3333,0.3615,0.2234,274.5179,0.3096,0.4424
test_0563.jpg,960,720,0.6912,1.3333,0.6164,0.129,41.2652,0.1065,0.6374
test_0564.jpg,814,720,0.5861,1.1306,0.5099,0.2586,199.9133,0.1053,0.539
test_0565.jpg,720,960,0.6912,0.75,0.4521,0.1755,254.8917,0.2645,0.5335
test_0566.jpg,894,720,0.6437,1.2417,0.5965,0.1472,209.4491,0.0637,0.6111
test_0567.jpg,960,720,0.6912,1.3333,0.5865,0.228,75.8808,0.1215,0.6027
test_0568.jpg,720,960,0.6912,0.75,0.4819,0.1838,56.3506,0.1971,0.5031
test_0569.jpg,720,960,0.6912,0.75,0.3157,0.2463,314.3582,0.2715,0.3693
test_0570.jpg,720,960,0.6912,0.75,0.4768,0.2191,27.0045,0.2928,0.5447
test_0571.jpg,720,960,0.6912,0.75,0.4974,0.2549,68.4005,0.124,0.52
test_0572.jpg,1255,720,0.9036,1.7431,0.5207,0.2232,49.4036,0.1294,0.5468
test_0573.jpg,1280,720,0.9216,1.7778,0.5453,0.2345,104.6991,0.193,0.586
test_0574.jpg,720,960,0.6912,0.75,0.3145,0.182,357.4616,0.3325,0.3854
test_0575.jpg,720,960,0.6912,0.75,0.4474,0.2116,28.9443,0.1187,0.4769
test_0576.jpg,960,720,0.6912,1.3333,0.4589,0.1666,240.3557,0.1638,0.5047
test_0577.jpg,720,960,0.6912,0.75,0.4365,0.2928,27.3682,0.4754,0.5349
test_0578.jpg,720,960,0.6912,0.75,0.5059,0.1798,358.9532,0.253,0.5897
test_0579.jpg,960,720,0.6912,1.3333,0.4934,0.2539,13.2823,0.2851,0.5772
test_0580.jpg,720,960,0.6912,0.75,0.4578,0.2796,260.5171,0.1669,0.4957
test_0581.jpg,720,960,0.6912,0.75,0.3441,0.1537,42.4229,0.1842,0.365
test_0582.jpg,720,960,0.6912,0.75,0.1486,0.1566,263.6771,0.4027,0.2095
test_0583.jpg,720,960,0.6912,0.75,0.5476,0.2112,59.9455,0.1819,0.592
test_0584.jpg,720,960,0.6912,0.75,0.4391,0.2113,119.1984,0.3253,0.5431
test_0585.jpg,720,960,0.6912,0.75,0.4839,0.1865,218.4757,0.0749,0.5005
test_0586.jpg,720,960,0.6912,0.75,0.5248,0.2825,219.9543,0.2726,0.6024
test_0587.jpg,720,960,0.6912,0.75,0.4185,0.2646,18.6039,0.4255,0.4959
test_0588.jpg,720,960,0.6912,0.75,0.4244,0.1822,59.3519,0.1217,0.4513
test_0589.jpg,720,960,0.6912,0.75,0.4724,0.2397,59.0376,0.0996,0.4876
test_0590.jpg,720,960,0.6912,0.75,0.3808,0.2109,79.593,0.2485,0.4228
test_0591.jpg,1320,720,0.9504,1.8333,0.416,0.2103,30.6519,0.1972,0.4481
test_0592.jpg,1080,720,0.7776,1.5,0.3219,0.2072,33.232,0.494,0.4224
test_0593.jpg,720,960,0.6912,0.75,0.3879,0.1385,137.7515,0.3315,0.456
test_0594.jpg,1120,720,0.8064,1.5556,0.7208,0.2561,233.7879,0.2042,0.7818
test_0595.jpg,1297,720,0.9338,1.8014,0.5021,0.2682,31.7595,0.3524,0.5713
test_0596.jpg,720,960,0.6912,0.75,0.3825,0.202,33.4512,0.253,0.4252
test_0597.jpg,720,720,0.5184,1.0,0.389,0.2561,213.5795,0.153,0.4156
test_0598.jpg,720,960,0.6912,0.75,0.4813,0.1883,40.199,0.4059,0.5609
test_0599.jpg,720,1279,0.9209,0.5629,0.3519,0.2091,33.652,0.4396,0.4097
test_0600.jpg,960,720,0.6912,1.3333,0.4261,0.2419,28.2996,0.2221,0.458
test_0601.jpg,960,720,0.6912,1.3333,0.4284,0.2432,146.4857,0.1701,0.4626
test_0602.jpg,720,960,0.6912,0.75,0.5788,0.2624,25.7729,0.1484,0.6209
test_0603.jpg,720,960,0.6912,0.75,0.5502,0.2128,38.048,0.2521,0.5917
test_0604.jpg,720,960,0.6912,0.75,0.445,0.2611,29.6391,0.2337,0.499
test_0605.jpg,960,720,0.6912,1.3333,0.5311,0.2481,19.6418,0.3001,0.5977
test_0606.jpg,720,960,0.6912,0.75,0.4104,0.3231,100.0762,0.2305,0.4309
test_0607.jpg,720,960,0.6912,0.75,0.5663,0.1224,159.5786,0.0483,0.5791
test_0608.jpg,960,720,0.6912,1.3333,0.4851,0.2675,62.4767,0.2219,0.5157
test_0609.jpg,960,720,0.6912,1.3333,0.3529,0.2701,74.8164,0.1794,0.4034
test_0610.jpg,720,960,0.6912,0.75,0.3095,0.1803,70.4311,0.2949,0.3406
test_0611.jpg,720,960,0.6912,0.75,0.5179,0.234,45.1231,0.2725,0.5709
test_0612.jpg,720,918,0.661,0.7843,0.49,0.24,26.3307,0.2945,0.5448
test_0613.jpg,720,1133,0.8158,0.6355,0.5648,0.1999,67.3689,0.1385,0.6082
test_0614.jpg,720,960,0.6912,0.75,0.6641,0.1794,117.9061,0.0594,0.6736
test_0615.jpg,720,960,0.6912,0.75,0.6183,0.1912,44.4152,0.2094,0.6622
test_0616.jpg,720,960,0.6912,0.75,0.4644,0.264,238.7605,0.1023,0.4832
test_0617.jpg,720,960,0.6912,0.75,0.5386,0.2896,209.7254,0.1703,0.5721
test_0618.jpg,960,720,0.6912,1.3333,0.5592,0.2042,313.6505,0.0856,0.5811
test_0619.jpg,962,720,0.6926,1.3361,0.3326,0.2262,354.7745,0.37,0.423
test_0620.jpg,720,960,0.6912,0.75,0.4618,0.1309,219.096,0.2861,0.5637
test_0621.jpg,720,960,0.6912,0.75,0.5997,0.1176,45.1931,0.1041,0.6161
test_0622.jpg,720,960,0.6912,0.75,0.6257,0.1884,22.8831,0.2021,0.6754
test_0623.jpg,960,720,0.6912,1.3333,0.5446,0.2687,289.9001,0.0658,0.5584
test_0624.jpg,720,960,0.6912,0.75,0.474,0.2261,220.5982,0.1503,0.5159
test_0625.jpg,720,960,0.6912,0.75,0.4531,0.2252,266.2753,0.1553,0.4919
test_0626.jpg,960,720,0.6912,1.3333,0.568,0.2768,237.0545,0.0399,0.5739
test_0627.jpg,720,960,0.6912,0.75,0.5672,0.2548,111.555,0.1128,0.5895
test_0628.jpg,720,960,0.6912,0.75,0.5522,0.2714,220.8432,0.1867,0.5985
test_0629.jpg,1280,720,0.9216,1.7778,0.4483,0.2033,15.1014,0.4687,0.5813
test_0630.jpg,720,960,0.6912,0.75,0.5066,0.1761,46.8859,0.3358,0.6158
test_0631.jpg,960,720,0.6912,1.3333,0.4883,0.1804,185.7589,0.109,0.5172
test_0632.jpg,720,960,0.6912,0.75,0.5166,0.1848,55.9529,0.298,0.5915
test_0633.jpg,960,720,0.6912,1.3333,0.4715,0.2263,20.2054,0.4086,0.5824
test_0634.jpg,720,865,0.6228,0.8324,0.4495,0.1568,19.0497,0.3397,0.5457
test_0635.jpg,720,960,0.6912,0.75,0.4574,0.2281,13.0573,0.4507,0.615
test_0636.jpg,720,960,0.6912,0.75,0.5583,0.2083,81.4456,0.1282,0.5813
test_0637.jpg,960,720,0.6912,1.3333,0.3929,0.2155,37.8869,0.2581,0.4413
test_0638.jpg,720,960,0.6912,0.75,0.4053,0.2506,64.8293,0.2339,0.4486
test_0639.jpg,720,1280,0.9216,0.5625,0.4911,0.2113,173.6855,0.1459,0.5266
test_0640.jpg,960,720,0.6912,1.3333,0.4512,0.2135,204.8564,0.2277,0.5037
test_0641.jpg,960,720,0.6912,1.3333,0.5162,0.2751,6.888,0.1324,0.5418
test_0642.jpg,720,1279,0.9209,0.5629,0.442,0.1947,6.8853,0.2926,0.5104
test_0643.jpg,723,720,0.5206,1.0042,0.4535,0.2126,272.4025,0.2381,0.5295
test_0644.jpg,720,960,0.6912,0.75,0.5214,0.2318,75.7812,0.1248,0.5379
test_0645.jpg,720,960,0.6912,0.75,0.418,0.1867,300.2463,0.2345,0.4918
test_0646.jpg,720,960,0.6912,0.75,0.2808,0.1944,242.8494,0.2148,0.313
test_0647.jpg,960,720,0.6912,1.3333,0.4771,0.2077,289.8681,0.2407,0.5328
test_0648.jpg,720,960,0.6912,0.75,0.4914,0.2639,220.6924,0.1927,0.5378
test_0649.jpg,720,960,0.6912,0.75,0.445,0.198,219.6731,0.2887,0.5482
test_0650.jpg,720,1560,1.1232,0.4615,0.271,0.32,35.3331,0.159,0.294
test_0651.jpg,720,960,0.6912,0.75,0.404,0.1864,204.1266,0.4181,0.5431
test_0652.jpg,720,960,0.6912,0.75,0.4999,0.2164,28.4673,0.1678,0.5408
test_0653.jpg,720,960,0.6912,0.75,0.3521,0.2263,36.5801,0.3624,0.4135
test_0654.jpg,720,1080,0.7776,0.6667,0.2977,0.2384,294.6039,0.3896,0.3668
test_0655.jpg,720,960,0.6912,0.75,0.2914,0.1767,41.2456,0.2601,0.3443
test_0656.jpg,720,960,0.6912,0.75,0.4447,0.2369,22.066,0.3943,0.5336
test_0657.jpg,720,720,0.5184,1.0,0.5552,0.1619,213.694,0.2012,0.6238
test_0658.jpg,960,720,0.6912,1.3333,0.5388,0.3027,45.4536,0.4118,0.6329
test_0659.jpg,720,960,0.6912,0.75,0.1777,0.249,298.3957,0.3419,0.2274
test_0660.jpg,720,960,0.6912,0.75,0.5603,0.2098,308.9198,0.1873,0.6086
test_0661.jpg,1280,720,0.9216,1.7778,0.4739,0.2465,36.1761,0.2063,0.5091
test_0662.jpg,960,720,0.6912,1.3333,0.3096,0.1631,351.5477,0.2629,0.3703
test_0663.jpg,720,720,0.5184,1.0,0.4574,0.1975,50.0859,0.1373,0.481
test_0664.jpg,720,960,0.6912,0.75,0.5084,0.2223,329.7918,0.1188,0.5398
test_0665.jpg,720,960,0.6912,0.75,0.5387,0.2235,87.723,0.2295,0.5954
test_0666.jpg,720,960,0.6912,0.75,0.4712,0.1851,217.0144,0.2,0.5316
test_0667.jpg,720,960,0.6912,0.75,0.55,0.2281,12.1325,0.3177,0.6683
test_0668.jpg,720,1280,0.9216,0.5625,0.5841,0.2524,255.05,0.0759,0.6075
test_0669.jpg,720,960,0.6912,0.75,0.5279,0.1768,19.2315,0.3634,0.6306
test_0670.jpg,960,720,0.6912,1.3333,0.5469,0.2778,355.6331,0.1393,0.5827
test_0671.jpg,1280,720,0.9216,1.7778,0.5105,0.1424,217.0463,0.1033,0.5443
test_0672.jpg,960,720,0.6912,1.3333,0.4806,0.1939,65.9224,0.2665,0.5636
test_0673.jpg,720,960,0.6912,0.75,0.4662,0.2135,186.4712,0.1687,0.5073
test_0674.jpg,720,960,0.6912,0.75,0.3905,0.2168,19.8024,0.3173,0.5081
test_0675.jpg,720,1279,0.9209,0.5629,0.4569,0.2381,61.5287,0.2016,0.4956
test_0676.jpg,960,720,0.6912,1.3333,0.4882,0.2011,25.5925,0.2735,0.5522
test_0677.jpg,720,960,0.6912,0.75,0.3236,0.2604,240.2956,0.3445,0.3846
test_0678.jpg,720,960,0.6912,0.75,0.5078,0.2001,22.8112,0.2371,0.5732
test_0679.jpg,960,720,0.6912,1.3333,0.4755,0.2673,253.9955,0.2104,0.5319
test_0680.jpg,720,960,0.6912,0.75,0.5393,0.144,66.1011,0.1118,0.5581
test_0681.jpg,720,1279,0.9209,0.5629,0.5313,0.2037,289.9949,0.146,0.571
test_0682.jpg,720,720,0.5184,1.0,0.2951,0.2285,86.3765,0.3708,0.351
test_0683.jpg,960,720,0.6912,1.3333,0.4509,0.2122,13.7759,0.2337,0.5042
test_0684.jpg,720,1280,0.9216,0.5625,0.5032,0.2318,171.3615,0.2595,0.5502
test_0685.jpg,1279,720,0.9209,1.7764,0.5217,0.2193,193.7586,0.1222,0.5488
test_0686.jpg,720,960,0.6912,0.75,0.4681,0.2054,343.9629,0.2576,0.5517
test_0687.jpg,720,960,0.6912,0.75,0.4184,0.1925,34.9803,0.3005,0.4909
test_0688.jpg,1022,720,0.7358,1.4194,0.3159,0.1997,26.9875,0.2776,0.3868
test_0689.jpg,720,720,0.5184,1.0,0.4985,0.1917,30.8943,0.2264,0.5501
test_0690.jpg,720,960,0.6912,0.75,0.4648,0.2628,217.339,0.1409,0.4981
test_0691.jpg,720,960,0.6912,0.75,0.4712,0.1414,81.219,0.2939,0.5121
test_0692.jpg,720,750,0.54,0.96,0.6036,0.1554,42.5592,0.1202,0.6248
test_0693.jpg,720,720,0.5184,1.0,0.557,0.2041,320.3057,0.1208,0.6002
test_0694.jpg,720,960,0.6912,0.75,0.4642,0.1755,42.5352,0.1475,0.48
test_0695.jpg,720,960,0.6912,0.75,0.3322,0.2467,231.2832,0.1786,0.3944
test_0696.jpg,960,720,0.6912,1.3333,0.4881,0.2602,337.006,0.1558,0.5213
test_0697.jpg,720,960,0.6912,0.75,0.5514,0.2092,211.4995,0.1874,0.6177
test_0698.jpg,720,960,0.6912,0.75,0.579,0.2804,23.8706,0.1781,0.6264
test_0699.jpg,720,960,0.6912,0.75,0.5054,0.2732,325.2314,0.3211,0.599
test_0700.jpg,960,720,0.6912,1.3333,0.4379,0.2263,18.2606,0.2278,0.5026
test_0701.jpg,720,960,0.6912,0.75,0.4275,0.2646,303.1027,0.1852,0.472
test_0702.jpg,720,960,0.6912,0.75,0.4194,0.24,339.8607,0.3092,0.532
test_0703.jpg,720,960,0.6912,0.75,0.5664,0.2024,36.9181,0.1805,0.6134
test_0704.jpg,720,960,0.6912,0.75,0.4318,0.2907,293.7174,0.3099,0.5153
test_0705.jpg,720,960,0.6912,0.75,0.4582,0.1639,358.9885,0.4153,0.6092
test_0706.jpg,960,720,0.6912,1.3333,0.5611,0.2361,42.8004,0.1908,0.5997
test_0707.jpg,720,1558,1.1218,0.4621,0.5721,0.2491,30.0857,0.1508,0.6037
test_0708.jpg,720,960,0.6912,0.75,0.4912,0.227,225.739,0.2445,0.5744
test_0709.jpg,720,960,0.6912,0.75,0.4767,0.2137,210.3958,0.2283,0.5536
test_0710.jpg,720,960,0.6912,0.75,0.5024,0.2209,42.4426,0.1175,0.5245
test_0711.jpg,720,960,0.6912,0.75,0.2948,0.1682,34.2307,0.5093,0.3591
test_0712.jpg,960,720,0.6912,1.3333,0.4743,0.2282,50.4126,0.1953,0.5117
test_0713.jpg,720,960,0.6912,0.75,0.5449,0.1997,50.3023,0.0994,0.5629
test_0714.jpg,1051,720,0.7567,1.4597,0.457,0.2196,71.65,0.2929,0.4953
test_0715.jpg,720,960,0.6912,0.75,0.3175,0.183,55.0256,0.1774,0.3537
test_0716.jpg,960,720,0.6912,1.3333,0.5317,0.2416,144.9018,0.087,0.5506
test_0717.jpg,960,720,0.6912,1.3333,0.4338,0.2052,267.1567,0.1359,0.4773
test_0718.jpg,720,960,0.6912,0.75,0.4385,0.2336,165.7454,0.3453,0.5073
test_0719.jpg,720,960,0.6912,0.75,0.5758,0.1919,41.3232,0.3022,0.6528
test_0720.jpg,720,960,0.6912,0.75,0.4649,0.2011,100.1115,0.1578,0.4928
test_0721.jpg,720,720,0.5184,1.0,0.4936,0.2228,16.2657,0.2995,0.5702
test_0722.jpg,720,960,0.6912,0.75,0.4608,0.2912,206.8355,0.0662,0.4756
test_0723.jpg,720,960,0.6912,0.75,0.4984,0.2427,275.6866,0.116,0.5201
test_0724.jpg,720,960,0.6912,0.75,0.6558,0.2124,27.3299,0.137,0.684
test_0725.jpg,960,720,0.6912,1.3333,0.4255,0.227,44.0984,0.2472,0.4661
test_0726.jpg,720,960,0.6912,0.75,0.3922,0.2536,33.9888,0.2377,0.4463
test_0727.jpg,720,864,0.6221,0.8333,0.2302,0.1126,42.6229,0.2083,0.2522
test_0728.jpg,960,720,0.6912,1.3333,0.396,0.1836,9.9904,0.2628,0.4576
test_0729.jpg,720,960,0.6912,0.75,0.5944,0.1499,36.905,0.2408,0.6424
test_0730.jpg,720,960,0.6912,0.75,0.6162,0.2246,7.4153,0.1143,0.651
test_0731.jpg,720,960,0.6912,0.75,0.3773,0.3254,113.0074,0.1387,0.39
test_0732.jpg,1217,720,0.8762,1.6903,0.6192,0.1977,224.1693,0.0476,0.6314
test_0733.jpg,720,960,0.6912,0.75,0.302,0.2085,28.001,0.5603,0.3872
test_0734.jpg,720,960,0.6912,0.75,0.5032,0.1629,30.339,0.1973,0.5459
test_0735.jpg,720,960,0.6912,0.75,0.458,0.2001,35.602,0.2346,0.5009
test_0736.jpg,720,960,0.6912,0.75,0.4996,0.2009,58.2457,0.1767,0.5231
test_0737.jpg,720,960,0.6912,0.75,0.4708,0.2344,14.2269,0.4025,0.5911
test_0738.jpg,720,960,0.6912,0.75,0.3252,0.2217,27.4745,0.4438,0.4
test_0739.jpg,720,960,0.6912,0.75,0.531,0.2778,208.4431,0.0467,0.5422
test_0740.jpg,720,988,0.7114,0.7287,0.5767,0.186,8.6826,0.2423,0.6576
test_0741.jpg,720,960,0.6912,0.75,0.5292,0.1288,35.6712,0.2293,0.5871
test_0742.jpg,720,960,0.6912,0.75,0.4341,0.2223,333.7408,0.2064,0.4871
test_0743.jpg,720,960,0.6912,0.75,0.6893,0.1752,22.4492,0.1057,0.7213
test_0744.jpg,960,720,0.6912,1.3333,0.456,0.2619,23.9195,0.4095,0.5545
test_0745.jpg,720,1280,0.9216,0.5625,0.1086,0.1276,61.0143,0.2243,0.116
test_0746.jpg,960,720,0.6912,1.3333,0.4615,0.1737,82.4144,0.2717,0.5199
test_0747.jpg,720,1280,0.9216,0.5625,0.4891,0.178,35.0253,0.3744,0.5702
test_0748.jpg,720,960,0.6912,0.75,0.5549,0.2044,27.9471,0.2795,0.6244
test_0749.jpg,720,960,0.6912,0.75,0.4972,0.2791,198.4355,0.1553,0.5269
test_0750.jpg,720,960,0.6912,0.75,0.4866,0.2748,35.0359,0.1867,0.5177
test_0751.jpg,1279,720,0.9209,1.7764,0.4597,0.1639,21.3133,0.1684,0.4967
test_0752.jpg,720,1280,0.9216,0.5625,0.5047,0.2753,23.2513,0.2278,0.5558
test_0753.jpg,720,960,0.6912,0.75,0.455,0.203,12.6881,0.2998,0.5395
test_0754.jpg,960,720,0.6912,1.3333,0.4795,0.2528,341.2156,0.1739,0.5226
test_0755.jpg,720,960,0.6912,0.75,0.624,0.2265,193.2354,0.1933,0.6856
test_0756.jpg,720,960,0.6912,0.75,0.5181,0.1964,23.3348,0.2241,0.5823
test_0757.jpg,720,960,0.6912,0.75,0.4089,0.232,330.752,0.2436,0.4673
test_0758.jpg,720,960,0.6912,0.75,0.4595,0.2613,9.7051,0.2028,0.5029
test_0759.jpg,960,720,0.6912,1.3333,0.3906,0.248,199.2689,0.528,0.5578
test_0760.jpg,720,960,0.6912,0.75,0.5333,0.2397,308.3618,0.155,0.5896
test_0761.jpg,783,720,0.5638,1.0875,0.3909,0.2315,21.1127,0.2664,0.4475
test_0762.jpg,960,720,0.6912,1.3333,0.4935,0.2349,194.2831,0.3553,0.6063
test_0763.jpg,720,960,0.6912,0.75,0.4873,0.2166,204.8021,0.1616,0.5256
test_0764.jpg,720,1279,0.9209,0.5629,0.4347,0.199,220.1578,0.2263,0.5114
test_0765.jpg,720,960,0.6912,0.75,0.5577,0.2756,204.8093,0.172,0.6054
test_0766.jpg,960,720,0.6912,1.3333,0.6506,0.0975,88.5927,0.0435,0.6626
test_0767.jpg,1279,720,0.9209,1.7764,0.6468,0.1693,24.8405,0.0994,0.6741
test_0768.jpg,720,960,0.6912,0.75,0.3154,0.2076,207.2565,0.5935,0.4455
test_0769.jpg,720,960,0.6912,0.75,0.4593,0.2096,220.2304,0.2832,0.5452
test_0770.jpg,720,960,0.6912,0.75,0.438,0.2319,41.4201,0.1637,0.471
test_0771.jpg,720,960,0.6912,0.75,0.5481,0.2503,60.7051,0.1981,0.5858
test_0772.jpg,720,960,0.6912,0.75,0.4988,0.2362,46.5165,0.1525,0.5292
test_0773.jpg,720,960,0.6912,0.75,0.3948,0.2164,225.5317,0.1291,0.4204
test_0774.jpg,720,960,0.6912,0.75,0.3864,0.2444,229.2265,0.2501,0.466
test_0775.jpg,1279,720,0.9209,1.7764,0.4934,0.1633,243.3056,0.1155,0.5268
test_0776.jpg,960,720,0.6912,1.3333,0.4908,0.221,213.6651,0.3589,0.6259
test_0777.jpg,720,960,0.6912,0.75,0.6534,0.1941,171.2664,0.1213,0.6837
test_0778.jpg,720,720,0.5184,1.0,0.3963,0.2326,205.0371,0.2914,0.4571
test_0779.jpg,720,960,0.6912,0.75,0.4995,0.1788,337.6298,0.1891,0.5545
test_0780.jpg,864,720,0.6221,1.2,0.5575,0.2589,128.6435,0.3021,0.6321
test_0781.jpg,720,960,0.6912,0.75,0.5756,0.1317,33.2589,0.1613,0.6142
test_0782.jpg,720,960,0.6912,0.75,0.362,0.1231,29.3468,0.222,0.396
test_0783.jpg,1320,720,0.9504,1.8333,0.5245,0.2845,35.2177,0.3071,0.5726
test_0784.jpg,720,1279,0.9209,0.5629,0.2534,0.1416,289.0186,0.4899,0.4173
test_0785.jpg,720,960,0.6912,0.75,0.5731,0.2418,85.0391,0.2401,0.6395
test_0786.jpg,720,1280,0.9216,0.5625,0.5021,0.2368,354.0195,0.1686,0.544
test_0787.jpg,960,720,0.6912,1.3333,0.4222,0.2514,38.8992,0.2452,0.4705
test_0788.jpg,720,960,0.6912,0.75,0.4723,0.1811,35.1099,0.3351,0.5535
test_0789.jpg,720,1558,1.1218,0.4621,0.7023,0.1207,51.9611,0.3314,0.7578
test_0790.jpg,720,960,0.6912,0.75,0.4265,0.2696,214.3462,0.1434,0.4502
test_0791.jpg,1080,720,0.7776,1.5,0.4461,0.2209,33.1144,0.1376,0.4741
test_0792.jpg,720,960,0.6912,0.75,0.5742,0.2746,55.1049,0.265,0.6302
test_0793.jpg,720,960,0.6912,0.75,0.4813,0.2251,209.1019,0.1816,0.525
test_0794.jpg,720,960,0.6912,0.75,0.5285,0.2023,31.959,0.2309,0.5925
test_0795.jpg,720,960,0.6912,0.75,0.5726,0.158,74.8835,0.1347,0.5987
test_0796.jpg,720,960,0.6912,0.75,0.5666,0.1927,29.7384,0.0959,0.5927
test_0797.jpg,720,960,0.6912,0.75,0.5076,0.1996,26.4951,0.4513,0.6256
test_0798.jpg,960,720,0.6912,1.3333,0.4587,0.2006,120.9083,0.2527,0.5011
test_0799.jpg,909,720,0.6545,1.2625,0.4047,0.2604,34.6863,0.4584,0.4723
test_0800.jpg,960,720,0.6912,1.3333,0.4453,0.2042,46.8416,0.1972,0.4903
test_0801.jpg,720,960,0.6912,0.75,0.493,0.22,196.5169,0.1507,0.5278
test_0802.jpg,720,960,0.6912,0.75,0.4698,0.289,229.852,0.0845,0.4903
test_0803.jpg,720,960,0.6912,0.75,0.512,0.2441,140.9207,0.2067,0.5477
test_0804.jpg,720,960,0.6912,0.75,0.3136,0.2279,21.0253,0.1851,0.3647
test_0805.jpg,960,720,0.6912,1.3333,0.4761,0.2119,4.0891,0.2488,0.5515
test_0806.jpg,1320,720,0.9504,1.8333,0.5002,0.2879,23.9955,0.2136,0.5474
test_0807.jpg,960,720,0.6912,1.3333,0.3567,0.3023,234.7013,0.2959,0.4057
test_0808.jpg,960,720,0.6912,1.3333,0.1889,0.1628,227.4797,0.6643,0.3398
test_0809.jpg,720,960,0.6912,0.75,0.6756,0.2292,20.8937,0.1696,0.7183
test_0810.jpg,720,1279,0.9209,0.5629,0.4456,0.2615,51.1749,0.2812,0.5017
test_0811.jpg,720,960,0.6912,0.75,0.5233,0.2173,34.9061,0.3282,0.6008
test_0812.jpg,720,1600,1.152,0.45,0.1858,0.258,214.594,0.0658,0.2041
test_0813.jpg,720,1561,1.1239,0.4612,0.311,0.2875,45.6921,0.0718,0.32
test_0814.jpg,720,960,0.6912,0.75,0.4838,0.2183,39.396,0.2345,0.5175
test_0815.jpg,720,960,0.6912,0.75,0.5071,0.2377,28.2628,0.1491,0.5353
test_0816.jpg,960,720,0.6912,1.3333,0.3169,0.2367,354.7245,0.2116,0.3548
test_0817.jpg,960,720,0.6912,1.3333,0.4552,0.1813,25.006,0.2662,0.5163
test_0818.jpg,720,1279,0.9209,0.5629,0.44,0.2308,101.5849,0.1888,0.4802
test_0819.jpg,720,960,0.6912,0.75,0.3355,0.2511,34.1965,0.2878,0.3746
test_0820.jpg,720,960,0.6912,0.75,0.563,0.1713,27.8391,0.1221,0.5966
test_0821.jpg,720,960,0.6912,0.75,0.41,0.2518,335.3203,0.228,0.4581
test_0822.jpg,720,960,0.6912,0.75,0.4591,0.2878,237.0986,0.2182,0.5263
test_0823.jpg,1279,720,0.9209,1.7764,0.4769,0.2614,28.5648,0.1894,0.5208
test_0824.jpg,720,960,0.6912,0.75,0.5238,0.2128,202.2602,0.1069,0.5488
test_0825.jpg,960,720,0.6912,1.3333,0.4633,0.2433,125.7088,0.1806,0.4969
test_0826.jpg,720,960,0.6912,0.75,0.6519,0.2279,144.8287,0.1108,0.6747
test_0827.jpg,720,960,0.6912,0.75,0.2833,0.1651,19.134,0.5098,0.422
test_0828.jpg,720,1279,0.9209,0.5629,0.3904,0.2167,4.1294,0.4601,0.5243
test_0829.jpg,720,960,0.6912,0.75,0.5572,0.1884,53.7138,0.1032,0.5665
test_0830.jpg,960,720,0.6912,1.3333,0.4251,0.1633,354.5701,0.2188,0.4983
test_0831.jpg,720,960,0.6912,0.75,0.3435,0.2714,73.7595,0.332,0.4048
test_0832.jpg,720,1558,1.1218,0.4621,0.5202,0.1975,354.687,0.1474,0.5654
test_0833.jpg,720,720,0.5184,1.0,0.5814,0.2282,190.1562,0.1974,0.6311
test_0834.jpg,720,960,0.6912,0.75,0.395,0.2192,246.4585,0.2648,0.4687
test_0835.jpg,1351,720,0.9727,1.8764,0.4666,0.2001,214.5993,0.4191,0.6254
test_0836.jpg,960,720,0.6912,1.3333,0.4834,0.2083,20.7519,0.1923,0.5286
test_0837.jpg,720,1279,0.9209,0.5629,0.3759,0.2276,358.1233,0.2122,0.4212
test_0838.jpg,720,960,0.6912,0.75,0.4685,0.1905,43.3684,0.2238,0.5118
test_0839.jpg,720,1599,1.1513,0.4503,0.6174,0.1441,354.1922,0.0459,0.6292
test_0840.jpg,720,960,0.6912,0.75,0.4676,0.2554,46.3082,0.2028,0.5047
test_0841.jpg,960,720,0.6912,1.3333,0.4108,0.2299,71.0279,0.2145,0.4535
test_0842.jpg,720,960,0.6912,0.75,0.5304,0.2123,359.0439,0.3616,0.6849
test_0843.jpg,720,960,0.6912,0.75,0.3649,0.211,51.549,0.2589,0.3969
test_0844.jpg,720,960,0.6912,0.75,0.4368,0.2189,32.577,0.3612,0.5061
test_0845.jpg,1145,720,0.8244,1.5903,0.3642,0.254,228.2268,0.3023,0.4293
test_0846.jpg,720,960,0.6912,0.75,0.2933,0.1454,54.5518,0.2917,0.3151
test_0847.jpg,720,960,0.6912,0.75,0.4625,0.2348,236.4993,0.2392,0.536
test_0848.jpg,960,720,0.6912,1.3333,0.5222,0.2074,7.4401,0.1073,0.5527
test_0849.jpg,720,960,0.6912,0.75,0.6322,0.1286,39.0889,0.1309,0.6651
test_0850.jpg,1068,720,0.769,1.4833,0.5175,0.2179,106.1763,0.257,0.5637
test_0851.jpg,720,960,0.6912,0.75,0.5287,0.2794,28.0353,0.1794,0.5677
test_0852.jpg,720,960,0.6912,0.75,0.5555,0.2709,33.4271,0.2422,0.6192
test_0853.jpg,720,960,0.6912,0.75,0.4921,0.2571,27.3102,0.287,0.5393
test_0854.jpg,720,960,0.6912,0.75,0.4389,0.2506,183.848,0.2419,0.4803
test_0855.jpg,720,960,0.6912,0.75,0.5827,0.2253,34.2892,0.1359,0.5979
test_0856.jpg,720,960,0.6912,0.75,0.5018,0.2729,212.0666,0.2746,0.5793
test_0857.jpg,720,1280,0.9216,0.5625,0.5134,0.2163,23.5361,0.2121,0.5804
test_0858.jpg,720,960,0.6912,0.75,0.6459,0.155,216.2416,0.0429,0.6497
test_0859.jpg,720,1559,1.1225,0.4618,0.9191,0.1768,27.0515,0.0719,0.9467
test_0860.jpg,720,960,0.6912,0.75,0.5265,0.2274,28.8186,0.2164,0.5745
test_0861.jpg,720,960,0.6912,0.75,0.5177,0.1871,63.2016,0.1336,0.5318
test_0862.jpg,720,960,0.6912,0.75,0.6619,0.2077,19.2771,0.1368,0.6909
test_0863.jpg,720,960,0.6912,0.75,0.5177,0.211,19.7472,0.1456,0.552
test_0864.jpg,960,720,0.6912,1.3333,0.4308,0.2151,101.4049,0.1481,0.4549
test_0865.jpg,720,960,0.6912,0.75,0.5586,0.1662,208.3246,0.147,0.61
test_0866.jpg,720,960,0.6912,0.75,0.4675,0.2283,75.1338,0.2455,0.489
test_0867.jpg,720,960,0.6912,0.75,0.444,0.204,124.9113,0.2046,0.4884
test_0868.jpg,720,960,0.6912,0.75,0.5029,0.251,84.3036,0.2139,0.5236
test_0869.jpg,720,960,0.6912,0.75,0.2417,0.1926,229.8331,0.6113,0.4729
test_0870.jpg,720,960,0.6912,0.75,0.4309,0.2048,200.0224,0.1075,0.4565
test_0871.jpg,720,960,0.6912,0.75,0.5131,0.2406,43.2447,0.234,0.5512
test_0872.jpg,720,960,0.6912,0.75,0.4797,0.2015,78.8158,0.1327,0.5038
test_0873.jpg,720,960,0.6912,0.75,0.5299,0.2382,112.3986,0.1578,0.5642
test_0874.jpg,720,960,0.6912,0.75,0.1046,0.1044,62.4741,0.43,0.1172
test_0875.jpg,960,720,0.6912,1.3333,0.4961,0.2419,27.1053,0.3078,0.5693
test_0876.jpg,960,720,0.6912,1.3333,0.4448,0.1765,259.9825,0.2287,0.5059
test_0877.jpg,960,720,0.6912,1.3333,0.3591,0.1419,34.4428,0.112,0.3742
test_0878.jpg,960,720,0.6912,1.3333,0.3146,0.1579,332.4712,0.4063,0.4039
test_0879.jpg,720,960,0.6912,0.75,0.3292,0.166,356.6147,0.4972,0.4481
test_0880.jpg,720,960,0.6912,0.75,0.4753,0.2726,58.1231,0.2176,0.5262
test_0881.jpg,720,960,0.6912,0.75,0.4514,0.1969,5.9287,0.2889,0.5603
test_0882.jpg,720,720,0.5184,1.0,0.5604,0.2442,17.7608,0.155,0.6015
test_0883.jpg,720,960,0.6912,0.75,0.6003,0.2535,226.0368,0.1222,0.6184
test_0884.jpg,720,960,0.6912,0.75,0.4699,0.2506,80.7672,0.1765,0.4993
test_0885.jpg,960,720,0.6912,1.3333,0.4663,0.2694,27.1974,0.2528,0.5168
test_0886.jpg,720,960,0.6912,0.75,0.5449,0.2444,30.5143,0.2477,0.5917
test_0887.jpg,720,960,0.6912,0.75,0.4001,0.1983,38.3326,0.1908,0.4293
test_0888.jpg,960,720,0.6912,1.3333,0.5286,0.2901,257.521,0.0625,0.5396
test_0889.jpg,720,960,0.6912,0.75,0.3814,0.2381,19.1586,0.3207,0.4457
test_0890.jpg,1319,720,0.9497,1.8319,0.3843,0.1878,68.6649,0.2247,0.414
test_0891.jpg,720,960,0.6912,0.75,0.4707,0.2433,358.5262,0.1916,0.5202
test_0892.jpg,960,720,0.6912,1.3333,0.4319,0.2313,33.6053,0.277,0.4899
test_0893.jpg,720,960,0.6912,0.75,0.5752,0.2555,34.5806,0.1404,0.609
test_0894.jpg,720,960,0.6912,0.75,0.4679,0.2314,20.0198,0.22,0.536
test_0895.jpg,720,960,0.6912,0.75,0.6191,0.2011,209.6362,0.0909,0.6463
test_0896.jpg,960,720,0.6912,1.3333,0.2569,0.1681,241.5539,0.2562,0.2941
test_0897.jpg,720,960,0.6912,0.75,0.4131,0.1893,342.2827,0.317,0.4993
test_0898.jpg,720,960,0.6912,0.75,0.3776,0.2273,26.9027,0.2391,0.4301
test_0899.jpg,720,960,0.6912,0.75,0.4708,0.2015,24.4671,0.2554,0.5193
test_0900.jpg,720,960,0.6912,0.75,0.4112,0.2131,238.512,0.1982,0.4641
test_0901.jpg,720,720,0.5184,1.0,0.4805,0.2538,66.7341,0.1668,0.5162
test_0902.jpg,720,960,0.6912,0.75,0.4919,0.2113,34.9612,0.3483,0.5736
test_0903.jpg,960,720,0.6912,1.3333,0.4613,0.1935,91.7721,0.2332,0.511
test_0904.jpg,960,720,0.6912,1.3333,0.3859,0.2395,24.0344,0.0654,0.4002
test_0905.jpg,720,960,0.6912,0.75,0.4502,0.2434,168.4542,0.1864,0.4861
test_0906.jpg,720,960,0.6912,0.75,0.5018,0.1626,226.487,0.1325,0.5579
test_0907.jpg,720,960,0.6912,0.75,0.5261,0.2699,199.9672,0.179,0.5662
test_0908.jpg,720,720,0.5184,1.0,0.4103,0.2719,229.1722,0.3752,0.4773
test_0909.jpg,1166,720,0.8395,1.6194,0.4858,0.1201,221.5419,0.5233,0.7678
test_0910.jpg,720,720,0.5184,1.0,0.5869,0.2172,166.4557,0.5715,0.7239
test_0911.jpg,960,720,0.6912,1.3333,0.3326,0.2251,192.078,0.3042,0.3899
test_0912.jpg,825,720,0.594,1.1458,0.3887,0.2509,216.4668,0.335,0.4705
test_0913.jpg,720,960,0.6912,0.75,0.6032,0.1766,83.6893,0.1324,0.6397
test_0914.jpg,720,960,0.6912,0.75,0.5327,0.2845,315.0241,0.1364,0.555
test_0915.jpg,720,960,0.6912,0.75,0.5121,0.2256,40.5389,0.1493,0.5356
test_0916.jpg,960,720,0.6912,1.3333,0.3989,0.2086,357.7799,0.2611,0.4564
test_0917.jpg,720,960,0.6912,0.75,0.485,0.2733,46.0027,0.2492,0.5394
test_0918.jpg,720,960,0.6912,0.75,0.5044,0.1481,10.2972,0.1718,0.5644
test_0919.jpg,960,720,0.6912,1.3333,0.5446,0.2595,136.4637,0.2698,0.6113
test_0920.jpg,960,720,0.6912,1.3333,0.5305,0.1561,29.2021,0.2169,0.5859
test_0921.jpg,960,720,0.6912,1.3333,0.4173,0.1595,50.5813,0.1817,0.4382
test_0922.jpg,720,960,0.6912,0.75,0.4285,0.2118,358.2531,0.1403,0.4583
test_0923.jpg,720,1279,0.9209,0.5629,0.559,0.1816,210.7521,0.2463,0.6528
test_0924.jpg,960,720,0.6912,1.3333,0.3423,0.3233,195.9768,0.2882,0.3788
test_0925.jpg,720,960,0.6912,0.75,0.2212,0.2247,31.9451,0.2422,0.2644
test_0926.jpg,960,720,0.6912,1.3333,0.5631,0.2915,103.8966,0.1801,0.5857
test_0927.jpg,720,960,0.6912,0.75,0.4838,0.2693,39.1297,0.2876,0.527
test_0928.jpg,960,720,0.6912,1.3333,0.5236,0.2204,170.0973,0.0771,0.5342
test_0929.jpg,720,960,0.6912,0.75,0.3962,0.1986,24.9922,0.2593,0.4547
test_0930.jpg,720,960,0.6912,0.75,0.7886,0.0714,37.1402,0.0331,0.7955
test_0931.jpg,720,960,0.6912,0.75,0.4973,0.1742,18.9433,0.1788,0.5342
test_0932.jpg,720,960,0.6912,0.75,0.5125,0.2074,29.9208,0.3951,0.6031
test_0933.jpg,960,720,0.6912,1.3333,0.5765,0.2097,225.128,0.1524,0.6226
test_0934.jpg,1279,720,0.9209,1.7764,0.1068,0.1607,13.9834,0.1335,0.1218
test_0935.jpg,720,960,0.6912,0.75,0.4462,0.2391,32.6697,0.2827,0.5065
test_0936.jpg,720,960,0.6912,0.75,0.4308,0.2569,11.9508,0.2015,0.4782
test_0937.jpg,960,720,0.6912,1.3333,0.4149,0.2414,167.8327,0.1642,0.4348
test_0938.jpg,720,960,0.6912,0.75,0.3185,0.1834,17.4186,0.299,0.3919
test_0939.jpg,720,960,0.6912,0.75,0.3805,0.2487,32.3843,0.2304,0.4252
test_0940.jpg,720,960,0.6912,0.75,0.4396,0.2569,70.8627,0.2049,0.4764
test_0941.jpg,720,960,0.6912,0.75,0.5672,0.2338,34.5836,0.3172,0.6372
test_0942.jpg,720,960,0.6912,0.75,0.3001,0.199,6.2253,0.4361,0.393
test_0943.jpg,720,960,0.6912,0.75,0.4789,0.1837,29.1147,0.4067,0.5614
test_0944.jpg,720,960,0.6912,0.75,0.4337,0.1764,168.6996,0.1143,0.4579
test_0945.jpg,720,960,0.6912,0.75,0.5024,0.2593,34.6388,0.2132,0.5497
test_0946.jpg,720,960,0.6912,0.75,0.6097,0.1083,35.2505,0.0576,0.6185
test_0947.jpg,720,960,0.6912,0.75,0.4458,0.2722,25.4573,0.1567,0.4704
test_0948.jpg,1280,720,0.9216,1.7778,0.4987,0.2041,218.5092,0.1359,0.5389
test_0949.jpg,720,960,0.6912,0.75,0.4863,0.2096,12.7478,0.4378,0.6176
test_0950.jpg,720,960,0.6912,0.75,0.4543,0.2429,31.7083,0.1873,0.4872
test_0951.jpg,960,720,0.6912,1.3333,0.4764,0.1619,203.8794,0.2025,0.5339
test_0952.jpg,720,960,0.6912,0.75,0.4873,0.2308,31.3268,0.2136,0.5407
test_0953.jpg,720,960,0.6912,0.75,0.4474,0.2465,327.0842,0.2153,0.5005
test_0954.jpg,720,720,0.5184,1.0,0.4968,0.1883,31.172,0.2773,0.5587
test_0955.jpg,720,960,0.6912,0.75,0.4407,0.2652,227.1074,0.3058,0.5286
test_0956.jpg,720,960,0.6912,0.75,0.5262,0.1936,68.7888,0.1928,0.5711
test_0957.jpg,1279,720,0.9209,1.7764,0.5129,0.1939,52.8606,0.3129,0.6078
test_0958.jpg,960,720,0.6912,1.3333,0.4135,0.2126,80.1311,0.2227,0.455
test_0959.jpg,720,960,0.6912,0.75,0.5617,0.1825,38.4974,0.1488,0.5902
test_0960.jpg,720,960,0.6912,0.75,0.5931,0.1928,23.4732,0.1651,0.6312
test_0961.jpg,720,960,0.6912,0.75,0.4542,0.2438,21.8425,0.503,0.5773
test_0962.jpg,720,960,0.6912,0.75,0.5871,0.2127,209.1943,0.2248,0.6772
test_0963.jpg,720,960,0.6912,0.75,0.6203,0.199,210.7221,0.2107,0.6905
test_0964.jpg,960,720,0.6912,1.3333,0.5315,0.2035,193.7902,0.1246,0.5564
test_0965.jpg,720,960,0.6912,0.75,0.4569,0.2033,122.7366,0.1843,0.4874
test_0966.jpg,720,960,0.6912,0.75,0.4683,0.2687,189.2942,0.1686,0.5134
test_0967.jpg,720,960,0.6912,0.75,0.4839,0.271,73.1352,0.126,0.5044
test_0968.jpg,720,960,0.6912,0.75,0.438,0.2097,247.6192,0.1451,0.4847
test_0969.jpg,720,960,0.6912,0.75,0.4863,0.1392,48.1303,0.1102,0.503
test_0970.jpg,720,960,0.6912,0.75,0.5755,0.1864,38.0614,0.22,0.6185
test_0971.jpg,960,720,0.6912,1.3333,0.4648,0.226,142.4715,0.1897,0.4987
test_0972.jpg,960,720,0.6912,1.3333,0.506,0.2326,36.7329,0.1891,0.554
test_0973.jpg,720,960,0.6912,0.75,0.631,0.222,38.8437,0.1201,0.6511
test_0974.jpg,720,720,0.5184,1.0,0.6599,0.2783,30.3364,0.1286,0.6853
test_0975.jpg,720,720,0.5184,1.0,0.6184,0.1523,31.3563,0.1889,0.6678
test_0976.jpg,1279,720,0.9209,1.7764,0.5944,0.1433,27.7031,0.0896,0.6205
test_0977.jpg,1084,720,0.7805,1.5056,0.5193,0.2171,209.9179,0.2015,0.5797
test_0978.jpg,720,826,0.5947,0.8717,0.4564,0.1621,49.2304,0.1727,0.4824
test_0979.jpg,960,720,0.6912,1.3333,0.4369,0.2452,33.0922,0.1527,0.4609
test_0980.jpg,960,720,0.6912,1.3333,0.5374,0.1777,47.5675,0.2731,0.5871
test_0981.jpg,720,960,0.6912,0.75,0.443,0.2467,48.4069,0.1424,0.459
test_0982.jpg,720,960,0.6912,0.75,0.325,0.2534,85.3901,0.2836,0.3821
test_0983.jpg,720,1279,0.9209,0.5629,0.2771,0.1768,67.4289,0.2303,0.3057
test_0984.jpg,720,960,0.6912,0.75,0.4313,0.1982,19.8162,0.5285,0.6305
test_0985.jpg,720,960,0.6912,0.75,0.5746,0.1902,194.7782,0.2347,0.6509
test_0986.jpg,720,960,0.6912,0.75,0.4687,0.1908,65.4539,0.1441,0.4914
test_0987.jpg,720,1280,0.9216,0.5625,0.3768,0.1711,45.159,0.2731,0.417
test_0988.jpg,720,960,0.6912,0.75,0.4817,0.2031,251.2801,0.2503,0.5662
test_0989.jpg,720,960,0.6912,0.75,0.5145,0.2065,21.2878,0.2018,0.5559
test_0990.jpg,960,720,0.6912,1.3333,0.4654,0.283,355.6873,0.1737,0.5018
test_0991.jpg,720,960,0.6912,0.75,0.5352,0.1512,46.0881,0.0715,0.5441
test_0992.jpg,720,960,0.6912,0.75,0.5476,0.1804,23.2701,0.1669,0.5987
test_0993.jpg,720,772,0.5558,0.9326,0.4065,0.2535,22.7747,0.3996,0.4702
test_0994.jpg,1279,720,0.9209,1.7764,0.493,0.199,27.9091,0.2227,0.5438
test_0995.jpg,720,960,0.6912,0.75,0.5443,0.281,212.3591,0.1736,0.5948
test_0996.jpg,960,720,0.6912,1.3333,0.4517,0.2045,221.0765,0.274,0.5322
test_0997.jpg,720,960,0.6912,0.75,0.4619,0.2703,56.7775,0.3498,0.4959
test_0998.jpg,720,960,0.6912,0.75,0.4729,0.2535,42.2889,0.1582,0.4992
test_0999.jpg,960,720,0.6912,1.3333,0.5185,0.1827,247.8501,0.098,0.545
test_1000.jpg,720,960,0.6912,0.75,0.3135,0.2092,71.6091,0.2296,0.3349
test_1001.jpg,720,960,0.6912,0.75,0.4654,0.2369,27.861,0.3751,0.5516
test_1002.jpg,720,960,0.6912,0.75,0.3902,0.1757,11.6219,0.4479,0.4875
test_1003.jpg,960,720,0.6912,1.3333,0.4131,0.1844,31.5794,0.4167,0.506
test_1004.jpg,720,960,0.6912,0.75,0.4556,0.1693,23.137,0.5526,0.5989
test_1005.jpg,720,960,0.6912,0.75,0.4664,0.2757,170.0284,0.3068,0.5457
test_1006.jpg,720,960,0.6912,0.75,0.6118,0.1666,344.1594,0.0725,0.6315
test_1007.jpg,720,960,0.6912,0.75,0.3423,0.2457,102.6929,0.1841,0.3599
test_1008.jpg,720,960,0.6912,0.75,0.4423,0.2516,183.0618,0.3191,0.5228
test_1009.jpg,720,960,0.6912,0.75,0.404,0.2115,223.3631,0.192,0.4597
test_1010.jpg,720,960,0.6912,0.75,0.3419,0.2187,34.3412,0.3077,0.389
test_1011.jpg,960,720,0.6912,1.3333,0.5551,0.1852,29.8141,0.1267,0.5895
test_1012.jpg,960,720,0.6912,1.3333,0.3045,0.1859,227.4136,0.3406,0.432
test_1013.jpg,720,960,0.6912,0.75,0.5563,0.2472,32.5067,0.1368,0.5789
test_1014.jpg,720,960,0.6912,0.75,0.6137,0.1649,48.2283,0.3295,0.6622
test_1015.jpg,720,960,0.6912,0.75,0.3753,0.2096,50.7313,0.2998,0.4275
test_1016.jpg,720,960,0.6912,0.75,0.5888,0.235,346.4906,0.1343,0.6364
test_1017.jpg,720,960,0.6912,0.75,0.6327,0.1779,37.5347,0.1384,0.6634
test_1018.jpg,720,720,0.5184,1.0,0.5262,0.2805,40.6527,0.0867,0.5432
test_1019.jpg,720,960,0.6912,0.75,0.4455,0.2618,352.7705,0.3023,0.5187
test_1020.jpg,720,960,0.6912,0.75,0.342,0.2099,349.2667,0.174,0.3832
test_1021.jpg,720,960,0.6912,0.75,0.4682,0.2071,20.346,0.204,0.511
test_1022.jpg,720,819,0.5897,0.8791,0.4848,0.233,152.1023,0.1544,0.5112
test_1023.jpg,720,960,0.6912,0.75,0.6014,0.2452,154.8395,0.1281,0.6294
test_1024.jpg,960,720,0.6912,1.3333,0.5035,0.2342,206.3018,0.1803,0.5473
test_1025.jpg,720,960,0.6912,0.75,0.5468,0.2771,42.7874,0.216,0.5833
test_1026.jpg,720,900,0.648,0.8,0.5415,0.2251,257.0961,0.1858,0.5974
test_1027.jpg,1280,720,0.9216,1.7778,0.4319,0.2077,195.2698,0.2021,0.4809
test_1028.jpg,720,960,0.6912,0.75,0.5111,0.2342,315.978,0.3428,0.6172
test_1029.jpg,973,720,0.7006,1.3514,0.4353,0.1894,314.0686,0.131,0.4687
test_1030.jpg,960,720,0.6912,1.3333,0.4377,0.1889,170.5772,0.1605,0.4745
test_1031.jpg,1280,720,0.9216,1.7778,0.6106,0.2786,122.9054,0.1112,0.6302
test_1032.jpg,960,720,0.6912,1.3333,0.4766,0.2017,346.8104,0.2424,0.5533
test_1033.jpg,960,720,0.6912,1.3333,0.4455,0.2322,40.5903,0.1408,0.47
test_1034.jpg,960,720,0.6912,1.3333,0.5392,0.1881,42.3177,0.209,0.599
test_1035.jpg,720,960,0.6912,0.75,0.5719,0.2174,308.2981,0.1165,0.6005
test_1036.jpg,720,960,0.6912,0.75,0.5048,0.1875,41.3712,0.3971,0.5779
test_1037.jpg,915,720,0.6588,1.2708,0.3776,0.2673,49.0183,0.2995,0.4183
test_1038.jpg,720,960,0.6912,0.75,0.3514,0.2617,14.3549,0.606,0.5046
test_1039.jpg,960,720,0.6912,1.3333,0.4536,0.2195,21.57,0.1509,0.4851
test_1040.jpg,720,960,0.6912,0.75,0.4686,0.2422,192.9487,0.2695,0.5316
test_1041.jpg,1279,720,0.9209,1.7764,0.5182,0.239,74.673,0.2719,0.5639
test_1042.jpg,720,960,0.6912,0.75,0.5858,0.2041,154.7744,0.097,0.6064
test_1043.jpg,720,949,0.6833,0.7587,0.3922,0.226,60.7711,0.2602,0.4237
test_1044.jpg,960,720,0.6912,1.3333,0.3679,0.2536,57.6008,0.1932,0.3897
test_1045.jpg,720,960,0.6912,0.75,0.4851,0.2421,124.093,0.1636,0.5257
test_1046.jpg,960,720,0.6912,1.3333,0.3801,0.1371,251.9039,0.1848,0.4461
test_1047.jpg,960,720,0.6912,1.3333,0.3816,0.2241,236.1139,0.2429,0.4394
test_1048.jpg,720,960,0.6912,0.75,0.3644,0.1806,15.722,0.1216,0.4001
test_1049.jpg,960,720,0.6912,1.3333,0.3074,0.2082,262.7335,0.2463,0.3668
test_1050.jpg,720,960,0.6912,0.75,0.4986,0.2141,351.969,0.103,0.5285
test_1051.jpg,720,960,0.6912,0.75,0.4368,0.2052,47.007,0.1883,0.4647
test_1052.jpg,720,960,0.6912,0.75,0.3406,0.2039,208.7532,0.2379,0.3848
test_1053.jpg,720,960,0.6912,0.75,0.3893,0.3055,17.6281,0.431,0.455
test_1054.jpg,720,960,0.6912,0.75,0.4625,0.2406,25.879,0.3022,0.5311
test_1055.jpg,720,720,0.5184,1.0,0.5146,0.2127,31.0822,0.3582,0.6
test_1056.jpg,720,960,0.6912,0.75,0.44,0.2148,18.9067,0.4699,0.5759
test_1057.jpg,720,960,0.6912,0.75,0.5509,0.1645,57.1169,0.1767,0.5847
test_1058.jpg,720,960,0.6912,0.75,0.5884,0.1782,29.9182,0.0893,0.6037
test_1059.jpg,720,960,0.6912,0.75,0.5527,0.1768,35.5269,0.3022,0.6183
test_1060.jpg,720,960,0.6912,0.75,0.5205,0.2426,355.7071,0.2587,0.6078
test_1061.jpg,720,960,0.6912,0.75,0.5342,0.179,23.6124,0.1225,0.5626
test_1062.jpg,720,960,0.6912,0.75,0.1841,0.1966,294.8491,0.2221,0.2037
test_1063.jpg,720,960,0.6912,0.75,0.4255,0.1919,20.5982,0.335,0.506
test_1064.jpg,720,960,0.6912,0.75,0.4617,0.2503,74.7497,0.1391,0.4859
test_1065.jpg,720,960,0.6912,0.75,0.3248,0.1524,358.4156,0.1202,0.3457
test_1066.jpg,720,960,0.6912,0.75,0.4175,0.2013,116.4113,0.2387,0.4579
test_1067.jpg,720,960,0.6912,0.75,0.4658,0.2131,32.1296,0.2124,0.5047
test_1068.jpg,720,960,0.6912,0.75,0.4097,0.1947,21.6542,0.2157,0.4541
test_1069.jpg,960,720,0.6912,1.3333,0.4518,0.2495,25.2575,0.3301,0.5383
test_1070.jpg,720,720,0.5184,1.0,0.5054,0.1236,205.7793,0.3511,0.6441
test_1071.jpg,1280,720,0.9216,1.7778,0.4843,0.2328,119.5391,0.2205,0.5317
test_1072.jpg,720,960,0.6912,0.75,0.3916,0.1887,6.8997,0.5025,0.5349
test_1073.jpg,720,1279,0.9209,0.5629,0.419,0.1856,191.3466,0.2276,0.4703
test_1074.jpg,720,960,0.6912,0.75,0.4547,0.23,70.0405,0.2104,0.4857
test_1075.jpg,960,720,0.6912,1.3333,0.5173,0.1855,232.8041,0.106,0.5463
test_1076.jpg,720,960,0.6912,0.75,0.4208,0.1897,58.3888,0.2319,0.458
test_1077.jpg,720,960,0.6912,0.75,0.5264,0.2995,45.7687,0.1045,0.5448
test_1078.jpg,960,720,0.6912,1.3333,0.498,0.2141,120.6362,0.2546,0.5529
test_1079.jpg,720,960,0.6912,0.75,0.2951,0.2461,297.5348,0.4424,0.3875
test_1080.jpg,720,960,0.6912,0.75,0.2644,0.1891,28.8776,0.2562,0.2913
test_1081.jpg,720,960,0.6912,0.75,0.4097,0.2125,335.7474,0.2014,0.4592
test_1082.jpg,720,960,0.6912,0.75,0.4195,0.2618,207.6273,0.2056,0.4636
test_1083.jpg,720,874,0.6293,0.8238,0.3939,0.2826,22.0176,0.1835,0.4197
test_1084.jpg,720,1280,0.9216,0.5625,0.6615,0.2182,15.756,0.1273,0.6921
test_1085.jpg,720,960,0.6912,0.75,0.496,0.1909,219.9845,0.3066,0.606
test_1086.jpg,720,960,0.6912,0.75,0.6547,0.162,27.6105,0.0413,0.665
test_1087.jpg,720,960,0.6912,0.75,0.619,0.1661,42.0272,0.1457,0.6489
test_1088.jpg,960,720,0.6912,1.3333,0.4746,0.222,41.8771,0.1415,0.4984
test_1089.jpg,720,959,0.6905,0.7508,0.465,0.2379,309.3354,0.2869,0.5504
test_1090.jpg,720,960,0.6912,0.75,0.425,0.2029,98.3658,0.2158,0.4842
test_1091.jpg,960,720,0.6912,1.3333,0.4354,0.2194,82.1552,0.1353,0.4627
test_1092.jpg,720,960,0.6912,0.75,0.4951,0.2824,97.1441,0.2174,0.5541
test_1093.jpg,720,960,0.6912,0.75,0.5228,0.1937,88.6653,0.1976,0.5725
test_1094.jpg,720,1280,0.9216,0.5625,0.5293,0.2443,7.1452,0.2188,0.6101
test_1095.jpg,720,960,0.6912,0.75,0.5249,0.2031,211.9606,0.1086,0.553
test_1096.jpg,720,960,0.6912,0.75,0.5382,0.1866,211.0388,0.1536,0.5822
test_1097.jpg,720,1600,1.152,0.45,0.4223,0.263,200.8749,0.2122,0.4746
test_1098.jpg,720,960,0.6912,0.75,0.5574,0.203,190.6738,0.145,0.5994
test_1099.jpg,720,960,0.6912,0.75,0.4335,0.2131,224.7094,0.2749,0.5433
test_1100.jpg,720,960,0.6912,0.75,0.5491,0.224,29.9322,0.1911,0.5992
test_1101.jpg,720,960,0.6912,0.75,0.6347,0.2103,357.1129,0.1283,0.6836
test_1102.jpg,1279,720,0.9209,1.7764,0.386,0.198,22.4373,0.2143,0.4291
test_1103.jpg,720,960,0.6912,0.75,0.5159,0.2103,35.4941,0.1409,0.5399
test_1104.jpg,720,960,0.6912,0.75,0.3214,0.211,234.6172,0.4013,0.4304
test_1105.jpg,720,1561,1.1239,0.4612,0.4334,0.3174,22.5813,0.1156,0.4568
test_1106.jpg,720,960,0.6912,0.75,0.5589,0.1818,184.031,0.2175,0.6133
test_1107.jpg,720,960,0.6912,0.75,0.4915,0.2386,216.6828,0.1945,0.5452
test_1108.jpg,720,960,0.6912,0.75,0.4879,0.2549,17.6041,0.1142,0.5083
test_1109.jpg,960,720,0.6912,1.3333,0.4239,0.1917,177.144,0.1362,0.4508
test_1110.jpg,720,960,0.6912,0.75,0.4502,0.228,38.4696,0.2276,0.4796
test_1111.jpg,939,720,0.6761,1.3042,0.446,0.2078,37.3215,0.274,0.5048
test_1112.jpg,960,720,0.6912,1.3333,0.4739,0.187,34.844,0.1537,0.5098
test_1113.jpg,720,720,0.5184,1.0,0.5066,0.1888,8.9816,0.2203,0.5719
test_1114.jpg,720,960,0.6912,0.75,0.4776,0.1993,195.8525,0.1698,0.5306
test_1115.jpg,720,960,0.6912,0.75,0.3678,0.2226,20.7242,0.287,0.4392
test_1116.jpg,720,960,0.6912,0.75,0.469,0.2055,32.1986,0.1431,0.5012
test_1117.jpg,720,1279,0.9209,0.5629,0.4708,0.1872,66.5898,0.3416,0.5479
test_1118.jpg,720,1678,1.2082,0.4291,0.5458,0.1991,315.193,0.3298,0.6837
test_1119.jpg,960,720,0.6912,1.3333,0.489,0.18,207.1039,0.333,0.601
test_1120.jpg,720,960,0.6912,0.75,0.4355,0.2641,206.4326,0.1207,0.4642
test_1121.jpg,720,960,0.6912,0.75,0.5199,0.2034,38.5498,0.496,0.6502
test_1122.jpg,720,960,0.6912,0.75,0.5917,0.2696,256.2007,0.1431,0.634
test_1123.jpg,960,720,0.6912,1.3333,0.5063,0.2906,345.6691,0.1986,0.5536
test_1124.jpg,720,960,0.6912,0.75,0.4821,0.1273,64.3789,0.1328,0.5042
test_1125.jpg,720,875,0.63,0.8229,0.614,0.1803,166.3903,0.1435,0.6362
test_1126.jpg,720,960,0.6912,0.75,0.5067,0.2178,25.5867,0.0457,0.5146
test_1127.jpg,720,960,0.6912,0.75,0.381,0.1856,352.9111,0.4369,0.5042
test_1128.jpg,720,960,0.6912,0.75,0.4043,0.2104,35.1871,0.3961,0.5024
test_1129.jpg,720,960,0.6912,0.75,0.4587,0.2444,185.89,0.1809,0.4927
test_1130.jpg,720,960,0.6912,0.75,0.4846,0.2226,212.5741,0.09,0.5086
test_1131.jpg,720,960,0.6912,0.75,0.3728,0.2843,50.4191,0.1734,0.3972
test_1132.jpg,720,1063,0.7654,0.6773,0.8235,0.0597,,0.0097,0.8312
test_1133.jpg,720,960,0.6912,0.75,0.6016,0.1998,49.0736,0.1501,0.631
test_1134.jpg,720,960,0.6912,0.75,0.5248,0.1616,256.0586,0.2595,0.6208
test_1135.jpg,720,960,0.6912,0.75,0.486,0.2633,90.8131,0.1927,0.5104
test_1136.jpg,720,960,0.6912,0.75,0.3275,0.2146,149.2124,0.186,0.3533
test_1137.jpg,720,960,0.6912,0.75,0.4143,0.2044,256.6299,0.1174,0.4418
test_1138.jpg,960,720,0.6912,1.3333,0.5336,0.2133,50.5882,0.1447,0.5576
test_1139.jpg,720,960,0.6912,0.75,0.4236,0.233,43.8355,0.2766,0.4751
test_1140.jpg,960,720,0.6912,1.3333,0.4007,0.2529,150.3261,0.3859,0.4856
test_1141.jpg,720,960,0.6912,0.75,0.4891,0.2088,253.5536,0.2516,0.5665
test_1142.jpg,720,1279,0.9209,0.5629,0.5308,0.2222,18.9984,0.3435,0.624
test_1143.jpg,720,1280,0.9216,0.5625,0.4763,0.2428,340.702,0.1769,0.5116
test_1144.jpg,720,960,0.6912,0.75,0.5203,0.2284,194.861,0.2139,0.5868
test_1145.jpg,960,720,0.6912,1.3333,0.519,0.2194,59.2289,0.1276,0.5409
test_1146.jpg,720,960,0.6912,0.75,0.4132,0.2144,32.0568,0.5303,0.5052
test_1147.jpg,960,720,0.6912,1.3333,0.5276,0.2116,256.6323,0.1984,0.5987
test_1148.jpg,720,960,0.6912,0.75,0.4905,0.1494,27.0294,0.2161,0.5404
test_1149.jpg,720,960,0.6912,0.75,0.5804,0.1769,36.0938,0.1448,0.6097
test_1150.jpg,720,960,0.6912,0.75,0.5617,0.233,17.2007,0.1788,0.6001
test_1151.jpg,960,720,0.6912,1.3333,0.4883,0.201,196.0392,0.1536,0.5215
test_1152.jpg,720,960,0.6912,0.75,0.5676,0.1943,229.1556,0.1078,0.6039
test_1153.jpg,720,960,0.6912,0.75,0.4876,0.2242,201.716,0.2327,0.5457
test_1154.jpg,720,960,0.6912,0.75,0.4327,0.2427,99.8383,0.4015,0.4902
test_1155.jpg,720,960,0.6912,0.75,0.471,0.2071,27.3466,0.3472,0.5537
test_1156.jpg,720,720,0.5184,1.0,0.4797,0.2042,190.4344,0.1279,0.5085
test_1157.jpg,960,720,0.6912,1.3333,0.3505,0.2356,13.0107,0.3776,0.4272
test_1158.jpg,720,960,0.6912,0.75,0.6257,0.0698,21.1849,0.0476,0.6421
test_1159.jpg,960,720,0.6912,1.3333,0.4115,0.2543,203.5696,0.24,0.4588
test_1160.jpg,720,960,0.6912,0.75,0.4546,0.134,291.5293,0.2427,0.5483
test_1161.jpg,720,960,0.6912,0.75,0.5627,0.2732,211.7697,0.1748,0.6105
test_1162.jpg,720,960,0.6912,0.75,0.4836,0.2132,56.8576,0.5129,0.5603
test_1163.jpg,720,960,0.6912,0.75,0.3906,0.229,32.752,0.2217,0.4266
test_1164.jpg,720,960,0.6912,0.75,0.4873,0.2077,195.819,0.16,0.531
test_1165.jpg,720,1280,0.9216,0.5625,0.5601,0.2315,134.9912,0.1519,0.5865
test_1166.jpg,720,960,0.6912,0.75,0.4819,0.1879,15.6927,0.1682,0.5264
test_1167.jpg,873,720,0.6286,1.2125,0.3389,0.2418,14.9924,0.1988,0.3709
test_1168.jpg,960,720,0.6912,1.3333,0.5223,0.1776,31.9782,0.2025,0.569
test_1169.jpg,720,960,0.6912,0.75,0.2968,0.1931,70.0611,0.2093,0.3407
test_1170.jpg,720,960,0.6912,0.75,0.4723,0.2194,258.7735,0.2046,0.5202
test_1171.jpg,720,960,0.6912,0.75,0.5557,0.1982,30.9163,0.1409,0.5855
test_1172.jpg,960,720,0.6912,1.3333,0.2505,0.1731,211.9613,0.5878,0.374
test_1173.jpg,720,720,0.5184,1.0,0.4674,0.1971,14.0073,0.2601,0.5454
test_1174.jpg,720,960,0.6912,0.75,0.4631,0.213,220.0669,0.2197,0.5258
test_1175.jpg,720,960,0.6912,0.75,0.393,0.1866,35.9813,0.2363,0.4309
test_1176.jpg,720,960,0.6912,0.75,0.4941,0.2221,43.7915,0.1611,0.5172
test_1177.jpg,720,960,0.6912,0.75,0.4146,0.2069,26.3924,0.2832,0.4864
test_1178.jpg,720,960,0.6912,0.75,0.4198,0.2337,87.4649,0.2621,0.4714
test_1179.jpg,720,1279,0.9209,0.5629,0.5193,0.1696,37.4038,0.3273,0.5777
test_1180.jpg,720,960,0.6912,0.75,0.5279,0.1669,5.8766,0.1357,0.5649
test_1181.jpg,720,960,0.6912,0.75,0.499,0.2647,264.686,0.1865,0.5466
test_1182.jpg,720,960,0.6912,0.75,0.6434,0.1443,36.7914,0.134,0.6817
test_1183.jpg,720,1599,1.1513,0.4503,0.5131,0.2036,15.3606,0.1887,0.555
test_1184.jpg,720,960,0.6912,0.75,0.422,0.21,11.2716,0.4355,0.5393
test_1185.jpg,720,960,0.6912,0.75,0.4297,0.1587,43.898,0.3111,0.4723
test_1186.jpg,720,960,0.6912,0.75,0.5352,0.2656,134.7841,0.1127,0.5531
test_1187.jpg,720,960,0.6912,0.75,0.4098,0.2122,21.3914,0.1658,0.448
test_1188.jpg,960,720,0.6912,1.3333,0.5033,0.2497,44.9089,0.3727,0.5511
test_1189.jpg,960,720,0.6912,1.3333,0.4938,0.2242,219.7213,0.1842,0.5517
test_1190.jpg,720,960,0.6912,0.75,0.5931,0.2036,204.9033,0.1295,0.6323
test_1191.jpg,720,1600,1.152,0.45,0.4468,0.2057,147.7349,0.2086,0.4871
test_1192.jpg,720,960,0.6912,0.75,0.3415,0.1792,226.1471,0.3692,0.4084
test_1193.jpg,720,960,0.6912,0.75,0.4503,0.1843,351.2649,0.3838,0.6076
test_1194.jpg,960,720,0.6912,1.3333,0.4197,0.189,58.9568,0.2516,0.4546
test_1195.jpg,720,1279,0.9209,0.5629,0.4399,0.2013,339.388,0.2127,0.4931
test_1196.jpg,720,960,0.6912,0.75,0.5623,0.1763,27.1456,0.2183,0.6172
test_1197.jpg,720,960,0.6912,0.75,0.5243,0.2877,359.9799,0.2311,0.5722
test_1198.jpg,720,1280,0.9216,0.5625,0.57,0.2222,220.76,0.0969,0.5974
test_1199.jpg,720,960,0.6912,0.75,0.4288,0.2346,13.8247,0.402,0.5296
test_1200.jpg,720,720,0.5184,1.0,0.243,0.2104,30.6444,0.2766,0.2726
test_1201.jpg,1534,720,1.1045,2.1306,0.4847,0.2706,218.9098,0.3741,0.6139
test_1202.jpg,720,963,0.6934,0.7477,0.453,0.2397,217.3241,0.1748,0.5076
test_1203.jpg,720,960,0.6912,0.75,0.5022,0.1747,58.3986,0.2933,0.5808
test_1204.jpg,720,1280,0.9216,0.5625,0.5433,0.1503,220.5795,0.3003,0.6443
test_1205.jpg,720,960,0.6912,0.75,0.6245,0.2443,226.6633,0.1802,0.6795
test_1206.jpg,720,1491,1.0735,0.4829,0.6814,0.2041,235.1753,0.137,0.7471
test_1207.jpg,720,960,0.6912,0.75,0.6647,0.2133,193.6121,0.1301,0.6912
test_1208.jpg,720,960,0.6912,0.75,0.3881,0.1961,76.9006,0.2885,0.441
test_1209.jpg,720,960,0.6912,0.75,0.5282,0.1868,193.5198,0.3407,0.6605
test_1210.jpg,720,960,0.6912,0.75,0.1673,0.133,35.0677,0.2684,0.1855
test_1211.jpg,959,720,0.6905,1.3319,0.4386,0.2291,33.6168,0.1285,0.4708
test_1212.jpg,960,720,0.6912,1.3333,0.5386,0.2553,24.6689,0.3191,0.6258
test_1213.jpg,960,720,0.6912,1.3333,0.3595,0.2622,33.0055,0.302,0.3971
test_1214.jpg,720,960,0.6912,0.75,0.3916,0.3113,183.8325,0.1358,0.4045
test_1215.jpg,1212,720,0.8726,1.6833,0.2779,0.2373,273.0138,0.4075,0.3742
test_1216.jpg,720,960,0.6912,0.75,0.6343,0.2132,216.0713,0.2205,0.7127
test_1217.jpg,720,960,0.6912,0.75,0.5008,0.2199,50.2859,0.2917,0.5425
test_1218.jpg,720,960,0.6912,0.75,0.5218,0.2196,31.2159,0.2468,0.5823
test_1219.jpg,720,960,0.6912,0.75,0.4072,0.1588,251.0932,0.1605,0.4527
test_1220.jpg,960,720,0.6912,1.3333,0.5281,0.2298,218.4779,0.1676,0.5881
test_1221.jpg,983,720,0.7078,1.3653,0.6921,0.1867,39.1955,0.2675,0.7481
test_1222.jpg,1481,720,1.0663,2.0569,0.5484,0.2109,33.9243,0.1148,0.5738
test_1223.jpg,720,960,0.6912,0.75,0.5136,0.2554,30.9259,0.3307,0.5997
test_1224.jpg,720,960,0.6912,0.75,0.468,0.2453,214.2868,0.3069,0.5576
test_1225.jpg,720,960,0.6912,0.75,0.6105,0.168,205.8512,0.2494,0.7167
test_1226.jpg,720,960,0.6912,0.75,0.556,0.2603,128.1306,0.2544,0.5959
test_1227.jpg,720,960,0.6912,0.75,0.5204,0.2662,191.0438,0.2421,0.5729
test_1228.jpg,720,960,0.6912,0.75,0.3891,0.2718,11.2048,0.2524,0.4731
test_1229.jpg,720,960,0.6912,0.75,0.453,0.2603,73.6102,0.1318,0.4749
test_1230.jpg,720,960,0.6912,0.75,0.5273,0.1995,202.7506,0.1412,0.5689
test_1231.jpg,720,960,0.6912,0.75,0.6132,0.2112,18.9678,0.1283,0.6384
test_1232.jpg,720,960,0.6912,0.75,0.5404,0.2308,35.6668,0.1438,0.5778
test_1233.jpg,720,960,0.6912,0.75,0.4122,0.2527,38.4257,0.2533,0.4728
test_1234.jpg,720,960,0.6912,0.75,0.514,0.1587,26.2059,0.2328,0.5738
test_1235.jpg,960,720,0.6912,1.3333,0.4308,0.2567,8.1488,0.2429,0.4769
test_1236.jpg,720,960,0.6912,0.75,0.4514,0.2719,25.5213,0.1728,0.4917
test_1237.jpg,720,960,0.6912,0.75,0.4685,0.1772,29.4978,0.2416,0.5231
test_1238.jpg,720,720,0.5184,1.0,0.23,0.2347,238.7007,0.6104,0.3636
test_1239.jpg,720,960,0.6912,0.75,0.5546,0.2459,15.4631,0.2062,0.6062
test_1240.jpg,720,960,0.6912,0.75,0.6576,0.2003,19.2649,0.1157,0.69
test_1241.jpg,720,960,0.6912,0.75,0.4957,0.1792,12.495,0.116,0.5288
test_1242.jpg,960,720,0.6912,1.3333,0.4926,0.1644,210.7674,0.1455,0.5329
test_1243.jpg,720,960,0.6912,0.75,0.4679,0.2026,33.8953,0.2277,0.5186
test_1244.jpg,960,720,0.6912,1.3333,0.4809,0.2479,40.1475,0.1875,0.5257
test_1245.jpg,720,960,0.6912,0.75,0.3506,0.2008,334.6496,0.2632,0.4099
test_1246.jpg,720,960,0.6912,0.75,0.5599,0.1755,86.8813,0.1132,0.5862
test_1247.jpg,720,960,0.6912,0.75,0.4794,0.2316,19.998,0.197,0.5256
test_1248.jpg,720,960,0.6912,0.75,0.4387,0.2171,224.8584,0.1825,0.4769
test_1249.jpg,720,960,0.6912,0.75,0.4083,0.2465,166.8012,0.2259,0.452
test_1250.jpg,720,960,0.6912,0.75,0.4594,0.2212,137.252,0.2014,0.5001
test_1251.jpg,1600,720,1.152,2.2222,0.5295,0.1762,311.7081,0.1699,0.5863
test_1252.jpg,720,720,0.5184,1.0,0.4614,0.2304,225.7848,0.2297,0.5244
test_1253.jpg,720,720,0.5184,1.0,0.6613,0.137,13.8686,0.0978,0.6872
test_1254.jpg,720,720,0.5184,1.0,0.5463,0.2037,184.4406,0.2867,0.6427
test_1255.jpg,960,720,0.6912,1.3333,0.4589,0.2174,36.2872,0.2809,0.5089
test_1256.jpg,720,960,0.6912,0.75,0.6353,0.1892,54.3721,0.1831,0.6622
test_1257.jpg,720,1077,0.7754,0.6685,0.5127,0.2812,38.8148,0.1772,0.5358
test_1258.jpg,720,960,0.6912,0.75,0.4619,0.2042,24.5828,0.1541,0.4967
test_1259.jpg,720,960,0.6912,0.75,0.579,0.2562,25.4028,0.1964,0.6291
test_1260.jpg,720,960,0.6912,0.75,0.4918,0.2738,7.3999,0.2062,0.5378
test_1261.jpg,720,960,0.6912,0.75,0.452,0.213,25.6797,0.3472,0.5463
test_1262.jpg,720,960,0.6912,0.75,0.5644,0.2319,37.3962,0.2645,0.6149
test_1263.jpg,960,720,0.6912,1.3333,0.5475,0.1921,63.6725,0.2024,0.5954
test_1264.jpg,720,960,0.6912,0.75,0.3372,0.2116,32.7837,0.2208,0.3673
test_1265.jpg,960,720,0.6912,1.3333,0.5113,0.2101,75.4431,0.1741,0.5538
test_1266.jpg,720,960,0.6912,0.75,0.3847,0.1704,213.4125,0.5477,0.6343
test_1267.jpg,720,960,0.6912,0.75,0.4999,0.3218,45.5529,0.1469,0.5257
test_1268.jpg,960,720,0.6912,1.3333,0.5463,0.1934,63.9419,0.1554,0.5661
test_1269.jpg,1279,720,0.9209,1.7764,0.4346,0.1679,45.5279,0.3674,0.5342
test_1270.jpg,720,960,0.6912,0.75,0.3785,0.2654,33.2194,0.3435,0.4355
test_1271.jpg,720,1600,1.152,0.45,0.4998,0.1752,158.6961,0.1691,0.539
test_1272.jpg,720,960,0.6912,0.75,0.5315,0.2079,49.7368,0.3723,0.573
test_1273.jpg,1280,720,0.9216,1.7778,0.4389,0.1913,88.3322,0.2106,0.4853
test_1274.jpg,720,960,0.6912,0.75,0.6149,0.2204,217.3802,0.1783,0.663
test_1275.jpg,720,1279,0.9209,0.5629,0.4864,0.2024,31.5612,0.1808,0.52
test_1276.jpg,960,720,0.6912,1.3333,0.3136,0.1889,325.7888,0.2166,0.3531
test_1277.jpg,960,720,0.6912,1.3333,0.5496,0.2317,51.968,0.2407,0.5827
test_1278.jpg,720,960,0.6912,0.75,0.4669,0.2753,350.5545,0.1089,0.4894
test_1279.jpg,960,720,0.6912,1.3333,0.4367,0.215,91.2484,0.2127,0.462
test_1280.jpg,720,960,0.6912,0.75,0.3087,0.2282,38.9135,0.3219,0.3559
test_1281.jpg,960,720,0.6912,1.3333,0.4936,0.26,74.7179,0.1938,0.5127
test_1282.jpg,720,960,0.6912,0.75,0.5208,0.2357,76.7927,0.0984,0.5325
test_1283.jpg,720,960,0.6912,0.75,0.3965,0.245,28.9099,0.3502,0.4586
test_1284.jpg,720,960,0.6912,0.75,0.4301,0.2084,263.6294,0.2794,0.5042
test_1285.jpg,720,1283,0.9238,0.5612,0.5377,0.2201,57.4728,0.1734,0.5717
test_1286.jpg,720,960,0.6912,0.75,0.4443,0.2672,206.8494,0.2549,0.5208
test_1287.jpg,720,720,0.5184,1.0,0.4361,0.1695,208.3818,0.1015,0.4623
test_1288.jpg,1320,720,0.9504,1.8333,0.4436,0.2645,29.066,0.2692,0.506
test_1289.jpg,720,960,0.6912,0.75,0.4523,0.1518,90.6712,0.217,0.4812
test_1290.jpg,720,960,0.6912,0.75,0.4438,0.2234,188.7711,0.4368,0.6078
test_1291.jpg,720,960,0.6912,0.75,0.4761,0.2457,241.0553,0.2398,0.5528
test_1292.jpg,960,720,0.6912,1.3333,0.5431,0.1836,122.1317,0.1679,0.5779
test_1293.jpg,960,720,0.6912,1.3333,0.5603,0.1586,28.9564,0.2117,0.6218
test_1294.jpg,720,960,0.6912,0.75,0.1797,0.1618,288.5775,0.22,0.2087
test_1295.jpg,720,960,0.6912,0.75,0.4083,0.1444,13.4688,0.4786,0.5496
test_1296.jpg,720,960,0.6912,0.75,0.4363,0.2077,83.275,0.1747,0.4596
test_1297.jpg,720,960,0.6912,0.75,0.4428,0.231,241.6486,0.1464,0.4804
test_1298.jpg,720,960,0.6912,0.75,0.5008,0.2258,27.8093,0.1874,0.5468
test_1299.jpg,720,960,0.6912,0.75,0.473,0.257,15.753,0.2456,0.5425
test_1300.jpg,720,960,0.6912,0.75,0.5025,0.2014,15.6274,0.1528,0.5365
test_1301.jpg,720,1279,0.9209,0.5629,0.4989,0.2292,204.2305,0.199,0.5575
test_1302.jpg,720,1558,1.1218,0.4621,0.5407,0.1796,344.8411,0.0687,0.5619
test_1303.jpg,1558,720,1.1218,2.1639,0.2644,0.2828,45.4314,0.0559,0.2709
test_1304.jpg,720,960,0.6912,0.75,0.2611,0.1676,65.8946,0.1489,0.2793
test_1305.jpg,960,720,0.6912,1.3333,0.541,0.21,196.382,0.0963,0.5713
test_1306.jpg,720,960,0.6912,0.75,0.6274,0.2503,240.2586,0.1373,0.6729
test_1307.jpg,720,960,0.6912,0.75,0.4919,0.2032,66.4369,0.3513,0.5453
test_1308.jpg,720,960,0.6912,0.75,0.4527,0.214,48.5886,0.2416,0.4863
test_1309.jpg,720,951,0.6847,0.7571,0.5382,0.2406,31.0146,0.3174,0.6005
test_1310.jpg,720,960,0.6912,0.75,0.4608,0.1848,16.0401,0.1033,0.4853
test_1311.jpg,720,960,0.6912,0.75,0.4531,0.2482,30.6392,0.39,0.5287
test_1312.jpg,960,720,0.6912,1.3333,0.5318,0.2332,31.8712,0.2523,0.5838
test_1313.jpg,720,960,0.6912,0.75,0.4082,0.2686,96.7079,0.2373,0.4267
test_1314.jpg,720,960,0.6912,0.75,0.5516,0.2166,34.723,0.2202,0.5949
test_1315.jpg,720,960,0.6912,0.75,0.4564,0.2441,217.9251,0.144,0.4823
test_1316.jpg,720,960,0.6912,0.75,0.4627,0.2844,69.994,0.1612,0.492
test_1317.jpg,720,1280,0.9216,0.5625,0.6189,0.151,41.5769,0.1643,0.6501
test_1318.jpg,720,960,0.6912,0.75,0.6144,0.1749,38.3098,0.0748,0.6348
test_1319.jpg,720,960,0.6912,0.75,0.5074,0.2206,27.9343,0.1822,0.5522
test_1320.jpg,720,960,0.6912,0.75,0.4102,0.2566,34.576,0.3908,0.4875
test_1321.jpg,720,960,0.6912,0.75,0.3491,0.1781,39.8387,0.4185,0.4197
test_1322.jpg,720,960,0.6912,0.75,0.3066,0.1485,35.3981,0.4049,0.3587
test_1323.jpg,720,960,0.6912,0.75,0.5465,0.2191,209.3295,0.2308,0.6325
test_1324.jpg,1280,720,0.9216,1.7778,0.2237,0.1563,128.5449,0.179,0.2491
test_1325.jpg,720,960,0.6912,0.75,0.5229,0.2451,70.3643,0.3392,0.5667
test_1326.jpg,720,1279,0.9209,0.5629,0.4385,0.1639,331.0668,0.1176,0.4677
test_1327.jpg,720,960,0.6912,0.75,0.5779,0.2751,190.6546,0.2136,0.6288
test_1328.jpg,720,960,0.6912,0.75,0.4703,0.2337,11.6119,0.4296,0.6025
test_1329.jpg,720,721,0.5191,0.9986,0.3128,0.1803,110.1487,0.2893,0.3515
test_1330.jpg,960,720,0.6912,1.3333,0.5359,0.2401,337.6008,0.0461,0.5447
test_1331.jpg,720,960,0.6912,0.75,0.4241,0.2199,17.4791,0.4442,0.5417
test_1332.jpg,720,960,0.6912,0.75,0.5322,0.2353,22.7885,0.3072,0.6271
test_1333.jpg,960,720,0.6912,1.3333,0.4335,0.196,358.8224,0.6205,0.6534
test_1334.jpg,720,960,0.6912,0.75,0.5333,0.2105,220.9101,0.2704,0.6377
test_1335.jpg,720,960,0.6912,0.75,0.4967,0.3043,29.8251,0.1672,0.5227
test_1336.jpg,720,960,0.6912,0.75,0.4876,0.2442,196.154,0.1729,0.536
test_1337.jpg,720,960,0.6912,0.75,0.5187,0.192,3.5883,0.2345,0.5819
test_1338.jpg,720,960,0.6912,0.75,0.4926,0.1242,30.3218,0.1815,0.5341
test_1339.jpg,720,960,0.6912,0.75,0.4162,0.244,1.3611,0.106,0.4406
test_1340.jpg,720,1279,0.9209,0.5629,0.4288,0.2168,40.1072,0.276,0.4868
test_1341.jpg,720,960,0.6912,0.75,0.5278,0.237,11.8021,0.1329,0.5583
test_1342.jpg,1558,720,1.1218,2.1639,0.4252,0.2768,29.2323,0.2629,0.4847
test_1343.jpg,960,720,0.6912,1.3333,0.5122,0.2119,98.0611,0.2905,0.5642
test_1344.jpg,960,720,0.6912,1.3333,0.4405,0.2186,23.6655,0.2075,0.4986
test_1345.jpg,720,960,0.6912,0.75,0.4915,0.222,190.8526,0.2853,0.5746
test_1346.jpg,960,720,0.6912,1.3333,0.4628,0.2473,29.7958,0.2721,0.4981
test_1347.jpg,720,960,0.6912,0.75,0.4021,0.1366,250.2878,0.4551,0.6502
test_1348.jpg,960,720,0.6912,1.3333,0.3695,0.2069,27.2643,0.3689,0.435
test_1349.jpg,720,960,0.6912,0.75,0.553,0.235,35.3887,0.3399,0.6142
test_1350.jpg,996,720,0.7171,1.3833,0.3977,0.1143,215.5552,0.2453,0.4706
test_1351.jpg,720,960,0.6912,0.75,0.4365,0.2645,23.8321,0.1929,0.4779
test_1352.jpg,720,960,0.6912,0.75,0.3973,0.3323,245.0818,0.2606,0.4369
test_1353.jpg,720,1279,0.9209,0.5629,0.4673,0.2017,297.7388,0.1494,0.506
test_1354.jpg,720,960,0.6912,0.75,0.4049,0.2214,345.5926,0.287,0.4863
test_1355.jpg,720,960,0.6912,0.75,0.3539,0.247,54.6684,0.1344,0.369
test_1356.jpg,720,960,0.6912,0.75,0.4928,0.1761,101.7246,0.2171,0.5356
test_1357.jpg,720,960,0.6912,0.75,0.3705,0.2788,17.0862,0.429,0.4451
test_1358.jpg,720,960,0.6912,0.75,0.6577,0.1983,220.3116,0.0289,0.6669
test_1359.jpg,960,720,0.6912,1.3333,0.5009,0.229,30.9453,0.2148,0.5483
test_1360.jpg,720,960,0.6912,0.75,0.5295,0.2426,173.5855,0.147,0.5482
test_1361.jpg,720,960,0.6912,0.75,0.5899,0.1659,209.5211,0.0833,0.616
test_1362.jpg,720,960,0.6912,0.75,0.4762,0.2847,5.869,0.2684,0.5411
test_1363.jpg,720,960,0.6912,0.75,0.4827,0.2542,278.7653,0.2027,0.5259
test_1364.jpg,1154,720,0.8309,1.6028,0.3017,0.1825,42.5822,0.5057,0.3701
test_1365.jpg,720,960,0.6912,0.75,0.5711,0.1948,171.4116,0.2286,0.6332
test_1366.jpg,720,960,0.6912,0.75,0.3326,0.2659,222.5718,0.455,0.4722
test_1367.jpg,960,720,0.6912,1.3333,0.4634,0.1891,115.6005,0.1517,0.5051
test_1368.jpg,720,960,0.6912,0.75,0.4239,0.2534,18.4309,0.1986,0.4511
test_1369.jpg,720,960,0.6912,0.75,0.3848,0.1942,187.9977,0.1936,0.4181
test_1370.jpg,720,960,0.6912,0.75,0.608,0.1143,25.4859,0.0752,0.6293
test_1371.jpg,720,960,0.6912,0.75,0.4447,0.2323,118.8923,0.277,0.5128
test_1372.jpg,720,960,0.6912,0.75,0.3267,0.2434,239.1482,0.4378,0.4481
test_1373.jpg,720,960,0.6912,0.75,0.5279,0.2273,68.8255,0.1849,0.5731
test_1374.jpg,720,960,0.6912,0.75,0.5595,0.2446,29.6528,0.139,0.5839
test_1375.jpg,720,960,0.6912,0.75,0.5465,0.2253,36.5406,0.0926,0.561
test_1376.jpg,1279,720,0.9209,1.7764,0.3775,0.2422,245.5696,0.0949,0.3959
test_1377.jpg,720,960,0.6912,0.75,0.4217,0.2008,254.0385,0.177,0.4731
test_1378.jpg,720,960,0.6912,0.75,0.528,0.1373,224.3466,0.1734,0.5837
test_1379.jpg,720,960,0.6912,0.75,0.5024,0.2176,94.002,0.1765,0.5276
test_1380.jpg,720,960,0.6912,0.75,0.4883,0.3725,127.8692,0.2989,0.5025
test_1381.jpg,720,960,0.6912,0.75,0.4318,0.2034,42.5791,0.2663,0.4847
test_1382.jpg,720,960,0.6912,0.75,0.4757,0.2257,24.5721,0.1497,0.5121
test_1383.jpg,1079,720,0.7769,1.4986,0.4287,0.2274,93.8853,0.4096,0.5095
test_1384.jpg,720,960,0.6912,0.75,0.5707,0.2351,86.4407,0.2126,0.6054
test_1385.jpg,720,960,0.6912,0.75,0.5592,0.1904,43.7603,0.1905,0.6014
test_1386.jpg,960,720,0.6912,1.3333,0.5215,0.2123,178.9225,0.1994,0.5647
test_1387.jpg,960,720,0.6912,1.3333,0.4356,0.2408,19.9992,0.3428,0.5083
test_1388.jpg,720,1280,0.9216,0.5625,0.3531,0.1469,203.292,0.2528,0.4114
test_1389.jpg,960,720,0.6912,1.3333,0.4443,0.2445,179.9031,0.2509,0.4988
test_1390.jpg,720,960,0.6912,0.75,0.4271,0.1918,35.5956,0.1717,0.4524
test_1391.jpg,720,960,0.6912,0.75,0.5239,0.2355,29.9341,0.3104,0.5825
test_1392.jpg,720,960,0.6912,0.75,0.5054,0.2341,37.8813,0.1227,0.5256
test_1393.jpg,720,960,0.6912,0.75,0.4751,0.2691,354.7639,0.2214,0.5203
test_1394.jpg,720,960,0.6912,0.75,0.4853,0.2329,74.2899,0.1785,0.5221
test_1395.jpg,720,1279,0.9209,0.5629,0.5075,0.1981,18.7807,0.1098,0.5319
test_1396.jpg,720,960,0.6912,0.75,0.5243,0.2977,168.9657,0.2022,0.5712
test_1397.jpg,960,720,0.6912,1.3333,0.4631,0.2944,341.0368,0.131,0.4872
test_1398.jpg,960,720,0.6912,1.3333,0.4538,0.2671,27.5597,0.3202,0.5161
test_1399.jpg,960,720,0.6912,1.3333,0.5907,0.2746,341.0491,0.2137,0.6549
test_1400.jpg,960,720,0.6912,1.3333,0.5372,0.2365,21.883,0.1537,0.5746
test_1401.jpg,720,960,0.6912,0.75,0.5969,0.2457,8.506,0.1947,0.6569
test_1402.jpg,720,1280,0.9216,0.5625,0.5237,0.2202,125.6375,0.2249,0.5713
test_1403.jpg,960,720,0.6912,1.3333,0.4316,0.2283,60.2876,0.3655,0.4986
test_1404.jpg,720,960,0.6912,0.75,0.5392,0.2417,31.7721,0.2137,0.5832
test_1405.jpg,720,960,0.6912,0.75,0.5115,0.2093,27.3663,0.2341,0.5754
test_1406.jpg,720,960,0.6912,0.75,0.4578,0.2038,22.1053,0.2777,0.5159
test_1407.jpg,720,720,0.5184,1.0,0.3502,0.2291,21.3508,0.2904,0.4042
test_1408.jpg,720,960,0.6912,0.75,0.5217,0.2228,211.2812,0.1815,0.5846
test_1409.jpg,720,1280,0.9216,0.5625,0.3016,0.227,235.2634,0.375,0.3631
test_1410.jpg,960,720,0.6912,1.3333,0.4035,0.2309,7.7622,0.1999,0.4408
test_1411.jpg,875,720,0.63,1.2153,0.4992,0.188,18.0965,0.3209,0.6195
test_1412.jpg,720,960,0.6912,0.75,0.4762,0.1717,57.0758,0.1005,0.4856
test_1413.jpg,960,720,0.6912,1.3333,0.4477,0.1921,216.2786,0.282,0.5231
test_1414.jpg,960,720,0.6912,1.3333,0.466,0.2446,208.0643,0.1529,0.5066
test_1415.jpg,720,960,0.6912,0.75,0.514,0.2028,69.1419,0.1974,0.5343
test_1416.jpg,960,720,0.6912,1.3333,0.4389,0.2551,43.7727,0.6465,0.5333
test_1417.jpg,720,1280,0.9216,0.5625,0.6078,0.244,189.4002,0.1617,0.6486
test_1418.jpg,720,1280,0.9216,0.5625,0.5209,0.2895,36.9983,0.1587,0.5511
test_1419.jpg,720,960,0.6912,0.75,0.4347,0.194,202.7575,0.2129,0.4853
test_1420.jpg,720,960,0.6912,0.75,0.4904,0.2122,99.0134,0.1168,0.514
test_1421.jpg,720,1128,0.8122,0.6383,0.5192,0.2963,73.0549,0.1033,0.5288
test_1422.jpg,720,960,0.6912,0.75,0.4192,0.1726,12.1987,0.2474,0.4916
test_1423.jpg,720,1280,0.9216,0.5625,0.5279,0.2317,39.4008,0.2306,0.5739
test_1424.jpg,1279,720,0.9209,1.7764,0.7075,0.1477,39.9752,0.1047,0.7426
test_1425.jpg,960,720,0.6912,1.3333,0.27,0.2136,25.3487,0.2236,0.3081
test_1426.jpg,720,960,0.6912,0.75,0.369,0.3194,111.0468,0.229,0.3887
test_1427.jpg,720,960,0.6912,0.75,0.5195,0.2165,105.8712,0.2062,0.5649
test_1428.jpg,720,960,0.6912,0.75,0.3398,0.284,259.8927,0.2664,0.3709
test_1429.jpg,720,1280,0.9216,0.5625,0.5591,0.243,11.6182,0.1383,0.5929
test_1430.jpg,960,720,0.6912,1.3333,0.5408,0.2417,44.0236,0.1129,0.5578
test_1431.jpg,720,960,0.6912,0.75,0.4596,0.2257,35.2415,0.2238,0.5099
test_1432.jpg,720,960,0.6912,0.75,0.4264,0.257,323.7854,0.0935,0.4413
test_1433.jpg,720,960,0.6912,0.75,0.5186,0.2259,16.9895,0.2406,0.5871
test_1434.jpg,720,960,0.6912,0.75,0.3525,0.2303,220.6976,0.2271,0.3961
test_1435.jpg,720,960,0.6912,0.75,0.4994,0.2298,146.7681,0.1976,0.5403
test_1436.jpg,720,960,0.6912,0.75,0.4881,0.2336,29.9856,0.2559,0.543
test_1437.jpg,720,1280,0.9216,0.5625,0.4424,0.2468,136.6244,0.2311,0.5044
test_1438.jpg,720,960,0.6912,0.75,0.5727,0.2309,228.8911,0.1779,0.6463
test_1439.jpg,960,720,0.6912,1.3333,0.5338,0.2104,19.2427,0.2466,0.6024
test_1440.jpg,720,960,0.6912,0.75,0.4848,0.2405,46.6903,0.2933,0.5458
test_1441.jpg,1280,720,0.9216,1.7778,0.4895,0.1933,80.6479,0.1654,0.5288
test_1442.jpg,720,960,0.6912,0.75,0.4314,0.2239,11.0391,0.3026,0.4988
test_1443.jpg,720,960,0.6912,0.75,0.3936,0.226,357.0089,0.3657,0.4956
test_1444.jpg,886,720,0.6379,1.2306,0.376,0.2336,151.5897,0.1412,0.3996
test_1445.jpg,720,960,0.6912,0.75,0.4059,0.2427,21.2046,0.1394,0.4367
test_1446.jpg,720,720,0.5184,1.0,0.2152,0.1368,285.7731,0.457,0.3252
test_1447.jpg,720,960,0.6912,0.75,0.6178,0.2868,14.3785,0.1575,0.6635
test_1448.jpg,960,720,0.6912,1.3333,0.5617,0.2616,205.2529,0.1262,0.5896
test_1449.jpg,960,720,0.6912,1.3333,0.4498,0.2155,48.695,0.2859,0.496
test_1450.jpg,720,960,0.6912,0.75,0.4661,0.2015,10.8678,0.2089,0.5096
test_1451.jpg,720,960,0.6912,0.75,0.4453,0.2636,8.8385,0.3289,0.5447
test_1452.jpg,720,1279,0.9209,0.5629,0.4913,0.3069,226.6638,0.0795,0.5125
test_1453.jpg,720,960,0.6912,0.75,0.4249,0.2159,33.2004,0.2651,0.4674
test_1454.jpg,720,960,0.6912,0.75,0.4603,0.1875,118.041,0.18,0.4973
test_1455.jpg,1280,720,0.9216,1.7778,0.4373,0.1633,226.8015,0.3629,0.588
test_1456.jpg,720,960,0.6912,0.75,0.5399,0.1564,356.262,0.2027,0.6069
test_1457.jpg,720,960,0.6912,0.75,0.3663,0.1853,12.7184,0.1819,0.4025
test_1458.jpg,720,960,0.6912,0.75,0.5314,0.1936,26.7761,0.1873,0.5784
test_1459.jpg,720,925,0.666,0.7784,0.511,0.2569,33.9384,0.292,0.5574
test_1460.jpg,720,960,0.6912,0.75,0.3999,0.2613,355.9247,0.139,0.4301
test_1461.jpg,720,960,0.6912,0.75,0.6708,0.1015,71.7369,0.0636,0.688
test_1462.jpg,720,960,0.6912,0.75,0.45,0.2568,92.2332,0.2645,0.4922
test_1463.jpg,720,960,0.6912,0.75,0.503,0.1645,218.7132,0.2743,0.6042
test_1464.jpg,960,720,0.6912,1.3333,0.3926,0.2151,114.428,0.3505,0.4545
test_1465.jpg,720,960,0.6912,0.75,0.4173,0.2896,246.4494,0.1759,0.4649
test_1466.jpg,720,1065,0.7668,0.6761,0.6548,0.1675,39.0346,0.0436,0.6619
test_1467.jpg,720,960,0.6912,0.75,0.3861,0.1946,350.7429,0.4057,0.4794
test_1468.jpg,720,960,0.6912,0.75,0.4067,0.2563,359.1143,0.2531,0.4619
test_1469.jpg,720,960,0.6912,0.75,0.4913,0.2187,28.8384,0.0953,0.509
test_1470.jpg,720,960,0.6912,0.75,0.4537,0.2322,11.9058,0.3623,0.56
test_1471.jpg,720,1279,0.9209,0.5629,0.4308,0.2501,153.4553,0.2462,0.4736
test_1472.jpg,720,960,0.6912,0.75,0.5534,0.1762,354.5748,0.2205,0.6263
test_1473.jpg,720,960,0.6912,0.75,0.5349,0.2129,12.0219,0.1113,0.5663
test_1474.jpg,720,960,0.6912,0.75,0.4876,0.1871,4.886,0.3545,0.6062
test_1475.jpg,960,720,0.6912,1.3333,0.7113,0.1634,35.5668,0.0547,0.726
test_1476.jpg,960,720,0.6912,1.3333,0.2902,0.2632,268.0695,0.4424,0.3687
test_1477.jpg,720,1279,0.9209,0.5629,0.4624,0.2092,354.9298,0.2438,0.5258
test_1478.jpg,960,720,0.6912,1.3333,0.4944,0.2014,111.2538,0.1494,0.5246
test_1479.jpg,720,960,0.6912,0.75,0.4611,0.2392,32.3469,0.3774,0.5515
test_1480.jpg,960,720,0.6912,1.3333,0.4855,0.2311,104.509,0.2467,0.5494
test_1481.jpg,720,960,0.6912,0.75,0.4545,0.239,10.0292,0.4019,0.5608
test_1482.jpg,720,960,0.6912,0.75,0.4956,0.2198,208.9405,0.2686,0.596
test_1483.jpg,720,960,0.6912,0.75,0.4985,0.2209,187.8938,0.1961,0.5454
test_1484.jpg,720,1280,0.9216,0.5625,0.4668,0.2314,23.1757,0.5221,0.5937
test_1485.jpg,960,720,0.6912,1.3333,0.5677,0.1917,25.4192,0.1193,0.5917
test_1486.jpg,720,960,0.6912,0.75,0.4396,0.2146,210.1838,0.0661,0.4528
test_1487.jpg,720,960,0.6912,0.75,0.5116,0.2156,30.6953,0.3401,0.5968
test_1488.jpg,720,720,0.5184,1.0,0.6434,0.254,42.1658,0.1784,0.6837
test_1489.jpg,1280,720,0.9216,1.7778,0.5477,0.2483,37.2454,0.2642,0.6379
test_1490.jpg,720,960,0.6912,0.75,0.4551,0.2344,197.8117,0.2724,0.5234
test_1491.jpg,720,1599,1.1513,0.4503,0.53,0.2144,37.136,0.0646,0.5425
test_1492.jpg,720,960,0.6912,0.75,0.3455,0.1626,27.6429,0.173,0.3788
test_1493.jpg,720,960,0.6912,0.75,0.4873,0.2256,212.2564,0.2181,0.5503
test_1494.jpg,720,960,0.6912,0.75,0.4978,0.169,268.2564,0.2878,0.6107
test_1495.jpg,1542,720,1.1102,2.1417,0.6903,0.1317,34.3695,0.0083,0.6913
test_1496.jpg,720,960,0.6912,0.75,0.4552,0.2478,90.5022,0.225,0.4957
test_1497.jpg,720,804,0.5789,0.8955,0.5459,0.207,52.9462,0.3307,0.6289
test_1498.jpg,720,960,0.6912,0.75,0.3498,0.2405,275.7696,0.3058,0.4157
test_1499.jpg,720,960,0.6912,0.75,0.533,0.1704,36.5172,0.2066,0.5733
test_1500.jpg,720,960,0.6912,0.75,0.6315,0.172,216.4403,0.0761,0.6512
test_1501.jpg,720,960,0.6912,0.75,0.5644,0.1619,42.2307,0.1326,0.586
test_1502.jpg,720,960,0.6912,0.75,0.4494,0.2107,20.2292,0.2038,0.5064
test_1503.jpg,960,720,0.6912,1.3333,0.4149,0.2337,30.7108,0.1701,0.446
test_1504.jpg,720,960,0.6912,0.75,0.4333,0.2288,208.553,0.261,0.4906
test_1505.jpg,720,960,0.6912,0.75,0.4155,0.2011,55.2095,0.3405,0.4557
test_1506.jpg,720,960,0.6912,0.75,0.4303,0.1933,49.5833,0.4229,0.5295
test_1507.jpg,720,960,0.6912,0.75,0.5128,0.1696,230.2143,0.2,0.5741
test_1508.jpg,720,960,0.6912,0.75,0.5045,0.2264,27.083,0.4754,0.6177
test_1509.jpg,960,720,0.6912,1.3333,0.3151,0.1867,19.4872,0.149,0.3302
test_1510.jpg,720,960,0.6912,0.75,0.2839,0.2294,229.9637,0.6798,0.4723
test_1511.jpg,960,720,0.6912,1.3333,0.5246,0.2593,352.6016,0.2624,0.6015
test_1512.jpg,960,720,0.6912,1.3333,0.5813,0.1613,77.6683,0.1284,0.6112
test_1513.jpg,720,960,0.6912,0.75,0.6126,0.279,30.7003,0.1347,0.6409
test_1514.jpg,720,960,0.6912,0.75,0.0435,0.1016,246.1322,0.1694,0.0529
test_1515.jpg,720,960,0.6912,0.75,0.6463,0.1376,7.6437,0.0613,0.6611
test_1516.jpg,720,960,0.6912,0.75,0.3993,0.1182,46.6975,0.1385,0.415
test_1517.jpg,960,720,0.6912,1.3333,0.3996,0.2256,344.7788,0.2668,0.4657
test_1518.jpg,720,960,0.6912,0.75,0.4619,0.2432,132.9293,0.1115,0.4783
test_1519.jpg,720,960,0.6912,0.75,0.444,0.3043,183.6562,0.2759,0.4746
test_1520.jpg,720,960,0.6912,0.75,0.5081,0.1807,43.5362,0.4293,0.5783
test_1521.jpg,720,1030,0.7416,0.699,0.4622,0.2526,269.2012,0.2088,0.5148
test_1522.jpg,1280,720,0.9216,1.7778,0.4794,0.3035,314.493,0.2002,0.5391
test_1523.jpg,720,960,0.6912,0.75,0.5538,0.2178,40.1088,0.1469,0.5812
test_1524.jpg,720,960,0.6912,0.75,0.5408,0.2346,177.4461,0.1616,0.5705
test_1525.jpg,720,1156,0.8323,0.6228,0.4104,0.1982,131.0859,0.4568,0.5174
test_1526.jpg,1080,720,0.7776,1.5,0.3924,0.2294,36.889,0.4585,0.4776
test_1527.jpg,720,960,0.6912,0.75,0.4065,0.2333,81.4801,0.2164,0.4364
test_1528.jpg,720,960,0.6912,0.75,0.5692,0.2586,154.1124,0.2513,0.6198
test_1529.jpg,720,1279,0.9209,0.5629,0.4268,0.2376,220.5801,0.2339,0.4832
test_1530.jpg,720,960,0.6912,0.75,0.5665,0.2882,208.1746,0.1382,0.6163
test_1531.jpg,720,950,0.684,0.7579,0.2281,0.1981,350.5101,0.4341,0.3317
test_1532.jpg,720,960,0.6912,0.75,0.62,0.2113,31.8194,0.141,0.6496
test_1533.jpg,1279,720,0.9209,1.7764,0.4095,0.2247,29.6064,0.1568,0.4372
test_1534.jpg,720,960,0.6912,0.75,0.3387,0.2768,70.278,0.3072,0.3765
test_1535.jpg,960,720,0.6912,1.3333,0.4243,0.2335,133.9431,0.3915,0.4966
test_1536.jpg,960,720,0.6912,1.3333,0.5486,0.2534,50.5987,0.2601,0.5995
test_1537.jpg,960,720,0.6912,1.3333,0.4934,0.2222,35.3057,0.265,0.5352
test_1538.jpg,720,960,0.6912,0.75,0.547,0.1987,30.2954,0.2119,0.6042
test_1539.jpg,960,720,0.6912,1.3333,0.4417,0.2265,11.3804,0.2201,0.4937
test_1540.jpg,720,960,0.6912,0.75,0.4455,0.2503,240.8261,0.1005,0.47
test_1541.jpg,720,960,0.6912,0.75,0.5232,0.1901,33.9751,0.4982,0.6256
test_1542.jpg,720,960,0.6912,0.75,0.5238,0.2453,40.5098,0.1589,0.5642
test_1543.jpg,720,960,0.6912,0.75,0.177,0.2213,268.6426,0.42,0.244
test_1544.jpg,720,960,0.6912,0.75,0.5002,0.248,201.7031,0.2146,0.5572
test_1545.jpg,720,960,0.6912,0.75,0.4057,0.2067,25.456,0.0936,0.429
test_1546.jpg,720,911,0.6559,0.7903,0.6233,0.2076,48.5239,0.1182,0.6483
test_1547.jpg,960,720,0.6912,1.3333,0.436,0.297,66.3901,0.1901,0.455
test_1548.jpg,720,960,0.6912,0.75,0.5399,0.1559,214.0053,0.3672,0.6961
test_1549.jpg,720,720,0.5184,1.0,0.4604,0.3051,52.0594,0.0871,0.4748
test_1550.jpg,720,961,0.6919,0.7492,0.4475,0.1951,15.1928,0.3413,0.5342
test_1551.jpg,960,720,0.6912,1.3333,0.5346,0.2033,44.566,0.1037,0.5552
test_1552.jpg,720,960,0.6912,0.75,0.712,0.1276,37.0471,0.0582,0.727
test_1553.jpg,960,720,0.6912,1.3333,0.3316,0.194,321.8109,0.1764,0.3674
test_1554.jpg,720,1280,0.9216,0.5625,0.4811,0.2706,10.4531,0.2687,0.5548
test_1555.jpg,720,960,0.6912,0.75,0.415,0.2855,24.8914,0.2028,0.4551
test_1556.jpg,720,960,0.6912,0.75,0.4121,0.2472,231.1239,0.2011,0.4646
test_1557.jpg,720,960,0.6912,0.75,0.5298,0.1936,206.9028,0.104,0.5602
test_1558.jpg,720,960,0.6912,0.75,0.4015,0.2181,36.1777,0.1664,0.4291
test_1559.jpg,720,960,0.6912,0.75,0.4464,0.2289,39.8609,0.165,0.4803
test_1560.jpg,830,720,0.5976,1.1528,0.4504,0.2499,249.3387,0.3016,0.5516
test_1561.jpg,1280,720,0.9216,1.7778,0.5097,0.2488,31.6197,0.3771,0.5975
test_1562.jpg,720,960,0.6912,0.75,0.4706,0.2179,26.8376,0.3112,0.524
test_1563.jpg,960,720,0.6912,1.3333,0.3497,0.2271,38.0692,0.2981,0.418
test_1564.jpg,720,960,0.6912,0.75,0.6315,0.2277,247.9608,0.0896,0.6607
test_1565.jpg,720,960,0.6912,0.75,0.4625,0.2293,39.5475,0.1217,0.4826
test_1566.jpg,720,960,0.6912,0.75,0.5289,0.2386,6.1788,0.2209,0.5849
test_1567.jpg,720,960,0.6912,0.75,0.2627,0.1993,47.669,0.1201,0.2759
test_1568.jpg,720,960,0.6912,0.75,0.4787,0.241,33.7605,0.2928,0.5247
test_1569.jpg,720,1279,0.9209,0.5629,0.3779,0.2281,7.9893,0.2078,0.426
test_1570.jpg,960,720,0.6912,1.3333,0.4193,0.2464,124.0882,0.3981,0.507
test_1571.jpg,720,960,0.6912,0.75,0.3927,0.2224,49.9965,0.2081,0.424
test_1572.jpg,960,720,0.6912,1.3333,0.2528,0.2329,36.8578,0.284,0.2719
test_1573.jpg,1434,720,1.0325,1.9917,0.3924,0.2204,38.4521,0.2837,0.4563
test_1574.jpg,720,960,0.6912,0.75,0.4669,0.196,44.1958,0.1797,0.502
test_1575.jpg,720,1279,0.9209,0.5629,0.3327,0.2174,23.4323,0.3659,0.3938
test_1576.jpg,720,1559,1.1225,0.4618,0.3991,0.188,338.7183,0.1611,0.4313
test_1577.jpg,1080,720,0.7776,1.5,0.3847,0.1996,54.7967,0.2663,0.4176
test_1578.jpg,720,960,0.6912,0.75,0.4392,0.2594,204.8979,0.3347,0.5389
test_1579.jpg,720,960,0.6912,0.75,0.5356,0.2462,214.201,0.2722,0.6236
test_1580.jpg,720,960,0.6912,0.75,0.5396,0.2271,206.7549,0.293,0.6227
test_1581.jpg,960,720,0.6912,1.3333,0.5269,0.1092,0.9607,0.0827,0.5508
test_1582.jpg,720,960,0.6912,0.75,0.5502,0.2128,38.048,0.2521,0.5917
test_1583.jpg,720,960,0.6912,0.75,0.5386,0.206,38.478,0.0731,0.5486
test_1584.jpg,720,947,0.6818,0.7603,0.4258,0.2476,26.0267,0.2772,0.4777
test_1585.jpg,720,960,0.6912,0.75,0.3427,0.2087,31.8785,0.2212,0.3882
test_1586.jpg,720,960,0.6912,0.75,0.4498,0.2115,202.4617,0.1162,0.476
test_1587.jpg,960,720,0.6912,1.3333,0.5343,0.2309,24.3537,0.249,0.5871
test_1588.jpg,720,960,0.6912,0.75,0.42,0.1312,29.377,0.4283,0.5133
test_1589.jpg,720,960,0.6912,0.75,0.5701,0.27,38.3475,0.1361,0.5904
test_1590.jpg,720,960,0.6912,0.75,0.5036,0.2962,311.7239,0.3275,0.5857
test_1591.jpg,960,720,0.6912,1.3333,0.4387,0.0827,355.5534,0.1147,0.4757
test_1592.jpg,960,720,0.6912,1.3333,0.5844,0.2397,32.2785,0.0786,0.6066
test_1593.jpg,720,960,0.6912,0.75,0.7187,0.1949,16.1491,0.1793,0.7843
test_1594.jpg,720,960,0.6912,0.75,0.2744,0.1654,23.1963,0.2348,0.3076
test_1595.jpg,1094,720,0.7877,1.5194,0.3872,0.213,41.3709,0.2645,0.4329
test_1596.jpg,720,960,0.6912,0.75,0.5092,0.1385,23.1339,0.1758,0.5674
test_1597.jpg,960,720,0.6912,1.3333,0.4758,0.2235,14.8179,0.2008,0.5385
test_1598.jpg,720,1015,0.7308,0.7094,0.9249,0.1277,4.1516,0.0146,0.9322
test_1599.jpg,720,960,0.6912,0.75,0.4614,0.204,46.0316,0.0979,0.4788
test_1600.jpg,720,960,0.6912,0.75,0.5166,0.2251,37.3042,0.3334,0.5709
test_1601.jpg,720,1279,0.9209,0.5629,0.5183,0.1498,50.125,0.1287,0.5426
test_1602.jpg,720,960,0.6912,0.75,0.4886,0.1954,359.2826,0.1483,0.5299
test_1603.jpg,960,720,0.6912,1.3333,0.424,0.207,204.4804,0.2662,0.5029
test_1604.jpg,720,960,0.6912,0.75,0.4838,0.2987,28.4932,0.3054,0.5412
test_1605.jpg,720,960,0.6912,0.75,0.439,0.2325,101.1877,0.2179,0.465
test_1606.jpg,720,960,0.6912,0.75,0.4866,0.2818,55.8529,0.1894,0.5077
test_1607.jpg,720,960,0.6912,0.75,0.395,0.1677,184.3747,0.3355,0.4629
test_1608.jpg,720,960,0.6912,0.75,0.6009,0.1547,231.1231,0.0599,0.6165
test_1609.jpg,720,960,0.6912,0.75,0.6158,0.2579,200.3936,0.2233,0.6734
test_1610.jpg,720,960,0.6912,0.75,0.4318,0.2594,220.2547,0.136,0.4639
test_1611.jpg,960,720,0.6912,1.3333,0.4199,0.2392,24.5362,0.3384,0.5021
test_1612.jpg,720,960,0.6912,0.75,0.3717,0.166,243.6747,0.2224,0.4205
test_1613.jpg,720,960,0.6912,0.75,0.5859,0.2022,193.6757,0.2552,0.6574
test_1614.jpg,720,720,0.5184,1.0,0.3265,0.2072,36.3416,0.1299,0.3464
test_1615.jpg,720,960,0.6912,0.75,0.452,0.2468,41.2594,0.1381,0.4736
test_1616.jpg,960,720,0.6912,1.3333,0.4423,0.2435,23.0767,0.4442,0.5553
test_1617.jpg,720,960,0.6912,0.75,0.4965,0.2412,3.9988,0.2247,0.5588
test_1618.jpg,720,960,0.6912,0.75,0.3297,0.2603,259.9081,0.376,0.3837
test_1619.jpg,720,960,0.6912,0.75,0.4285,0.2277,2.7306,0.2815,0.5014
test_1620.jpg,720,1280,0.9216,0.5625,0.4109,0.2746,94.7133,0.2992,0.4515
test_1621.jpg,720,960,0.6912,0.75,0.4705,0.2934,57.0726,0.2275,0.4984
test_1622.jpg,720,720,0.5184,1.0,0.4955,0.3211,258.9451,0.0743,0.5103
test_1623.jpg,960,720,0.6912,1.3333,0.4462,0.2397,14.5591,0.6015,0.6139
test_1624.jpg,720,960,0.6912,0.75,0.5601,0.2447,43.4311,0.2108,0.6073
test_1625.jpg,720,960,0.6912,0.75,0.5687,0.2104,201.0243,0.1947,0.6262
test_1626.jpg,720,960,0.6912,0.75,0.3555,0.2056,11.2895,0.2315,0.412
test_1627.jpg,960,720,0.6912,1.3333,0.2231,0.2146,247.2067,0.119,0.2422
test_1628.jpg,720,1160,0.8352,0.6207,0.4976,0.2342,260.2865,0.1729,0.5453
test_1629.jpg,1279,720,0.9209,1.7764,0.6553,0.2223,215.8502,0.1904,0.7572
test_1630.jpg,720,960,0.6912,0.75,0.611,0.1978,42.1589,0.1587,0.65
test_1631.jpg,720,960,0.6912,0.75,0.5687,0.1676,42.4037,0.0496,0.5772
test_1632.jpg,960,720,0.6912,1.3333,0.4415,0.2831,55.0082,0.2841,0.4642
test_1633.jpg,720,960,0.6912,0.75,0.5838,0.2016,64.9525,0.1947,0.6194
test_1634.jpg,720,960,0.6912,0.75,0.5852,0.2006,184.7772,0.1122,0.6084
test_1635.jpg,720,960,0.6912,0.75,0.5816,0.2389,42.9798,0.2039,0.6179
test_1636.jpg,720,1280,0.9216,0.5625,0.4288,0.2172,47.356,0.2435,0.464
test_1637.jpg,720,960,0.6912,0.75,0.4361,0.2091,51.9851,0.5638,0.506
test_1638.jpg,720,960,0.6912,0.75,0.2134,0.2124,295.1462,0.1995,0.2441
test_1639.jpg,720,960,0.6912,0.75,0.6035,0.2324,247.2755,0.1701,0.6598
test_1640.jpg,960,720,0.6912,1.3333,0.4343,0.1683,33.0385,0.2307,0.4704
test_1641.jpg,960,720,0.6912,1.3333,0.4895,0.2693,208.6737,0.2232,0.5627
test_1642.jpg,720,960,0.6912,0.75,0.5215,0.1848,191.15,0.2468,0.5771
test_1643.jpg,1280,720,0.9216,1.7778,0.5692,0.1747,209.7238,0.1671,0.6251
test_1644.jpg,720,720,0.5184,1.0,0.5329,0.1866,0.4392,0.3564,0.6557
test_1645.jpg,720,960,0.6912,0.75,0.4442,0.1527,177.3017,0.2367,0.4879
test_1646.jpg,960,720,0.6912,1.3333,0.3404,0.2018,56.4031,0.2071,0.3712
test_1647.jpg,720,960,0.6912,0.75,0.3076,0.1988,25.9566,0.4677,0.3898
test_1648.jpg,720,960,0.6912,0.75,0.2985,0.1369,230.4398,0.7518,0.7013
test_1649.jpg,720,960,0.6912,0.75,0.4826,0.1863,31.1769,0.567,0.6072
test_1650.jpg,720,960,0.6912,0.75,0.4768,0.2115,310.7683,0.1322,0.5178
test_1651.jpg,960,720,0.6912,1.3333,0.4973,0.212,218.4652,0.2322,0.5867
test_1652.jpg,720,1565,1.1268,0.4601,0.3018,0.322,313.9788,0.1097,0.3238
test_1653.jpg,720,960,0.6912,0.75,0.4721,0.1771,43.6095,0.153,0.5004
test_1654.jpg,960,720,0.6912,1.3333,0.4755,0.2475,157.6764,0.3184,0.5484
test_1655.jpg,720,960,0.6912,0.75,0.4696,0.1767,213.7826,0.1356,0.5082
test_1656.jpg,720,960,0.6912,0.75,0.6508,0.1474,235.1202,0.0376,0.6584
test_1657.jpg,720,960,0.6912,0.75,0.464,0.1552,14.9918,0.22,0.5263
test_1658.jpg,720,960,0.6912,0.75,0.4654,0.2165,100.0928,0.3614,0.5248
test_1659.jpg,960,720,0.6912,1.3333,0.4723,0.2094,15.6709,0.1772,0.5215
test_1660.jpg,720,960,0.6912,0.75,0.3007,0.1952,5.5938,0.3017,0.3497
test_1661.jpg,720,960,0.6912,0.75,0.4877,0.1706,33.7899,0.5076,0.5911
test_1662.jpg,720,1280,0.9216,0.5625,0.3836,0.2351,255.7172,0.2488,0.4339
test_1663.jpg,720,960,0.6912,0.75,0.4337,0.2036,45.976,0.3654,0.5325
test_1664.jpg,1398,720,1.0066,1.9417,0.4449,0.1305,16.4782,0.4724,0.587
test_1665.jpg,720,960,0.6912,0.75,0.6034,0.2462,21.2785,0.0923,0.6223
test_1666.jpg,720,960,0.6912,0.75,0.2888,0.2147,351.1514,0.3341,0.3432
test_1667.jpg,720,720,0.5184,1.0,0.5258,0.2292,30.5602,0.1913,0.5669
test_1668.jpg,720,960,0.6912,0.75,0.447,0.1918,21.5172,0.1537,0.4862
test_1669.jpg,720,960,0.6912,0.75,0.4743,0.2169,311.2353,0.235,0.5438
test_1670.jpg,720,960,0.6912,0.75,0.4871,0.2182,303.7947,0.0398,0.494
test_1671.jpg,1280,720,0.9216,1.7778,0.5628,0.1791,235.8279,0.1124,0.5998
test_1672.jpg,720,960,0.6912,0.75,0.5334,0.1363,35.7872,0.1357,0.5671
test_1673.jpg,720,1279,0.9209,0.5629,0.4341,0.1968,71.6806,0.2578,0.4693
test_1674.jpg,1196,720,0.8611,1.6611,0.3355,0.1432,15.145,0.1088,0.3536
test_1675.jpg,720,960,0.6912,0.75,0.4391,0.1726,242.207,0.3624,0.5739
test_1676.jpg,720,960,0.6912,0.75,0.4553,0.2403,197.0034,0.238,0.5059
test_1677.jpg,720,960,0.6912,0.75,0.3948,0.2429,58.717,0.1524,0.4211
test_1678.jpg,720,720,0.5184,1.0,0.5914,0.1919,20.5152,0.2076,0.646
test_1679.jpg,960,720,0.6912,1.3333,0.5364,0.2444,200.3347,0.2161,0.6099
test_1680.jpg,960,720,0.6912,1.3333,0.3639,0.2715,335.8231,0.284,0.4289
test_1681.jpg,720,960,0.6912,0.75,0.5294,0.2284,353.1699,0.2312,0.5945
test_1682.jpg,960,720,0.6912,1.3333,0.5462,0.2185,50.6761,0.1081,0.5618
test_1683.jpg,720,960,0.6912,0.75,0.5339,0.2181,19.6131,0.2489,0.5914
test_1684.jpg,720,960,0.6912,0.75,0.1821,0.091,186.7388,0.2718,0.2186
test_1685.jpg,720,960,0.6912,0.75,0.4618,0.2627,206.7886,0.2116,0.5184
test_1686.jpg,1279,720,0.9209,1.7764,0.4589,0.1347,232.1057,0.1704,0.5068
test_1687.jpg,720,960,0.6912,0.75,0.5361,0.2618,195.23,0.147,0.5691
test_1688.jpg,720,960,0.6912,0.75,0.5282,0.2148,25.5892,0.264,0.5841
test_1689.jpg,720,960,0.6912,0.75,0.4696,0.2365,34.4147,0.4086,0.561
test_1690.jpg,720,960,0.6912,0.75,0.4868,0.2153,241.6102,0.325,0.637
test_1691.jpg,1280,720,0.9216,1.7778,0.3016,0.1845,3.9499,0.3039,0.3575
test_1692.jpg,720,1678,1.2082,0.4291,0.5776,0.2157,312.652,0.2096,0.6684
test_1693.jpg,720,720,0.5184,1.0,0.4186,0.1688,33.6687,0.2418,0.4684
test_1694.jpg,720,960,0.6912,0.75,0.5378,0.2211,226.3617,0.2444,0.6158
test_1695.jpg,720,960,0.6912,0.75,0.4203,0.1425,303.5877,0.2068,0.4753
test_1696.jpg,720,960,0.6912,0.75,0.3926,0.2344,2.0868,0.279,0.4558
test_1697.jpg,720,960,0.6912,0.75,0.4432,0.2276,235.202,0.1546,0.4777
test_1698.jpg,720,1280,0.9216,0.5625,0.4656,0.333,209.6201,0.211,0.5032
test_1699.jpg,720,960,0.6912,0.75,0.472,0.1932,80.1016,0.3443,0.5408
test_1700.jpg,720,960,0.6912,0.75,0.398,0.2288,349.3484,0.2634,0.4687
test_1701.jpg,720,1560,1.1232,0.4615,0.3773,0.2386,183.2241,0.1008,0.4032
test_1702.jpg,1080,720,0.7776,1.5,0.6102,0.2305,233.1111,0.211,0.7017
test_1703.jpg,720,1279,0.9209,0.5629,0.5353,0.2223,36.4494,0.1981,0.569
test_1704.jpg,720,960,0.6912,0.75,0.4976,0.3277,199.2688,0.1692,0.5269
test_1705.jpg,720,960,0.6912,0.75,0.5489,0.1545,44.9834,0.0511,0.5537
test_1706.jpg,720,960,0.6912,0.75,0.4641,0.2452,18.2423,0.2526,0.5213
test_1707.jpg,720,720,0.5184,1.0,0.3824,0.1963,353.4796,0.2038,0.4359
test_1708.jpg,1280,720,0.9216,1.7778,0.4559,0.2006,11.1116,0.181,0.5061
test_1709.jpg,720,960,0.6912,0.75,0.4432,0.2518,23.6504,0.2417,0.4909
test_1710.jpg,720,960,0.6912,0.75,0.4894,0.2366,34.4995,0.1966,0.5261
test_1711.jpg,960,720,0.6912,1.3333,0.5017,0.1274,46.4117,0.1333,0.5235
test_1712.jpg,960,720,0.6912,1.3333,0.4443,0.2344,190.3546,0.1244,0.4764
test_1713.jpg,720,960,0.6912,0.75,0.6469,0.2215,85.132,0.0811,0.6576
test_1714.jpg,720,960,0.6912,0.75,0.4161,0.1936,37.3417,0.285,0.4759
test_1715.jpg,720,960,0.6912,0.75,0.4987,0.2235,12.1429,0.2742,0.587
test_1716.jpg,960,720,0.6912,1.3333,0.4921,0.2041,13.4204,0.4035,0.6084
test_1717.jpg,720,960,0.6912,0.75,0.4722,0.2183,72.4128,0.2489,0.5203
test_1718.jpg,720,960,0.6912,0.75,0.4419,0.2873,346.0037,0.3013,0.5496
test_1719.jpg,720,960,0.6912,0.75,0.5211,0.1379,209.6114,0.197,0.5854
test_1720.jpg,960,720,0.6912,1.3333,0.4173,0.1796,342.8794,0.3483,0.5288
test_1721.jpg,720,960,0.6912,0.75,0.488,0.1677,35.7947,0.1883,0.5312
test_1722.jpg,720,960,0.6912,0.75,0.5514,0.3104,346.4132,0.2805,0.6112
test_1723.jpg,720,960,0.6912,0.75,0.3998,0.2274,46.7409,0.126,0.4204
test_1724.jpg,1280,720,0.9216,1.7778,0.2967,0.2308,100.4617,0.2569,0.3222
test_1725.jpg,720,1279,0.9209,0.5629,0.4752,0.2866,245.619,0.0999,0.4953
test_1726.jpg,960,720,0.6912,1.3333,0.467,0.2418,203.116,0.2257,0.5229
test_1727.jpg,720,960,0.6912,0.75,0.4876,0.1959,14.7304,0.2131,0.5472
test_1728.jpg,720,960,0.6912,0.75,0.4302,0.2427,6.9181,0.3886,0.5322
test_1729.jpg,1279,720,0.9209,1.7764,0.4856,0.2139,32.9497,0.1855,0.5292
test_1730.jpg,720,960,0.6912,0.75,0.5236,0.1951,28.5385,0.2621,0.5926
test_1731.jpg,720,960,0.6912,0.75,0.5871,0.2425,194.7459,0.1213,0.6172
test_1732.jpg,720,960,0.6912,0.75,0.4763,0.1989,37.6555,0.3939,0.5858
test_1733.jpg,720,960,0.6912,0.75,0.4082,0.266,339.7524,0.2586,0.4847
test_1734.jpg,720,960,0.6912,0.75,0.4129,0.1752,47.1992,0.1487,0.434
test_1735.jpg,720,960,0.6912,0.75,0.4372,0.1567,229.9133,0.073,0.4481
test_1736.jpg,720,1280,0.9216,0.5625,0.4807,0.3048,352.4879,0.3651,0.5689
test_1737.jpg,720,960,0.6912,0.75,0.4878,0.2237,242.186,0.1506,0.5325
test_1738.jpg,720,960,0.6912,0.75,0.4642,0.1698,48.1947,0.1756,0.4948
test_1739.jpg,720,960,0.6912,0.75,0.4282,0.2584,96.7298,0.1579,0.4485
test_1740.jpg,720,960,0.6912,0.75,0.4153,0.2046,24.0815,0.5432,0.547
test_1741.jpg,720,960,0.6912,0.75,0.5181,0.2444,27.1544,0.2878,0.5848
test_1742.jpg,720,960,0.6912,0.75,0.4666,0.2274,194.6877,0.2042,0.5135
test_1743.jpg,720,960,0.6912,0.75,0.4419,0.1855,74.4464,0.2242,0.4755
test_1744.jpg,720,960,0.6912,0.75,0.5765,0.3075,36.4425,0.0987,0.6013
test_1745.jpg,720,960,0.6912,0.75,0.5348,0.2531,53.3751,0.1381,0.5611
test_1746.jpg,960,720,0.6912,1.3333,0.511,0.2259,259.4198,0.0914,0.5263
test_1747.jpg,720,960,0.6912,0.75,0.5529,0.237,101.8643,0.0329,0.5596
test_1748.jpg,720,1280,0.9216,0.5625,0.504,0.2776,41.0996,0.3503,0.5583
test_1749.jpg,720,960,0.6912,0.75,0.4306,0.2243,212.8016,0.167,0.4653
test_1750.jpg,720,960,0.6912,0.75,0.2515,0.1455,34.7333,0.2765,0.2817
test_1751.jpg,960,720,0.6912,1.3333,0.281,0.2458,50.1592,0.2274,0.3135
test_1752.jpg,960,720,0.6912,1.3333,0.446,0.2065,58.1031,0.171,0.4865
test_1753.jpg,720,960,0.6912,0.75,0.4765,0.168,28.0778,0.2622,0.5437
test_1754.jpg,720,720,0.5184,1.0,0.46,0.2238,27.3988,0.2623,0.5153
test_1755.jpg,1080,720,0.7776,1.5,0.3041,0.2544,200.4539,0.2099,0.3375
test_1756.jpg,720,960,0.6912,0.75,0.4524,0.1706,64.4416,0.1864,0.4884
test_1757.jpg,720,960,0.6912,0.75,0.4928,0.2089,267.9015,0.178,0.542
test_1758.jpg,720,960,0.6912,0.75,0.547,0.2655,38.3841,0.2121,0.5799
test_1759.jpg,720,960,0.6912,0.75,0.522,0.2531,27.1453,0.2024,0.5651
test_1760.jpg,960,720,0.6912,1.3333,0.4618,0.1997,116.2315,0.1443,0.4867
test_1761.jpg,720,960,0.6912,0.75,0.6453,0.1659,196.721,0.1567,0.7019
test_1762.jpg,720,960,0.6912,0.75,0.5364,0.2012,206.7937,0.1012,0.5675
test_1763.jpg,720,960,0.6912,0.75,0.5539,0.2053,40.8445,0.2683,0.6027
test_1764.jpg,720,960,0.6912,0.75,0.6022,0.2523,48.5742,0.1622,0.6359
test_1765.jpg,720,960,0.6912,0.75,0.641,0.2169,211.9783,0.1459,0.6943
test_1766.jpg,720,960,0.6912,0.75,0.4952,0.2066,113.6096,0.115,0.5198
test_1767.jpg,720,960,0.6912,0.75,0.4833,0.2717,183.097,0.0873,0.5047
test_1768.jpg,960,720,0.6912,1.3333,0.6057,0.1392,32.1626,0.1374,0.6444
test_1769.jpg,947,720,0.6818,1.3153,0.496,0.2432,33.6205,0.3513,0.5694
test_1770.jpg,960,720,0.6912,1.3333,0.5044,0.2039,108.2516,0.3116,0.5644
test_1771.jpg,960,720,0.6912,1.3333,0.6428,0.2461,190.575,0.1856,0.706
test_1772.jpg,720,960,0.6912,0.75,0.5435,0.2476,43.5222,0.1095,0.5641
test_1773.jpg,982,720,0.707,1.3639,0.4254,0.2046,28.7533,0.1422,0.4567
test_1774.jpg,1320,720,0.9504,1.8333,0.4705,0.27,18.6886,0.2802,0.5324
test_1775.jpg,960,720,0.6912,1.3333,0.5191,0.2378,111.7457,0.1463,0.5541
test_1776.jpg,720,960,0.6912,0.75,0.4569,0.2673,5.1001,0.2778,0.5374
test_1777.jpg,720,960,0.6912,0.75,0.4771,0.2599,23.4828,0.1824,0.5203
test_1778.jpg,1279,720,0.9209,1.7764,0.4717,0.225,26.2599,0.1374,0.5045
test_1779.jpg,720,960,0.6912,0.75,0.449,0.2465,33.2549,0.1407,0.4718
test_1780.jpg,1280,720,0.9216,1.7778,0.3399,0.2049,149.2731,0.2069,0.3874
test_1781.jpg,720,960,0.6912,0.75,0.5683,0.2066,178.1354,0.1897,0.615
test_1782.jpg,720,960,0.6912,0.75,0.5247,0.2506,21.7906,0.2639,0.5851
test_1783.jpg,720,960,0.6912,0.75,0.4584,0.2223,196.2331,0.2442,0.5219
test_1784.jpg,720,960,0.6912,0.75,0.4496,0.1579,213.3318,0.361,0.619
test_1785.jpg,720,1280,0.9216,0.5625,0.5232,0.1589,32.4524,0.0795,0.5386
test_1786.jpg,720,1279,0.9209,0.5629,0.4096,0.2741,63.3781,0.297,0.4661
test_1787.jpg,960,720,0.6912,1.3333,0.4535,0.2936,197.6693,0.1959,0.501
test_1788.jpg,960,720,0.6912,1.3333,0.4918,0.2698,244.995,0.176,0.5326
test_1789.jpg,720,720,0.5184,1.0,0.5043,0.2067,31.4218,0.1324,0.5385
test_1790.jpg,720,960,0.6912,0.75,0.5719,0.1993,39.0125,0.1331,0.5987
test_1791.jpg,720,960,0.6912,0.75,0.5343,0.2663,28.746,0.1429,0.564
test_1792.jpg,720,960,0.6912,0.75,0.4713,0.1535,325.0973,0.1237,0.5042
test_1793.jpg,960,720,0.6912,1.3333,0.4798,0.1769,232.9274,0.1683,0.532
test_1794.jpg,720,960,0.6912,0.75,0.4312,0.2387,208.9527,0.1193,0.4556
test_1795.jpg,720,960,0.6912,0.75,0.4097,0.2303,39.2623,0.2366,0.4604
test_1796.jpg,720,960,0.6912,0.75,0.5011,0.1746,205.6037,0.1934,0.5676
test_1797.jpg,720,960,0.6912,0.75,0.5343,0.1243,48.0325,0.1034,0.5498
test_1798.jpg,720,1599,1.1513,0.4503,0.6131,0.1569,38.5656,0.1258,0.64
test_1799.jpg,960,720,0.6912,1.3333,0.3809,0.1714,30.6786,0.2662,0.4543
test_1800.jpg,720,960,0.6912,0.75,0.3715,0.1552,243.9758,0.3876,0.5248
test_1801.jpg,720,720,0.5184,1.0,0.5311,0.2295,201.3594,0.0986,0.5632
test_1802.jpg,720,960,0.6912,0.75,0.4741,0.0696,210.7271,0.0576,0.4833
test_1803.jpg,720,960,0.6912,0.75,0.5071,0.1726,199.5658,0.2173,0.5671
test_1804.jpg,720,1280,0.9216,0.5625,0.4484,0.1729,48.1429,0.1656,0.4816
test_1805.jpg,960,720,0.6912,1.3333,0.4294,0.2208,213.5893,0.2571,0.4961
test_1806.jpg,720,1280,0.9216,0.5625,0.4926,0.1827,89.2252,0.1618,0.5295
test_1807.jpg,720,960,0.6912,0.75,0.46,0.2321,45.897,0.501,0.5333
test_1808.jpg,720,1280,0.9216,0.5625,0.5142,0.1952,19.5976,0.316,0.6016
test_1809.jpg,720,960,0.6912,0.75,0.4506,0.2072,27.1895,0.2309,0.5078
test_1810.jpg,720,1279,0.9209,0.5629,0.2605,0.1791,240.4134,0.5157,0.436
test_1811.jpg,720,960,0.6912,0.75,0.4966,0.2396,24.7902,0.2422,0.5635
test_1812.jpg,720,960,0.6912,0.75,0.5323,0.1942,42.1867,0.2299,0.5866
test_1813.jpg,720,960,0.6912,0.75,0.4916,0.1988,33.336,0.149,0.5185
test_1814.jpg,720,960,0.6912,0.75,0.4634,0.2236,33.2122,0.3086,0.563
test_1815.jpg,1279,720,0.9209,1.7764,0.45,0.1893,44.1279,0.2689,0.4984
test_1816.jpg,720,960,0.6912,0.75,0.475,0.2726,29.8772,0.3445,0.553
test_1817.jpg,720,1279,0.9209,0.5629,0.4898,0.2248,31.4741,0.0844,0.5071
test_1818.jpg,720,1558,1.1218,0.4621,0.6245,0.1955,21.9779,0.1693,0.6684
test_1819.jpg,720,960,0.6912,0.75,0.4356,0.208,51.9994,0.1071,0.4542
test_1820.jpg,720,960,0.6912,0.75,0.2171,0.1497,25.0381,0.2091,0.2344
test_1821.jpg,1279,720,0.9209,1.7764,0.3697,0.2204,263.5685,0.2267,0.4188
test_1822.jpg,720,960,0.6912,0.75,0.6159,0.1546,37.3159,0.1279,0.6463
test_1823.jpg,720,960,0.6912,0.75,0.5013,0.2302,132.9969,0.1277,0.5261
test_1824.jpg,794,720,0.5717,1.1028,0.1257,0.1535,26.7972,0.2094,0.1525
test_1825.jpg,720,1280,0.9216,0.5625,0.3856,0.1679,113.4335,0.2034,0.4321
test_1826.jpg,720,1280,0.9216,0.5625,0.5703,0.2703,201.3448,0.2238,0.6408
test_1827.jpg,960,720,0.6912,1.3333,0.2609,0.2173,10.1845,0.3927,0.3949
test_1828.jpg,720,960,0.6912,0.75,0.4797,0.248,56.122,0.1685,0.5126
test_1829.jpg,720,1560,1.1232,0.4615,0.2658,0.2806,55.1394,0.217,0.3013
test_1830.jpg,720,960,0.6912,0.75,0.2632,0.2105,292.2382,0.4833,0.3621
test_1831.jpg,720,960,0.6912,0.75,0.4198,0.1998,66.5855,0.3204,0.4596
test_1832.jpg,720,1280,0.9216,0.5625,0.5198,0.2069,10.3251,0.2,0.574
test_1833.jpg,720,960,0.6912,0.75,0.3981,0.1945,28.3477,0.4733,0.4941
test_1834.jpg,720,960,0.6912,0.75,0.5312,0.2992,156.0505,0.1574,0.5567
test_1835.jpg,720,960,0.6912,0.75,0.5993,0.1854,84.1326,0.1632,0.6268
test_1836.jpg,720,960,0.6912,0.75,0.3677,0.2175,342.2656,0.3406,0.4643
test_1837.jpg,960,720,0.6912,1.3333,0.4607,0.1899,216.4766,0.1695,0.5144
test_1838.jpg,964,720,0.6941,1.3389,0.4722,0.2702,66.9526,0.4269,0.5173
test_1839.jpg,720,960,0.6912,0.75,0.5249,0.1982,159.5765,0.2702,0.594
test_1840.jpg,720,960,0.6912,0.75,0.5913,0.2645,12.9811,0.2167,0.6539
test_1841.jpg,960,720,0.6912,1.3333,0.4004,0.2141,67.1841,0.1554,0.4165
test_1842.jpg,720,960,0.6912,0.75,0.5068,0.2258,317.7001,0.1117,0.5362
test_1843.jpg,720,960,0.6912,0.75,0.5357,0.2396,35.2454,0.1508,0.5674
test_1844.jpg,720,1279,0.9209,0.5629,0.3901,0.1575,131.893,0.2366,0.4436
test_1845.jpg,960,720,0.6912,1.3333,0.3394,0.2449,48.4314,0.1844,0.3634
test_1846.jpg,720,720,0.5184,1.0,0.5474,0.2545,273.1467,0.1438,0.5958
test_1847.jpg,960,720,0.6912,1.3333,0.5614,0.138,16.1995,0.2067,0.6167
test_1848.jpg,720,960,0.6912,0.75,0.4683,0.2682,44.6168,0.226,0.5327
test_1849.jpg,960,720,0.6912,1.3333,0.3593,0.21,29.3763,0.2763,0.3977
test_1850.jpg,720,960,0.6912,0.75,0.5362,0.1791,207.5601,0.2856,0.6579
test_1851.jpg,720,960,0.6912,0.75,0.4414,0.1976,205.3577,0.3213,0.571
test_1852.jpg,720,960,0.6912,0.75,0.4115,0.2329,108.2814,0.3031,0.4569
test_1853.jpg,720,960,0.6912,0.75,0.6763,0.0936,32.9698,0.1125,0.7079
test_1854.jpg,720,960,0.6912,0.75,0.6242,0.0917,55.2374,0.0529,0.6322
test_1855.jpg,1279,720,0.9209,1.7764,0.5209,0.1832,29.9984,0.1558,0.5578
test_1856.jpg,720,720,0.5184,1.0,0.519,0.1986,211.8741,0.2047,0.5823
test_1857.jpg,720,960,0.6912,0.75,0.5373,0.1648,15.8343,0.1562,0.5831
test_1858.jpg,720,1560,1.1232,0.4615,0.2825,0.2903,197.8186,0.1668,0.3268
test_1859.jpg,720,960,0.6912,0.75,0.5643,0.2719,29.0601,0.2174,0.5976
test_1860.jpg,960,720,0.6912,1.3333,0.5511,0.2197,203.9015,0.1852,0.6022
test_1861.jpg,1280,720,0.9216,1.7778,0.4544,0.2195,161.4753,0.2544,0.5233
test_1862.jpg,720,960,0.6912,0.75,0.5026,0.2165,78.205,0.126,0.5212
test_1863.jpg,960,720,0.6912,1.3333,0.5146,0.1839,29.0542,0.2365,0.5679
test_1864.jpg,960,720,0.6912,1.3333,0.4832,0.2339,33.8197,0.2484,0.5447
test_1865.jpg,720,960,0.6912,0.75,0.3869,0.1606,8.362,0.7358,0.6965
test_1866.jpg,720,960,0.6912,0.75,0.5027,0.1748,214.1669,0.1759,0.5487
test_1867.jpg,720,960,0.6912,0.75,0.5321,0.3135,236.9602,0.2975,0.596
test_1868.jpg,720,960,0.6912,0.75,0.474,0.1859,30.5475,0.1604,0.5101
test_1869.jpg,1080,720,0.7776,1.5,0.5006,0.2857,15.8307,0.1918,0.5496
test_1870.jpg,960,720,0.6912,1.3333,0.4661,0.2619,340.0741,0.2763,0.542
test_1871.jpg,720,960,0.6912,0.75,0.5146,0.2314,41.7109,0.1926,0.5495
test_1872.jpg,720,960,0.6912,0.75,0.5182,0.2379,64.6486,0.2581,0.5653
test_1873.jpg,720,960,0.6912,0.75,0.5962,0.2055,40.6988,0.0961,0.6249
test_1874.jpg,720,960,0.6912,0.75,0.443,0.1724,65.9467,0.2055,0.4779
test_1875.jpg,720,960,0.6912,0.75,0.4954,0.1722,37.4517,0.1214,0.5286
test_1876.jpg,720,960,0.6912,0.75,0.4805,0.2333,54.4244,0.2645,0.5265
test_1877.jpg,720,960,0.6912,0.75,0.3619,0.2318,53.6292,0.2118,0.3853
test_1878.jpg,720,960,0.6912,0.75,0.5068,0.2223,33.8259,0.2379,0.5469
test_1879.jpg,720,960,0.6912,0.75,0.3902,0.2714,8.0008,0.3067,0.4562
test_1880.jpg,720,960,0.6912,0.75,0.5126,0.1791,47.9626,0.3129,0.5745
test_1881.jpg,720,960,0.6912,0.75,0.4675,0.2154,167.7164,0.3069,0.5518
test_1882.jpg,720,960,0.6912,0.75,0.4327,0.2243,218.2085,0.272,0.5018
test_1883.jpg,720,960,0.6912,0.75,0.6343,0.1756,30.5537,0.1083,0.6573
test_1884.jpg,960,720,0.6912,1.3333,0.428,0.1841,214.599,0.3191,0.5196
test_1885.jpg,720,960,0.6912,0.75,0.436,0.2723,82.7295,0.2208,0.4859
test_1886.jpg,720,960,0.6912,0.75,0.5537,0.2371,31.9552,0.2383,0.6042
test_1887.jpg,720,960,0.6912,0.75,0.5317,0.2839,19.0379,0.1881,0.5778
test_1888.jpg,720,960,0.6912,0.75,0.4735,0.2006,349.4398,0.1734,0.5241
test_1889.jpg,720,960,0.6912,0.75,0.5191,0.2698,30.6849,0.2493,0.5784
test_1890.jpg,720,960,0.6912,0.75,0.4674,0.2762,31.9953,0.4121,0.5568
test_1891.jpg,720,960,0.6912,0.75,0.5096,0.2248,40.4208,0.1843,0.5416
test_1892.jpg,720,960,0.6912,0.75,0.5032,0.2612,215.0877,0.3314,0.5993
test_1893.jpg,720,960,0.6912,0.75,0.4853,0.194,48.4861,0.1293,0.5085
test_1894.jpg,960,720,0.6912,1.3333,0.5586,0.1982,52.6669,0.2302,0.6082
test_1895.jpg,960,720,0.6912,1.3333,0.4695,0.2563,340.1884,0.2349,0.5148
test_1896.jpg,720,960,0.6912,0.75,0.3267,0.2719,54.9078,0.4146,0.3775
test_1897.jpg,720,960,0.6912,0.75,0.4714,0.1823,13.6914,0.1571,0.5049
test_1898.jpg,720,960,0.6912,0.75,0.536,0.2527,37.925,0.0788,0.5521
test_1899.jpg,720,960,0.6912,0.75,0.5449,0.2447,42.9518,0.0634,0.5557
test_1900.jpg,720,1542,1.1102,0.4669,0.6298,0.2782,331.2634,0.1502,0.6783
test_1901.jpg,720,960,0.6912,0.75,0.6154,0.2171,29.5536,0.2212,0.6876
test_1902.jpg,960,720,0.6912,1.3333,0.3794,0.2449,20.3138,0.3401,0.4506
test_1903.jpg,720,960,0.6912,0.75,0.4673,0.2066,352.9049,0.3647,0.5642
test_1904.jpg,720,960,0.6912,0.75,0.4741,0.1984,42.5129,0.4248,0.5508
test_1905.jpg,960,720,0.6912,1.3333,0.5829,0.2682,31.7918,0.4152,0.6805
test_1906.jpg,720,960,0.6912,0.75,0.4316,0.2279,36.4151,0.2818,0.4981
test_1907.jpg,1320,720,0.9504,1.8333,0.5068,0.2675,34.9049,0.2404,0.547
test_1908.jpg,720,1278,0.9202,0.5634,0.449,0.1805,58.1413,0.3121,0.4927
test_1909.jpg,720,960,0.6912,0.75,0.3357,0.2218,349.2392,0.2597,0.3955
test_1910.jpg,720,960,0.6912,0.75,0.447,0.2499,10.2462,0.3088,0.5377
test_1911.jpg,720,960,0.6912,0.75,0.3734,0.1612,345.5607,0.214,0.4273
test_1912.jpg,720,960,0.6912,0.75,0.5375,0.168,33.8726,0.3718,0.6268
test_1913.jpg,893,720,0.643,1.2403,0.5931,0.1747,356.3895,0.0806,0.606
test_1914.jpg,960,720,0.6912,1.3333,0.453,0.1682,6.8444,0.1686,0.4897
test_1915.jpg,720,960,0.6912,0.75,0.3603,0.1863,175.6144,0.1374,0.3854
test_1916.jpg,720,960,0.6912,0.75,0.4921,0.1643,36.8465,0.4062,0.5709
test_1917.jpg,720,1279,0.9209,0.5629,0.4189,0.2165,152.0394,0.1938,0.4577
test_1918.jpg,960,720,0.6912,1.3333,0.4079,0.2478,334.4313,0.1621,0.4399
test_1919.jpg,720,960,0.6912,0.75,0.3501,0.2113,37.0155,0.4123,0.4184
test_1920.jpg,720,960,0.6912,0.75,0.5101,0.3318,254.1713,0.0704,0.5253
test_1921.jpg,720,720,0.5184,1.0,0.5281,0.2471,217.7972,0.1174,0.5571
test_1922.jpg,720,960,0.6912,0.75,0.3735,0.1274,6.0474,0.0473,0.3891
test_1923.jpg,720,960,0.6912,0.75,0.513,0.2488,191.9934,0.2503,0.5784
test_1924.jpg,720,720,0.5184,1.0,0.3801,0.1762,356.7836,0.2009,0.4278
test_1925.jpg,960,720,0.6912,1.3333,0.5156,0.2756,26.4429,0.2729,0.5709
test_1926.jpg,720,1080,0.7776,0.6667,0.362,0.2402,117.7148,0.1648,0.3834
test_1927.jpg,720,960,0.6912,0.75,0.5408,0.241,24.7766,0.3427,0.6283
test_1928.jpg,720,960,0.6912,0.75,0.471,0.21,98.3069,0.1544,0.5009
test_1929.jpg,720,960,0.6912,0.75,0.5903,0.1423,26.343,0.1357,0.6287
test_1930.jpg,720,960,0.6912,0.75,0.571,0.2346,325.5603,0.0894,0.596
test_1931.jpg,960,720,0.6912,1.3333,0.5696,0.164,32.8277,0.0907,0.5932
test_1932.jpg,720,720,0.5184,1.0,0.3441,0.1924,17.5602,0.1475,0.3717
test_1933.jpg,720,960,0.6912,0.75,0.5469,0.1924,36.8477,0.2469,0.5928
test_1934.jpg,720,1279,0.9209,0.5629,0.4758,0.1793,24.7747,0.3737,0.5693
test_1935.jpg,720,960,0.6912,0.75,0.4777,0.2247,41.9999,0.2086,0.5125
test_1936.jpg,960,720,0.6912,1.3333,0.4373,0.167,17.3081,0.2302,0.4913
test_1937.jpg,720,960,0.6912,0.75,0.6234,0.2059,23.0545,0.1308,0.6504
test_1938.jpg,720,1279,0.9209,0.5629,0.6304,0.2073,58.2889,0.0695,0.6424
test_1939.jpg,720,960,0.6912,0.75,0.7096,0.1052,45.5093,0.0588,0.7262
test_1940.jpg,720,960,0.6912,0.75,0.5079,0.2289,215.0093,0.205,0.5837
test_1941.jpg,1079,720,0.7769,1.4986,0.3079,0.1688,147.0299,0.1934,0.3368
test_1942.jpg,720,960,0.6912,0.75,0.4908,0.2677,187.4355,0.0665,0.5025
test_1943.jpg,720,960,0.6912,0.75,0.4303,0.2395,209.0746,0.361,0.5412
test_1944.jpg,720,960,0.6912,0.75,0.5379,0.2129,36.4524,0.0996,0.5515
test_1945.jpg,720,960,0.6912,0.75,0.5464,0.2228,219.5088,0.2052,0.6111
test_1946.jpg,720,960,0.6912,0.75,0.2869,0.2103,17.6699,0.2678,0.3297
test_1947.jpg,720,960,0.6912,0.75,0.4302,0.2353,209.7258,0.2231,0.4798
test_1948.jpg,720,1280,0.9216,0.5625,0.6438,0.1996,42.8961,0.0538,0.6539
test_1949.jpg,720,960,0.6912,0.75,0.4567,0.2508,55.1727,0.3403,0.5367
test_1950.jpg,720,876,0.6307,0.8219,0.4091,0.1929,16.6715,0.371,0.4929
test_1951.jpg,1080,720,0.7776,1.5,0.5159,0.2429,49.8952,0.2133,0.568
test_1952.jpg,720,960,0.6912,0.75,0.1111,0.1451,57.0814,0.4046,0.1263
test_1953.jpg,720,960,0.6912,0.75,0.4053,0.1719,237.73,0.2949,0.4873
test_1954.jpg,720,960,0.6912,0.75,0.5217,0.2342,203.8765,0.1503,0.5626
test_1955.jpg,720,960,0.6912,0.75,0.5358,0.2131,280.0056,0.146,0.5684
test_1956.jpg,720,1279,0.9209,0.5629,0.3832,0.1874,109.9818,0.2201,0.4241
test_1957.jpg,720,960,0.6912,0.75,0.5399,0.2075,233.6078,0.208,0.6345
test_1958.jpg,960,720,0.6912,1.3333,0.3242,0.2287,5.9155,0.3487,0.3996
test_1959.jpg,720,960,0.6912,0.75,0.4364,0.2427,91.692,0.2476,0.4696
test_1960.jpg,720,960,0.6912,0.75,0.5486,0.2446,202.0824,0.114,0.5746
test_1961.jpg,720,960,0.6912,0.75,0.5083,0.1895,9.9561,0.1566,0.5499
test_1962.jpg,960,720,0.6912,1.3333,0.5939,0.2025,197.4717,0.1512,0.6334
test_1963.jpg,720,960,0.6912,0.75,0.4658,0.251,53.8639,0.1377,0.4861
test_1964.jpg,720,960,0.6912,0.75,0.2968,0.3199,324.3239,0.2732,0.335
test_1965.jpg,720,960,0.6912,0.75,0.5665,0.2392,298.1181,0.1357,0.6001
test_1966.jpg,720,960,0.6912,0.75,0.5257,0.2544,22.8094,0.2722,0.5974
test_1967.jpg,720,769,0.5537,0.9363,0.6462,0.28,24.5886,0.2019,0.6946
test_1968.jpg,960,720,0.6912,1.3333,0.4213,0.27,224.2532,0.1141,0.4504
test_1969.jpg,720,960,0.6912,0.75,0.4878,0.2248,190.0193,0.1312,0.5158
test_1970.jpg,1280,720,0.9216,1.7778,0.3076,0.1796,181.3194,0.2925,0.3561
test_1971.jpg,720,960,0.6912,0.75,0.4937,0.1816,248.6878,0.0902,0.5165
test_1972.jpg,1032,720,0.743,1.4333,0.3899,0.2564,216.6458,0.2775,0.4548
test_1973.jpg,720,960,0.6912,0.75,0.5233,0.2541,204.5507,0.1727,0.5698
test_1974.jpg,720,960,0.6912,0.75,0.2892,0.2028,17.0205,0.2056,0.3158
test_1975.jpg,720,960,0.6912,0.75,0.4258,0.2254,218.5401,0.5256,0.6178
test_1976.jpg,720,822,0.5918,0.8759,0.1926,0.257,230.7823,0.2063,0.2136
test_1977.jpg,720,960,0.6912,0.75,0.4704,0.273,46.0173,0.234,0.5204
test_1978.jpg,720,960,0.6912,0.75,0.2282,0.191,231.7111,0.1502,0.2433
test_1979.jpg,720,960,0.6912,0.75,0.3925,0.27,131.2981,0.2239,0.4265
test_1980.jpg,720,720,0.5184,1.0,0.3617,0.2958,270.3797,0.204,0.398
test_1981.jpg,720,960,0.6912,0.75,0.4737,0.2961,34.0121,0.2845,0.5319
test_1982.jpg,1122,720,0.8078,1.5583,0.6543,0.1814,37.5436,0.1177,0.6777
test_1983.jpg,960,720,0.6912,1.3333,0.4246,0.2672,138.4678,0.1191,0.443
test_1984.jpg,720,960,0.6912,0.75,0.4557,0.2183,39.8931,0.2212,0.501
test_1985.jpg,960,720,0.6912,1.3333,0.477,0.2546,74.3818,0.1478,0.5022
test_1986.jpg,720,960,0.6912,0.75,0.4044,0.2383,61.1146,0.2278,0.4475
test_1987.jpg,1080,720,0.7776,1.5,0.252,0.1471,63.8774,0.5557,0.2843
test_1988.jpg,720,960,0.6912,0.75,0.5105,0.2535,14.5294,0.1792,0.5528
test_1989.jpg,720,960,0.6912,0.75,0.4159,0.2061,22.3232,0.3033,0.4875
test_1990.jpg,720,831,0.5983,0.8664,0.5596,0.1424,28.5376,0.1054,0.5897
test_1991.jpg,720,1279,0.9209,0.5629,0.49,0.2232,192.4437,0.1708,0.5466
test_1992.jpg,720,741,0.5335,0.9717,0.6003,0.2393,195.256,0.1677,0.6478
test_1993.jpg,720,720,0.5184,1.0,0.5361,0.2035,24.4849,0.2663,0.6031
test_1994.jpg,720,960,0.6912,0.75,0.5039,0.2524,33.1451,0.1764,0.5353
test_1995.jpg,720,960,0.6912,0.75,0.4832,0.2406,63.0215,0.1383,0.5117
test_1996.jpg,720,960,0.6912,0.75,0.4731,0.2379,43.055,0.3237,0.5351
test_1997.jpg,720,1280,0.9216,0.5625,0.2482,0.2739,328.6709,0.261,0.2987
test_1998.jpg,720,960,0.6912,0.75,0.3947,0.1917,255.4572,0.2361,0.4531
test_1999.jpg,720,960,0.6912,0.75,0.4384,0.2501,193.119,0.1619,0.4785
test_2000.jpg,960,720,0.6912,1.3333,0.4335,0.1391,35.3158,0.3704,0.4957
test_2001.jpg,720,960,0.6912,0.75,0.397,0.2014,213.9029,0.4053,0.5352
test_2002.jpg,720,720,0.5184,1.0,0.2146,0.1407,265.8174,0.2633,0.2572
test_2003.jpg,720,960,0.6912,0.75,0.4769,0.2104,214.2917,0.1107,0.4995
test_2004.jpg,960,720,0.6912,1.3333,0.4195,0.1792,202.583,0.2616,0.4918
test_2005.jpg,960,720,0.6912,1.3333,0.4871,0.2577,264.3688,0.2013,0.5395
test_2006.jpg,720,960,0.6912,0.75,0.5658,0.2027,210.9665,0.1386,0.6068
test_2007.jpg,720,1280,0.9216,0.5625,0.4404,0.2633,219.8568,0.2351,0.4973
test_2008.jpg,720,960,0.6912,0.75,0.6438,0.1102,28.4625,0.0923,0.672
test_2009.jpg,960,720,0.6912,1.3333,0.5122,0.2367,31.2469,0.2166,0.555
test_2010.jpg,720,960,0.6912,0.75,0.551,0.2547,60.5167,0.2145,0.5811
test_2011.jpg,720,960,0.6912,0.75,0.468,0.1915,281.7302,0.2471,0.5355
test_2012.jpg,960,720,0.6912,1.3333,0.6402,0.1371,27.0574,0.0571,0.6543
test_2013.jpg,720,960,0.6912,0.75,0.4957,0.2071,72.5581,0.2745,0.5547
test_2014.jpg,720,720,0.5184,1.0,0.5661,0.2099,209.8077,0.1966,0.6397
test_2015.jpg,720,960,0.6912,0.75,0.5599,0.1991,38.4968,0.1785,0.5892
test_2016.jpg,720,1279,0.9209,0.5629,0.4747,0.2097,55.403,0.1092,0.4964
test_2017.jpg,720,1279,0.9209,0.5629,0.4637,0.2248,201.0029,0.2337,0.5267
test_2018.jpg,720,1280,0.9216,0.5625,0.5215,0.2321,12.6331,0.3164,0.5979
test_2019.jpg,960,720,0.6912,1.3333,0.394,0.2207,27.9445,0.1993,0.434
test_2020.jpg,720,960,0.6912,0.75,0.4383,0.2222,226.3776,0.2274,0.5083
test_2021.jpg,720,960,0.6912,0.75,0.4463,0.2129,37.928,0.1763,0.4771
test_2022.jpg,720,960,0.6912,0.75,0.5701,0.2612,33.8528,0.2471,0.6104
test_2023.jpg,720,960,0.6912,0.75,0.4844,0.2484,223.5004,0.148,0.515
test_2024.jpg,1025,720,0.738,1.4236,0.4885,0.1233,61.5454,0.4662,0.5691
test_2025.jpg,720,960,0.6912,0.75,0.4816,0.155,239.3795,0.1027,0.515
test_2026.jpg,960,720,0.6912,1.3333,0.4607,0.2701,57.5735,0.1706,0.4904
test_2027.jpg,720,960,0.6912,0.75,0.4183,0.2407,12.4482,0.2237,0.4559
test_2028.jpg,720,960,0.6912,0.75,0.3104,0.1216,228.5227,0.7848,0.7551
test_2029.jpg,720,960,0.6912,0.75,0.5386,0.1804,205.7272,0.2598,0.6342
test_2030.jpg,720,1280,0.9216,0.5625,0.4183,0.2409,233.9245,0.4447,0.5393
test_2031.jpg,720,960,0.6912,0.75,0.3989,0.2523,23.8738,0.2541,0.4401
test_2032.jpg,720,960,0.6912,0.75,0.5131,0.1866,34.0547,0.3266,0.5857
test_2033.jpg,1868,720,1.345,2.5944,0.3135,0.1909,198.5022,0.2474,0.3513
test_2034.jpg,720,960,0.6912,0.75,0.3796,0.1835,19.8705,0.2136,0.4188
test_2035.jpg,720,960,0.6912,0.75,0.5094,0.1942,202.9011,0.2371,0.5753
test_2036.jpg,960,720,0.6912,1.3333,0.6059,0.2067,12.2947,0.1393,0.6375
test_2037.jpg,720,960,0.6912,0.75,0.4261,0.1906,80.5708,0.1451,0.4487
test_2038.jpg,720,960,0.6912,0.75,0.5937,0.211,132.0521,0.104,0.6097
test_2039.jpg,720,1280,0.9216,0.5625,0.3712,0.191,206.0715,0.284,0.4451
test_2040.jpg,720,960,0.6912,0.75,0.464,0.2217,29.8434,0.3131,0.5298
test_2041.jpg,720,960,0.6912,0.75,0.5841,0.1591,309.9926,0.0803,0.6034
test_2042.jpg,720,960,0.6912,0.75,0.4881,0.2376,29.4069,0.1882,0.5347
test_2043.jpg,720,1280,0.9216,0.5625,0.3432,0.2117,40.8915,0.2359,0.3775
test_2044.jpg,720,960,0.6912,0.75,0.5089,0.2058,34.0087,0.318,0.5764
test_2045.jpg,960,720,0.6912,1.3333,0.5912,0.2206,32.1227,0.2395,0.6353
test_2046.jpg,720,960,0.6912,0.75,0.6803,0.1584,34.3185,0.1955,0.7278
test_2047.jpg,720,960,0.6912,0.75,0.3486,0.2215,357.1858,0.1629,0.3769
test_2048.jpg,720,960,0.6912,0.75,0.4573,0.227,19.7188,0.2496,0.5194
test_2049.jpg,720,960,0.6912,0.75,0.2803,0.2238,109.3519,0.1778,0.302
test_2050.jpg,720,960,0.6912,0.75,0.5492,0.1527,30.8733,0.3129,0.6225
test_2051.jpg,960,720,0.6912,1.3333,0.5317,0.2583,330.9969,0.2697,0.6435
test_2052.jpg,960,720,0.6912,1.3333,0.4164,0.1895,38.9885,0.2835,0.4661
test_2053.jpg,720,960,0.6912,0.75,0.4279,0.2272,247.5493,0.1579,0.4709
test_2054.jpg,960,720,0.6912,1.3333,0.5197,0.2429,213.4037,0.1758,0.5694
test_2055.jpg,720,960,0.6912,0.75,0.4485,0.2141,129.6129,0.2167,0.5023
test_2056.jpg,1522,720,1.0958,2.1139,0.2042,0.1157,348.359,0.7375,0.4221
test_2057.jpg,720,960,0.6912,0.75,0.4075,0.1638,354.3067,0.13,0.4367
test_2058.jpg,960,720,0.6912,1.3333,0.2516,0.1716,10.839,0.329,0.2977
test_2059.jpg,720,960,0.6912,0.75,0.5249,0.2534,52.2888,0.1952,0.5648
test_2060.jpg,960,720,0.6912,1.3333,0.3281,0.1971,35.403,0.0842,0.3403
test_2061.jpg,720,960,0.6912,0.75,0.5157,0.268,23.7173,0.3789,0.6128
test_2062.jpg,720,960,0.6912,0.75,0.4314,0.135,110.8098,0.2234,0.4638
test_2063.jpg,720,960,0.6912,0.75,0.6242,0.1221,37.6117,0.0579,0.6367
test_2064.jpg,720,960,0.6912,0.75,0.3982,0.245,25.9799,0.2443,0.4385
test_2065.jpg,1481,720,1.0663,2.0569,0.535,0.2152,26.0249,0.2498,0.6063
test_2066.jpg,720,960,0.6912,0.75,0.4545,0.2036,36.2805,0.4077,0.5614
test_2067.jpg,720,807,0.581,0.8922,0.5835,0.2641,35.5757,0.1374,0.6153
test_2068.jpg,720,1279,0.9209,0.5629,0.3166,0.1733,208.593,0.2715,0.3658
test_2069.jpg,960,720,0.6912,1.3333,0.507,0.2352,26.7573,0.1272,0.5323
test_2070.jpg,720,1280,0.9216,0.5625,0.4234,0.1646,233.2191,0.1594,0.4693
test_2071.jpg,720,960,0.6912,0.75,0.2507,0.1681,63.026,0.3203,0.2747
test_2072.jpg,720,960,0.6912,0.75,0.4549,0.239,69.9301,0.2115,0.485
test_2073.jpg,720,960,0.6912,0.75,0.3774,0.2296,1.3621,0.2146,0.4272
test_2074.jpg,720,960,0.6912,0.75,0.4272,0.096,48.2542,0.1335,0.4478
test_2075.jpg,720,960,0.6912,0.75,0.4887,0.2126,20.5036,0.2405,0.5459
test_2076.jpg,720,960,0.6912,0.75,0.3567,0.2436,198.1938,0.2239,0.3942
test_2077.jpg,1080,720,0.7776,1.5,0.4741,0.2086,257.167,0.2031,0.5291
test_2078.jpg,720,960,0.6912,0.75,0.4809,0.2197,204.415,0.2498,0.5699
test_2079.jpg,720,960,0.6912,0.75,0.4577,0.2497,48.8478,0.1632,0.4848
test_2080.jpg,720,960,0.6912,0.75,0.3227,0.2254,93.8445,0.2511,0.3517
test_2081.jpg,960,720,0.6912,1.3333,0.4855,0.2643,30.1483,0.3874,0.5614
test_2082.jpg,720,960,0.6912,0.75,0.4966,0.2367,200.8809,0.2324,0.5662
test_2083.jpg,720,960,0.6912,0.75,0.4894,0.223,206.6003,0.3162,0.5893
test_2084.jpg,720,1558,1.1218,0.4621,0.6675,0.3839,223.6154,0.0305,0.6737
test_2085.jpg,720,960,0.6912,0.75,0.5206,0.2397,188.7427,0.1658,0.5625
test_2086.jpg,960,720,0.6912,1.3333,0.398,0.1806,28.1034,0.4229,0.5042
test_2087.jpg,720,960,0.6912,0.75,0.4169,0.2262,81.5546,0.3366,0.4795
test_2088.jpg,960,720,0.6912,1.3333,0.4931,0.2003,170.892,0.1967,0.5422
test_2089.jpg,720,960,0.6912,0.75,0.4675,0.2635,29.1111,0.3875,0.5363
test_2090.jpg,720,960,0.6912,0.75,0.4493,0.229,9.9079,0.0884,0.4704
test_2091.jpg,720,1279,0.9209,0.5629,0.514,0.2227,50.9225,0.343,0.5879
test_2092.jpg,720,960,0.6912,0.75,0.564,0.1776,96.2094,0.329,0.6254
test_2093.jpg,720,851,0.6127,0.8461,0.4183,0.2597,103.8064,0.2723,0.4564
test_2094.jpg,720,960,0.6912,0.75,0.521,0.2848,41.788,0.1565,0.5509
test_2095.jpg,720,960,0.6912,0.75,0.5741,0.2725,63.7584,0.1557,0.6053
test_2096.jpg,720,1279,0.9209,0.5629,0.4515,0.1868,195.6361,0.1509,0.4885
test_2097.jpg,720,1559,1.1225,0.4618,0.4922,0.248,22.4587,0.2701,0.561
test_2098.jpg,1328,720,0.9562,1.8444,0.3138,0.1335,64.6089,0.1958,0.3356
test_2099.jpg,720,960,0.6912,0.75,0.4335,0.2389,323.452,0.2368,0.4924
test_2100.jpg,960,720,0.6912,1.3333,0.5143,0.2136,130.9942,0.1703,0.5518
test_2101.jpg,720,960,0.6912,0.75,0.4896,0.2263,120.3608,0.1181,0.5149
test_2102.jpg,960,720,0.6912,1.3333,0.3963,0.1985,25.8643,0.2718,0.4629
test_2103.jpg,720,960,0.6912,0.75,0.4535,0.2008,40.0582,0.2111,0.4983
test_2104.jpg,720,960,0.6912,0.75,0.5162,0.1536,44.0308,0.1625,0.5528
test_2105.jpg,720,960,0.6912,0.75,0.4886,0.2344,233.9679,0.1992,0.5479
test_2106.jpg,720,960,0.6912,0.75,0.3852,0.1673,21.3823,0.1666,0.4237
test_2107.jpg,960,720,0.6912,1.3333,0.5072,0.1761,27.4655,0.2221,0.5581
test_2108.jpg,720,960,0.6912,0.75,0.4059,0.2673,316.2519,0.2465,0.4872
test_2109.jpg,720,960,0.6912,0.75,0.5094,0.2324,41.9681,0.2435,0.5586
test_2110.jpg,720,1280,0.9216,0.5625,0.4829,0.2178,12.9809,0.1907,0.535
test_2111.jpg,720,1280,0.9216,0.5625,0.3967,0.18,141.8609,0.2658,0.4443
test_2112.jpg,720,960,0.6912,0.75,0.4041,0.2288,34.2129,0.3645,0.464
test_2113.jpg,1542,720,1.1102,2.1417,0.5987,0.247,350.5892,0.0871,0.6163
test_2114.jpg,720,960,0.6912,0.75,0.4222,0.2243,324.5396,0.2417,0.4919
test_2115.jpg,720,960,0.6912,0.75,0.3627,0.2179,243.9353,0.3333,0.443
test_2116.jpg,960,720,0.6912,1.3333,0.5135,0.245,32.2204,0.1767,0.5595
test_2117.jpg,1279,720,0.9209,1.7764,0.3198,0.259,21.3186,0.428,0.4007
test_2118.jpg,960,720,0.6912,1.3333,0.3544,0.2167,299.5197,0.3057,0.424
test_2119.jpg,720,960,0.6912,0.75,0.432,0.2651,319.22,0.1514,0.4658
test_2120.jpg,720,960,0.6912,0.75,0.5105,0.2401,33.2956,0.1593,0.5452
test_2121.jpg,720,960,0.6912,0.75,0.6117,0.1879,202.277,0.1023,0.6298
test_2122.jpg,960,720,0.6912,1.3333,0.4452,0.1823,206.0125,0.2513,0.5198
test_2123.jpg,960,720,0.6912,1.3333,0.6145,0.2266,62.4296,0.0908,0.6322
test_2124.jpg,720,960,0.6912,0.75,0.5878,0.1913,37.5236,0.1602,0.619
test_2125.jpg,960,720,0.6912,1.3333,0.4468,0.2105,206.761,0.2846,0.5288
test_2126.jpg,720,960,0.6912,0.75,0.4848,0.2234,212.9336,0.1347,0.5172
test_2127.jpg,720,1280,0.9216,0.5625,0.4498,0.2395,243.8824,0.3809,0.5746
test_2128.jpg,720,960,0.6912,0.75,0.5038,0.1534,212.0114,0.1197,0.5417
test_2129.jpg,720,960,0.6912,0.75,0.5246,0.2102,276.8864,0.2497,0.6081
test_2130.jpg,960,720,0.6912,1.3333,0.5633,0.2761,6.6201,0.1212,0.5952
test_2131.jpg,960,720,0.6912,1.3333,0.523,0.2779,16.9513,0.2618,0.6029
test_2132.jpg,720,960,0.6912,0.75,0.5053,0.2463,150.6467,0.164,0.5366
test_2133.jpg,960,720,0.6912,1.3333,0.5204,0.2131,156.3723,0.2357,0.5784
test_2134.jpg,720,960,0.6912,0.75,0.5621,0.2022,22.4577,0.1864,0.6136
test_2135.jpg,720,960,0.6912,0.75,0.4579,0.2065,139.5398,0.179,0.502
test_2136.jpg,720,960,0.6912,0.75,0.6043,0.2366,39.8813,0.1543,0.6333
test_2137.jpg,720,720,0.5184,1.0,0.4659,0.1837,207.9605,0.2276,0.5292
test_2138.jpg,720,960,0.6912,0.75,0.5328,0.1993,34.3303,0.1469,0.5576
test_2139.jpg,720,960,0.6912,0.75,0.1993,0.2075,80.1381,0.3996,0.2123
test_2140.jpg,720,960,0.6912,0.75,0.3946,0.2019,174.6663,0.1069,0.4138
test_2141.jpg,720,960,0.6912,0.75,0.4726,0.1272,216.2236,0.1656,0.5281
test_2142.jpg,720,960,0.6912,0.75,0.4508,0.2408,40.4252,0.3089,0.5122
test_2143.jpg,720,960,0.6912,0.75,0.2666,0.2148,37.8413,0.3415,0.3034
test_2144.jpg,720,960,0.6912,0.75,0.5139,0.2538,28.409,0.3541,0.6143
test_2145.jpg,720,720,0.5184,1.0,0.4306,0.2552,196.3755,0.1941,0.4768
test_2146.jpg,720,960,0.6912,0.75,0.5017,0.2401,167.9669,0.1109,0.5277
test_2147.jpg,720,960,0.6912,0.75,0.4811,0.2212,200.2426,0.1725,0.5419
test_2148.jpg,960,720,0.6912,1.3333,0.4776,0.209,118.9351,0.1575,0.5106
test_2149.jpg,720,960,0.6912,0.75,0.6114,0.1191,27.9379,0.2304,0.6657
test_2150.jpg,720,960,0.6912,0.75,0.4,0.2504,46.6693,0.26,0.4285
test_2151.jpg,1279,720,0.9209,1.7764,0.4748,0.1457,29.1298,0.3678,0.5899
test_2152.jpg,960,720,0.6912,1.3333,0.3728,0.2437,31.3789,0.2843,0.4035
test_2153.jpg,720,1279,0.9209,0.5629,0.4239,0.1784,27.4101,0.1514,0.456
test_2154.jpg,960,720,0.6912,1.3333,0.4592,0.2268,226.7896,0.206,0.5232
test_2155.jpg,720,960,0.6912,0.75,0.5324,0.2356,56.7067,0.1887,0.589
test_2156.jpg,1008,720,0.7258,1.4,0.4362,0.1709,113.0292,0.1013,0.4462
test_2157.jpg,720,960,0.6912,0.75,0.4345,0.1855,22.3022,0.2944,0.4971
test_2158.jpg,720,960,0.6912,0.75,0.456,0.0896,71.1434,0.3127,0.4933
test_2159.jpg,720,960,0.6912,0.75,0.4512,0.1567,54.299,0.3259,0.534
test_2160.jpg,720,960,0.6912,0.75,0.4929,0.109,27.6063,0.0732,0.5065
test_2161.jpg,720,960,0.6912,0.75,0.1807,0.2161,47.7961,0.2499,0.2004
test_2162.jpg,727,720,0.5234,1.0097,0.5528,0.2369,12.8844,0.1404,0.5925
test_2163.jpg,960,720,0.6912,1.3333,0.4856,0.2425,56.4037,0.1781,0.5225
test_2164.jpg,720,960,0.6912,0.75,0.2394,0.1926,51.8264,0.3628,0.2673
test_2165.jpg,720,720,0.5184,1.0,0.6232,0.1202,303.0467,0.195,0.7031
test_2166.jpg,960,720,0.6912,1.3333,0.468,0.2324,45.1364,0.2369,0.5094
test_2167.jpg,720,960,0.6912,0.75,0.4372,0.1856,45.9903,0.1486,0.4664
test_2168.jpg,720,960,0.6912,0.75,0.4202,0.2219,28.0408,0.3259,0.4845
test_2169.jpg,1279,720,0.9209,1.7764,0.496,0.2566,191.0362,0.197,0.5493
test_2170.jpg,960,720,0.6912,1.3333,0.6212,0.2193,46.5235,0.0935,0.6486
test_2171.jpg,720,960,0.6912,0.75,0.5107,0.2592,334.0232,0.266,0.583
test_2172.jpg,834,720,0.6005,1.1583,0.3373,0.2112,41.8573,0.5469,0.4236
test_2173.jpg,720,960,0.6912,0.75,0.4494,0.2278,40.0438,0.1718,0.4889
test_2174.jpg,960,720,0.6912,1.3333,0.4349,0.2388,250.9969,0.1751,0.4761
test_2175.jpg,960,720,0.6912,1.3333,0.5444,0.2393,16.5494,0.1303,0.5772
test_2176.jpg,720,1279,0.9209,0.5629,0.4614,0.2197,217.8151,0.2051,0.5124
test_2177.jpg,1280,720,0.9216,1.7778,0.4054,0.245,216.339,0.3545,0.512
test_2178.jpg,960,720,0.6912,1.3333,0.5022,0.2888,251.1079,0.1461,0.5475
test_2179.jpg,720,960,0.6912,0.75,0.4971,0.2044,22.0204,0.3263,0.5992
test_2180.jpg,720,960,0.6912,0.75,0.4306,0.2295,172.4449,0.1361,0.455
test_2181.jpg,720,1282,0.923,0.5616,0.535,0.1553,44.0935,0.2151,0.578
test_2182.jpg,1281,720,0.9223,1.7792,0.3419,0.1451,89.7449,0.2463,0.3787
test_2183.jpg,960,720,0.6912,1.3333,0.3908,0.2582,26.4002,0.1748,0.4138
test_2184.jpg,720,960,0.6912,0.75,0.5462,0.2497,30.2751,0.2582,0.5913
test_2185.jpg,720,960,0.6912,0.75,0.3992,0.214,293.9424,0.3996,0.5333
test_2186.jpg,720,960,0.6912,0.75,0.532,0.2041,145.9319,0.0869,0.5486
test_2187.jpg,720,960,0.6912,0.75,0.4599,0.2064,13.5245,0.2663,0.5424
test_2188.jpg,720,1558,1.1218,0.4621,0.4447,0.1652,10.8281,0.1708,0.4945
test_2189.jpg,720,960,0.6912,0.75,0.4208,0.2489,29.3194,0.4082,0.5281
test_2190.jpg,1280,720,0.9216,1.7778,0.3487,0.2027,253.0306,0.5228,0.5216
test_2191.jpg,720,960,0.6912,0.75,0.4957,0.1823,35.3308,0.2418,0.5667
test_2192.jpg,864,720,0.6221,1.2,0.3892,0.2593,27.7608,0.3335,0.4391
test_2193.jpg,720,960,0.6912,0.75,0.2694,0.2368,59.7921,0.2563,0.2866
test_2194.jpg,720,960,0.6912,0.75,0.432,0.1753,220.5747,0.4142,0.5967
test_2195.jpg,720,960,0.6912,0.75,0.605,0.1383,359.6724,0.077,0.628
test_2196.jpg,720,960,0.6912,0.75,0.4453,0.1915,41.8356,0.1882,0.4746
test_2197.jpg,720,960,0.6912,0.75,0.3214,0.2258,24.6412,0.322,0.3866
test_2198.jpg,960,720,0.6912,1.3333,0.49,0.2221,5.9248,0.3552,0.6073
test_2199.jpg,720,960,0.6912,0.75,0.3768,0.2604,48.9163,0.2449,0.3969
test_2200.jpg,1064,720,0.7661,1.4778,0.2565,0.2052,215.9801,0.5946,0.382
test_2201.jpg,720,960,0.6912,0.75,0.5364,0.2891,52.8543,0.2654,0.575
test_2202.jpg,720,960,0.6912,0.75,0.3139,0.1888,211.2595,0.1986,0.3558
test_2203.jpg,720,960,0.6912,0.75,0.5383,0.1835,43.7716,0.1272,0.5585
test_2204.jpg,720,960,0.6912,0.75,0.4732,0.2034,15.4787,0.4136,0.6204
test_2205.jpg,960,720,0.6912,1.3333,0.449,0.283,16.7343,0.382,0.5441
test_2206.jpg,720,960,0.6912,0.75,0.3594,0.2285,8.0168,0.6389,0.5157
test_2207.jpg,720,960,0.6912,0.75,0.3589,0.1689,255.4627,0.1909,0.399
test_2208.jpg,720,960,0.6912,0.75,0.442,0.1958,45.549,0.219,0.5008
test_2209.jpg,720,960,0.6912,0.75,0.4952,0.2489,200.7657,0.1347,0.5245
test_2210.jpg,720,960,0.6912,0.75,0.4027,0.2255,44.1205,0.3126,0.4577
test_2211.jpg,720,960,0.6912,0.75,0.5284,0.2439,214.0778,0.2633,0.6269
test_2212.jpg,720,960,0.6912,0.75,0.1853,0.2154,220.9479,0.478,0.2472
test_2213.jpg,960,720,0.6912,1.3333,0.5303,0.213,30.6651,0.2215,0.5774
test_2214.jpg,720,960,0.6912,0.75,0.5327,0.1209,41.2707,0.1901,0.5643
test_2215.jpg,720,864,0.6221,0.8333,0.4292,0.2263,32.3443,0.2847,0.4863
test_2216.jpg,960,720,0.6912,1.3333,0.4006,0.2479,52.4898,0.1278,0.4225
test_2217.jpg,720,960,0.6912,0.75,0.5785,0.2493,55.2753,0.205,0.6277
test_2218.jpg,720,960,0.6912,0.75,0.4074,0.2061,21.6896,0.462,0.5215
test_2219.jpg,720,960,0.6912,0.75,0.5013,0.2411,63.8604,0.1407,0.5313
test_2220.jpg,720,960,0.6912,0.75,0.4429,0.2438,39.9562,0.2964,0.4919
test_2221.jpg,720,720,0.5184,1.0,0.3887,0.2667,87.4713,0.2451,0.4143
test_2222.jpg,960,720,0.6912,1.3333,0.6365,0.1821,40.966,0.08,0.652
test_2223.jpg,960,720,0.6912,1.3333,0.4757,0.1964,193.1736,0.1194,0.5032
test_2224.jpg,960,720,0.6912,1.3333,0.522,0.2657,135.1144,0.1849,0.5599
test_2225.jpg,720,720,0.5184,1.0,0.5495,0.2287,99.7098,0.1516,0.5866
test_2226.jpg,720,960,0.6912,0.75,0.4673,0.2323,216.9762,0.2098,0.5286
test_2227.jpg,720,960,0.6912,0.75,0.494,0.1659,241.7946,0.0849,0.5237
test_2228.jpg,720,960,0.6912,0.75,0.5601,0.2874,54.9131,0.291,0.5993
test_2229.jpg,720,960,0.6912,0.75,0.4794,0.2449,228.9278,0.1563,0.5274
test_2230.jpg,720,960,0.6912,0.75,0.4369,0.3332,33.8988,0.1793,0.4576
test_2231.jpg,960,720,0.6912,1.3333,0.4256,0.2262,28.3979,0.3296,0.4832
test_2232.jpg,720,1279,0.9209,0.5629,0.4707,0.2103,6.1309,0.1863,0.5154
test_2233.jpg,720,960,0.6912,0.75,0.3304,0.2274,295.1089,0.2435,0.3869
test_2234.jpg,720,960,0.6912,0.75,0.4539,0.2683,22.4815,0.1792,0.5037
test_2235.jpg,720,960,0.6912,0.75,0.4619,0.1865,85.8607,0.1858,0.4975
test_2236.jpg,960,720,0.6912,1.3333,0.4495,0.2177,296.1177,0.1869,0.4975
test_2237.jpg,960,720,0.6912,1.3333,0.4665,0.2088,227.5153,0.1906,0.5267
test_2238.jpg,720,960,0.6912,0.75,0.4873,0.196,208.1131,0.1264,0.516
test_2239.jpg,720,1280,0.9216,0.5625,0.5339,0.1831,43.6042,0.1029,0.5512
test_2240.jpg,960,720,0.6912,1.3333,0.4106,0.2278,36.891,0.2482,0.4699
test_2241.jpg,720,1542,1.1102,0.4669,0.3918,0.1785,147.7878,0.3283,0.4797
test_2242.jpg,960,720,0.6912,1.3333,0.3752,0.2191,20.0002,0.5381,0.5177
test_2243.jpg,720,960,0.6912,0.75,0.6969,0.188,24.8412,0.0923,0.7194
test_2244.jpg,720,960,0.6912,0.75,0.3421,0.1996,202.3395,0.2791,0.4037
test_2245.jpg,720,960,0.6912,0.75,0.4828,0.2581,34.4857,0.4062,0.5633
test_2246.jpg,720,960,0.6912,0.75,0.5842,0.2012,351.7636,0.1603,0.6369
test_2247.jpg,720,960,0.6912,0.75,0.486,0.2162,165.9803,0.1891,0.5239
test_2248.jpg,720,960,0.6912,0.75,0.5147,0.2051,229.5868,0.2118,0.6019
test_2249.jpg,720,960,0.6912,0.75,0.4485,0.2306,23.6,0.208,0.4906
test_2250.jpg,720,960,0.6912,0.75,0.426,0.2235,231.125,0.3415,0.5404
test_2251.jpg,720,960,0.6912,0.75,0.4717,0.2121,41.6338,0.1481,0.5041
test_2252.jpg,720,960,0.6912,0.75,0.4828,0.1234,19.9211,0.2085,0.568
test_2253.jpg,720,960,0.6912,0.75,0.3702,0.2041,9.1342,0.2023,0.4179
test_2254.jpg,960,720,0.6912,1.3333,0.3967,0.2161,6.5723,0.2855,0.4791
test_2255.jpg,960,720,0.6912,1.3333,0.5653,0.303,209.4201,0.1355,0.5844
test_2256.jpg,720,960,0.6912,0.75,0.4341,0.2622,13.5962,0.3269,0.5284
test_2257.jpg,720,960,0.6912,0.75,0.354,0.2467,201.1613,0.2505,0.3877
test_2258.jpg,720,960,0.6912,0.75,0.5042,0.1179,42.2116,0.1297,0.5282
test_2259.jpg,720,960,0.6912,0.75,0.4433,0.2233,285.4169,0.2133,0.5159
test_2260.jpg,720,1279,0.9209,0.5629,0.3641,0.1252,27.7209,0.3177,0.4172
test_2261.jpg,720,960,0.6912,0.75,0.4283,0.2078,217.4926,0.3688,0.571
test_2262.jpg,960,720,0.6912,1.3333,0.5543,0.2221,211.8169,0.1261,0.5999
test_2263.jpg,720,960,0.6912,0.75,0.6235,0.1732,40.7132,0.1615,0.6512
test_2264.jpg,720,960,0.6912,0.75,0.533,0.2881,41.7773,0.1868,0.5668
test_2265.jpg,720,960,0.6912,0.75,0.5913,0.1775,173.4305,0.1253,0.62
test_2266.jpg,720,960,0.6912,0.75,0.5748,0.2029,52.5398,0.1834,0.627
test_2267.jpg,720,960,0.6912,0.75,0.5414,0.1868,197.4102,0.1122,0.5684
test_2268.jpg,720,960,0.6912,0.75,0.5232,0.2278,31.6846,0.3213,0.5927
test_2269.jpg,720,960,0.6912,0.75,0.6654,0.224,32.9037,0.193,0.7182
test_2270.jpg,960,720,0.6912,1.3333,0.3824,0.1365,29.6189,0.4102,0.4653
test_2271.jpg,720,960,0.6912,0.75,0.5755,0.1609,27.0585,0.2261,0.6358
test_2272.jpg,720,960,0.6912,0.75,0.5734,0.1344,266.6396,0.0523,0.5902
test_2273.jpg,720,960,0.6912,0.75,0.508,0.1963,78.1885,0.1518,0.5342
test_2274.jpg,1481,720,1.0663,2.0569,0.4571,0.2643,23.5688,0.2279,0.5228
test_2275.jpg,720,960,0.6912,0.75,0.4219,0.1911,17.7404,0.4796,0.5646
test_2276.jpg,720,1080,0.7776,0.6667,0.5091,0.2336,4.7844,0.2468,0.5826
test_2277.jpg,720,960,0.6912,0.75,0.4991,0.153,18.0483,0.1807,0.5478
test_2278.jpg,720,960,0.6912,0.75,0.5089,0.2509,33.4827,0.3586,0.5904
test_2279.jpg,720,960,0.6912,0.75,0.4977,0.1991,323.708,0.1081,0.5288
test_2280.jpg,960,720,0.6912,1.3333,0.5406,0.2198,152.9239,0.1416,0.567
test_2281.jpg,720,960,0.6912,0.75,0.4483,0.1904,28.3588,0.2689,0.5056
test_2282.jpg,720,960,0.6912,0.75,0.5571,0.2482,243.976,0.1389,0.5853
test_2283.jpg,720,960,0.6912,0.75,0.4851,0.1847,275.3402,0.0899,0.5077
test_2284.jpg,720,960,0.6912,0.75,0.4182,0.2133,35.065,0.2131,0.4566
test_2285.jpg,720,960,0.6912,0.75,0.622,0.2651,260.6232,0.1823,0.6764
test_2286.jpg,720,740,0.5328,0.973,0.4676,0.2905,339.2474,0.1869,0.5066
test_2287.jpg,720,960,0.6912,0.75,0.4347,0.232,27.4869,0.2761,0.4881
test_2288.jpg,720,960,0.6912,0.75,0.5832,0.1375,9.5445,0.1139,0.619
test_2289.jpg,720,960,0.6912,0.75,0.4772,0.2227,220.2796,0.1775,0.5353
test_2290.jpg,720,960,0.6912,0.75,0.4749,0.2299,28.1415,0.3192,0.5446
test_2291.jpg,960,720,0.6912,1.3333,0.4613,0.2447,28.325,0.5154,0.582
test_2292.jpg,1126,720,0.8107,1.5639,0.2586,0.1872,168.6425,0.1594,0.2819
test_2293.jpg,720,960,0.6912,0.75,0.4476,0.2044,29.4075,0.2676,0.5056
test_2294.jpg,960,720,0.6912,1.3333,0.4763,0.2671,26.0582,0.3637,0.5473
test_2295.jpg,960,720,0.6912,1.3333,0.3422,0.2527,45.4905,0.2429,0.3856
test_2296.jpg,960,720,0.6912,1.3333,0.3201,0.2381,56.6215,0.1463,0.3394
test_2297.jpg,720,960,0.6912,0.75,0.6683,0.1115,353.7161,0.0311,0.6782
test_2298.jpg,720,960,0.6912,0.75,0.4744,0.2559,332.7157,0.2413,0.536
test_2299.jpg,720,1294,0.9317,0.5564,0.4847,0.2059,15.9724,0.1817,0.5298
test_2300.jpg,720,960,0.6912,0.75,0.3629,0.1104,25.3123,0.3951,0.4589
test_2301.jpg,948,720,0.6826,1.3167,0.4284,0.1916,353.4689,0.2518,0.4905
test_2302.jpg,960,720,0.6912,1.3333,0.6101,0.1694,28.857,0.1781,0.6506
test_2303.jpg,720,960,0.6912,0.75,0.6226,0.2595,20.2488,0.2114,0.6678
test_2304.jpg,1558,720,1.1218,2.1639,0.4736,0.2041,229.3358,0.2457,0.5419
test_2305.jpg,1279,720,0.9209,1.7764,0.3618,0.1962,1.9933,0.2652,0.4246
test_2306.jpg,720,960,0.6912,0.75,0.4219,0.2525,213.7701,0.2013,0.4757
test_2307.jpg,720,960,0.6912,0.75,0.4984,0.1798,29.8672,0.1037,0.5211
test_2308.jpg,720,960,0.6912,0.75,0.519,0.1894,33.6472,0.2643,0.579
test_2309.jpg,720,960,0.6912,0.75,0.5359,0.1534,57.086,0.1219,0.5548
test_2310.jpg,1290,720,0.9288,1.7917,0.401,0.2337,19.7799,0.2584,0.4535
test_2311.jpg,1014,720,0.7301,1.4083,0.6121,0.1645,113.1841,0.2345,0.6813
test_2312.jpg,960,720,0.6912,1.3333,0.4758,0.2429,119.6243,0.3254,0.5334
test_2313.jpg,720,960,0.6912,0.75,0.554,0.235,252.3086,0.1644,0.6064
test_2314.jpg,720,960,0.6912,0.75,0.4355,0.2713,203.5558,0.166,0.47
test_2315.jpg,720,960,0.6912,0.75,0.2481,0.1487,74.526,0.2309,0.2741
test_2316.jpg,720,960,0.6912,0.75,0.4707,0.2287,157.0953,0.2458,0.5265
test_2317.jpg,720,960,0.6912,0.75,0.4861,0.2285,205.3318,0.2697,0.5584
test_2318.jpg,720,960,0.6912,0.75,0.6391,0.0945,33.476,0.0747,0.6575
test_2319.jpg,720,960,0.6912,0.75,0.5328,0.2423,25.8349,0.2378,0.6228
test_2320.jpg,960,720,0.6912,1.3333,0.4405,0.1874,23.5266,0.174,0.4796
test_2321.jpg,720,960,0.6912,0.75,0.4556,0.2145,33.3373,0.22,0.5054
test_2322.jpg,1060,720,0.7632,1.4722,0.3836,0.3142,113.7326,0.2153,0.4139
test_2323.jpg,960,720,0.6912,1.3333,0.4982,0.1968,79.7655,0.1096,0.5261
test_2324.jpg,960,720,0.6912,1.3333,0.5352,0.2496,197.4713,0.148,0.5667
test_2325.jpg,720,960,0.6912,0.75,0.5627,0.1662,33.0317,0.2154,0.6172
test_2326.jpg,720,960,0.6912,0.75,0.4839,0.2149,125.6308,0.137,0.509
test_2327.jpg,1051,720,0.7567,1.4597,0.3631,0.2236,279.5293,0.4022,0.4855
test_2328.jpg,720,960,0.6912,0.75,0.4089,0.2578,13.2507,0.1908,0.446
test_2329.jpg,720,1913,1.3774,0.3764,0.4739,0.268,197.789,0.1653,0.5127
test_2330.jpg,720,960,0.6912,0.75,0.5384,0.163,19.9126,0.2589,0.6165
test_2331.jpg,720,960,0.6912,0.75,0.466,0.2235,21.5757,0.2245,0.5189
test_2332.jpg,720,960,0.6912,0.75,0.4962,0.209,25.3082,0.2022,0.537
test_2333.jpg,720,1280,0.9216,0.5625,0.4881,0.2243,8.0461,0.1816,0.538
test_2334.jpg,720,960,0.6912,0.75,0.5823,0.1531,25.5117,0.2531,0.6554
test_2335.jpg,720,720,0.5184,1.0,0.4236,0.2819,122.2823,0.1614,0.4555
test_2336.jpg,720,1559,1.1225,0.4618,0.3364,0.3116,31.5146,0.2845,0.3778
test_2337.jpg,720,960,0.6912,0.75,0.5233,0.2511,352.232,0.1314,0.5664
test_2338.jpg,1559,720,1.1225,2.1653,0.5183,0.1819,58.5253,0.2604,0.573
test_2339.jpg,720,960,0.6912,0.75,0.5583,0.1926,35.8404,0.2841,0.6117
test_2340.jpg,720,1279,0.9209,0.5629,0.4471,0.1747,37.9709,0.2658,0.5109
test_2341.jpg,720,960,0.6912,0.75,0.4804,0.1995,192.7973,0.0822,0.4974
test_2342.jpg,960,720,0.6912,1.3333,0.3512,0.1922,28.2003,0.2348,0.3895
test_2343.jpg,720,960,0.6912,0.75,0.4666,0.2101,19.4311,0.3211,0.5576
test_2344.jpg,720,857,0.617,0.8401,0.347,0.1918,123.468,0.2249,0.3837
test_2345.jpg,720,960,0.6912,0.75,0.3866,0.1854,16.8499,0.2968,0.4633
test_2346.jpg,720,960,0.6912,0.75,0.4844,0.1949,199.0977,0.1932,0.5358
test_2347.jpg,720,960,0.6912,0.75,0.3618,0.241,54.6393,0.1558,0.3778
test_2348.jpg,720,960,0.6912,0.75,0.3987,0.2148,217.289,0.2301,0.4548
test_2349.jpg,960,720,0.6912,1.3333,0.4168,0.2622,343.8208,0.2204,0.4657
test_2350.jpg,720,960,0.6912,0.75,0.544,0.1967,39.8357,0.1031,0.5612
test_2351.jpg,960,720,0.6912,1.3333,0.5785,0.1907,43.7696,0.0975,0.5933
test_2352.jpg,720,960,0.6912,0.75,0.6327,0.1562,51.8796,0.0514,0.6411
test_2353.jpg,720,960,0.6912,0.75,0.4487,0.2042,48.7998,0.0869,0.4671
test_2354.jpg,720,960,0.6912,0.75,0.4335,0.2339,93.0056,0.3464,0.5016
test_2355.jpg,720,1280,0.9216,0.5625,0.64,0.1777,359.1356,0.0658,0.663
test_2356.jpg,720,960,0.6912,0.75,0.5693,0.2188,25.6008,0.1325,0.5924
test_2357.jpg,720,960,0.6912,0.75,0.5855,0.2325,39.189,0.1249,0.6132
test_2358.jpg,720,960,0.6912,0.75,0.4609,0.1874,39.237,0.4529,0.5716
test_2359.jpg,720,960,0.6912,0.75,0.3031,0.187,6.4859,0.356,0.3751
test_2360.jpg,720,960,0.6912,0.75,0.508,0.2209,31.8772,0.4389,0.6145
test_2361.jpg,720,960,0.6912,0.75,0.5223,0.2564,40.463,0.1895,0.5644
test_2362.jpg,720,960,0.6912,0.75,0.6646,0.1759,286.4885,0.0608,0.6756
test_2363.jpg,960,720,0.6912,1.3333,0.4164,0.1534,50.5757,0.3988,0.4963
test_2364.jpg,720,1542,1.1102,0.4669,0.5082,0.2863,238.8578,0.1552,0.553
test_2365.jpg,720,960,0.6912,0.75,0.4563,0.2239,100.7143,0.2433,0.4934
test_2366.jpg,720,960,0.6912,0.75,0.433,0.1177,34.8586,0.3382,0.5136
test_2367.jpg,720,960,0.6912,0.75,0.4788,0.2379,56.2159,0.152,0.5033
test_2368.jpg,960,720,0.6912,1.3333,0.5455,0.1703,26.818,0.2446,0.6035
test_2369.jpg,720,960,0.6912,0.75,0.4285,0.1948,23.7928,0.4463,0.5584
test_2370.jpg,720,960,0.6912,0.75,0.4795,0.2383,10.5317,0.0871,0.4971
test_2371.jpg,720,960,0.6912,0.75,0.5924,0.2893,38.7717,0.1727,0.6219
test_2372.jpg,960,720,0.6912,1.3333,0.4864,0.2691,60.9075,0.4233,0.5393
test_2373.jpg,720,960,0.6912,0.75,0.4488,0.1387,56.8869,0.0817,0.4633
test_2374.jpg,960,720,0.6912,1.3333,0.5923,0.2333,34.0646,0.0702,0.6066
test_2375.jpg,720,960,0.6912,0.75,0.4977,0.2508,34.8555,0.2276,0.553
test_2376.jpg,720,960,0.6912,0.75,0.4985,0.254,150.8559,0.255,0.5388
test_2377.jpg,960,720,0.6912,1.3333,0.3604,0.1915,21.9815,0.2682,0.4088
test_2378.jpg,720,960,0.6912,0.75,0.5119,0.2134,43.7554,0.1183,0.5466
test_2379.jpg,720,960,0.6912,0.75,0.7178,0.2028,359.7347,0.0651,0.7371
test_2380.jpg,720,960,0.6912,0.75,0.5375,0.2889,26.3288,0.2045,0.5814
test_2381.jpg,720,960,0.6912,0.75,0.4732,0.2414,45.7663,0.2009,0.499
test_2382.jpg,720,960,0.6912,0.75,0.3543,0.2815,235.1687,0.2986,0.4357
test_2383.jpg,1315,720,0.9468,1.8264,0.4628,0.2383,263.2751,0.169,0.5095
test_2384.jpg,720,960,0.6912,0.75,0.5019,0.2234,206.4576,0.1118,0.5326
test_2385.jpg,720,960,0.6912,0.75,0.4706,0.247,28.3725,0.1243,0.5012
test_2386.jpg,1245,720,0.8964,1.7292,0.4832,0.2498,163.1902,0.2518,0.5292
test_2387.jpg,720,960,0.6912,0.75,0.4684,0.2192,194.0185,0.1517,0.4979
test_2388.jpg,720,960,0.6912,0.75,0.5685,0.2376,342.2336,0.0753,0.5873
test_2389.jpg,960,720,0.6912,1.3333,0.4117,0.1819,31.1624,0.421,0.4888
test_2390.jpg,720,960,0.6912,0.75,0.4523,0.1921,101.5428,0.2669,0.5021
test_2391.jpg,960,720,0.6912,1.3333,0.4309,0.2159,187.3579,0.2482,0.4877
test_2392.jpg,720,960,0.6912,0.75,0.4664,0.2645,57.5988,0.1412,0.4933
test_2393.jpg,720,960,0.6912,0.75,0.202,0.1542,88.9706,0.2071,0.2148
test_2394.jpg,1280,720,0.9216,1.7778,0.3965,0.1688,348.9659,0.2745,0.4575
test_2395.jpg,720,960,0.6912,0.75,0.2988,0.1741,29.8187,0.2943,0.3336
test_2396.jpg,720,960,0.6912,0.75,0.4758,0.2498,158.864,0.2516,0.5149
test_2397.jpg,720,1279,0.9209,0.5629,0.609,0.193,21.4106,0.1397,0.6431
test_2398.jpg,720,720,0.5184,1.0,0.4845,0.2227,221.235,0.2602,0.5949
test_2399.jpg,960,720,0.6912,1.3333,0.5053,0.1475,45.0905,0.1683,0.5376
test_2400.jpg,720,960,0.6912,0.75,0.4381,0.2239,38.5357,0.2877,0.5126
test_2401.jpg,720,960,0.6912,0.75,0.4359,0.2164,16.6318,0.4868,0.5537
test_2402.jpg,720,1279,0.9209,0.5629,0.5672,0.2148,194.5881,0.2258,0.6385
test_2403.jpg,720,960,0.6912,0.75,0.478,0.2216,28.4263,0.4108,0.5572
test_2404.jpg,990,720,0.7128,1.375,0.4878,0.2794,228.7105,0.2392,0.5501
test_2405.jpg,720,960,0.6912,0.75,0.4137,0.184,227.1833,0.2209,0.4776
test_2406.jpg,960,720,0.6912,1.3333,0.4744,0.2609,36.1033,0.3727,0.5402
test_2407.jpg,720,720,0.5184,1.0,0.5438,0.2494,65.2261,0.295,0.613
test_2408.jpg,720,960,0.6912,0.75,0.5021,0.2246,207.2027,0.1951,0.5565
test_2409.jpg,720,960,0.6912,0.75,0.4805,0.2574,227.3981,0.126,0.5065
test_2410.jpg,720,960,0.6912,0.75,0.4826,0.2558,217.4833,0.1276,0.5119
test_2411.jpg,720,960,0.6912,0.75,0.5258,0.2448,40.9585,0.3352,0.6013
test_2412.jpg,720,1279,0.9209,0.5629,0.5217,0.2624,88.3523,0.2383,0.5832
test_2413.jpg,720,960,0.6912,0.75,0.592,0.2746,220.7323,0.0991,0.6251
test_2414.jpg,1280,720,0.9216,1.7778,0.4888,0.1956,102.645,0.1666,0.5222
test_2415.jpg,960,720,0.6912,1.3333,0.443,0.1995,161.3242,0.17,0.4689
test_2416.jpg,720,960,0.6912,0.75,0.546,0.197,15.1644,0.1991,0.6042
test_2417.jpg,720,960,0.6912,0.75,0.5149,0.2001,77.256,0.2195,0.5628
test_2418.jpg,720,1279,0.9209,0.5629,0.4726,0.2343,26.1075,0.1176,0.4977
test_2419.jpg,720,960,0.6912,0.75,0.5669,0.2543,178.7581,0.1179,0.5967
test_2420.jpg,720,1280,0.9216,0.5625,0.5863,0.2993,30.8054,0.2118,0.6477
test_2421.jpg,960,720,0.6912,1.3333,0.5465,0.1538,80.6963,0.1737,0.5845
test_2422.jpg,720,960,0.6912,0.75,0.5224,0.2479,75.244,0.1427,0.5423
test_2423.jpg,960,720,0.6912,1.3333,0.3911,0.206,340.4674,0.2064,0.448
test_2424.jpg,960,720,0.6912,1.3333,0.4681,0.2104,17.8408,0.4079,0.6031
test_2425.jpg,720,960,0.6912,0.75,0.5119,0.2637,215.0341,0.1767,0.571
test_2426.jpg,720,720,0.5184,1.0,0.3594,0.1836,36.6862,0.172,0.4048
test_2427.jpg,720,960,0.6912,0.75,0.4471,0.2027,221.5011,0.1995,0.4998
test_2428.jpg,720,960,0.6912,0.75,0.4729,0.2074,199.5928,0.3352,0.5615
test_2429.jpg,960,720,0.6912,1.3333,0.5969,0.2349,25.4349,0.0736,0.6148
test_2430.jpg,720,960,0.6912,0.75,0.3943,0.2072,19.8761,0.2035,0.4301
test_2431.jpg,960,720,0.6912,1.3333,0.5589,0.2559,224.0515,0.1737,0.6064
test_2432.jpg,720,960,0.6912,0.75,0.5333,0.2177,20.9363,0.0307,0.538
test_2433.jpg,720,1279,0.9209,0.5629,0.3937,0.2289,9.6307,0.3579,0.5052
test_2434.jpg,720,960,0.6912,0.75,0.579,0.255,270.6761,0.2456,0.6458
test_2435.jpg,720,960,0.6912,0.75,0.5686,0.228,31.8997,0.2525,0.6132
test_2436.jpg,720,960,0.6912,0.75,0.4377,0.2162,11.294,0.2395,0.5093
test_2437.jpg,720,960,0.6912,0.75,0.4083,0.2804,18.9553,0.1347,0.429
test_2438.jpg,720,960,0.6912,0.75,0.573,0.2095,39.532,0.243,0.6214
test_2439.jpg,720,960,0.6912,0.75,0.4793,0.2212,285.1103,0.1736,0.5255
test_2440.jpg,720,960,0.6912,0.75,0.2679,0.1625,49.473,0.4982,0.3297
test_2441.jpg,720,960,0.6912,0.75,0.4407,0.2039,58.3215,0.2069,0.4839
test_2442.jpg,960,720,0.6912,1.3333,0.5839,0.1804,33.2939,0.1764,0.626
test_2443.jpg,720,960,0.6912,0.75,0.4356,0.2454,37.9994,0.2616,0.476
test_2444.jpg,960,720,0.6912,1.3333,0.4877,0.2012,165.3563,0.1387,0.5175
test_2445.jpg,960,720,0.6912,1.3333,0.4615,0.2714,186.4945,0.1589,0.492
test_2446.jpg,960,720,0.6912,1.3333,0.4039,0.1975,66.7334,0.249,0.4451
test_2447.jpg,760,720,0.5472,1.0556,0.3838,0.1531,227.7085,0.2577,0.4557
test_2448.jpg,947,720,0.6818,1.3153,0.4618,0.2379,134.3665,0.2378,0.5106
test_2449.jpg,720,960,0.6912,0.75,0.5771,0.1312,47.5199,0.1282,0.6097
test_2450.jpg,720,960,0.6912,0.75,0.5085,0.2593,247.7601,0.4327,0.6686
test_2451.jpg,1279,720,0.9209,1.7764,0.5053,0.2245,185.0535,0.1557,0.5474
test_2452.jpg,720,960,0.6912,0.75,0.5491,0.16,11.6549,0.2142,0.612
test_2453.jpg,720,960,0.6912,0.75,0.3798,0.1851,343.7922,0.2332,0.4329
test_2454.jpg,720,960,0.6912,0.75,0.828,0.1403,222.57,0.0461,0.8408
test_2455.jpg,960,720,0.6912,1.3333,0.3018,0.2142,37.9299,0.261,0.3252
test_2456.jpg,720,960,0.6912,0.75,0.3798,0.1952,235.5826,0.1607,0.4129
test_2457.jpg,720,960,0.6912,0.75,0.4383,0.1875,219.4222,0.1008,0.4646
test_2458.jpg,720,960,0.6912,0.75,0.5876,0.1751,207.7604,0.1836,0.6573
test_2459.jpg,960,720,0.6912,1.3333,0.5491,0.1361,45.4617,0.1951,0.5801
test_2460.jpg,720,960,0.6912,0.75,0.4593,0.2226,83.9971,0.2203,0.4879
test_2461.jpg,720,960,0.6912,0.75,0.4216,0.1972,70.9611,0.325,0.4625
test_2462.jpg,720,960,0.6912,0.75,0.5221,0.2899,27.1385,0.1748,0.5486
test_2463.jpg,960,720,0.6912,1.3333,0.4602,0.2223,44.8234,0.1713,0.5076
test_2464.jpg,720,1280,0.9216,0.5625,0.4591,0.1697,214.8306,0.3225,0.5793
test_2465.jpg,720,1280,0.9216,0.5625,0.4473,0.2262,83.4665,0.2474,0.4772
test_2466.jpg,960,720,0.6912,1.3333,0.2249,0.2187,27.0552,0.2637,0.2546
test_2467.jpg,720,960,0.6912,0.75,0.2951,0.1955,180.6371,0.2842,0.3402
test_2468.jpg,1080,720,0.7776,1.5,0.4725,0.2,35.999,0.2424,0.5176
test_2469.jpg,720,960,0.6912,0.75,0.4475,0.2057,232.5179,0.2893,0.5525
test_2470.jpg,720,960,0.6912,0.75,0.4369,0.2716,38.9065,0.206,0.4811
test_2471.jpg,720,960,0.6912,0.75,0.4583,0.2115,98.9353,0.1552,0.4958
test_2472.jpg,720,960,0.6912,0.75,0.5225,0.2778,212.2946,0.0502,0.5346
test_2473.jpg,1130,720,0.8136,1.5694,0.3002,0.1982,248.5059,0.2017,0.3478
test_2474.jpg,720,960,0.6912,0.75,0.389,0.2683,1.8675,0.46,0.5036
test_2475.jpg,720,960,0.6912,0.75,0.4189,0.2297,188.2512,0.1608,0.4538
test_2476.jpg,720,960,0.6912,0.75,0.6006,0.226,46.491,0.1455,0.6196
test_2477.jpg,720,960,0.6912,0.75,0.4396,0.2613,352.5963,0.3513,0.54
test_2478.jpg,720,960,0.6912,0.75,0.5627,0.2038,78.632,0.1894,0.6019
test_2479.jpg,960,720,0.6912,1.3333,0.6864,0.1432,0.9845,0.0565,0.6983
test_2480.jpg,960,720,0.6912,1.3333,0.4467,0.1721,240.2312,0.0514,0.4582
test_2481.jpg,720,960,0.6912,0.75,0.5281,0.2408,179.4711,0.1835,0.5653
test_2482.jpg,720,960,0.6912,0.75,0.5058,0.2538,324.9592,0.1949,0.5609
test_2483.jpg,720,960,0.6912,0.75,0.5687,0.2785,225.8942,0.1795,0.6266
test_2484.jpg,720,951,0.6847,0.7571,0.5095,0.2258,34.8467,0.1778,0.5466
test_2485.jpg,833,720,0.5998,1.1569,0.5548,0.3036,19.0919,0.2222,0.5927
test_2486.jpg,720,960,0.6912,0.75,0.5017,0.2062,55.5592,0.2041,0.5406
test_2487.jpg,720,960,0.6912,0.75,0.4445,0.1727,208.4618,0.2709,0.5144
test_2488.jpg,720,960,0.6912,0.75,0.4793,0.2622,21.9713,0.4059,0.6085
test_2489.jpg,720,960,0.6912,0.75,0.5507,0.1919,28.1835,0.267,0.6147
test_2490.jpg,720,960,0.6912,0.75,0.4913,0.2984,14.52,0.1895,0.5286
test_2491.jpg,720,960,0.6912,0.75,0.5253,0.1619,31.5228,0.2597,0.5888
test_2492.jpg,720,960,0.6912,0.75,0.3961,0.2415,44.3246,0.2883,0.4306
test_2493.jpg,720,960,0.6912,0.75,0.4955,0.217,351.1148,0.193,0.5412
test_2494.jpg,720,960,0.6912,0.75,0.4127,0.265,358.2736,0.3671,0.5161
test_2495.jpg,720,960,0.6912,0.75,0.5211,0.2143,26.9198,0.1977,0.5634
test_2496.jpg,960,720,0.6912,1.3333,0.5028,0.2088,55.9285,0.4124,0.5696
test_2497.jpg,720,720,0.5184,1.0,0.4681,0.2279,35.6394,0.3491,0.5233
test_2498.jpg,720,720,0.5184,1.0,0.3866,0.2045,211.7463,0.1206,0.4101
test_2499.jpg,720,960,0.6912,0.75,0.4829,0.2916,193.0192,0.1438,0.5117
test_2500.jpg,720,1279,0.9209,0.5629,0.427,0.2791,197.012,0.2289,0.4602
test_2501.jpg,720,960,0.6912,0.75,0.4803,0.191,7.3805,0.4508,0.6388
test_2502.jpg,720,960,0.6912,0.75,0.4328,0.1592,31.8852,0.4511,0.5255
test_2503.jpg,720,1109,0.7985,0.6492,0.3607,0.2425,222.7342,0.3407,0.4431
test_2504.jpg,720,960,0.6912,0.75,0.4596,0.1947,41.8361,0.2842,0.5442
test_2505.jpg,960,720,0.6912,1.3333,0.4604,0.2277,50.8498,0.134,0.4935
test_2506.jpg,720,960,0.6912,0.75,0.5276,0.2212,357.3574,0.2245,0.5925
test_2507.jpg,1346,720,0.9691,1.8694,0.2549,0.191,119.6622,0.2789,0.2839
test_2508.jpg,960,720,0.6912,1.3333,0.4412,0.2327,18.5724,0.3138,0.505
test_2509.jpg,720,960,0.6912,0.75,0.5176,0.1617,303.4604,0.1268,0.5482
test_2510.jpg,720,960,0.6912,0.75,0.2724,0.246,348.1805,0.2175,0.2998
test_2511.jpg,720,960,0.6912,0.75,0.4644,0.1952,17.0201,0.1982,0.5251
test_2512.jpg,960,720,0.6912,1.3333,0.3751,0.2315,199.3088,0.2451,0.4162
test_2513.jpg,960,720,0.6912,1.3333,0.4513,0.2178,239.7098,0.096,0.4738
test_2514.jpg,720,960,0.6912,0.75,0.4047,0.2282,331.4901,0.3582,0.5084
test_2515.jpg,720,960,0.6912,0.75,0.5279,0.2137,37.6376,0.1122,0.547
test_2516.jpg,720,960,0.6912,0.75,0.5154,0.2028,40.7838,0.2103,0.5727
test_2517.jpg,720,960,0.6912,0.75,0.5561,0.1182,29.8393,0.2423,0.6247
test_2518.jpg,960,720,0.6912,1.3333,0.4012,0.2662,82.5447,0.2761,0.441
test_2519.jpg,720,960,0.6912,0.75,0.4749,0.29,109.5463,0.2063,0.5065
test_2520.jpg,960,720,0.6912,1.3333,0.4064,0.1622,246.4774,0.322,0.5205
test_2521.jpg,720,960,0.6912,0.75,0.3957,0.3108,230.1882,0.3776,0.4913
test_2522.jpg,960,720,0.6912,1.3333,0.466,0.2019,65.8474,0.1926,0.5127
test_2523.jpg,720,960,0.6912,0.75,0.5731,0.2664,9.614,0.1344,0.6043
test_2524.jpg,720,960,0.6912,0.75,0.4977,0.1658,182.9173,0.0998,0.5224
test_2525.jpg,720,960,0.6912,0.75,0.6066,0.1585,43.1344,0.1588,0.6412
test_2526.jpg,720,960,0.6912,0.75,0.6199,0.1629,25.2148,0.1707,0.6713
test_2527.jpg,720,720,0.5184,1.0,0.6991,0.1913,53.6071,0.0263,0.7022
test_2528.jpg,720,960,0.6912,0.75,0.5032,0.2342,33.4564,0.2123,0.5578
test_2529.jpg,720,960,0.6912,0.75,0.6233,0.1873,7.179,0.059,0.6369
test_2530.jpg,960,720,0.6912,1.3333,0.4435,0.259,359.606,0.1592,0.4788
test_2531.jpg,1279,720,0.9209,1.7764,0.4378,0.2194,60.2723,0.2086,0.484
test_2532.jpg,720,960,0.6912,0.75,0.4516,0.2354,274.6153,0.2681,0.5212
test_2533.jpg,720,960,0.6912,0.75,0.5024,0.1998,26.9304,0.2,0.5574
test_2534.jpg,960,720,0.6912,1.3333,0.5456,0.256,21.9124,0.2515,0.6168
test_2535.jpg,720,960,0.6912,0.75,0.5335,0.2106,215.5229,0.1988,0.5983
test_2536.jpg,720,960,0.6912,0.75,0.4918,0.1607,214.4613,0.2795,0.5918
test_2537.jpg,720,960,0.6912,0.75,0.4372,0.1586,11.9211,0.2992,0.5145
test_2538.jpg,720,960,0.6912,0.75,0.4977,0.2898,171.8929,0.1278,0.5222
test_2539.jpg,720,960,0.6912,0.75,0.4575,0.1852,57.2952,0.178,0.4964
test_2540.jpg,960,720,0.6912,1.3333,0.3497,0.1504,352.7601,0.2391,0.3954
test_2541.jpg,720,1279,0.9209,0.5629,0.498,0.2467,33.7422,0.3699,0.5791
test_2542.jpg,720,720,0.5184,1.0,0.8113,0.1443,31.427,0.0495,0.8266
test_2543.jpg,720,960,0.6912,0.75,0.5044,0.1886,30.8665,0.2104,0.5519
test_2544.jpg,1578,720,1.1362,2.1917,0.4504,0.1847,352.8579,0.2762,0.554
test_2545.jpg,720,960,0.6912,0.75,0.5778,0.2794,27.4442,0.1167,0.6042
test_2546.jpg,960,720,0.6912,1.3333,0.5943,0.1939,210.2587,0.0797,0.6077
test_2547.jpg,720,960,0.6912,0.75,0.5273,0.2302,65.6628,0.1928,0.5695
test_2548.jpg,720,960,0.6912,0.75,0.4806,0.2401,224.5016,0.176,0.5392
test_2549.jpg,720,960,0.6912,0.75,0.4084,0.2452,22.6562,0.2976,0.4765
test_2550.jpg,720,960,0.6912,0.75,0.6259,0.1658,32.8817,0.1965,0.6752
test_2551.jpg,720,960,0.6912,0.75,0.4936,0.2065,31.4038,0.1702,0.5335
test_2552.jpg,960,720,0.6912,1.3333,0.4461,0.2369,97.9078,0.2519,0.4911
test_2553.jpg,720,960,0.6912,0.75,0.6132,0.1876,20.4083,0.1104,0.6374
test_2554.jpg,720,960,0.6912,0.75,0.5203,0.2179,35.5693,0.2874,0.5743
test_2555.jpg,720,960,0.6912,0.75,0.5114,0.2872,32.0133,0.1859,0.537
test_2556.jpg,720,960,0.6912,0.75,0.7036,0.1958,211.2637,0.1178,0.7587
test_2557.jpg,960,720,0.6912,1.3333,0.4159,0.2548,24.6765,0.4903,0.5227
test_2558.jpg,795,720,0.5724,1.1042,0.412,0.1636,250.6929,0.1978,0.4682
test_2559.jpg,720,960,0.6912,0.75,0.3604,0.1842,39.6612,0.2064,0.3903
test_2560.jpg,720,720,0.5184,1.0,0.5252,0.1907,54.3057,0.0953,0.5457
test_2561.jpg,720,960,0.6912,0.75,0.3662,0.1885,62.9964,0.3274,0.4181
test_2562.jpg,720,960,0.6912,0.75,0.6068,0.139,30.8519,0.4816,0.7473
test_2563.jpg,720,960,0.6912,0.75,0.6177,0.1358,111.8713,0.0684,0.6291
test_2564.jpg,720,960,0.6912,0.75,0.4829,0.1894,50.9517,0.4874,0.5578
test_2565.jpg,720,960,0.6912,0.75,0.6095,0.1687,35.1223,0.1461,0.6411
test_2566.jpg,720,960,0.6912,0.75,0.518,0.2069,34.8397,0.2004,0.5552
test_2567.jpg,720,960,0.6912,0.75,0.6789,0.2473,266.4796,0.2037,0.7525
test_2568.jpg,720,960,0.6912,0.75,0.4517,0.2421,236.7571,0.1168,0.4714
test_2569.jpg,1080,720,0.7776,1.5,0.5945,0.2054,238.4399,0.2192,0.6791
test_2570.jpg,720,960,0.6912,0.75,0.5058,0.2198,76.7096,0.2422,0.5584
test_2571.jpg,1080,720,0.7776,1.5,0.3995,0.2053,19.3522,0.3522,0.4763
test_2572.jpg,960,720,0.6912,1.3333,0.5173,0.2275,28.2413,0.2912,0.5835
test_2573.jpg,960,720,0.6912,1.3333,0.2953,0.146,355.9719,0.5556,0.4619
test_2574.jpg,960,720,0.6912,1.3333,0.4556,0.2308,36.0956,0.2456,0.4996
test_2575.jpg,720,960,0.6912,0.75,0.4291,0.216,27.3203,0.4293,0.5258
test_2576.jpg,720,960,0.6912,0.75,0.4719,0.2103,32.4337,0.3917,0.5606
test_2577.jpg,720,1558,1.1218,0.4621,0.5179,0.1518,41.2933,0.0833,0.5342
test_2578.jpg,895,720,0.6444,1.2431,0.4509,0.2004,356.3491,0.7335,0.7867
test_2579.jpg,720,960,0.6912,0.75,0.5338,0.2468,89.4997,0.1497,0.5643
test_2580.jpg,720,960,0.6912,0.75,0.3884,0.1767,50.8998,0.3019,0.4424
test_2581.jpg,720,960,0.6912,0.75,0.5375,0.2269,39.2838,0.1658,0.568
test_2582.jpg,960,720,0.6912,1.3333,0.4145,0.2292,36.4471,0.2123,0.4492
test_2583.jpg,720,960,0.6912,0.75,0.4365,0.2463,21.188,0.1482,0.4661
test_2584.jpg,720,960,0.6912,0.75,0.4406,0.2771,26.4826,0.2553,0.4852
test_2585.jpg,720,1279,0.9209,0.5629,0.5821,0.2314,42.7253,0.1689,0.6118
test_2586.jpg,720,960,0.6912,0.75,0.5361,0.2642,234.9307,0.0912,0.5572
test_2587.jpg,1320,720,0.9504,1.8333,0.3734,0.249,47.7492,0.3923,0.4362
test_2588.jpg,960,720,0.6912,1.3333,0.5186,0.2637,216.6654,0.1474,0.5655
test_2589.jpg,720,960,0.6912,0.75,0.5515,0.2451,24.6124,0.2524,0.6066
test_2590.jpg,720,960,0.6912,0.75,0.4586,0.2196,200.192,0.2942,0.5451
test_2591.jpg,720,1280,0.9216,0.5625,0.5604,0.2401,26.4454,0.2013,0.6097
test_2592.jpg,720,960,0.6912,0.75,0.5105,0.286,44.6949,0.2715,0.5468
test_2593.jpg,720,960,0.6912,0.75,0.4966,0.2974,201.0123,0.1145,0.517
test_2594.jpg,960,720,0.6912,1.3333,0.6016,0.2259,216.185,0.303,0.7359
test_2595.jpg,960,720,0.6912,1.3333,0.4776,0.2449,11.3596,0.1784,0.5335
test_2596.jpg,720,1280,0.9216,0.5625,0.4684,0.1971,56.8408,0.4949,0.573
test_2597.jpg,737,720,0.5306,1.0236,0.4022,0.1988,214.821,0.2508,0.4699
test_2598.jpg,960,720,0.6912,1.3333,0.4556,0.2349,20.6971,0.2384,0.5148
test_2599.jpg,720,960,0.6912,0.75,0.4994,0.2264,245.0046,0.1218,0.531
test_2600.jpg,720,720,0.5184,1.0,0.2569,0.1182,41.4565,0.2513,0.2815
test_2601.jpg,720,797,0.5738,0.9034,0.6154,0.256,6.4459,0.189,0.6649
test_2602.jpg,720,960,0.6912,0.75,0.4402,0.2228,24.2493,0.4787,0.5563
test_2603.jpg,720,1280,0.9216,0.5625,0.5321,0.235,221.1344,0.1935,0.587
test_2604.jpg,720,960,0.6912,0.75,0.4372,0.195,214.5461,0.2301,0.4956
test_2605.jpg,720,960,0.6912,0.75,0.5595,0.2422,357.6317,0.1607,0.6094
test_2606.jpg,720,960,0.6912,0.75,0.5655,0.1455,200.9036,0.2228,0.6429
test_2607.jpg,720,960,0.6912,0.75,0.4618,0.2057,204.7012,0.2264,0.5165
test_2608.jpg,720,960,0.6912,0.75,0.4777,0.2339,66.6422,0.393,0.5351
test_2609.jpg,720,960,0.6912,0.75,0.4967,0.2239,30.7314,0.1692,0.5342
test_2610.jpg,720,960,0.6912,0.75,0.5555,0.2837,27.6196,0.207,0.6028
test_2611.jpg,960,720,0.6912,1.3333,0.2227,0.1666,68.6031,0.1521,0.2384
test_2612.jpg,960,720,0.6912,1.3333,0.4086,0.2271,47.4339,0.3852,0.4799
test_2613.jpg,720,960,0.6912,0.75,0.6704,0.0921,52.3671,0.0405,0.6766
test_2614.jpg,720,1280,0.9216,0.5625,0.2011,0.1679,323.6809,0.6002,0.3343
test_2615.jpg,720,960,0.6912,0.75,0.5679,0.2377,23.1824,0.1139,0.5962
test_2616.jpg,720,960,0.6912,0.75,0.4749,0.2626,242.8412,0.1858,0.5147
test_2617.jpg,720,960,0.6912,0.75,0.6069,0.211,75.8013,0.1814,0.6441
test_2618.jpg,720,960,0.6912,0.75,0.4952,0.2035,233.7179,0.3885,0.6235
test_2619.jpg,720,720,0.5184,1.0,0.5022,0.2157,200.9492,0.1996,0.5548
test_2620.jpg,720,960,0.6912,0.75,0.4919,0.2231,323.6008,0.1851,0.5615
test_2621.jpg,720,720,0.5184,1.0,0.4863,0.1849,346.6002,0.3958,0.6672
test_2622.jpg,720,960,0.6912,0.75,0.6312,0.16,89.4012,0.0596,0.6456
test_2623.jpg,720,960,0.6912,0.75,0.4469,0.2675,52.2626,0.2162,0.4845
test_2624.jpg,720,1280,0.9216,0.5625,0.4886,0.2315,354.5884,0.3214,0.5732
test_2625.jpg,720,960,0.6912,0.75,0.4498,0.2532,1.2166,0.1397,0.4802
test_2626.jpg,720,960,0.6912,0.75,0.3093,0.2303,213.0967,0.4003,0.3971
test_2627.jpg,720,960,0.6912,0.75,0.3976,0.2035,11.7469,0.4079,0.4928
test_2628.jpg,720,960,0.6912,0.75,0.4463,0.2034,216.6545,0.4134,0.6113
test_2629.jpg,720,960,0.6912,0.75,0.4624,0.1843,39.1884,0.1816,0.4936
test_2630.jpg,720,960,0.6912,0.75,0.4418,0.1883,33.2794,0.3238,0.5021
test_2631.jpg,720,960,0.6912,0.75,0.6894,0.2467,312.6592,0.1271,0.7358
test_2632.jpg,1280,720,0.9216,1.7778,0.4636,0.275,196.9239,0.2147,0.508
test_2633.jpg,720,720,0.5184,1.0,0.586,0.1724,27.4518,0.2373,0.6432
test_2634.jpg,720,960,0.6912,0.75,0.4724,0.2294,178.5904,0.1595,0.495
test_2635.jpg,1080,720,0.7776,1.5,0.4716,0.2756,37.1625,0.3395,0.5189
test_2636.jpg,720,1281,0.9223,0.5621,0.4682,0.2892,8.1899,0.1936,0.5078
test_2637.jpg,2114,720,1.5221,2.9361,0.6316,0.1601,29.8491,0.1557,0.6781
test_2638.jpg,746,720,0.5371,1.0361,0.5084,0.217,203.5537,0.1723,0.5607
test_2639.jpg,720,960,0.6912,0.75,0.668,0.1542,24.0558,0.0997,0.6954
test_2640.jpg,960,720,0.6912,1.3333,0.4765,0.2418,2.2633,0.1624,0.505
test_2641.jpg,960,720,0.6912,1.3333,0.4557,0.195,21.395,0.3176,0.5375
test_2642.jpg,1152,720,0.8294,1.6,0.4563,0.2725,60.0319,0.2666,0.4971
test_2643.jpg,720,1558,1.1218,0.4621,0.3626,0.2483,55.0422,0.1431,0.3833
test_2644.jpg,720,1280,0.9216,0.5625,0.4904,0.2621,80.9735,0.1525,0.5101
test_2645.jpg,720,960,0.6912,0.75,0.4808,0.1995,49.2386,0.1347,0.5069
test_2646.jpg,960,720,0.6912,1.3333,0.5107,0.2414,236.5003,0.219,0.5624
test_2647.jpg,720,1279,0.9209,0.5629,0.5804,0.2278,161.8467,0.2474,0.6378
test_2648.jpg,720,960,0.6912,0.75,0.4897,0.2519,204.6885,0.1285,0.5148
test_2649.jpg,1049,720,0.7553,1.4569,0.5021,0.2704,237.1648,0.1139,0.5343
test_2650.jpg,720,960,0.6912,0.75,0.4882,0.2849,133.2593,0.1658,0.5165
test_2651.jpg,960,720,0.6912,1.3333,0.5113,0.2442,198.5442,0.1636,0.5584
test_2652.jpg,960,720,0.6912,1.3333,0.4957,0.2664,29.2084,0.1413,0.5224
test_2653.jpg,720,960,0.6912,0.75,0.5576,0.1598,222.5405,0.1088,0.5949
test_2654.jpg,720,960,0.6912,0.75,0.4325,0.2032,153.2236,0.2633,0.4787
test_2655.jpg,960,720,0.6912,1.3333,0.4939,0.2328,186.8888,0.1696,0.5368
test_2656.jpg,720,960,0.6912,0.75,0.5485,0.219,84.5767,0.2739,0.6074
test_2657.jpg,960,720,0.6912,1.3333,0.4353,0.2352,33.5399,0.3388,0.504
test_2658.jpg,720,960,0.6912,0.75,0.6157,0.2468,7.9885,0.1283,0.6496
test_2659.jpg,720,960,0.6912,0.75,0.3886,0.092,331.0176,0.0758,0.4008
test_2660.jpg,720,960,0.6912,0.75,0.3749,0.2084,358.0843,0.3616,0.4612
test_2661.jpg,720,1280,0.9216,0.5625,0.4605,0.1778,207.9099,0.1928,0.5075
test_2662.jpg,720,1279,0.9209,0.5629,0.5076,0.1778,30.3718,0.2897,0.5822
test_2663.jpg,720,960,0.6912,0.75,0.4503,0.2186,222.1441,0.2126,0.5218
test_2664.jpg,720,960,0.6912,0.75,0.4556,0.2693,350.1257,0.3157,0.5269
test_2665.jpg,960,720,0.6912,1.3333,0.3075,0.2611,296.7557,0.2793,0.3553
test_2666.jpg,960,720,0.6912,1.3333,0.4544,0.2404,114.4317,0.197,0.4792
test_2667.jpg,720,960,0.6912,0.75,0.5535,0.2358,52.3234,0.1532,0.5821
test_2668.jpg,720,960,0.6912,0.75,0.4929,0.1696,75.0479,0.3595,0.5405
test_2669.jpg,720,1279,0.9209,0.5629,0.6693,0.1782,260.5385,0.1025,0.7012
test_2670.jpg,960,720,0.6912,1.3333,0.4604,0.2223,278.9608,0.2351,0.5238
test_2671.jpg,720,1279,0.9209,0.5629,0.5031,0.2389,26.52,0.2677,0.5783
test_2672.jpg,720,960,0.6912,0.75,0.4438,0.2528,199.0903,0.2329,0.5019
test_2673.jpg,720,960,0.6912,0.75,0.4421,0.219,20.2791,0.2439,0.4901
test_2674.jpg,960,720,0.6912,1.3333,0.5386,0.2048,50.1193,0.2416,0.6199
test_2675.jpg,720,1279,0.9209,0.5629,0.506,0.2306,30.1639,0.3642,0.5905
test_2676.jpg,720,960,0.6912,0.75,0.4628,0.2297,22.7487,0.2928,0.5391
test_2677.jpg,720,1215,0.8748,0.5926,0.5391,0.2212,336.7325,0.2329,0.6088
test_2678.jpg,1319,720,0.9497,1.8319,0.4005,0.2334,41.9151,0.2268,0.4436
test_2679.jpg,720,960,0.6912,0.75,0.3095,0.2776,38.231,0.2287,0.3214
test_2680.jpg,720,960,0.6912,0.75,0.5278,0.2322,46.7384,0.2028,0.5773
test_2681.jpg,720,960,0.6912,0.75,0.4418,0.2375,33.7739,0.3086,0.4941
test_2682.jpg,720,960,0.6912,0.75,0.5205,0.2142,39.9178,0.2458,0.5596
test_2683.jpg,960,720,0.6912,1.3333,0.4908,0.2427,206.605,0.1678,0.5353
test_2684.jpg,720,960,0.6912,0.75,0.4419,0.2109,105.4166,0.1519,0.4693
test_2685.jpg,720,860,0.6192,0.8372,0.5223,0.2626,301.9713,0.1177,0.5557
test_2686.jpg,720,960,0.6912,0.75,0.3715,0.2012,42.6187,0.4629,0.432
test_2687.jpg,918,720,0.661,1.275,0.6784,0.1283,332.0874,0.0508,0.6943
test_2688.jpg,720,1558,1.1218,0.4621,0.2642,0.2345,35.6686,0.4376,0.3138
test_2689.jpg,720,960,0.6912,0.75,0.5074,0.1499,213.5094,0.1706,0.5663
test_2690.jpg,720,960,0.6912,0.75,0.4726,0.2489,10.8796,0.1895,0.5198
test_2691.jpg,1344,720,0.9677,1.8667,0.5616,0.2488,261.8135,0.2838,0.6596
test_2692.jpg,720,960,0.6912,0.75,0.5755,0.2543,40.6172,0.2004,0.6293
test_2693.jpg,720,960,0.6912,0.75,0.6236,0.2181,30.2002,0.1531,0.652
test_2694.jpg,720,1560,1.1232,0.4615,0.6422,0.2645,30.0886,0.2509,0.7134
test_2695.jpg,720,720,0.5184,1.0,0.5124,0.1747,21.209,0.1778,0.5626
test_2696.jpg,720,960,0.6912,0.75,0.4328,0.1969,228.3275,0.4611,0.6287
test_2697.jpg,960,720,0.6912,1.3333,0.5769,0.204,197.904,0.2796,0.6394
test_2698.jpg,720,960,0.6912,0.75,0.4134,0.2023,214.8996,0.3474,0.5234
test_2699.jpg,960,720,0.6912,1.3333,0.3465,0.2421,242.3211,0.2726,0.415
test_2700.jpg,720,960,0.6912,0.75,0.3051,0.0913,226.4194,0.8386,0.8063
test_2701.jpg,720,960,0.6912,0.75,0.4007,0.1491,24.2352,0.1599,0.4358
test_2702.jpg,720,960,0.6912,0.75,0.537,0.1831,75.6513,0.1474,0.5694
test_2703.jpg,720,960,0.6912,0.75,0.4929,0.272,45.4362,0.2293,0.5408
test_2704.jpg,720,1280,0.9216,0.5625,0.4582,0.1084,1.0366,0.1635,0.5134
test_2705.jpg,960,720,0.6912,1.3333,0.4363,0.2674,33.5386,0.0894,0.4454
test_2706.jpg,720,960,0.6912,0.75,0.4427,0.2799,124.3921,0.1647,0.4665
test_2707.jpg,960,720,0.6912,1.3333,0.4519,0.2496,204.3946,0.5379,0.6386
test_2708.jpg,720,960,0.6912,0.75,0.4706,0.2525,56.6079,0.1605,0.4948
test_2709.jpg,720,960,0.6912,0.75,0.6234,0.2206,70.8187,0.1018,0.6407
test_2710.jpg,720,960,0.6912,0.75,0.4937,0.2623,73.0854,0.233,0.5387
test_2711.jpg,720,960,0.6912,0.75,0.4563,0.2622,19.881,0.1716,0.4908
test_2712.jpg,720,1279,0.9209,0.5629,0.4327,0.2339,171.5491,0.2227,0.4806
test_2713.jpg,1280,720,0.9216,1.7778,0.6226,0.1849,24.7037,0.1622,0.6639
test_2714.jpg,720,960,0.6912,0.75,0.5032,0.1978,44.9099,0.2276,0.5456
test_2715.jpg,720,960,0.6912,0.75,0.486,0.2404,220.4847,0.0932,0.5038
test_2716.jpg,1077,720,0.7754,1.4958,0.479,0.2068,56.6771,0.2044,0.5166
test_2717.jpg,1080,720,0.7776,1.5,0.5463,0.199,198.3128,0.3712,0.6776
test_2718.jpg,720,960,0.6912,0.75,0.4318,0.2034,42.5791,0.2663,0.4847
test_2719.jpg,1280,720,0.9216,1.7778,0.5266,0.2678,54.1948,0.2265,0.5735
test_2720.jpg,1320,720,0.9504,1.8333,0.496,0.221,118.1139,0.1733,0.5378
test_2721.jpg,720,960,0.6912,0.75,0.4412,0.1858,173.4518,0.1675,0.4744
test_2722.jpg,1560,720,1.1232,2.1667,0.5037,0.238,165.795,0.1251,0.5275
test_2723.jpg,1213,720,0.8734,1.6847,0.4676,0.2369,102.4773,0.2293,0.5056
test_2724.jpg,960,720,0.6912,1.3333,0.4555,0.1691,30.0856,0.2464,0.5099
test_2725.jpg,960,720,0.6912,1.3333,0.5488,0.1554,42.8085,0.171,0.5829
test_2726.jpg,720,960,0.6912,0.75,0.3523,0.2024,32.8347,0.2444,0.3959
test_2727.jpg,720,960,0.6912,0.75,0.4487,0.2065,66.1322,0.1365,0.4691
test_2728.jpg,960,720,0.6912,1.3333,0.5871,0.2564,42.3826,0.1984,0.6262
test_2729.jpg,720,960,0.6912,0.75,0.4677,0.2208,93.3144,0.1586,0.497
test_2730.jpg,720,960,0.6912,0.75,0.6187,0.1721,30.5558,0.289,0.6836
test_2731.jpg,720,960,0.6912,0.75,0.3818,0.2276,326.0583,0.2689,0.4512
test_2732.jpg,720,960,0.6912,0.75,0.4873,0.1984,161.0407,0.1503,0.5231
test_2733.jpg,2006,720,1.4443,2.7861,0.3882,0.2264,28.714,0.4648,0.4793
test_2734.jpg,720,960,0.6912,0.75,0.504,0.2269,212.8138,0.1116,0.5345
test_2735.jpg,720,1279,0.9209,0.5629,0.438,0.2057,183.9188,0.1192,0.462
test_2736.jpg,720,960,0.6912,0.75,0.5812,0.2219,234.5334,0.2083,0.6823
test_2737.jpg,720,960,0.6912,0.75,0.3364,0.1837,259.3621,0.2603,0.4118
test_2738.jpg,720,960,0.6912,0.75,0.326,0.2324,29.1259,0.2619,0.3479
test_2739.jpg,960,720,0.6912,1.3333,0.5795,0.1838,157.6075,0.0965,0.5971
test_2740.jpg,720,960,0.6912,0.75,0.4981,0.2078,51.3976,0.2276,0.5258
test_2741.jpg,720,960,0.6912,0.75,0.4133,0.1896,19.8088,0.3952,0.532
test_2742.jpg,720,960,0.6912,0.75,0.4171,0.2481,233.6527,0.3203,0.5051
test_2743.jpg,960,720,0.6912,1.3333,0.4361,0.2275,26.6579,0.3884,0.5246
test_2744.jpg,720,960,0.6912,0.75,0.4521,0.1373,250.8362,0.1871,0.527
test_2745.jpg,720,960,0.6912,0.75,0.3448,0.2531,273.6393,0.192,0.3789
test_2746.jpg,720,1279,0.9209,0.5629,0.3317,0.2215,194.4866,0.1446,0.3574
test_2747.jpg,720,960,0.6912,0.75,0.5294,0.2867,55.8801,0.3442,0.5707
test_2748.jpg,720,960,0.6912,0.75,0.5663,0.2494,33.9776,0.3673,0.6512
test_2749.jpg,900,720,0.648,1.25,0.3827,0.2305,36.7328,0.3885,0.4451
test_2750.jpg,720,960,0.6912,0.75,0.5734,0.2372,97.214,0.2658,0.6261
test_2751.jpg,1080,720,0.7776,1.5,0.3477,0.1918,32.6501,0.4451,0.4371
test_2752.jpg,720,960,0.6912,0.75,0.5271,0.2263,26.7103,0.3966,0.6174
test_2753.jpg,720,1280,0.9216,0.5625,0.6441,0.1534,20.3558,0.1308,0.6844
test_2754.jpg,720,960,0.6912,0.75,0.545,0.1982,46.7392,0.1568,0.5762
test_2755.jpg,960,720,0.6912,1.3333,0.2601,0.136,253.8023,0.1067,0.2796
test_2756.jpg,720,960,0.6912,0.75,0.4268,0.1891,39.5439,0.266,0.4702
test_2757.jpg,720,960,0.6912,0.75,0.4867,0.2016,212.2138,0.2345,0.5532
test_2758.jpg,720,1280,0.9216,0.5625,0.6018,0.1546,113.4905,0.1325,0.6421
test_2759.jpg,960,720,0.6912,1.3333,0.4422,0.2692,351.8905,0.1871,0.4886
test_2760.jpg,720,960,0.6912,0.75,0.4852,0.2902,54.465,0.1865,0.5171
test_2761.jpg,724,720,0.5213,1.0056,0.6405,0.1983,347.2328,0.1174,0.6681
test_2762.jpg,720,960,0.6912,0.75,0.5051,0.2262,31.6723,0.1652,0.5433
test_2763.jpg,720,960,0.6912,0.75,0.4614,0.1742,43.2777,0.1734,0.5026
test_2764.jpg,720,960,0.6912,0.75,0.5061,0.2692,28.7769,0.1085,0.5302
test_2765.jpg,720,960,0.6912,0.75,0.5125,0.1966,36.4899,0.4666,0.6249
test_2766.jpg,720,960,0.6912,0.75,0.5837,0.1971,167.6775,0.0623,0.5969
test_2767.jpg,960,720,0.6912,1.3333,0.5325,0.268,42.433,0.125,0.5551
test_2768.jpg,720,960,0.6912,0.75,0.7014,0.1319,5.431,0.114,0.7478
test_2769.jpg,720,960,0.6912,0.75,0.3852,0.2507,216.7011,0.2433,0.4422
test_2770.jpg,720,960,0.6912,0.75,0.5019,0.2431,356.481,0.1981,0.5562
test_2771.jpg,720,960,0.6912,0.75,0.4327,0.24,36.881,0.2753,0.479
test_2772.jpg,720,960,0.6912,0.75,0.4817,0.1876,31.5642,0.1513,0.521
test_2773.jpg,720,960,0.6912,0.75,0.7149,0.1848,24.6257,0.0979,0.7417
test_2774.jpg,720,900,0.648,0.8,0.7123,0.1898,37.5941,0.1233,0.7413
test_2775.jpg,960,720,0.6912,1.3333,0.4857,0.2492,358.4554,0.1309,0.5138
test_2776.jpg,720,960,0.6912,0.75,0.6271,0.1331,33.1441,0.22,0.6933
test_2777.jpg,720,960,0.6912,0.75,0.5902,0.1917,212.5181,0.1926,0.6511
test_2778.jpg,720,720,0.5184,1.0,0.5611,0.222,22.1896,0.1845,0.6106
test_2779.jpg,720,1678,1.2082,0.4291,0.6405,0.1367,0.6269,0.1775,0.7182
test_2780.jpg,720,960,0.6912,0.75,0.5108,0.2468,28.856,0.2139,0.5694
test_2781.jpg,720,750,0.54,0.96,0.6024,0.1965,236.2313,0.34,0.8039
test_2782.jpg,720,960,0.6912,0.75,0.3616,0.2237,190.3069,0.2443,0.4028
test_2783.jpg,720,1032,0.743,0.6977,0.4613,0.2433,192.3719,0.1937,0.5149
test_2784.jpg,720,1280,0.9216,0.5625,0.3775,0.2082,202.2871,0.2475,0.4371
test_2785.jpg,720,960,0.6912,0.75,0.5241,0.2443,196.4752,0.1416,0.5548
test_2786.jpg,720,960,0.6912,0.75,0.5423,0.2343,47.1521,0.124,0.5723
test_2787.jpg,720,975,0.702,0.7385,0.4998,0.2625,26.3246,0.2833,0.5548
test_2788.jpg,720,960,0.6912,0.75,0.5469,0.1929,32.925,0.1789,0.6077
test_2789.jpg,720,1558,1.1218,0.4621,0.4882,0.1779,200.051,0.1541,0.5239
test_2790.jpg,1279,720,0.9209,1.7764,0.4523,0.2007,280.9669,0.1773,0.5054
test_2791.jpg,720,960,0.6912,0.75,0.5514,0.2414,127.549,0.1236,0.5815
test_2792.jpg,720,960,0.6912,0.75,0.493,0.2029,33.8433,0.3415,0.5847
test_2793.jpg,720,960,0.6912,0.75,0.4612,0.2162,342.0123,0.2365,0.5335
test_2794.jpg,720,960,0.6912,0.75,0.5615,0.1553,349.967,0.1131,0.5967
test_2795.jpg,720,960,0.6912,0.75,0.4506,0.2653,26.009,0.5083,0.5446
test_2796.jpg,720,960,0.6912,0.75,0.5681,0.2065,178.4415,0.1899,0.6148
test_2797.jpg,720,960,0.6912,0.75,0.5185,0.2426,30.3795,0.3303,0.583
test_2798.jpg,960,720,0.6912,1.3333,0.3908,0.2101,265.9352,0.2105,0.446
test_2799.jpg,813,720,0.5854,1.1292,0.3076,0.1778,288.0514,0.3146,0.3736
test_2800.jpg,1009,720,0.7265,1.4014,0.292,0.2628,67.173,0.5336,0.3437
test_2801.jpg,720,960,0.6912,0.75,0.4908,0.3103,346.1897,0.2879,0.5425
test_2802.jpg,720,1678,1.2082,0.4291,0.6023,0.1978,10.5977,0.1549,0.6466
test_2803.jpg,720,960,0.6912,0.75,0.5449,0.2775,192.0272,0.2075,0.5963
test_2804.jpg,960,720,0.6912,1.3333,0.5212,0.2502,164.8087,0.0883,0.5383
test_2805.jpg,720,860,0.6192,0.8372,0.4098,0.1676,206.7314,0.2405,0.4686
test_2806.jpg,960,720,0.6912,1.3333,0.464,0.2401,227.5676,0.1204,0.4944
test_2807.jpg,720,960,0.6912,0.75,0.4099,0.2022,38.1278,0.1327,0.44
test_2808.jpg,720,960,0.6912,0.75,0.4793,0.1829,2.7466,0.1403,0.5106
test_2809.jpg,720,720,0.5184,1.0,0.5671,0.3169,356.644,0.1635,0.5931
test_2810.jpg,720,960,0.6912,0.75,0.4705,0.2217,29.2451,0.2064,0.5133
test_2811.jpg,720,720,0.5184,1.0,0.2824,0.2273,249.8648,0.4617,0.4496
test_2812.jpg,960,720,0.6912,1.3333,0.4721,0.2002,18.3705,0.4677,0.6427
test_2813.jpg,720,960,0.6912,0.75,0.5591,0.1662,37.2342,0.2345,0.6171
test_2814.jpg,720,960,0.6912,0.75,0.5628,0.1824,36.3744,0.1254,0.589
test_2815.jpg,960,720,0.6912,1.3333,0.4264,0.1765,74.7167,0.1877,0.4634
test_2816.jpg,720,960,0.6912,0.75,0.4267,0.1898,197.6507,0.1695,0.466
test_2817.jpg,720,960,0.6912,0.75,0.0889,0.1475,74.1974,0.8482,0.105
test_2818.jpg,720,960,0.6912,0.75,0.4087,0.2723,339.859,0.2175,0.4473
test_2819.jpg,720,960,0.6912,0.75,0.4755,0.2078,66.7393,0.2372,0.5333
test_2820.jpg,720,960,0.6912,0.75,0.4883,0.2278,206.9997,0.1711,0.5323
test_2821.jpg,720,960,0.6912,0.75,0.5761,0.1533,67.7236,0.1262,0.612
test_2822.jpg,720,960,0.6912,0.75,0.4504,0.1916,240.8255,0.4184,0.6373
test_2823.jpg,720,720,0.5184,1.0,0.4417,0.2313,295.8185,0.244,0.501
test_2824.jpg,720,1279,0.9209,0.5629,0.422,0.1827,192.4032,0.2456,0.4795
test_2825.jpg,720,960,0.6912,0.75,0.472,0.164,19.7603,0.2096,0.5214
test_2826.jpg,720,960,0.6912,0.75,0.482,0.2145,204.5301,0.206,0.5387
test_2827.jpg,1311,720,0.9439,1.8208,0.4089,0.2037,46.4127,0.4035,0.471
test_2828.jpg,720,960,0.6912,0.75,0.4584,0.1785,213.9653,0.2996,0.5598
test_2829.jpg,720,960,0.6912,0.75,0.5323,0.2353,21.5674,0.1683,0.5754
test_2830.jpg,1279,720,0.9209,1.7764,0.5001,0.1514,203.865,0.2659,0.5764
test_2831.jpg,960,720,0.6912,1.3333,0.4955,0.2571,58.2081,0.3235,0.5643
test_2832.jpg,960,720,0.6912,1.3333,0.3415,0.2071,220.6029,0.2942,0.4076
test_2833.jpg,960,720,0.6912,1.3333,0.5093,0.2665,27.3502,0.2524,0.5628
test_2834.jpg,720,960,0.6912,0.75,0.6549,0.1485,66.0192,0.0852,0.6655
test_2835.jpg,720,960,0.6912,0.75,0.4538,0.2429,17.2566,0.2811,0.5236
test_2836.jpg,1082,720,0.779,1.5028,0.4993,0.3327,41.6455,0.2108,0.5181
test_2837.jpg,720,960,0.6912,0.75,0.502,0.2279,34.4973,0.1963,0.5489
test_2838.jpg,959,720,0.6905,1.3319,0.4292,0.2106,311.8718,0.1547,0.4699
test_2839.jpg,720,960,0.6912,0.75,0.4699,0.2434,24.3698,0.3174,0.5624
test_2840.jpg,720,960,0.6912,0.75,0.4811,0.2717,38.5826,0.1217,0.5032
test_2841.jpg,720,960,0.6912,0.75,0.4555,0.2548,38.7201,0.1321,0.4794
test_2842.jpg,720,960,0.6912,0.75,0.5187,0.22,19.0934,0.3266,0.6113
test_2843.jpg,720,960,0.6912,0.75,0.4459,0.2657,75.1736,0.264,0.4822
test_2844.jpg,720,960,0.6912,0.75,0.4378,0.1836,93.1216,0.3007,0.4774
test_2845.jpg,720,960,0.6912,0.75,0.4905,0.227,18.5481,0.2594,0.5477
test_2846.jpg,720,960,0.6912,0.75,0.4056,0.2424,235.7073,0.4307,0.5474
test_2847.jpg,720,960,0.6912,0.75,0.5036,0.1496,43.6629,0.0517,0.5091
test_2848.jpg,720,720,0.5184,1.0,0.5941,0.2391,268.1045,0.1265,0.633
test_2849.jpg,720,960,0.6912,0.75,0.5879,0.2008,82.1318,0.2191,0.621
test_2850.jpg,720,960,0.6912,0.75,0.5115,0.1443,32.3413,0.4397,0.6219
test_2851.jpg,720,1280,0.9216,0.5625,0.5506,0.2728,44.3358,0.2327,0.5903
test_2852.jpg,720,960,0.6912,0.75,0.3603,0.2029,142.9846,0.3002,0.4341
test_2853.jpg,720,960,0.6912,0.75,0.4452,0.2597,15.4512,0.2124,0.4834
test_2854.jpg,720,960,0.6912,0.75,0.3422,0.2144,240.1504,0.3755,0.4512
test_2855.jpg,720,960,0.6912,0.75,0.4372,0.1919,215.017,0.3626,0.5727
test_2856.jpg,960,720,0.6912,1.3333,0.481,0.2467,114.3817,0.2746,0.5191
test_2857.jpg,912,720,0.6566,1.2667,0.6278,0.2861,50.3824,0.1002,0.6382
test_2858.jpg,960,720,0.6912,1.3333,0.6493,0.1593,55.2321,0.0825,0.6708
test_2859.jpg,720,720,0.5184,1.0,0.5799,0.1857,33.748,0.1551,0.6104
test_2860.jpg,960,720,0.6912,1.3333,0.4385,0.2266,76.3251,0.2839,0.4704
test_2861.jpg,720,960,0.6912,0.75,0.3079,0.1643,43.2038,0.2748,0.3482
test_2862.jpg,720,960,0.6912,0.75,0.4779,0.2377,212.6626,0.129,0.5199
test_2863.jpg,720,960,0.6912,0.75,0.6044,0.1784,54.985,0.092,0.6189
test_2864.jpg,720,960,0.6912,0.75,0.5749,0.2025,41.5803,0.234,0.6157
test_2865.jpg,720,960,0.6912,0.75,0.4836,0.2745,29.5676,0.472,0.5605
test_2866.jpg,720,1279,0.9209,0.5629,0.4931,0.1524,207.156,0.2458,0.5788
test_2867.jpg,720,960,0.6912,0.75,0.4345,0.2458,40.7686,0.1942,0.4661
test_2868.jpg,720,960,0.6912,0.75,0.4628,0.1971,27.1462,0.2497,0.5181
test_2869.jpg,720,960,0.6912,0.75,0.5236,0.2064,33.612,0.2947,0.5773
test_2870.jpg,720,960,0.6912,0.75,0.5012,0.2043,26.4844,0.2844,0.5643
test_2871.jpg,720,960,0.6912,0.75,0.4294,0.228,27.6837,0.1806,0.4648
test_2872.jpg,720,1280,0.9216,0.5625,0.6185,0.2642,40.9072,0.107,0.6417
test_2873.jpg,720,960,0.6912,0.75,0.5978,0.2108,152.6362,0.2753,0.6456
test_2874.jpg,1280,720,0.9216,1.7778,0.4246,0.2018,158.8945,0.4931,0.5133
test_2875.jpg,720,960,0.6912,0.75,0.5212,0.2416,35.4138,0.238,0.5594
test_2876.jpg,1279,720,0.9209,1.7764,0.4051,0.2098,25.8105,0.2683,0.4563
test_2877.jpg,720,1561,1.1239,0.4612,0.3195,0.2939,45.9489,0.2641,0.369
test_2878.jpg,720,960,0.6912,0.75,0.4619,0.2577,50.5066,0.1796,0.4922
test_2879.jpg,720,841,0.6055,0.8561,0.2726,0.2111,283.3195,0.4886,0.3764
test_2880.jpg,720,960,0.6912,0.75,0.4968,0.1652,212.3573,0.1729,0.557
test_2881.jpg,720,960,0.6912,0.75,0.6618,0.1037,22.2357,0.1237,0.7073
test_2882.jpg,720,960,0.6912,0.75,0.4393,0.1877,61.817,0.1588,0.4644
test_2883.jpg,720,720,0.5184,1.0,0.4547,0.2891,256.8524,0.07,0.4626
test_2884.jpg,720,960,0.6912,0.75,0.6304,0.2126,216.3815,0.1282,0.6684
test_2885.jpg,2772,720,1.9958,3.85,0.3351,0.1587,232.8875,0.2719,0.4075
test_2886.jpg,720,960,0.6912,0.75,0.3087,0.1668,153.251,0.2906,0.368
test_2887.jpg,720,960,0.6912,0.75,0.6409,0.2621,214.5222,0.1075,0.6659
test_2888.jpg,720,960,0.6912,0.75,0.5143,0.2191,221.8347,0.1336,0.5482
test_2889.jpg,720,960,0.6912,0.75,0.5171,0.2751,345.885,0.2202,0.6002
test_2890.jpg,720,960,0.6912,0.75,0.4511,0.225,24.5527,0.2425,0.5044
test_2891.jpg,960,720,0.6912,1.3333,0.5089,0.1858,68.8102,0.0777,0.525
test_2892.jpg,720,960,0.6912,0.75,0.5221,0.13,33.7932,0.2992,0.5876
test_2893.jpg,960,720,0.6912,1.3333,0.3646,0.2038,33.0997,0.4357,0.4502
test_2894.jpg,960,720,0.6912,1.3333,0.4197,0.1927,260.6671,0.3704,0.522
test_2895.jpg,720,960,0.6912,0.75,0.5313,0.2375,32.4575,0.1142,0.557
test_2896.jpg,1280,720,0.9216,1.7778,0.4724,0.2041,126.3317,0.2284,0.5299
test_2897.jpg,720,960,0.6912,0.75,0.546,0.2319,28.3461,0.2071,0.5887
test_2898.jpg,720,960,0.6912,0.75,0.5222,0.2332,58.7944,0.1729,0.5513
test_2899.jpg,720,960,0.6912,0.75,0.4314,0.1386,22.1655,0.3409,0.5266
test_2900.jpg,720,960,0.6912,0.75,0.5853,0.1812,10.3746,0.161,0.6288
test_2901.jpg,720,809,0.5825,0.89,0.5098,0.2162,31.9218,0.1423,0.5385
test_2902.jpg,720,960,0.6912,0.75,0.2638,0.1565,13.7879,0.7378,0.4288
test_2903.jpg,960,720,0.6912,1.3333,0.5767,0.1875,32.9552,0.1326,0.6072
test_2904.jpg,720,960,0.6912,0.75,0.4021,0.2131,288.8282,0.2064,0.4521
test_2905.jpg,720,720,0.5184,1.0,0.2953,0.2272,28.2076,0.3103,0.3374
test_2906.jpg,720,960,0.6912,0.75,0.5336,0.2867,17.4311,0.1347,0.5672
test_2907.jpg,720,960,0.6912,0.75,0.5713,0.3495,26.3812,0.1443,0.5915
test_2908.jpg,720,960,0.6912,0.75,0.2898,0.2133,243.1346,0.5894,0.4982
test_2909.jpg,720,960,0.6912,0.75,0.4695,0.2279,10.9375,0.2326,0.5341
test_2910.jpg,720,960,0.6912,0.75,0.463,0.1875,37.155,0.3371,0.5531
test_2911.jpg,720,960,0.6912,0.75,0.4977,0.2297,70.5447,0.1935,0.5311
test_2912.jpg,720,960,0.6912,0.75,0.4914,0.2498,74.91,0.253,0.5381
test_2913.jpg,720,930,0.6696,0.7742,0.4006,0.1672,190.9153,0.2721,0.4859
test_2914.jpg,720,840,0.6048,0.8571,0.4642,0.2023,209.8263,0.3305,0.562
test_2915.jpg,960,720,0.6912,1.3333,0.546,0.2346,34.3448,0.2424,0.5912
test_2916.jpg,960,720,0.6912,1.3333,0.3998,0.229,358.4883,0.2808,0.4592
test_2917.jpg,720,960,0.6912,0.75,0.4155,0.197,163.1608,0.2295,0.4577
test_2918.jpg,720,960,0.6912,0.75,0.4705,0.2233,60.7654,0.1431,0.4893
test_2919.jpg,821,720,0.5911,1.1403,0.3189,0.1784,237.4579,0.2407,0.3654
test_2920.jpg,960,720,0.6912,1.3333,0.4135,0.263,67.0128,0.4448,0.4558
test_2921.jpg,960,720,0.6912,1.3333,0.4744,0.2547,204.3142,0.2088,0.5243
test_2922.jpg,720,960,0.6912,0.75,0.5346,0.1987,109.0176,0.1463,0.5598
test_2923.jpg,720,720,0.5184,1.0,0.4139,0.2584,31.2885,0.2621,0.48
test_2924.jpg,720,960,0.6912,0.75,0.4289,0.1801,217.0177,0.203,0.4836
test_2925.jpg,720,960,0.6912,0.75,0.5039,0.265,37.7202,0.2636,0.5575
test_2926.jpg,720,960,0.6912,0.75,0.4789,0.2128,221.543,0.1396,0.5129
test_2927.jpg,1279,720,0.9209,1.7764,0.5502,0.1094,23.1644,0.1557,0.5931
test_2928.jpg,720,960,0.6912,0.75,0.4586,0.2568,195.2329,0.1344,0.487
test_2929.jpg,720,960,0.6912,0.75,0.5002,0.2144,21.7325,0.1132,0.5249
test_2930.jpg,960,720,0.6912,1.3333,0.5273,0.2657,167.9442,0.0968,0.5459
test_2931.jpg,896,720,0.6451,1.2444,0.2357,0.2207,6.0406,0.2801,0.2771
test_2932.jpg,720,960,0.6912,0.75,0.5012,0.1948,178.6251,0.1919,0.5633
test_2933.jpg,720,960,0.6912,0.75,0.5407,0.2498,45.1415,0.3511,0.6196
test_2934.jpg,720,960,0.6912,0.75,0.6213,0.2216,22.8761,0.1752,0.6776
test_2935.jpg,720,1280,0.9216,0.5625,0.5916,0.1521,248.7972,0.08,0.6186
test_2936.jpg,960,720,0.6912,1.3333,0.4694,0.3096,17.032,0.0998,0.4866
test_2937.jpg,720,893,0.643,0.8063,0.4942,0.2027,226.3052,0.1454,0.5496
test_2938.jpg,720,960,0.6912,0.75,0.542,0.1978,22.1286,0.2489,0.6153
test_2939.jpg,960,720,0.6912,1.3333,0.5542,0.2088,207.3077,0.319,0.659
test_2940.jpg,960,720,0.6912,1.3333,0.3115,0.2073,12.8326,0.1841,0.3488
test_2941.jpg,960,720,0.6912,1.3333,0.4714,0.1642,341.2503,0.2107,0.5329
test_2942.jpg,720,1280,0.9216,0.5625,0.5788,0.1897,189.3229,0.2136,0.6368
test_2943.jpg,720,960,0.6912,0.75,0.4596,0.2307,38.3579,0.2995,0.5222
test_2944.jpg,720,900,0.648,0.8,0.2579,0.1811,20.5963,0.4572,0.3241
test_2945.jpg,960,720,0.6912,1.3333,0.5078,0.2444,100.4321,0.3252,0.5573
test_2946.jpg,720,960,0.6912,0.75,0.4568,0.2657,25.927,0.3889,0.5171
test_2947.jpg,720,751,0.5407,0.9587,0.5411,0.1823,45.3179,0.3746,0.6321
test_2948.jpg,960,720,0.6912,1.3333,0.434,0.2568,266.6292,0.2656,0.5007
test_2949.jpg,1320,720,0.9504,1.8333,0.478,0.2728,95.9849,0.2433,0.5303
test_2950.jpg,720,960,0.6912,0.75,0.5474,0.2737,318.5999,0.1275,0.5728
test_2951.jpg,720,960,0.6912,0.75,0.4589,0.2339,34.2561,0.2885,0.5176
test_2952.jpg,720,1279,0.9209,0.5629,0.3674,0.2184,7.6401,0.2394,0.4197
test_2953.jpg,720,959,0.6905,0.7508,0.4547,0.2641,30.5061,0.1811,0.4938
test_2954.jpg,720,960,0.6912,0.75,0.5285,0.149,44.2247,0.1996,0.5736
test_2955.jpg,960,720,0.6912,1.3333,0.4295,0.2538,204.2729,0.1166,0.444
test_2956.jpg,720,960,0.6912,0.75,0.503,0.2319,227.1077,0.1861,0.5561
test_2957.jpg,720,960,0.6912,0.75,0.4419,0.2212,27.7656,0.2545,0.4953
test_2958.jpg,720,960,0.6912,0.75,0.5074,0.2521,253.9008,0.108,0.5429
test_2959.jpg,720,960,0.6912,0.75,0.3994,0.2135,320.9681,0.256,0.4827
test_2960.jpg,720,960,0.6912,0.75,0.4495,0.2137,33.506,0.1984,0.4819
test_2961.jpg,720,960,0.6912,0.75,0.5904,0.2263,45.1339,0.2338,0.6285
test_2962.jpg,720,960,0.6912,0.75,0.4741,0.2272,128.4087,0.1379,0.4922
test_2963.jpg,720,960,0.6912,0.75,0.316,0.2087,20.9444,0.2654,0.3508
test_2964.jpg,720,960,0.6912,0.75,0.5124,0.2144,16.3999,0.3973,0.6401
test_2965.jpg,720,960,0.6912,0.75,0.5103,0.2417,39.1357,0.2562,0.5453
test_2966.jpg,720,960,0.6912,0.75,0.5821,0.1653,158.4476,0.2641,0.6545
test_2967.jpg,720,960,0.6912,0.75,0.4301,0.2474,71.4148,0.2905,0.4663
test_2968.jpg,720,1280,0.9216,0.5625,0.5081,0.2128,32.5315,0.3393,0.591
test_2969.jpg,720,960,0.6912,0.75,0.5392,0.2158,201.8632,0.159,0.5832
test_2970.jpg,720,960,0.6912,0.75,0.4893,0.2387,43.7298,0.41,0.5749
test_2971.jpg,960,720,0.6912,1.3333,0.3522,0.2344,35.9214,0.1075,0.3703
test_2972.jpg,720,960,0.6912,0.75,0.2385,0.1344,43.8437,0.26,0.2614
test_2973.jpg,720,960,0.6912,0.75,0.2317,0.2197,239.7399,0.5321,0.3629
test_2974.jpg,720,720,0.5184,1.0,0.4084,0.1964,25.2003,0.2932,0.4838
test_2975.jpg,720,960,0.6912,0.75,0.3584,0.2347,59.9868,0.2437,0.3858
test_2976.jpg,720,1279,0.9209,0.5629,0.5531,0.2448,222.6852,0.2237,0.6196
test_2977.jpg,720,960,0.6912,0.75,0.598,0.1444,101.2643,0.1065,0.6233
test_2978.jpg,720,960,0.6912,0.75,0.3104,0.2397,316.836,0.4585,0.4059
test_2979.jpg,720,960,0.6912,0.75,0.4457,0.2359,59.463,0.3364,0.51
test_2980.jpg,720,720,0.5184,1.0,0.4132,0.2844,233.2573,0.2933,0.4772
test_2981.jpg,720,960,0.6912,0.75,0.5849,0.0931,188.8055,0.0652,0.6021
test_2982.jpg,720,960,0.6912,0.75,0.4986,0.1672,207.7461,0.3285,0.6457
test_2983.jpg,720,960,0.6912,0.75,0.5337,0.2152,197.2473,0.2804,0.6219
test_2984.jpg,720,960,0.6912,0.75,0.5104,0.2611,242.5379,0.2199,0.5769
test_2985.jpg,960,720,0.6912,1.3333,0.4335,0.1909,248.8508,0.0833,0.4498
test_2986.jpg,720,960,0.6912,0.75,0.5277,0.1895,286.4808,0.085,0.5514
test_2987.jpg,1304,720,0.9389,1.8111,0.292,0.1643,55.0904,0.2398,0.3348
test_2988.jpg,720,960,0.6912,0.75,0.3799,0.3444,289.9206,0.142,0.3893
test_2989.jpg,720,720,0.5184,1.0,0.3896,0.2552,352.7948,0.1879,0.4264
test_2990.jpg,720,960,0.6912,0.75,0.4636,0.2,30.146,0.3709,0.5544
test_2991.jpg,720,960,0.6912,0.75,0.4495,0.2073,56.096,0.1492,0.4845
test_2992.jpg,720,720,0.5184,1.0,0.4488,0.2084,31.5525,0.2475,0.4974
test_2993.jpg,960,720,0.6912,1.3333,0.4221,0.2095,18.3953,0.3113,0.5015
test_2994.jpg,720,960,0.6912,0.75,0.4502,0.228,27.1329,0.3213,0.5354
test_2995.jpg,960,720,0.6912,1.3333,0.5631,0.2273,31.1571,0.2848,0.6328
test_2996.jpg,720,960,0.6912,0.75,0.5737,0.2536,200.0077,0.2208,0.6393
test_2997.jpg,960,720,0.6912,1.3333,0.4,0.1741,265.7548,0.1306,0.4279
test_2998.jpg,960,720,0.6912,1.3333,0.5656,0.2071,189.1334,0.2359,0.6282
test_2999.jpg,960,720,0.6912,1.3333,0.4469,0.2252,182.7079,0.1501,0.4786
test_3000.jpg,720,960,0.6912,0.75,0.5135,0.2259,213.9831,0.1119,0.5468
test_3001.jpg,720,960,0.6912,0.75,0.2358,0.2252,312.0674,0.3483,0.267
test_3002.jpg,720,1280,0.9216,0.5625,0.5636,0.1499,45.9434,0.2408,0.6169
test_3003.jpg,720,960,0.6912,0.75,0.6103,0.1208,17.993,0.0489,0.6227
test_3004.jpg,720,960,0.6912,0.75,0.5822,0.2705,21.8338,0.2311,0.6366
test_3005.jpg,720,720,0.5184,1.0,0.7338,0.1346,28.7345,0.1245,0.7716
test_3006.jpg,720,960,0.6912,0.75,0.551,0.2526,305.5192,0.151,0.5944
test_3007.jpg,720,960,0.6912,0.75,0.4453,0.2272,351.292,0.1244,0.4784
test_3008.jpg,720,960,0.6912,0.75,0.6528,0.2325,343.918,0.1293,0.6943
test_3009.jpg,960,720,0.6912,1.3333,0.4564,0.1786,152.7931,0.1246,0.4802
test_3010.jpg,720,960,0.6912,0.75,0.4194,0.2304,103.5886,0.3043,0.4722
test_3011.jpg,720,960,0.6912,0.75,0.4446,0.2176,211.1867,0.155,0.4743
test_3012.jpg,720,960,0.6912,0.75,0.5029,0.2071,118.2351,0.1273,0.5315
test_3013.jpg,720,960,0.6912,0.75,0.4668,0.2258,37.5565,0.4519,0.5536
test_3014.jpg,720,960,0.6912,0.75,0.5216,0.255,231.8575,0.1421,0.5617
test_3015.jpg,720,960,0.6912,0.75,0.6225,0.1588,44.3209,0.0641,0.6312
test_3016.jpg,720,960,0.6912,0.75,0.546,0.1807,181.7715,0.0853,0.5644
test_3017.jpg,720,720,0.5184,1.0,0.6253,0.2828,346.7824,0.2192,0.6913
test_3018.jpg,720,960,0.6912,0.75,0.5986,0.2379,113.3779,0.191,0.6463
test_3019.jpg,720,960,0.6912,0.75,0.5472,0.2375,18.9943,0.2261,0.6057
test_3020.jpg,720,960,0.6912,0.75,0.5075,0.1441,69.7397,0.1173,0.5423
test_3021.jpg,720,1053,0.7582,0.6838,0.2974,0.1103,213.2345,0.148,0.3226
test_3022.jpg,720,960,0.6912,0.75,0.5115,0.2563,211.6854,0.1863,0.5581
test_3023.jpg,720,960,0.6912,0.75,0.4469,0.2234,27.5292,0.3731,0.5197
test_3024.jpg,720,1279,0.9209,0.5629,0.5008,0.2217,12.19,0.5082,0.6694
test_3025.jpg,720,960,0.6912,0.75,0.4285,0.1872,7.9518,0.2511,0.4884
test_3026.jpg,720,1280,0.9216,0.5625,0.5721,0.3044,196.224,0.1514,0.6044
test_3027.jpg,720,960,0.6912,0.75,0.5519,0.2195,250.1286,0.1087,0.5806
test_3028.jpg,720,960,0.6912,0.75,0.4342,0.1791,206.06,0.175,0.4736
test_3029.jpg,960,720,0.6912,1.3333,0.574,0.1946,31.5669,0.1165,0.6004
test_3030.jpg,960,720,0.6912,1.3333,0.1767,0.1318,2.4261,0.398,0.2223
test_3031.jpg,720,960,0.6912,0.75,0.4783,0.214,20.8857,0.3593,0.5661
test_3032.jpg,720,1560,1.1232,0.4615,0.3914,0.2848,22.1548,0.2319,0.4365
test_3033.jpg,720,960,0.6912,0.75,0.4061,0.2753,41.4545,0.2741,0.4611
test_3034.jpg,960,720,0.6912,1.3333,0.4865,0.2476,195.2517,0.1983,0.5513
test_3035.jpg,960,720,0.6912,1.3333,0.4461,0.2527,63.326,0.1465,0.4781
test_3036.jpg,720,720,0.5184,1.0,0.6984,0.1912,227.5552,0.1299,0.7662
test_3037.jpg,960,720,0.6912,1.3333,0.4998,0.2486,331.1604,0.1423,0.5348
test_3038.jpg,960,720,0.6912,1.3333,0.5576,0.1164,29.9888,0.1251,0.5855
test_3039.jpg,720,960,0.6912,0.75,0.4066,0.2324,214.2781,0.3773,0.5301
test_3040.jpg,720,960,0.6912,0.75,0.4677,0.1919,17.5043,0.2495,0.5347
test_3041.jpg,960,720,0.6912,1.3333,0.4146,0.1984,28.656,0.3782,0.4935
test_3042.jpg,960,720,0.6912,1.3333,0.4912,0.2403,32.5178,0.1804,0.5257
test_3043.jpg,720,960,0.6912,0.75,0.4427,0.2291,5.9174,0.2021,0.4866
test_3044.jpg,720,960,0.6912,0.75,0.5867,0.1877,55.3329,0.0863,0.5967
test_3045.jpg,720,960,0.6912,0.75,0.4335,0.1916,32.8989,0.127,0.4588
test_3046.jpg,720,960,0.6912,0.75,0.5039,0.3151,171.6937,0.1594,0.5291
test_3047.jpg,720,960,0.6912,0.75,0.4179,0.3134,203.8513,0.1851,0.446
test_3048.jpg,720,955,0.6876,0.7539,0.3402,0.1806,208.3748,0.2336,0.3845
test_3049.jpg,720,960,0.6912,0.75,0.5885,0.2154,43.3698,0.0878,0.6032
test_3050.jpg,720,960,0.6912,0.75,0.153,0.1569,83.0816,0.4004,0.1775
test_3051.jpg,720,960,0.6912,0.75,0.3954,0.1953,120.7203,0.2756,0.444
test_3052.jpg,720,960,0.6912,0.75,0.4198,0.1937,210.9231,0.2929,0.5234
test_3053.jpg,720,960,0.6912,0.75,0.4096,0.2376,244.9644,0.3135,0.4978
test_3054.jpg,720,960,0.6912,0.75,0.5815,0.2308,194.3877,0.1432,0.6154
test_3055.jpg,720,960,0.6912,0.75,0.4324,0.1859,28.0303,0.266,0.4939
test_3056.jpg,720,960,0.6912,0.75,0.512,0.224,219.8351,0.1369,0.5563
test_3057.jpg,720,960,0.6912,0.75,0.2236,0.1664,352.0674,0.252,0.2669
test_3058.jpg,960,720,0.6912,1.3333,0.5395,0.2957,18.1126,0.1476,0.571
test_3059.jpg,960,720,0.6912,1.3333,0.4809,0.2312,223.9894,0.1962,0.52
test_3060.jpg,720,960,0.6912,0.75,0.4584,0.2228,86.0434,0.2109,0.4942
test_3061.jpg,720,781,0.5623,0.9219,0.5525,0.239,212.6224,0.1407,0.5986
test_3062.jpg,720,960,0.6912,0.75,0.3815,0.3537,243.1027,0.2185,0.4275
test_3063.jpg,960,720,0.6912,1.3333,0.498,0.2254,349.5952,0.1666,0.5378
test_3064.jpg,720,960,0.6912,0.75,0.6367,0.2466,14.8263,0.1499,0.6741
test_3065.jpg,1279,720,0.9209,1.7764,0.4352,0.2506,275.8765,0.1322,0.4684
test_3066.jpg,720,1558,1.1218,0.4621,0.4586,0.2334,19.6232,0.3397,0.5381
test_3067.jpg,960,720,0.6912,1.3333,0.4944,0.1679,34.9497,0.177,0.5324
test_3068.jpg,720,1279,0.9209,0.5629,0.3087,0.1857,24.9498,0.1178,0.3236
test_3069.jpg,720,960,0.6912,0.75,0.5359,0.1333,57.151,0.3052,0.614
test_3070.jpg,720,960,0.6912,0.75,0.4079,0.2221,75.5269,0.207,0.4352
test_3071.jpg,960,720,0.6912,1.3333,0.4913,0.27,105.9835,0.174,0.5162
test_3072.jpg,720,960,0.6912,0.75,0.4145,0.2391,262.7478,0.2406,0.4598
test_3073.jpg,960,720,0.6912,1.3333,0.4167,0.1908,27.5108,0.3212,0.5111
test_3074.jpg,1151,720,0.8287,1.5986,0.4207,0.2194,67.1791,0.167,0.4498
test_3075.jpg,720,960,0.6912,0.75,0.547,0.2186,42.3657,0.1977,0.5879
test_3076.jpg,720,960,0.6912,0.75,0.5419,0.2372,42.7632,0.1118,0.5586
test_3077.jpg,720,960,0.6912,0.75,0.4909,0.2613,53.5652,0.1583,0.5277
test_3078.jpg,720,960,0.6912,0.75,0.5247,0.174,40.5555,0.1925,0.5671
test_3079.jpg,720,960,0.6912,0.75,0.5714,0.1157,103.4733,0.2198,0.6162
test_3080.jpg,720,1279,0.9209,0.5629,0.4705,0.2152,25.2079,0.3274,0.5457
test_3081.jpg,1080,720,0.7776,1.5,0.3456,0.2706,234.7471,0.3104,0.4259
test_3082.jpg,720,960,0.6912,0.75,0.4252,0.2364,349.5362,0.3012,0.5048
test_3083.jpg,720,960,0.6912,0.75,0.4904,0.2269,237.0558,0.34,0.6396
test_3084.jpg,720,960,0.6912,0.75,0.5451,0.2408,206.741,0.1902,0.6045
test_3085.jpg,720,960,0.6912,0.75,0.542,0.135,37.915,0.3095,0.6233
test_3086.jpg,720,960,0.6912,0.75,0.4935,0.2498,21.9466,0.1753,0.5357
test_3087.jpg,960,720,0.6912,1.3333,0.5188,0.2398,194.7871,0.1886,0.5776
test_3088.jpg,720,960,0.6912,0.75,0.3961,0.2222,161.367,0.1967,0.4237
test_3089.jpg,720,960,0.6912,0.75,0.4531,0.2382,212.1447,0.2505,0.5344
test_3090.jpg,720,960,0.6912,0.75,0.5926,0.2255,33.2363,0.2545,0.6463
test_3091.jpg,720,960,0.6912,0.75,0.5484,0.1909,23.0042,0.1622,0.5907
test_3092.jpg,720,1051,0.7567,0.6851,0.2215,0.1699,13.0525,0.5379,0.2927
test_3093.jpg,960,720,0.6912,1.3333,0.4281,0.2173,142.8162,0.1112,0.4489
test_3094.jpg,720,960,0.6912,0.75,0.5136,0.1852,39.4387,0.2186,0.5456
test_3095.jpg,960,720,0.6912,1.3333,0.6113,0.15,27.5646,0.2042,0.6697
test_3096.jpg,720,960,0.6912,0.75,0.4527,0.2718,213.961,0.132,0.4852
test_3097.jpg,720,960,0.6912,0.75,0.4068,0.2356,26.3927,0.1525,0.4326
test_3098.jpg,720,720,0.5184,1.0,0.6187,0.2504,242.0002,0.0677,0.6313
test_3099.jpg,720,960,0.6912,0.75,0.545,0.2507,211.2592,0.1213,0.5863
test_3100.jpg,720,960,0.6912,0.75,0.6326,0.1546,7.5876,0.3229,0.7386
test_3101.jpg,720,960,0.6912,0.75,0.5085,0.2178,34.4572,0.1399,0.5339
test_3102.jpg,1599,720,1.1513,2.2208,0.6468,0.1569,226.5164,0.1184,0.6998
test_3103.jpg,720,960,0.6912,0.75,0.3586,0.2049,168.3035,0.1883,0.3838
test_3104.jpg,720,960,0.6912,0.75,0.1409,0.1716,251.9622,0.4032,0.1943
test_3105.jpg,720,960,0.6912,0.75,0.4012,0.3138,284.4219,0.3473,0.4799
test_3106.jpg,960,720,0.6912,1.3333,0.3997,0.2314,21.7171,0.4401,0.4853
test_3107.jpg,720,1279,0.9209,0.5629,0.4248,0.2381,207.3285,0.1428,0.457
test_3108.jpg,720,1279,0.9209,0.5629,0.4066,0.237,348.5221,0.259,0.4667
test_3109.jpg,960,720,0.6912,1.3333,0.4692,0.214,157.0818,0.1875,0.5007
test_3110.jpg,960,720,0.6912,1.3333,0.4544,0.1883,18.3471,0.4098,0.5969
test_3111.jpg,720,960,0.6912,0.75,0.4926,0.2526,69.2911,0.3327,0.565
test_3112.jpg,720,959,0.6905,0.7508,0.4453,0.236,350.3021,0.3089,0.5334
test_3113.jpg,720,720,0.5184,1.0,0.5603,0.2193,228.0436,0.2771,0.6654
test_3114.jpg,720,960,0.6912,0.75,0.683,0.2348,211.4031,0.1661,0.7294
test_3115.jpg,960,720,0.6912,1.3333,0.4825,0.2359,91.2912,0.2326,0.5261
test_3116.jpg,720,960,0.6912,0.75,0.5367,0.174,34.1845,0.1978,0.5735
test_3117.jpg,720,960,0.6912,0.75,0.5392,0.224,21.6133,0.1859,0.592
test_3118.jpg,720,960,0.6912,0.75,0.4748,0.2151,137.3696,0.1299,0.4957
test_3119.jpg,1105,720,0.7956,1.5347,0.5302,0.2602,28.2865,0.2362,0.598
test_3120.jpg,720,960,0.6912,0.75,0.3455,0.2946,70.6829,0.1737,0.3704
test_3121.jpg,720,1558,1.1218,0.4621,0.4815,0.1878,113.1209,0.1605,0.513
test_3122.jpg,720,960,0.6912,0.75,0.5045,0.2323,205.3212,0.1857,0.5412
test_3123.jpg,720,960,0.6912,0.75,0.4527,0.1877,329.3208,0.176,0.4967
test_3124.jpg,720,960,0.6912,0.75,0.5163,0.2078,24.7441,0.4703,0.6466
test_3125.jpg,960,720,0.6912,1.3333,0.471,0.167,26.6682,0.1662,0.5162
test_3126.jpg,960,720,0.6912,1.3333,0.429,0.2911,347.5415,0.3025,0.5062
test_3127.jpg,720,960,0.6912,0.75,0.5956,0.201,36.612,0.2528,0.6465
test_3128.jpg,720,960,0.6912,0.75,0.5263,0.2348,319.8617,0.2286,0.6062
test_3129.jpg,720,960,0.6912,0.75,0.4627,0.1937,40.1836,0.186,0.4905
test_3130.jpg,720,960,0.6912,0.75,0.6305,0.2085,229.4044,0.1155,0.6706
test_3131.jpg,720,960,0.6912,0.75,0.5925,0.1982,30.6774,0.2602,0.6673
test_3132.jpg,720,960,0.6912,0.75,0.4976,0.2426,205.9584,0.1308,0.5262
test_3133.jpg,720,960,0.6912,0.75,0.4784,0.2185,24.8472,0.1804,0.513
test_3134.jpg,720,960,0.6912,0.75,0.3422,0.2086,17.9435,0.6432,0.5076
test_3135.jpg,720,961,0.6919,0.7492,0.4499,0.2477,169.1421,0.1651,0.479
test_3136.jpg,960,720,0.6912,1.3333,0.4728,0.2418,24.8837,0.3181,0.546
test_3137.jpg,960,720,0.6912,1.3333,0.4047,0.1602,346.2241,0.4153,0.5616
test_3138.jpg,720,720,0.5184,1.0,0.6178,0.2079,33.9622,0.1199,0.6457
test_3139.jpg,960,720,0.6912,1.3333,0.3535,0.201,44.3008,0.2675,0.3888
test_3140.jpg,720,960,0.6912,0.75,0.399,0.252,232.5871,0.2588,0.4617
test_3141.jpg,960,720,0.6912,1.3333,0.5142,0.1953,31.8845,0.1125,0.5389
test_3142.jpg,720,960,0.6912,0.75,0.524,0.2222,185.4519,0.1181,0.5472
test_3143.jpg,720,960,0.6912,0.75,0.7024,0.2384,152.4104,0.0979,0.727
test_3144.jpg,720,960,0.6912,0.75,0.5822,0.1941,20.2068,0.2362,0.6489
test_3145.jpg,960,720,0.6912,1.3333,0.3884,0.2434,54.9433,0.3051,0.4201
test_3146.jpg,720,960,0.6912,0.75,0.4867,0.214,28.1017,0.1129,0.5172
test_3147.jpg,720,889,0.6401,0.8099,0.4402,0.3253,27.5834,0.2767,0.4888
test_3148.jpg,720,960,0.6912,0.75,0.3481,0.2101,43.2281,0.2831,0.3796
test_3149.jpg,720,960,0.6912,0.75,0.5066,0.2092,67.9786,0.1871,0.5418
test_3150.jpg,720,960,0.6912,0.75,0.4985,0.1995,27.4456,0.2677,0.5635
test_3151.jpg,720,960,0.6912,0.75,0.553,0.2502,13.9753,0.2204,0.604
test_3152.jpg,720,960,0.6912,0.75,0.4743,0.1988,171.6822,0.19,0.5273
test_3153.jpg,720,1279,0.9209,0.5629,0.3059,0.1501,345.8532,0.2041,0.3443
test_3154.jpg,960,720,0.6912,1.3333,0.3593,0.2104,39.6023,0.4035,0.437
test_3155.jpg,960,720,0.6912,1.3333,0.6052,0.2394,1.8011,0.0484,0.6179
test_3156.jpg,960,720,0.6912,1.3333,0.3971,0.2271,21.7124,0.1956,0.4383
test_3157.jpg,960,720,0.6912,1.3333,0.5368,0.2002,213.6093,0.3303,0.6591
test_3158.jpg,720,960,0.6912,0.75,0.5476,0.275,31.162,0.2885,0.5947
test_3159.jpg,720,960,0.6912,0.75,0.5376,0.1965,224.1675,0.1498,0.5753
test_3160.jpg,720,960,0.6912,0.75,0.5877,0.1917,28.8717,0.2055,0.6386
test_3161.jpg,720,960,0.6912,0.75,0.4228,0.1916,187.8698,0.1575,0.459
test_3162.jpg,720,960,0.6912,0.75,0.4943,0.2816,210.3802,0.1037,0.5083
test_3163.jpg,720,960,0.6912,0.75,0.5735,0.1383,36.729,0.1282,0.6014
test_3164.jpg,720,960,0.6912,0.75,0.6033,0.1601,28.5426,0.0742,0.6153
test_3165.jpg,720,960,0.6912,0.75,0.4484,0.175,216.4115,0.2805,0.5361
test_3166.jpg,720,960,0.6912,0.75,0.5477,0.2432,349.8134,0.2106,0.6077
test_3167.jpg,720,960,0.6912,0.75,0.5905,0.1031,23.6351,0.2346,0.663
test_3168.jpg,960,720,0.6912,1.3333,0.5557,0.1733,38.1862,0.1474,0.5922
test_3169.jpg,960,720,0.6912,1.3333,0.401,0.2544,175.8671,0.1369,0.4289
test_3170.jpg,720,960,0.6912,0.75,0.4794,0.2236,224.7124,0.1671,0.5278
test_3171.jpg,720,960,0.6912,0.75,0.4308,0.1796,20.9611,0.1383,0.4599
test_3172.jpg,720,960,0.6912,0.75,0.4587,0.2467,43.3129,0.1777,0.4845
test_3173.jpg,720,960,0.6912,0.75,0.5368,0.1955,47.4309,0.5777,0.6192
test_3174.jpg,960,720,0.6912,1.3333,0.5175,0.2369,23.7539,0.0892,0.5381
test_3175.jpg,720,960,0.6912,0.75,0.4187,0.1865,116.3259,0.1674,0.4553
test_3176.jpg,720,960,0.6912,0.75,0.3966,0.2784,297.5161,0.1205,0.4175
test_3177.jpg,720,960,0.6912,0.75,0.2637,0.2206,15.6598,0.1858,0.2923
test_3178.jpg,720,960,0.6912,0.75,0.4433,0.2765,49.3751,0.2121,0.4798
test_3179.jpg,1280,720,0.9216,1.7778,0.3253,0.1714,47.4814,0.3152,0.38
test_3180.jpg,960,720,0.6912,1.3333,0.5093,0.2166,29.6462,0.1806,0.542
test_3181.jpg,720,960,0.6912,0.75,0.5567,0.1616,53.7473,0.1185,0.5761
test_3182.jpg,2474,720,1.7813,3.4361,0.4216,0.1534,45.6068,0.2255,0.4787
test_3183.jpg,720,960,0.6912,0.75,0.5632,0.1726,221.7456,0.1906,0.6295
test_3184.jpg,960,720,0.6912,1.3333,0.4487,0.2119,142.8834,0.2685,0.5027
test_3185.jpg,720,960,0.6912,0.75,0.2901,0.2245,21.2154,0.2734,0.322
test_3186.jpg,720,960,0.6912,0.75,0.5021,0.2416,150.2796,0.2479,0.5449
test_3187.jpg,960,720,0.6912,1.3333,0.434,0.1654,203.9464,0.2809,0.5241
test_3188.jpg,720,1279,0.9209,0.5629,0.4708,0.1932,98.6577,0.2261,0.5075
test_3189.jpg,720,960,0.6912,0.75,0.5476,0.1784,31.0835,0.3549,0.6225
test_3190.jpg,720,960,0.6912,0.75,0.3787,0.2935,255.8993,0.1432,0.3981
test_3191.jpg,720,960,0.6912,0.75,0.3563,0.2055,321.5535,0.286,0.4468
test_3192.jpg,720,960,0.6912,0.75,0.4376,0.2529,46.7138,0.2783,0.489
test_3193.jpg,960,720,0.6912,1.3333,0.6467,0.1772,31.4371,0.1419,0.6911
test_3194.jpg,1280,720,0.9216,1.7778,0.5587,0.1984,21.6344,0.169,0.6081
test_3195.jpg,960,720,0.6912,1.3333,0.4391,0.2421,210.7553,0.2987,0.5244
test_3196.jpg,960,720,0.6912,1.3333,0.4585,0.2013,31.6896,0.1667,0.4957
test_3197.jpg,720,960,0.6912,0.75,0.6364,0.181,356.0256,0.1063,0.6629
test_3198.jpg,720,960,0.6912,0.75,0.6238,0.1514,78.502,0.0963,0.6426
test_3199.jpg,1080,720,0.7776,1.5,0.4533,0.2118,189.8633,0.1527,0.495
test_3200.jpg,720,960,0.6912,0.75,0.6415,0.1707,212.102,0.056,0.6543
test_3201.jpg,720,960,0.6912,0.75,0.4715,0.2432,186.3014,0.1881,0.5105
test_3202.jpg,720,960,0.6912,0.75,0.5199,0.3083,25.8084,0.1313,0.5449
test_3203.jpg,720,960,0.6912,0.75,0.6448,0.2173,28.0512,0.2255,0.7109
test_3204.jpg,720,960,0.6912,0.75,0.5792,0.2414,35.8555,0.13,0.5984
test_3205.jpg,960,720,0.6912,1.3333,0.4527,0.2361,218.0228,0.166,0.5049
test_3206.jpg,1080,720,0.7776,1.5,0.7667,0.2442,254.4933,0.1922,0.8818
test_3207.jpg,720,960,0.6912,0.75,0.4872,0.2016,128.4466,0.1171,0.5086
test_3208.jpg,720,960,0.6912,0.75,0.4843,0.2372,57.4754,0.2177,0.5329
test_3209.jpg,720,960,0.6912,0.75,0.3242,0.2613,275.5609,0.3751,0.4046
test_3210.jpg,720,960,0.6912,0.75,0.4137,0.2222,41.2452,0.2321,0.4487
test_3211.jpg,720,960,0.6912,0.75,0.5373,0.219,196.1823,0.0944,0.5595
test_3212.jpg,960,720,0.6912,1.3333,0.6193,0.174,241.495,0.2396,0.6949
test_3213.jpg,960,720,0.6912,1.3333,0.4412,0.1692,341.0706,0.294,0.5399
test_3214.jpg,720,960,0.6912,0.75,0.4637,0.1766,29.0057,0.3937,0.562
test_3215.jpg,1200,720,0.864,1.6667,0.5131,0.2389,231.3086,0.1382,0.552
test_3216.jpg,720,960,0.6912,0.75,0.5275,0.2413,35.5627,0.1841,0.5688
test_3217.jpg,720,960,0.6912,0.75,0.4641,0.2507,125.4573,0.3013,0.5054
test_3218.jpg,720,960,0.6912,0.75,0.5167,0.1651,329.742,0.2426,0.6115
test_3219.jpg,720,960,0.6912,0.75,0.3551,0.1888,48.258,0.2691,0.4022
test_3220.jpg,720,960,0.6912,0.75,0.3702,0.2023,233.0146,0.3153,0.4822
test_3221.jpg,1113,720,0.8014,1.5458,0.5416,0.2241,52.044,0.0673,0.5573
test_3222.jpg,720,960,0.6912,0.75,0.5839,0.1791,254.8974,0.0924,0.6073
test_3223.jpg,960,720,0.6912,1.3333,0.6502,0.1742,28.7796,0.0704,0.6614
test_3224.jpg,720,960,0.6912,0.75,0.2034,0.1711,18.3695,0.1635,0.2162
test_3225.jpg,960,720,0.6912,1.3333,0.5231,0.2612,175.9363,0.1277,0.5498
test_3226.jpg,720,960,0.6912,0.75,0.492,0.1916,8.9447,0.1817,0.5493
test_3227.jpg,960,720,0.6912,1.3333,0.4634,0.2639,85.0675,0.209,0.5005
test_3228.jpg,720,960,0.6912,0.75,0.4926,0.2281,14.799,0.3643,0.5903
test_3229.jpg,720,960,0.6912,0.75,0.2756,0.2025,241.0388,0.5558,0.4695
test_3230.jpg,720,960,0.6912,0.75,0.4979,0.2238,193.7412,0.2039,0.545
test_3231.jpg,960,720,0.6912,1.3333,0.4313,0.3143,5.5378,0.1882,0.4648
test_3232.jpg,720,960,0.6912,0.75,0.6083,0.1709,36.3687,0.2333,0.6597
test_3233.jpg,720,960,0.6912,0.75,0.4578,0.2361,134.8914,0.2084,0.4929
test_3234.jpg,720,960,0.6912,0.75,0.3436,0.2534,61.4564,0.2663,0.3777
test_3235.jpg,720,960,0.6912,0.75,0.4394,0.3405,215.0517,0.2418,0.4641
test_3236.jpg,1558,720,1.1218,2.1639,0.5186,0.2208,228.1378,0.1312,0.5532
test_3237.jpg,720,960,0.6912,0.75,0.4624,0.2749,22.6473,0.2719,0.517
test_3238.jpg,1559,720,1.1225,2.1653,0.5381,0.1776,51.0478,0.1044,0.5594
test_3239.jpg,720,960,0.6912,0.75,0.5053,0.2591,347.4788,0.2081,0.5587
test_3240.jpg,720,960,0.6912,0.75,0.4059,0.2358,61.0123,0.2913,0.4529
test_3241.jpg,720,960,0.6912,0.75,0.55,0.2438,202.1578,0.0707,0.5655
test_3242.jpg,720,960,0.6912,0.75,0.4482,0.2167,217.7666,0.3077,0.5367
test_3243.jpg,720,960,0.6912,0.75,0.3812,0.1513,11.8936,0.2361,0.4305
test_3244.jpg,720,960,0.6912,0.75,0.3875,0.249,271.976,0.3563,0.5016
test_3245.jpg,720,960,0.6912,0.75,0.5796,0.1644,43.4777,0.0732,0.5945
test_3246.jpg,720,960,0.6912,0.75,0.4139,0.2252,26.7322,0.3482,0.4989
test_3247.jpg,960,720,0.6912,1.3333,0.4794,0.2404,220.1329,0.2166,0.5516
test_3248.jpg,720,720,0.5184,1.0,0.5016,0.2867,1.5296,0.205,0.5622
test_3249.jpg,720,960,0.6912,0.75,0.4336,0.215,348.8281,0.2227,0.5132
test_3250.jpg,720,960,0.6912,0.75,0.4231,0.1954,17.8367,0.4244,0.5333
test_3251.jpg,720,960,0.6912,0.75,0.4722,0.1675,37.8692,0.2857,0.5366
test_3252.jpg,720,960,0.6912,0.75,0.5411,0.2111,285.0201,0.085,0.5623
test_3253.jpg,720,960,0.6912,0.75,0.6139,0.2762,235.4525,0.1615,0.6678
test_3254.jpg,960,720,0.6912,1.3333,0.4431,0.2142,344.8134,0.169,0.4827
test_3255.jpg,720,960,0.6912,0.75,0.4388,0.2047,21.2489,0.1495,0.4696
test_3256.jpg,720,720,0.5184,1.0,0.5791,0.2334,324.6791,0.1285,0.6171
test_3257.jpg,960,720,0.6912,1.3333,0.4454,0.2144,314.7708,0.1189,0.4718
test_3258.jpg,1280,720,0.9216,1.7778,0.4218,0.1991,53.7178,0.2604,0.4735
test_3259.jpg,720,960,0.6912,0.75,0.5368,0.2351,33.868,0.1309,0.5596
test_3260.jpg,960,720,0.6912,1.3333,0.5452,0.2751,19.4371,0.2912,0.6134
test_3261.jpg,720,1080,0.7776,0.6667,0.5492,0.2337,210.0076,0.1574,0.6021
test_3262.jpg,960,720,0.6912,1.3333,0.4111,0.242,265.6125,0.1808,0.4874
test_3263.jpg,720,960,0.6912,0.75,0.5552,0.2435,34.4451,0.2337,0.5988
test_3264.jpg,720,720,0.5184,1.0,0.4196,0.2274,12.6214,0.2721,0.4923
test_3265.jpg,720,960,0.6912,0.75,0.6022,0.2686,230.6623,0.1257,0.6291
test_3266.jpg,1279,720,0.9209,1.7764,0.4317,0.2362,12.1001,0.4111,0.5731
test_3267.jpg,960,720,0.6912,1.3333,0.467,0.2059,33.213,0.1062,0.4887
test_3268.jpg,720,960,0.6912,0.75,0.4335,0.1808,33.1237,0.1585,0.4696
test_3269.jpg,960,720,0.6912,1.3333,0.4056,0.2426,114.2646,0.1842,0.4372
test_3270.jpg,720,960,0.6912,0.75,0.4458,0.2607,30.7033,0.2992,0.5188
test_3271.jpg,720,960,0.6912,0.75,0.5978,0.2488,32.9401,0.1883,0.6324
test_3272.jpg,960,720,0.6912,1.3333,0.3207,0.2816,295.2558,0.2893,0.3671
test_3273.jpg,960,720,0.6912,1.3333,0.5444,0.1814,196.5752,0.2812,0.618
test_3274.jpg,720,960,0.6912,0.75,0.4155,0.1956,218.137,0.1705,0.4539
test_3275.jpg,1213,720,0.8734,1.6847,0.3989,0.2199,234.8132,0.2989,0.4696
test_3276.jpg,1320,720,0.9504,1.8333,0.6105,0.259,209.7242,0.2372,0.6843
test_3277.jpg,720,960,0.6912,0.75,0.5612,0.2567,23.1765,0.2508,0.6141
test_3278.jpg,720,1279,0.9209,0.5629,0.3758,0.1493,275.1392,0.0802,0.3893
test_3279.jpg,720,1559,1.1225,0.4618,0.4452,0.1905,47.3625,0.2131,0.4844
test_3280.jpg,720,960,0.6912,0.75,0.4142,0.2264,36.6923,0.2442,0.4788
test_3281.jpg,720,960,0.6912,0.75,0.4231,0.2125,84.686,0.2168,0.4708
test_3282.jpg,720,960,0.6912,0.75,0.5881,0.1581,120.7711,0.0777,0.6004
test_3283.jpg,720,960,0.6912,0.75,0.4763,0.2297,32.2151,0.4077,0.5628
test_3284.jpg,720,960,0.6912,0.75,0.7608,0.1253,233.3887,0.0351,0.7712
test_3285.jpg,720,960,0.6912,0.75,0.4598,0.1722,347.9062,0.2825,0.549
test_3286.jpg,1279,720,0.9209,1.7764,0.4527,0.1941,56.3983,0.2388,0.4993
test_3287.jpg,720,960,0.6912,0.75,0.4461,0.2446,29.3018,0.5507,0.5821
test_3288.jpg,720,960,0.6912,0.75,0.4111,0.1697,186.5493,0.2024,0.4534
test_3289.jpg,720,961,0.6919,0.7492,0.518,0.2221,224.897,0.2524,0.6145
test_3290.jpg,960,720,0.6912,1.3333,0.5268,0.2603,24.5124,0.3021,0.5948
test_3291.jpg,720,1280,0.9216,0.5625,0.4849,0.1997,30.1058,0.4157,0.5898
test_3292.jpg,720,960,0.6912,0.75,0.6107,0.2044,245.504,0.0731,0.6227
test_3293.jpg,960,720,0.6912,1.3333,0.5164,0.266,354.002,0.2701,0.6145
test_3294.jpg,720,960,0.6912,0.75,0.5636,0.2198,214.4751,0.2342,0.6519
test_3295.jpg,720,960,0.6912,0.75,0.5032,0.1862,207.1608,0.3162,0.6148
test_3296.jpg,720,1080,0.7776,0.6667,0.2878,0.2611,34.2967,0.2564,0.341
test_3297.jpg,960,720,0.6912,1.3333,0.6067,0.1759,33.9741,0.1894,0.6601
test_3298.jpg,720,960,0.6912,0.75,0.5116,0.3005,209.7437,0.2685,0.5757
test_3299.jpg,1279,720,0.9209,1.7764,0.4881,0.2198,45.7036,0.4496,0.5526
test_3300.jpg,720,960,0.6912,0.75,0.3484,0.2297,187.0158,0.2438,0.3874
test_3301.jpg,720,960,0.6912,0.75,0.3575,0.1597,340.2619,0.3382,0.4833
test_3302.jpg,720,960,0.6912,0.75,0.5578,0.1484,250.7657,0.0682,0.5724
test_3303.jpg,720,960,0.6912,0.75,0.4631,0.1719,47.3139,0.1315,0.4841
test_3304.jpg,960,720,0.6912,1.3333,0.5383,0.2166,178.0576,0.1037,0.5558
test_3305.jpg,720,960,0.6912,0.75,0.5276,0.1947,221.3874,0.27,0.6277
test_3306.jpg,720,1560,1.1232,0.4615,0.3063,0.31,132.0211,0.1614,0.3468
test_3307.jpg,960,720,0.6912,1.3333,0.5404,0.1985,36.5781,0.1644,0.5809
test_3308.jpg,720,960,0.6912,0.75,0.4354,0.1958,270.7731,0.275,0.544
test_3309.jpg,720,1279,0.9209,0.5629,0.6522,0.2444,176.6756,0.0763,0.6685
test_3310.jpg,960,720,0.6912,1.3333,0.6073,0.1733,45.6145,0.123,0.6322
test_3311.jpg,720,1279,0.9209,0.5629,0.351,0.2192,221.5569,0.0901,0.3727
test_3312.jpg,720,1280,0.9216,0.5625,0.5083,0.1649,15.9794,0.3665,0.6105
test_3313.jpg,951,720,0.6847,1.3208,0.6511,0.207,25.9062,0.0459,0.6604
test_3314.jpg,1119,720,0.8057,1.5542,0.3616,0.201,246.7123,0.1273,0.3869
test_3315.jpg,1280,720,0.9216,1.7778,0.524,0.2028,144.3205,0.1374,0.5508
test_3316.jpg,720,960,0.6912,0.75,0.3675,0.1756,30.7349,0.3416,0.4179
test_3317.jpg,720,960,0.6912,0.75,0.4513,0.1971,351.3905,0.5092,0.6573
test_3318.jpg,720,960,0.6912,0.75,0.3418,0.2842,162.1945,0.2475,0.3893
test_3319.jpg,720,960,0.6912,0.75,0.5371,0.2177,18.474,0.2535,0.6076
test_3320.jpg,720,960,0.6912,0.75,0.4787,0.2113,152.2943,0.1679,0.5164
test_3321.jpg,960,720,0.6912,1.3333,0.2308,0.1647,22.7241,0.3184,0.2843
test_3322.jpg,720,960,0.6912,0.75,0.5983,0.1654,43.4333,0.1397,0.6216
test_3323.jpg,720,960,0.6912,0.75,0.5439,0.1972,170.2804,0.1177,0.5686
test_3324.jpg,1279,720,0.9209,1.7764,0.4324,0.1878,35.3698,0.2484,0.4834
test_3325.jpg,720,960,0.6912,0.75,0.2917,0.171,17.6157,0.2347,0.3309
test_3326.jpg,960,720,0.6912,1.3333,0.2908,0.238,297.6049,0.3466,0.3472
test_3327.jpg,720,1280,0.9216,0.5625,0.5267,0.2203,55.1216,0.2777,0.6075
test_3328.jpg,720,960,0.6912,0.75,0.4875,0.2145,6.1368,0.357,0.6109
test_3329.jpg,960,720,0.6912,1.3333,0.4453,0.3364,221.3681,0.3149,0.5247
test_3330.jpg,720,1280,0.9216,0.5625,0.5894,0.1848,342.9254,0.1459,0.6528
test_3331.jpg,720,720,0.5184,1.0,0.2876,0.1144,31.0619,0.2891,0.3297
test_3332.jpg,720,960,0.6912,0.75,0.402,0.1878,38.484,0.49,0.4977
test_3333.jpg,720,960,0.6912,0.75,0.5848,0.2502,207.2078,0.1054,0.6211
test_3334.jpg,720,960,0.6912,0.75,0.5546,0.204,37.9278,0.3221,0.6427
test_3335.jpg,720,960,0.6912,0.75,0.5504,0.3138,198.3968,0.3038,0.62
test_3336.jpg,720,960,0.6912,0.75,0.4331,0.2698,108.5697,0.2151,0.4658
test_3337.jpg,720,960,0.6912,0.75,0.4653,0.2454,339.1389,0.2078,0.5393
test_3338.jpg,720,960,0.6912,0.75,0.4311,0.2146,80.6139,0.2712,0.459
test_3339.jpg,720,960,0.6912,0.75,0.4267,0.2043,15.8464,0.2732,0.518
test_3340.jpg,720,960,0.6912,0.75,0.4523,0.189,40.0755,0.1662,0.4751
test_3341.jpg,720,1279,0.9209,0.5629,0.4327,0.2683,274.2707,0.1344,0.4501
test_3342.jpg,720,960,0.6912,0.75,0.3843,0.219,10.0818,0.4689,0.5032
test_3343.jpg,720,960,0.6912,0.75,0.4297,0.1821,135.1597,0.2791,0.5095
test_3344.jpg,720,960,0.6912,0.75,0.499,0.2107,40.427,0.4441,0.5859
test_3345.jpg,720,1080,0.7776,0.6667,0.3561,0.2115,29.796,0.7228,0.4842
test_3346.jpg,720,960,0.6912,0.75,0.4103,0.1981,232.7338,0.222,0.4631
test_3347.jpg,720,960,0.6912,0.75,0.5118,0.2289,36.1749,0.3975,0.5922
test_3348.jpg,720,960,0.6912,0.75,0.4573,0.2205,0.5142,0.4237,0.5617
test_3349.jpg,720,960,0.6912,0.75,0.5362,0.1278,27.1771,0.1778,0.587
test_3350.jpg,720,960,0.6912,0.75,0.4082,0.1937,44.3405,0.1987,0.4498
test_3351.jpg,960,720,0.6912,1.3333,0.4306,0.2186,37.8349,0.252,0.48
test_3352.jpg,720,1280,0.9216,0.5625,0.5147,0.2257,170.0774,0.1513,0.5444
test_3353.jpg,720,1279,0.9209,0.5629,0.5899,0.1206,43.3851,0.2709,0.6495
test_3354.jpg,720,960,0.6912,0.75,0.5015,0.3481,257.2887,0.0822,0.5129
test_3355.jpg,720,1561,1.1239,0.4612,0.2911,0.2924,32.663,0.1889,0.33
test_3356.jpg,720,960,0.6912,0.75,0.4317,0.2411,150.2032,0.2607,0.5036
test_3357.jpg,720,960,0.6912,0.75,0.5802,0.1723,335.6515,0.2628,0.6662
test_3358.jpg,720,960,0.6912,0.75,0.5245,0.2332,41.4023,0.4173,0.5824
test_3359.jpg,720,960,0.6912,0.75,0.4514,0.1954,65.8481,0.1063,0.4701
test_3360.jpg,960,720,0.6912,1.3333,0.4794,0.1365,7.1481,0.3339,0.5761
test_3361.jpg,720,960,0.6912,0.75,0.498,0.2714,193.3139,0.2034,0.526
test_3362.jpg,720,960,0.6912,0.75,0.4235,0.1625,77.8773,0.1418,0.4441
test_3363.jpg,720,960,0.6912,0.75,0.5028,0.2062,214.0035,0.2208,0.597
test_3364.jpg,1279,720,0.9209,1.7764,0.4641,0.2386,194.5296,0.1883,0.5149
test_3365.jpg,720,960,0.6912,0.75,0.5464,0.2455,43.8907,0.1201,0.5698
test_3366.jpg,720,960,0.6912,0.75,0.4713,0.2017,7.9473,0.2153,0.524
test_3367.jpg,720,960,0.6912,0.75,0.4677,0.209,214.1696,0.433,0.6567
test_3368.jpg,960,720,0.6912,1.3333,0.5155,0.1435,36.6593,0.1422,0.5489
test_3369.jpg,720,960,0.6912,0.75,0.4329,0.2272,346.9167,0.1849,0.4743
test_3370.jpg,720,960,0.6912,0.75,0.582,0.0475,50.558,0.0571,0.5946
test_3371.jpg,720,1279,0.9209,0.5629,0.3999,0.2451,183.1376,0.2659,0.4662
test_3372.jpg,960,720,0.6912,1.3333,0.459,0.2055,50.0012,0.2923,0.5198
test_3373.jpg,720,960,0.6912,0.75,0.4202,0.222,28.516,0.1517,0.4502
test_3374.jpg,720,960,0.6912,0.75,0.4695,0.2736,206.5312,0.1508,0.4959
test_3375.jpg,720,960,0.6912,0.75,0.4808,0.2634,93.6076,0.1872,0.5069
test_3376.jpg,720,1280,0.9216,0.5625,0.4386,0.2267,20.2346,0.5164,0.5973
test_3377.jpg,720,960,0.6912,0.75,0.4696,0.2423,214.2151,0.2442,0.5361
test_3378.jpg,720,960,0.6912,0.75,0.4687,0.2123,327.5333,0.2942,0.5706
test_3379.jpg,720,1279,0.9209,0.5629,0.4447,0.2337,9.1881,0.3,0.5223
test_3380.jpg,720,960,0.6912,0.75,0.3957,0.248,35.6186,0.347,0.4545
test_3381.jpg,720,960,0.6912,0.75,0.5307,0.1545,257.2318,0.0583,0.5464
test_3382.jpg,720,960,0.6912,0.75,0.4587,0.2196,15.0285,0.2766,0.5206
test_3383.jpg,720,960,0.6912,0.75,0.2366,0.1398,124.907,0.2133,0.2628
test_3384.jpg,960,720,0.6912,1.3333,0.4295,0.227,74.4914,0.1955,0.4593
test_3385.jpg,960,720,0.6912,1.3333,0.391,0.2601,349.6822,0.3476,0.4761
test_3386.jpg,720,1279,0.9209,0.5629,0.5632,0.2102,200.1133,0.141,0.5934
test_3387.jpg,720,960,0.6912,0.75,0.5432,0.2833,282.6529,0.0392,0.5513
test_3388.jpg,720,960,0.6912,0.75,0.5643,0.2078,20.8032,0.4494,0.7037
test_3389.jpg,960,720,0.6912,1.3333,0.554,0.2493,178.1334,0.2138,0.606
test_3390.jpg,720,960,0.6912,0.75,0.552,0.1786,308.2445,0.1564,0.5967
test_3391.jpg,720,1279,0.9209,0.5629,0.5222,0.2088,343.4272,0.0468,0.5322
test_3392.jpg,720,960,0.6912,0.75,0.4347,0.1775,25.025,0.2701,0.5025
test_3393.jpg,720,960,0.6912,0.75,0.5638,0.18,207.2646,0.2907,0.6781
test_3394.jpg,720,960,0.6912,0.75,0.4278,0.1774,30.2477,0.1964,0.4643
test_3395.jpg,720,960,0.6912,0.75,0.4301,0.2434,52.8051,0.3389,0.5039
test_3396.jpg,720,720,0.5184,1.0,0.5799,0.2068,235.817,0.1098,0.6091
test_3397.jpg,720,960,0.6912,0.75,0.4351,0.2475,357.8551,0.1819,0.4692
test_3398.jpg,720,960,0.6912,0.75,0.513,0.1291,32.6584,0.0481,0.5229
test_3399.jpg,720,960,0.6912,0.75,0.5833,0.2452,26.8815,0.1542,0.6255
test_3400.jpg,720,960,0.6912,0.75,0.4215,0.158,27.4914,0.4963,0.5337
test_3401.jpg,960,720,0.6912,1.3333,0.6384,0.1787,208.1862,0.1565,0.6894
test_3402.jpg,959,720,0.6905,1.3319,0.4062,0.1854,235.7037,0.2087,0.4795
test_3403.jpg,1342,720,0.9662,1.8639,0.3928,0.1883,247.7037,0.1902,0.4399
test_3404.jpg,720,960,0.6912,0.75,0.376,0.2424,91.4245,0.3087,0.4223
test_3405.jpg,960,720,0.6912,1.3333,0.6182,0.1119,24.6848,0.0893,0.6423
test_3406.jpg,960,720,0.6912,1.3333,0.5032,0.1764,35.2765,0.161,0.5376
test_3407.jpg,720,960,0.6912,0.75,0.4923,0.1902,41.5594,0.2132,0.558
test_3408.jpg,960,720,0.6912,1.3333,0.3122,0.248,279.3146,0.2774,0.3769
test_3409.jpg,720,960,0.6912,0.75,0.5762,0.2333,26.4197,0.2015,0.6404
test_3410.jpg,960,720,0.6912,1.3333,0.3873,0.1956,19.6458,0.4375,0.5011
test_3411.jpg,720,960,0.6912,0.75,0.579,0.1964,53.0723,0.1646,0.6062
test_3412.jpg,720,960,0.6912,0.75,0.5503,0.1553,34.1787,0.1437,0.583
test_3413.jpg,720,960,0.6912,0.75,0.4589,0.2429,206.8391,0.2174,0.5081
test_3414.jpg,960,720,0.6912,1.3333,0.5738,0.1705,353.6832,0.0565,0.5915
test_3415.jpg,960,720,0.6912,1.3333,0.4963,0.2581,15.524,0.2438,0.5554
test_3416.jpg,720,960,0.6912,0.75,0.5584,0.1479,215.6743,0.047,0.5666
test_3417.jpg,720,960,0.6912,0.75,0.4134,0.1565,353.7493,0.2603,0.484
test_3418.jpg,720,960,0.6912,0.75,0.6669,0.1812,58.6714,0.0417,0.6749
test_3419.jpg,720,960,0.6912,0.75,0.4487,0.1761,43.0195,0.1663,0.4792
test_3420.jpg,960,720,0.6912,1.3333,0.2427,0.1358,27.2762,0.1712,0.2662
test_3421.jpg,960,720,0.6912,1.3333,0.4977,0.1882,215.7573,0.2702,0.6072
test_3422.jpg,960,720,0.6912,1.3333,0.4596,0.2395,21.168,0.2227,0.511
test_3423.jpg,720,960,0.6912,0.75,0.4361,0.2174,226.2842,0.1251,0.4662
test_3424.jpg,720,960,0.6912,0.75,0.414,0.2087,6.0341,0.3495,0.5043
test_3425.jpg,720,960,0.6912,0.75,0.5059,0.2635,61.8395,0.0941,0.524
test_3426.jpg,960,720,0.6912,1.3333,0.5159,0.2518,21.8407,0.3029,0.5849
test_3427.jpg,720,720,0.5184,1.0,0.56,0.2552,35.1842,0.2288,0.5926
test_3428.jpg,720,960,0.6912,0.75,0.519,0.2163,160.5887,0.1646,0.5586
test_3429.jpg,720,960,0.6912,0.75,0.3279,0.198,49.0638,0.3752,0.3672
test_3430.jpg,960,720,0.6912,1.3333,0.4452,0.1821,23.2925,0.3503,0.5265
test_3431.jpg,720,960,0.6912,0.75,0.4698,0.1692,206.2419,0.1479,0.5107
test_3432.jpg,1080,720,0.7776,1.5,0.6762,0.2767,172.7175,0.1616,0.7141
test_3433.jpg,720,960,0.6912,0.75,0.4518,0.2142,73.8367,0.2474,0.5058
test_3434.jpg,960,720,0.6912,1.3333,0.4795,0.29,27.3068,0.0942,0.497
test_3435.jpg,720,960,0.6912,0.75,0.6199,0.2002,257.5433,0.1213,0.6581
test_3436.jpg,721,720,0.5191,1.0014,0.5062,0.2174,241.0734,0.2592,0.5805
test_3437.jpg,720,720,0.5184,1.0,0.3845,0.1999,23.6282,0.4137,0.4686
test_3438.jpg,960,720,0.6912,1.3333,0.4659,0.206,352.6441,0.2529,0.5456
test_3439.jpg,960,720,0.6912,1.3333,0.5533,0.2377,48.4898,0.275,0.6047
test_3440.jpg,960,720,0.6912,1.3333,0.5502,0.2399,111.649,0.1379,0.5742
test_3441.jpg,720,960,0.6912,0.75,0.5627,0.2438,151.1157,0.1052,0.5794
test_3442.jpg,720,960,0.6912,0.75,0.5063,0.1878,10.6972,0.2981,0.6045
test_3443.jpg,720,960,0.6912,0.75,0.5891,0.1974,33.2344,0.2007,0.6313
test_3444.jpg,720,1280,0.9216,0.5625,0.616,0.2793,353.0917,0.0565,0.631
test_3445.jpg,720,960,0.6912,0.75,0.5602,0.2236,82.7621,0.1783,0.6035
test_3446.jpg,720,960,0.6912,0.75,0.4673,0.2324,57.011,0.1993,0.5069
test_3447.jpg,720,960,0.6912,0.75,0.5449,0.1987,120.9398,0.2669,0.6263
test_3448.jpg,720,960,0.6912,0.75,0.5246,0.2591,209.2886,0.2222,0.5823
test_3449.jpg,720,960,0.6912,0.75,0.241,0.2763,192.5975,0.3801,0.2744
test_3450.jpg,720,960,0.6912,0.75,0.3349,0.2527,14.8494,0.1996,0.3692
test_3451.jpg,720,960,0.6912,0.75,0.36,0.2363,55.821,0.2392,0.3969
test_3452.jpg,720,960,0.6912,0.75,0.6558,0.1823,159.586,0.0583,0.673
test_3453.jpg,720,960,0.6912,0.75,0.5682,0.2511,198.1027,0.1809,0.6197
test_3454.jpg,960,720,0.6912,1.3333,0.3888,0.1442,132.5707,0.3792,0.5107
test_3455.jpg,720,1280,0.9216,0.5625,0.6372,0.1527,11.6877,0.0673,0.6583
test_3456.jpg,720,960,0.6912,0.75,0.5061,0.2186,26.3452,0.2165,0.5587
test_3457.jpg,720,960,0.6912,0.75,0.3993,0.1891,13.5993,0.4175,0.4978
test_3458.jpg,720,960,0.6912,0.75,0.5456,0.2398,58.3027,0.2273,0.5858
test_3459.jpg,720,960,0.6912,0.75,0.4634,0.2272,36.6411,0.2025,0.4984
test_3460.jpg,720,960,0.6912,0.75,0.4149,0.1865,352.0855,0.2257,0.4739
test_3461.jpg,720,960,0.6912,0.75,0.4581,0.2117,63.5055,0.1049,0.4787
test_3462.jpg,720,960,0.6912,0.75,0.6079,0.1457,46.6408,0.1031,0.6236
test_3463.jpg,1279,720,0.9209,1.7764,0.5964,0.1469,153.3223,0.0838,0.6085
test_3464.jpg,720,960,0.6912,0.75,0.4442,0.2057,33.3589,0.2109,0.5001
test_3465.jpg,720,960,0.6912,0.75,0.2577,0.1484,43.6977,0.3307,0.3028
test_3466.jpg,720,960,0.6912,0.75,0.2722,0.2295,308.1579,0.3047,0.3156
test_3467.jpg,720,960,0.6912,0.75,0.4625,0.2793,115.0515,0.1082,0.4838
test_3468.jpg,720,960,0.6912,0.75,0.5557,0.1841,55.585,0.1465,0.5854
test_3469.jpg,720,960,0.6912,0.75,0.525,0.1756,35.7129,0.1582,0.5579
test_3470.jpg,960,720,0.6912,1.3333,0.4409,0.2125,33.0165,0.2014,0.4875
test_3471.jpg,960,720,0.6912,1.3333,0.3381,0.1997,199.7208,0.1477,0.3763
test_3472.jpg,720,960,0.6912,0.75,0.3872,0.2445,56.2603,0.2885,0.414
test_3473.jpg,720,960,0.6912,0.75,0.5053,0.1489,38.2574,0.4069,0.6294
test_3474.jpg,720,960,0.6912,0.75,0.5822,0.1705,49.636,0.5339,0.6589
test_3475.jpg,720,960,0.6912,0.75,0.4342,0.2667,33.378,0.152,0.4602
test_3476.jpg,720,960,0.6912,0.75,0.3768,0.2648,229.5643,0.2518,0.4236
test_3477.jpg,720,1279,0.9209,0.5629,0.5055,0.2368,179.3304,0.1996,0.5547
test_3478.jpg,720,960,0.6912,0.75,0.4383,0.2316,40.0946,0.293,0.4849
test_3479.jpg,846,720,0.6091,1.175,0.5304,0.2342,86.6705,0.105,0.5428
test_3480.jpg,1079,720,0.7769,1.4986,0.2846,0.1954,73.0508,0.2234,0.3116
test_3481.jpg,720,960,0.6912,0.75,0.3177,0.2035,27.9678,0.4111,0.3762
test_3482.jpg,959,720,0.6905,1.3319,0.4097,0.2004,347.0162,0.2667,0.4978
test_3483.jpg,720,960,0.6912,0.75,0.4093,0.2367,57.2578,0.4879,0.5129
test_3484.jpg,720,720,0.5184,1.0,0.2717,0.218,25.6309,0.3901,0.3408
test_3485.jpg,960,720,0.6912,1.3333,0.4314,0.231,282.6674,0.1377,0.464
test_3486.jpg,720,960,0.6912,0.75,0.5449,0.2447,42.9518,0.0634,0.5557
test_3487.jpg,960,720,0.6912,1.3333,0.4002,0.2042,142.9058,0.2067,0.4383
test_3488.jpg,1280,720,0.9216,1.7778,0.3946,0.231,141.8405,0.4263,0.4874
test_3489.jpg,720,720,0.5184,1.0,0.5861,0.23,214.0922,0.3414,0.7283
test_3490.jpg,848,720,0.6106,1.1778,0.4982,0.235,30.9412,0.2953,0.5559
test_3491.jpg,720,960,0.6912,0.75,0.4311,0.2392,18.2173,0.3059,0.4967
test_3492.jpg,720,900,0.648,0.8,0.1542,0.1532,37.7033,0.2189,0.1652
test_3493.jpg,720,960,0.6912,0.75,0.523,0.1706,24.1637,0.2265,0.5823
test_3494.jpg,720,960,0.6912,0.75,0.4441,0.2138,202.3565,0.1244,0.4752
test_3495.jpg,720,960,0.6912,0.75,0.6278,0.199,38.0168,0.0749,0.647
test_3496.jpg,720,960,0.6912,0.75,0.518,0.1894,206.5112,0.2544,0.6204
test_3497.jpg,720,960,0.6912,0.75,0.445,0.2503,17.6633,0.2892,0.5425
test_3498.jpg,720,960,0.6912,0.75,0.3089,0.2113,301.7637,0.3515,0.3712
test_3499.jpg,720,960,0.6912,0.75,0.4569,0.1857,15.9036,0.2052,0.5023
test_3500.jpg,720,720,0.5184,1.0,0.5814,0.2036,46.2894,0.0746,0.5996
test_3501.jpg,720,960,0.6912,0.75,0.5119,0.2576,259.8127,0.2805,0.6095
test_3502.jpg,960,720,0.6912,1.3333,0.4115,0.2237,209.9951,0.3264,0.4949
test_3503.jpg,1280,720,0.9216,1.7778,0.4348,0.1976,107.9842,0.239,0.4987
test_3504.jpg,720,960,0.6912,0.75,0.4243,0.1977,20.4233,0.2878,0.4872
test_3505.jpg,720,960,0.6912,0.75,0.3846,0.1698,54.8163,0.2012,0.4099
test_3506.jpg,720,960,0.6912,0.75,0.5305,0.2355,40.9015,0.1746,0.5708
test_3507.jpg,960,720,0.6912,1.3333,0.4079,0.2189,214.2985,0.3054,0.4799
test_3508.jpg,720,960,0.6912,0.75,0.4294,0.2814,1.3309,0.3031,0.5202
test_3509.jpg,720,960,0.6912,0.75,0.5228,0.2326,308.6355,0.1865,0.5696
test_3510.jpg,720,960,0.6912,0.75,0.4846,0.1705,50.3293,0.2023,0.5172
test_3511.jpg,960,720,0.6912,1.3333,0.5595,0.2148,28.3657,0.1728,0.5992
test_3512.jpg,720,960,0.6912,0.75,0.6276,0.1882,35.3442,0.1985,0.6799
test_3513.jpg,720,720,0.5184,1.0,0.4314,0.2306,306.1926,0.3052,0.5196
test_3514.jpg,960,720,0.6912,1.3333,0.4778,0.2014,22.4866,0.095,0.4981
test_3515.jpg,720,960,0.6912,0.75,0.5127,0.2418,211.2671,0.1033,0.5349
test_3516.jpg,960,720,0.6912,1.3333,0.4689,0.2282,213.0164,0.245,0.5535
test_3517.jpg,720,960,0.6912,0.75,0.5717,0.2269,322.3086,0.0877,0.5946
test_3518.jpg,720,960,0.6912,0.75,0.6043,0.2011,51.1791,0.132,0.6369
test_3519.jpg,720,960,0.6912,0.75,0.4623,0.2174,43.3752,0.2233,0.5024
test_3520.jpg,960,720,0.6912,1.3333,0.4273,0.1897,349.2594,0.1985,0.4873
test_3521.jpg,720,960,0.6912,0.75,0.3782,0.1871,238.2479,0.2777,0.4481
test_3522.jpg,960,720,0.6912,1.3333,0.4927,0.2228,27.9958,0.401,0.5929
test_3523.jpg,720,1280,0.9216,0.5625,0.4238,0.1629,336.4206,0.4073,0.562
test_3524.jpg,1320,720,0.9504,1.8333,0.4261,0.2824,36.6826,0.5091,0.5021
test_3525.jpg,720,960,0.6912,0.75,0.3944,0.1993,197.4354,0.1666,0.4239
test_3526.jpg,720,960,0.6912,0.75,0.4299,0.2279,304.8261,0.194,0.4882
test_3527.jpg,960,720,0.6912,1.3333,0.288,0.1863,30.7651,0.3079,0.3342
test_3528.jpg,720,960,0.6912,0.75,0.4786,0.2241,163.1899,0.1338,0.5045
test_3529.jpg,720,960,0.6912,0.75,0.601,0.2007,320.9419,0.0715,0.6211
test_3530.jpg,720,960,0.6912,0.75,0.4273,0.2565,319.7344,0.2136,0.4741
test_3531.jpg,960,720,0.6912,1.3333,0.2503,0.1841,27.2603,0.3241,0.2971
test_3532.jpg,720,960,0.6912,0.75,0.5029,0.2227,341.1711,0.2872,0.588
test_3533.jpg,960,720,0.6912,1.3333,0.5063,0.2294,215.4998,0.2444,0.5749
test_3534.jpg,926,720,0.6667,1.2861,0.3974,0.2163,345.3053,0.1632,0.43
test_3535.jpg,720,960,0.6912,0.75,0.6646,0.1696,18.1554,0.0706,0.6817
test_3536.jpg,720,960,0.6912,0.75,0.4349,0.1669,78.324,0.2808,0.5178
test_3537.jpg,720,724,0.5213,0.9945,0.4553,0.2048,42.309,0.3571,0.5247
test_3538.jpg,720,960,0.6912,0.75,0.5047,0.125,155.6932,0.3838,0.5813
test_3539.jpg,720,960,0.6912,0.75,0.5014,0.2181,36.7069,0.2511,0.5571
test_3540.jpg,720,960,0.6912,0.75,0.4972,0.244,32.4084,0.1499,0.5262
test_3541.jpg,720,960,0.6912,0.75,0.4286,0.2563,176.733,0.2267,0.4665
test_3542.jpg,720,960,0.6912,0.75,0.402,0.1826,22.3644,0.2057,0.4633
test_3543.jpg,1320,720,0.9504,1.8333,0.5573,0.2498,153.873,0.1309,0.5942
test_3544.jpg,720,960,0.6912,0.75,0.4313,0.174,199.3349,0.5262,0.582
test_3545.jpg,720,960,0.6912,0.75,0.3179,0.1756,38.85,0.4023,0.3692
test_3546.jpg,720,960,0.6912,0.75,0.5204,0.1567,36.8495,0.1458,0.5581
test_3547.jpg,960,720,0.6912,1.3333,0.4269,0.217,283.1674,0.3278,0.5263
test_3548.jpg,720,960,0.6912,0.75,0.487,0.1814,18.125,0.2575,0.5522
test_3549.jpg,1279,720,0.9209,1.7764,0.4753,0.3506,240.2136,0.0523,0.4816
test_3550.jpg,720,960,0.6912,0.75,0.4796,0.2624,216.7841,0.0765,0.4938
test_3551.jpg,720,960,0.6912,0.75,0.4503,0.2548,47.5866,0.2516,0.5054
test_3552.jpg,720,960,0.6912,0.75,0.5174,0.1205,70.248,0.0912,0.5307
test_3553.jpg,720,960,0.6912,0.75,0.4966,0.2712,26.4739,0.2279,0.5473
test_3554.jpg,720,960,0.6912,0.75,0.4657,0.2283,51.4249,0.1238,0.4896
test_3555.jpg,720,960,0.6912,0.75,0.4309,0.2783,310.4326,0.1304,0.4526
test_3556.jpg,960,720,0.6912,1.3333,0.4039,0.259,25.9304,0.3741,0.5098
test_3557.jpg,720,1678,1.2082,0.4291,0.4664,0.175,39.2661,0.2238,0.5045
test_3558.jpg,720,960,0.6912,0.75,0.561,0.153,85.0891,0.0882,0.5753
test_3559.jpg,720,960,0.6912,0.75,0.4414,0.227,24.8192,0.3866,0.5261
test_3560.jpg,720,1280,0.9216,0.5625,0.5046,0.2066,26.3507,0.2534,0.5658
test_3561.jpg,960,720,0.6912,1.3333,0.5009,0.2118,70.7623,0.171,0.5281
test_3562.jpg,720,960,0.6912,0.75,0.53,0.2555,9.8664,0.3708,0.6597
test_3563.jpg,720,960,0.6912,0.75,0.5292,0.214,222.7789,0.1099,0.554
test_3564.jpg,720,960,0.6912,0.75,0.4209,0.2178,343.3494,0.2651,0.4958
test_3565.jpg,720,960,0.6912,0.75,0.5369,0.1677,31.0117,0.0944,0.5595
test_3566.jpg,720,960,0.6912,0.75,0.5602,0.1555,27.119,0.1571,0.5999
test_3567.jpg,720,960,0.6912,0.75,0.5979,0.1066,199.6037,0.028,0.605
test_3568.jpg,720,1279,0.9209,0.5629,0.4504,0.2197,90.2144,0.1808,0.488
test_3569.jpg,720,1544,1.1117,0.4663,0.6452,0.2269,50.9014,0.118,0.6638
test_3570.jpg,720,960,0.6912,0.75,0.5411,0.2216,43.6624,0.4026,0.6078
test_3571.jpg,960,720,0.6912,1.3333,0.5049,0.2435,185.2718,0.178,0.553
test_3572.jpg,1320,720,0.9504,1.8333,0.2621,0.2105,204.7763,0.373,0.3253
test_3573.jpg,720,960,0.6912,0.75,0.4083,0.1889,209.8903,0.2454,0.4734
test_3574.jpg,720,960,0.6912,0.75,0.4803,0.2495,8.6968,0.1525,0.5063
test_3575.jpg,720,960,0.6912,0.75,0.5466,0.2472,27.6772,0.1045,0.569
test_3576.jpg,720,960,0.6912,0.75,0.4659,0.182,217.8959,0.4886,0.6628
test_3577.jpg,720,1280,0.9216,0.5625,0.4431,0.1595,40.1209,0.1245,0.4595
test_3578.jpg,720,960,0.6912,0.75,0.4999,0.2523,213.8483,0.2181,0.5652
test_3579.jpg,720,960,0.6912,0.75,0.5023,0.226,211.6815,0.2613,0.5752
test_3580.jpg,720,960,0.6912,0.75,0.5476,0.3207,143.068,0.1065,0.562
test_3581.jpg,720,960,0.6912,0.75,0.5093,0.24,76.3267,0.16,0.5322
test_3582.jpg,720,960,0.6912,0.75,0.5138,0.207,26.5742,0.1658,0.5566
test_3583.jpg,960,720,0.6912,1.3333,0.2588,0.266,62.8152,0.1863,0.2756
test_3584.jpg,720,769,0.5537,0.9363,0.446,0.239,89.852,0.441,0.5167
test_3585.jpg,720,818,0.589,0.8802,0.4149,0.2914,50.4027,0.3949,0.469
test_3586.jpg,720,960,0.6912,0.75,0.4595,0.2549,38.2321,0.1293,0.4748
test_3587.jpg,720,960,0.6912,0.75,0.6034,0.2457,215.2211,0.1724,0.65
test_3588.jpg,720,960,0.6912,0.75,0.506,0.1963,31.7513,0.3769,0.58
test_3589.jpg,720,960,0.6912,0.75,0.5326,0.2324,46.4095,0.0969,0.5526
test_3590.jpg,720,1280,0.9216,0.5625,0.5282,0.2506,25.7547,0.2394,0.5949
test_3591.jpg,720,960,0.6912,0.75,0.5337,0.1818,34.7007,0.2292,0.5894
test_3592.jpg,720,960,0.6912,0.75,0.4781,0.137,188.4747,0.1518,0.5139
test_3593.jpg,720,960,0.6912,0.75,0.2654,0.2134,233.2496,0.7319,0.5239
test_3594.jpg,720,960,0.6912,0.75,0.5013,0.2207,152.9214,0.1884,0.5481
test_3595.jpg,720,960,0.6912,0.75,0.4473,0.2236,28.9136,0.3687,0.5221
test_3596.jpg,720,960,0.6912,0.75,0.4496,0.1934,71.9116,0.1835,0.479
test_3597.jpg,720,960,0.6912,0.75,0.4124,0.1497,38.533,0.1687,0.4402
test_3598.jpg,720,960,0.6912,0.75,0.4993,0.1747,40.4276,0.1788,0.5369
test_3599.jpg,720,960,0.6912,0.75,0.4666,0.1501,262.5131,0.1627,0.5231
test_3600.jpg,720,960,0.6912,0.75,0.5013,0.1782,26.6604,0.269,0.578
test_3601.jpg,720,960,0.6912,0.75,0.4853,0.188,36.4807,0.0536,0.4933
test_3602.jpg,720,1559,1.1225,0.4618,0.4115,0.261,36.3826,0.1,0.4298
test_3603.jpg,720,960,0.6912,0.75,0.4751,0.2183,66.6589,0.158,0.5027
test_3604.jpg,720,1280,0.9216,0.5625,0.4423,0.2112,202.0525,0.292,0.5289
test_3605.jpg,720,960,0.6912,0.75,0.4683,0.194,10.9875,0.2176,0.5281
test_3606.jpg,720,1278,0.9202,0.5634,0.316,0.2304,14.6705,0.3986,0.3634
test_3607.jpg,720,960,0.6912,0.75,0.5053,0.2894,357.932,0.2973,0.5704
test_3608.jpg,960,720,0.6912,1.3333,0.4767,0.2264,26.3329,0.1765,0.516
test_3609.jpg,720,960,0.6912,0.75,0.4834,0.1741,355.2577,0.0741,0.5029
test_3610.jpg,720,960,0.6912,0.75,0.5166,0.2144,33.6297,0.2777,0.5706
test_3611.jpg,720,960,0.6912,0.75,0.5055,0.1987,78.3919,0.1823,0.5403
test_3612.jpg,720,960,0.6912,0.75,0.6207,0.1691,357.4737,0.093,0.6448
test_3613.jpg,720,960,0.6912,0.75,0.428,0.2128,109.1409,0.1322,0.455
test_3614.jpg,720,960,0.6912,0.75,0.5209,0.2195,347.0085,0.1237,0.5551
test_3615.jpg,1320,720,0.9504,1.8333,0.4232,0.2712,30.418,0.2842,0.4841
test_3616.jpg,720,960,0.6912,0.75,0.5779,0.1894,54.3625,0.1918,0.6072
test_3617.jpg,960,720,0.6912,1.3333,0.5199,0.1815,199.9141,0.1155,0.5541
test_3618.jpg,720,960,0.6912,0.75,0.5453,0.2538,33.509,0.2067,0.5918
test_3619.jpg,960,720,0.6912,1.3333,0.6136,0.2276,134.9924,0.1748,0.6456
test_3620.jpg,720,960,0.6912,0.75,0.4148,0.1993,268.2188,0.3089,0.539
test_3621.jpg,720,960,0.6912,0.75,0.5508,0.2094,22.1993,0.1169,0.5779
test_3622.jpg,720,960,0.6912,0.75,0.5697,0.1844,198.0172,0.1607,0.6193
test_3623.jpg,720,1279,0.9209,0.5629,0.3306,0.224,227.5235,0.2897,0.3994
test_3624.jpg,720,960,0.6912,0.75,0.2826,0.2405,27.9698,0.5025,0.3438
test_3625.jpg,720,960,0.6912,0.75,0.4719,0.237,26.2854,0.1914,0.5222
test_3626.jpg,720,960,0.6912,0.75,0.5319,0.2569,222.075,0.1228,0.5588
test_3627.jpg,720,960,0.6912,0.75,0.4629,0.1965,36.9014,0.1398,0.4926
test_3628.jpg,720,960,0.6912,0.75,0.5506,0.248,357.1385,0.1862,0.611
test_3629.jpg,720,960,0.6912,0.75,0.5272,0.1296,24.644,0.1284,0.555
test_3630.jpg,960,720,0.6912,1.3333,0.5308,0.2133,130.2698,0.1516,0.5632
test_3631.jpg,720,960,0.6912,0.75,0.2893,0.2349,206.8079,0.2124,0.3257
test_3632.jpg,720,960,0.6912,0.75,0.0701,0.11,51.8009,0.3711,0.0763
test_3633.jpg,720,960,0.6912,0.75,0.4084,0.2019,207.5919,0.2936,0.4949
test_3634.jpg,720,960,0.6912,0.75,0.4886,0.1986,174.483,0.2404,0.5801
test_3635.jpg,720,960,0.6912,0.75,0.4628,0.2284,237.8941,0.3061,0.5605
test_3636.jpg,720,960,0.6912,0.75,0.433,0.2966,189.9023,0.2358,0.4734
test_3637.jpg,720,960,0.6912,0.75,0.2837,0.1836,245.6439,0.4255,0.4213
test_3638.jpg,960,720,0.6912,1.3333,0.2622,0.1775,38.0084,0.3886,0.3162
test_3639.jpg,720,960,0.6912,0.75,0.4738,0.167,141.9974,0.2085,0.5216
test_3640.jpg,720,960,0.6912,0.75,0.5281,0.1704,15.2277,0.079,0.5468
test_3641.jpg,1320,720,0.9504,1.8333,0.7088,0.1696,43.3926,0.3113,0.8129
test_3642.jpg,720,960,0.6912,0.75,0.5309,0.2078,35.4998,0.317,0.5848
test_3643.jpg,720,960,0.6912,0.75,0.5119,0.2437,211.9355,0.1719,0.5551
test_3644.jpg,720,960,0.6912,0.75,0.4682,0.2509,11.3551,0.2907,0.5545
test_3645.jpg,960,720,0.6912,1.3333,0.4951,0.1748,260.4386,0.237,0.5722
test_3646.jpg,720,960,0.6912,0.75,0.5013,0.2222,32.9372,0.2033,0.5415
test_3647.jpg,720,960,0.6912,0.75,0.2889,0.2072,56.2761,0.0977,0.2966
test_3648.jpg,960,720,0.6912,1.3333,0.3208,0.1756,222.2758,0.2489,0.371
test_3649.jpg,720,960,0.6912,0.75,0.5169,0.1793,34.7082,0.2471,0.5736
test_3650.jpg,960,720,0.6912,1.3333,0.4275,0.1826,27.3039,0.1494,0.4587
test_3651.jpg,960,720,0.6912,1.3333,0.4912,0.2451,45.8622,0.2222,0.5521
test_3652.jpg,794,720,0.5717,1.1028,0.3835,0.2416,6.7319,0.3395,0.475
test_3653.jpg,720,960,0.6912,0.75,0.505,0.1345,41.5001,0.1575,0.5304
test_3654.jpg,720,960,0.6912,0.75,0.593,0.1723,29.2239,0.1027,0.617
test_3655.jpg,720,720,0.5184,1.0,0.3496,0.1818,354.7532,0.3773,0.4351
test_3656.jpg,720,1279,0.9209,0.5629,0.4705,0.136,65.5926,0.0624,0.486
test_3657.jpg,720,720,0.5184,1.0,0.4748,0.1711,346.3268,0.2317,0.5523
test_3658.jpg,720,960,0.6912,0.75,0.5941,0.2286,27.4011,0.0952,0.6094
test_3659.jpg,720,879,0.6329,0.8191,0.4573,0.2127,19.8279,0.2655,0.5053
test_3660.jpg,720,720,0.5184,1.0,0.5117,0.2079,28.89,0.3001,0.588
test_3661.jpg,720,950,0.684,0.7579,0.4056,0.2391,41.891,0.237,0.4501
test_3662.jpg,960,720,0.6912,1.3333,0.5568,0.2405,193.7251,0.1603,0.594
test_3663.jpg,960,720,0.6912,1.3333,0.3768,0.2424,216.5481,0.2244,0.4431
test_3664.jpg,720,960,0.6912,0.75,0.5052,0.2371,45.7406,0.198,0.5575
test_3665.jpg,720,960,0.6912,0.75,0.5689,0.2156,95.2613,0.2698,0.6266
test_3666.jpg,720,1279,0.9209,0.5629,0.3794,0.262,222.6511,0.0705,0.3934
test_3667.jpg,720,960,0.6912,0.75,0.4118,0.2048,301.6355,0.2117,0.4646
test_3668.jpg,720,1279,0.9209,0.5629,0.3871,0.2389,12.9557,0.2715,0.436
test_3669.jpg,720,960,0.6912,0.75,0.4692,0.2879,36.0542,0.1758,0.5029
test_3670.jpg,720,960,0.6912,0.75,0.5904,0.2316,44.0524,0.2487,0.6347
test_3671.jpg,720,960,0.6912,0.75,0.5807,0.2738,213.3878,0.1724,0.6332
test_3672.jpg,720,960,0.6912,0.75,0.4767,0.2075,39.1648,0.1491,0.5035
test_3673.jpg,720,720,0.5184,1.0,0.2584,0.3191,23.5765,0.3197,0.2884
test_3674.jpg,720,960,0.6912,0.75,0.5687,0.1372,7.4375,0.1459,0.6213
test_3675.jpg,720,960,0.6912,0.75,0.4694,0.2804,225.7776,0.1764,0.5084
test_3676.jpg,720,960,0.6912,0.75,0.3461,0.238,38.3625,0.4205,0.4203
test_3677.jpg,720,960,0.6912,0.75,0.57,0.2097,37.8141,0.2021,0.6094
test_3678.jpg,720,960,0.6912,0.75,0.5148,0.188,16.4506,0.3479,0.6143
test_3679.jpg,959,720,0.6905,1.3319,0.4878,0.2182,301.1868,0.1453,0.5253
test_3680.jpg,720,960,0.6912,0.75,0.4267,0.2855,234.6362,0.3516,0.56
test_3681.jpg,960,720,0.6912,1.3333,0.5447,0.215,48.0179,0.2371,0.5913
test_3682.jpg,720,720,0.5184,1.0,0.458,0.2217,252.0083,0.1336,0.4891
test_3683.jpg,720,960,0.6912,0.75,0.4821,0.169,24.4235,0.1245,0.517
test_3684.jpg,720,1560,1.1232,0.4615,0.4289,0.1748,23.8287,0.4354,0.5297
test_3685.jpg,720,1080,0.7776,0.6667,0.2034,0.1896,155.324,0.4913,0.2468
test_3686.jpg,720,720,0.5184,1.0,0.4776,0.2322,70.2139,0.2047,0.5221
test_3687.jpg,720,812,0.5846,0.8867,0.4999,0.1978,348.2131,0.4466,0.6905
test_3688.jpg,720,960,0.6912,0.75,0.5679,0.2473,53.8025,0.1674,0.5963
test_3689.jpg,960,720,0.6912,1.3333,0.3604,0.2632,32.1167,0.4314,0.438
test_3690.jpg,720,960,0.6912,0.75,0.4296,0.18,237.2958,0.18,0.4852
test_3691.jpg,960,720,0.6912,1.3333,0.4832,0.211,47.7432,0.1561,0.5155
test_3692.jpg,720,960,0.6912,0.75,0.4708,0.2379,112.6558,0.2491,0.515
test_3693.jpg,720,960,0.6912,0.75,0.4294,0.226,58.9468,0.18,0.4557
test_3694.jpg,720,1280,0.9216,0.5625,0.4996,0.2481,11.5364,0.2678,0.5666
test_3695.jpg,960,720,0.6912,1.3333,0.5524,0.1916,211.881,0.1413,0.6052
test_3696.jpg,720,960,0.6912,0.75,0.4783,0.2359,28.0139,0.3262,0.5646
test_3697.jpg,720,960,0.6912,0.75,0.4443,0.2555,38.3289,0.3864,0.5181
test_3698.jpg,720,960,0.6912,0.75,0.4128,0.2388,201.0783,0.4871,0.5895
test_3699.jpg,720,960,0.6912,0.75,0.4836,0.1926,132.975,0.1897,0.5255
test_3700.jpg,720,960,0.6912,0.75,0.3813,0.2162,126.9297,0.1596,0.4063
test_3701.jpg,720,835,0.6012,0.8623,0.3883,0.2069,25.0602,0.5138,0.5205
test_3702.jpg,960,720,0.6912,1.3333,0.3756,0.192,17.5928,0.4531,0.5041
test_3703.jpg,720,960,0.6912,0.75,0.4375,0.2092,231.9684,0.0898,0.4571
test_3704.jpg,720,960,0.6912,0.75,0.3548,0.2257,2.5874,0.1636,0.3975
test_3705.jpg,960,720,0.6912,1.3333,0.6202,0.2155,184.5232,0.1218,0.6481
test_3706.jpg,720,960,0.6912,0.75,0.5494,0.2723,49.2733,0.3035,0.6146
test_3707.jpg,960,720,0.6912,1.3333,0.4434,0.226,35.5319,0.2287,0.4759
test_3708.jpg,720,1560,1.1232,0.4615,0.245,0.256,39.7636,0.1851,0.2689
test_3709.jpg,720,960,0.6912,0.75,0.2366,0.2548,327.6758,0.2454,0.2623
test_3710.jpg,720,960,0.6912,0.75,0.4443,0.2227,173.2449,0.302,0.5095
test_3711.jpg,720,960,0.6912,0.75,0.3645,0.1949,210.6271,0.1653,0.3937
test_3712.jpg,720,1279,0.9209,0.5629,0.4955,0.2583,197.5233,0.2887,0.5957
test_3713.jpg,720,960,0.6912,0.75,0.5185,0.2386,21.9832,0.1892,0.5603
test_3714.jpg,720,720,0.5184,1.0,0.5735,0.1807,14.3995,0.1696,0.6266
test_3715.jpg,720,960,0.6912,0.75,0.2699,0.1902,23.2986,0.4463,0.3395
test_3716.jpg,720,873,0.6286,0.8247,0.4571,0.227,215.5916,0.1976,0.5168
test_3717.jpg,720,1279,0.9209,0.5629,0.5917,0.2028,276.7574,0.1567,0.6414
test_3718.jpg,720,960,0.6912,0.75,0.5164,0.2285,177.559,0.1767,0.5546
test_3719.jpg,1279,720,0.9209,1.7764,0.4779,0.1766,27.5068,0.3929,0.5664
test_3720.jpg,720,960,0.6912,0.75,0.1891,0.1724,228.7072,0.3812,0.2491
test_3721.jpg,720,960,0.6912,0.75,0.4811,0.2973,322.4579,0.1494,0.5104
test_3722.jpg,1278,720,0.9202,1.775,0.4839,0.244,46.6461,0.0383,0.4905
test_3723.jpg,720,1279,0.9209,0.5629,0.4509,0.2091,107.9695,0.3551,0.5305
test_3724.jpg,720,1018,0.733,0.7073,0.4975,0.2317,178.9385,0.1792,0.5372
test_3725.jpg,720,960,0.6912,0.75,0.2115,0.1761,328.632,0.3801,0.2519
test_3726.jpg,720,960,0.6912,0.75,0.5289,0.1925,38.5529,0.2759,0.5817
test_3727.jpg,720,960,0.6912,0.75,0.5989,0.2047,26.3131,0.2223,0.6578
test_3728.jpg,720,960,0.6912,0.75,0.4823,0.1947,43.0802,0.2415,0.5166
test_3729.jpg,720,960,0.6912,0.75,0.4827,0.2263,32.1075,0.2096,0.5147
test_3730.jpg,720,960,0.6912,0.75,0.5851,0.1891,27.1136,0.303,0.6603
test_3731.jpg,720,960,0.6912,0.75,0.6042,0.1634,214.0998,0.0945,0.6332
test_3732.jpg,960,720,0.6912,1.3333,0.4471,0.3281,43.2358,0.2435,0.4752
test_3733.jpg,720,960,0.6912,0.75,0.5577,0.1907,212.0617,0.1183,0.5933
test_3734.jpg,720,960,0.6912,0.75,0.5861,0.2257,229.1488,0.147,0.6236
test_3735.jpg,720,960,0.6912,0.75,0.5992,0.2213,227.236,0.1416,0.65
test_3736.jpg,720,960,0.6912,0.75,0.5213,0.2351,222.5275,0.1844,0.5676
test_3737.jpg,720,960,0.6912,0.75,0.5481,0.2343,142.0363,0.2517,0.6199
test_3738.jpg,720,1280,0.9216,0.5625,0.5119,0.213,209.0357,0.1912,0.5622
test_3739.jpg,720,1279,0.9209,0.5629,0.5539,0.1976,10.2763,0.1323,0.5956
test_3740.jpg,720,960,0.6912,0.75,0.666,0.1609,35.387,0.1445,0.7014
test_3741.jpg,720,1280,0.9216,0.5625,0.4323,0.1702,318.2827,0.0529,0.4451
test_3742.jpg,720,1279,0.9209,0.5629,0.4096,0.2144,167.9863,0.1673,0.4491
test_3743.jpg,720,960,0.6912,0.75,0.48,0.2174,220.7242,0.2016,0.5288
test_3744.jpg,720,960,0.6912,0.75,0.4033,0.2059,252.2311,0.2874,0.5099
test_3745.jpg,720,960,0.6912,0.75,0.3949,0.1806,20.2932,0.2704,0.4678
test_3746.jpg,960,720,0.6912,1.3333,0.5223,0.1708,175.0692,0.1145,0.5567
test_3747.jpg,720,960,0.6912,0.75,0.5669,0.2523,19.6756,0.192,0.6144
test_3748.jpg,960,720,0.6912,1.3333,0.4472,0.2473,3.9557,0.1159,0.474
test_3749.jpg,960,720,0.6912,1.3333,0.5708,0.2845,227.0339,0.0747,0.5841
test_3750.jpg,720,960,0.6912,0.75,0.4293,0.2038,27.0832,0.3328,0.5317
test_3751.jpg,720,936,0.6739,0.7692,0.6431,0.2066,42.5815,0.1016,0.6688
test_3752.jpg,720,960,0.6912,0.75,0.5609,0.1547,49.975,0.0908,0.5719
test_3753.jpg,720,960,0.6912,0.75,0.6402,0.2554,318.0034,0.1087,0.663
test_3754.jpg,720,960,0.6912,0.75,0.5265,0.188,5.0923,0.1895,0.5744
test_3755.jpg,720,960,0.6912,0.75,0.393,0.2324,217.1823,0.3042,0.4917
test_3756.jpg,1170,720,0.8424,1.625,0.2156,0.1665,236.3371,0.4516,0.3073
test_3757.jpg,720,960,0.6912,0.75,0.5378,0.1832,38.0344,0.1115,0.5599
test_3758.jpg,720,960,0.6912,0.75,0.4905,0.3001,37.177,0.198,0.5238
test_3759.jpg,720,960,0.6912,0.75,0.3709,0.1885,281.9276,0.3921,0.4676
test_3760.jpg,720,960,0.6912,0.75,0.1975,0.1984,227.783,0.5419,0.2532
test_3761.jpg,720,960,0.6912,0.75,0.4367,0.2213,7.7698,0.2221,0.4857
test_3762.jpg,720,960,0.6912,0.75,0.6521,0.1833,212.7427,0.1084,0.6894
test_3763.jpg,720,960,0.6912,0.75,0.5834,0.2259,26.0468,0.2101,0.628
test_3764.jpg,720,960,0.6912,0.75,0.4942,0.165,22.8169,0.1673,0.5328
test_3765.jpg,720,960,0.6912,0.75,0.4409,0.2183,50.526,0.1893,0.4809
test_3766.jpg,720,960,0.6912,0.75,0.4876,0.2319,27.5557,0.2078,0.5339
test_3767.jpg,1320,720,0.9504,1.8333,0.2317,0.2039,291.597,0.64,0.4081
test_3768.jpg,960,720,0.6912,1.3333,0.5077,0.2067,35.0328,0.1572,0.5441
test_3769.jpg,720,960,0.6912,0.75,0.2456,0.2138,70.5659,0.3666,0.2813
test_3770.jpg,960,720,0.6912,1.3333,0.5413,0.2711,125.3337,0.0988,0.5648
test_3771.jpg,960,720,0.6912,1.3333,0.4462,0.2597,215.2622,0.1184,0.4728
test_3772.jpg,720,960,0.6912,0.75,0.5171,0.1526,46.0831,0.1587,0.5441
test_3773.jpg,720,1558,1.1218,0.4621,0.6282,0.2493,,0.0004,0.6285
test_3774.jpg,720,960,0.6912,0.75,0.3983,0.1605,33.8412,0.3659,0.4974
test_3775.jpg,720,960,0.6912,0.75,0.4758,0.1675,212.7635,0.3088,0.5827
test_3776.jpg,720,960,0.6912,0.75,0.3259,0.1915,29.466,0.3135,0.3884
test_3777.jpg,720,960,0.6912,0.75,0.4744,0.1912,30.2419,0.2372,0.5214
test_3778.jpg,720,960,0.6912,0.75,0.5202,0.2581,178.7552,0.0856,0.5358
test_3779.jpg,720,960,0.6912,0.75,0.5414,0.2796,172.8444,0.3037,0.5844
test_3780.jpg,720,960,0.6912,0.75,0.5507,0.1708,44.2781,0.3318,0.6185
test_3781.jpg,720,960,0.6912,0.75,0.5787,0.2366,35.3552,0.2537,0.6216
test_3782.jpg,960,720,0.6912,1.3333,0.469,0.2437,25.5337,0.4531,0.5681
test_3783.jpg,720,960,0.6912,0.75,0.5625,0.2041,43.5878,0.0774,0.5768
test_3784.jpg,720,960,0.6912,0.75,0.5162,0.2422,238.8096,0.1695,0.5778
test_3785.jpg,720,960,0.6912,0.75,0.495,0.2144,37.4065,0.392,0.5835
test_3786.jpg,960,720,0.6912,1.3333,0.3532,0.1603,36.8641,0.163,0.3787
test_3787.jpg,720,960,0.6912,0.75,0.4213,0.2034,47.9633,0.4245,0.4954
test_3788.jpg,720,720,0.5184,1.0,0.3546,0.2583,67.8313,0.2977,0.3959
test_3789.jpg,720,960,0.6912,0.75,0.509,0.3196,189.6279,0.1921,0.5464
test_3790.jpg,720,960,0.6912,0.75,0.5134,0.2134,47.6718,0.2775,0.5622
test_3791.jpg,720,960,0.6912,0.75,0.5442,0.2588,33.9714,0.2872,0.5917
test_3792.jpg,720,960,0.6912,0.75,0.4861,0.2146,354.656,0.1886,0.5423
test_3793.jpg,720,960,0.6912,0.75,0.4689,0.2364,36.3829,0.1695,0.4995
test_3794.jpg,720,960,0.6912,0.75,0.4722,0.1985,179.1017,0.165,0.5014
test_3795.jpg,720,960,0.6912,0.75,0.5601,0.281,10.3705,0.1702,0.5943
test_3796.jpg,720,960,0.6912,0.75,0.4592,0.1986,19.0294,0.3428,0.5711
test_3797.jpg,960,720,0.6912,1.3333,0.3922,0.2265,108.9924,0.1613,0.4234
test_3798.jpg,720,1023,0.7366,0.7038,0.5,0.1829,203.164,0.3156,0.5921
test_3799.jpg,878,720,0.6322,1.2194,0.3532,0.2608,73.221,0.2989,0.3961
test_3800.jpg,720,960,0.6912,0.75,0.4552,0.3261,225.3797,0.1152,0.4674
test_3801.jpg,720,1080,0.7776,0.6667,0.5034,0.2594,20.4764,0.3659,0.6034
test_3802.jpg,960,720,0.6912,1.3333,0.4484,0.21,265.3917,0.1223,0.4757
test_3803.jpg,720,960,0.6912,0.75,0.4712,0.1818,203.0598,0.1992,0.5244
test_3804.jpg,720,1279,0.9209,0.5629,0.5103,0.1938,42.1705,0.327,0.6136
test_3805.jpg,917,720,0.6602,1.2736,0.4838,0.2433,49.2136,0.4769,0.5836
test_3806.jpg,720,960,0.6912,0.75,0.4687,0.2508,30.6151,0.2437,0.5356
test_3807.jpg,720,960,0.6912,0.75,0.4956,0.1501,28.5714,0.1043,0.5189
test_3808.jpg,720,960,0.6912,0.75,0.4336,0.2438,33.4367,0.3628,0.5037
test_3809.jpg,720,1279,0.9209,0.5629,0.5234,0.2396,9.319,0.0725,0.5407
test_3810.jpg,720,960,0.6912,0.75,0.4685,0.2647,18.9953,0.2811,0.5398
test_3811.jpg,720,960,0.6912,0.75,0.4934,0.2361,34.7304,0.1812,0.5326
test_3812.jpg,720,960,0.6912,0.75,0.4645,0.2758,181.5261,0.1168,0.4886
test_3813.jpg,720,960,0.6912,0.75,0.4983,0.1819,38.7651,0.4005,0.5679
test_3814.jpg,720,960,0.6912,0.75,0.4604,0.2061,207.3695,0.2196,0.5286
test_3815.jpg,960,720,0.6912,1.3333,0.3673,0.1641,257.6733,0.3032,0.4523
test_3816.jpg,720,1280,0.9216,0.5625,0.4748,0.2596,69.8054,0.2448,0.516
test_3817.jpg,1558,720,1.1218,2.1639,0.4921,0.1851,355.5372,0.1813,0.5418
test_3818.jpg,960,720,0.6912,1.3333,0.5105,0.1994,23.5969,0.5435,0.678
test_3819.jpg,720,960,0.6912,0.75,0.3258,0.2431,162.5233,0.3295,0.3902
test_3820.jpg,960,720,0.6912,1.3333,0.4943,0.2384,27.2443,0.2867,0.5564
test_3821.jpg,960,720,0.6912,1.3333,0.5614,0.2635,41.3649,0.2977,0.6205
test_3822.jpg,720,720,0.5184,1.0,0.4577,0.2006,25.2354,0.3025,0.5321
test_3823.jpg,720,960,0.6912,0.75,0.4514,0.2072,50.3582,0.3323,0.5032
test_3824.jpg,1280,720,0.9216,1.7778,0.3305,0.2251,20.0516,0.311,0.384
test_3825.jpg,1320,720,0.9504,1.8333,0.2731,0.2259,28.217,0.3432,0.3304
test_3826.jpg,720,960,0.6912,0.75,0.568,0.2008,179.6278,0.1835,0.6194
test_3827.jpg,1481,720,1.0663,2.0569,0.5398,0.1516,31.0228,0.2169,0.5869
test_3828.jpg,720,720,0.5184,1.0,0.5122,0.1939,21.2274,0.2743,0.5879
test_3829.jpg,720,960,0.6912,0.75,0.4312,0.159,4.0971,0.1959,0.4782
test_3830.jpg,720,794,0.5717,0.9068,0.4227,0.1598,46.5842,0.0474,0.428
test_3831.jpg,960,720,0.6912,1.3333,0.3228,0.2638,334.7852,0.4738,0.4596
test_3832.jpg,960,720,0.6912,1.3333,0.4675,0.2947,172.8292,0.1844,0.5037
test_3833.jpg,960,720,0.6912,1.3333,0.4254,0.2252,249.7313,0.1446,0.4631
test_3834.jpg,960,720,0.6912,1.3333,0.4488,0.1676,17.0132,0.1172,0.4698
test_3835.jpg,720,960,0.6912,0.75,0.6038,0.1452,52.1992,0.499,0.6789
test_3836.jpg,720,720,0.5184,1.0,0.4471,0.1913,217.9779,0.4273,0.6076
test_3837.jpg,720,960,0.6912,0.75,0.6414,0.1833,34.8754,0.2904,0.7339
test_3838.jpg,720,960,0.6912,0.75,0.4471,0.3145,118.0644,0.1484,0.4633
test_3839.jpg,720,960,0.6912,0.75,0.6077,0.0998,34.3306,0.1292,0.6374
test_3840.jpg,1279,720,0.9209,1.7764,0.6057,0.1437,46.4535,0.4224,0.6715
test_3841.jpg,720,960,0.6912,0.75,0.5607,0.1988,41.323,0.0504,0.5667
test_3842.jpg,1279,720,0.9209,1.7764,0.418,0.1769,222.0493,0.2743,0.5062
test_3843.jpg,960,720,0.6912,1.3333,0.4948,0.2446,25.5681,0.1898,0.5407
test_3844.jpg,720,1599,1.1513,0.4503,0.5412,0.2372,29.7231,0.1133,0.5758
test_3845.jpg,1559,720,1.1225,2.1653,0.4949,0.2371,263.0143,0.1242,0.5289
test_3846.jpg,720,960,0.6912,0.75,0.4361,0.2427,26.9493,0.4416,0.5307
test_3847.jpg,720,1268,0.913,0.5678,0.6971,0.1121,231.2602,0.2233,0.8469
test_3848.jpg,960,720,0.6912,1.3333,0.2244,0.2313,265.3921,0.4121,0.364
test_3849.jpg,720,960,0.6912,0.75,0.6237,0.2106,332.4872,0.0984,0.6444
test_3850.jpg,960,720,0.6912,1.3333,0.4588,0.2407,153.2894,0.1295,0.4807
test_3851.jpg,960,720,0.6912,1.3333,0.3862,0.2255,219.7721,0.1947,0.4305
test_3852.jpg,720,960,0.6912,0.75,0.2917,0.1731,97.3256,0.3135,0.3681
test_3853.jpg,720,960,0.6912,0.75,0.3142,0.1548,203.004,0.4676,0.4357
test_3854.jpg,720,960,0.6912,0.75,0.4988,0.1878,44.4871,0.1272,0.521
test_3855.jpg,960,720,0.6912,1.3333,0.4416,0.2307,117.1087,0.1755,0.4722
test_3856.jpg,720,960,0.6912,0.75,0.462,0.2169,213.1212,0.1311,0.4849
test_3857.jpg,720,960,0.6912,0.75,0.5116,0.2351,76.1498,0.155,0.5376
test_3858.jpg,720,960,0.6912,0.75,0.4685,0.2252,21.5408,0.2378,0.5283
test_3859.jpg,720,960,0.6912,0.75,0.4376,0.2327,42.441,0.2985,0.4782
test_3860.jpg,960,720,0.6912,1.3333,0.5535,0.2559,90.9343,0.1178,0.5705
test_3861.jpg,960,720,0.6912,1.3333,0.5208,0.3672,130.1725,0.156,0.5363
test_3862.jpg,720,960,0.6912,0.75,0.5283,0.2594,25.0935,0.0965,0.5443
test_3863.jpg,960,720,0.6912,1.3333,0.4612,0.2263,50.538,0.1118,0.4894
test_3864.jpg,720,1279,0.9209,0.5629,0.4001,0.217,169.8515,0.1694,0.424
test_3865.jpg,720,960,0.6912,0.75,0.521,0.3005,41.8221,0.2676,0.5717
test_3866.jpg,720,960,0.6912,0.75,0.5342,0.2208,34.9174,0.2699,0.6097
test_3867.jpg,960,720,0.6912,1.3333,0.501,0.132,33.667,0.2489,0.5513
test_3868.jpg,720,960,0.6912,0.75,0.4898,0.2197,211.745,0.139,0.524
test_3869.jpg,720,960,0.6912,0.75,0.5067,0.2157,24.4131,0.2046,0.5502
test_3870.jpg,720,960,0.6912,0.75,0.4975,0.1785,62.3464,0.1663,0.5357
test_3871.jpg,720,960,0.6912,0.75,0.4929,0.2708,49.5413,0.1995,0.5292
test_3872.jpg,720,960,0.6912,0.75,0.384,0.2601,229.1119,0.1804,0.4101
test_3873.jpg,720,960,0.6912,0.75,0.6147,0.1242,37.7072,0.1303,0.6417
test_3874.jpg,720,960,0.6912,0.75,0.337,0.1943,37.1906,0.2051,0.3916
test_3875.jpg,720,960,0.6912,0.75,0.4312,0.2467,142.2134,0.3025,0.4952
test_3876.jpg,720,960,0.6912,0.75,0.4888,0.2029,111.7215,0.104,0.5077
test_3877.jpg,720,960,0.6912,0.75,0.5384,0.1909,129.0404,0.0792,0.5581
test_3878.jpg,720,960,0.6912,0.75,0.3829,0.1926,250.162,0.289,0.4728
test_3879.jpg,1160,720,0.8352,1.6111,0.3077,0.1325,15.8551,0.2343,0.3462
test_3880.jpg,720,1280,0.9216,0.5625,0.345,0.1852,217.2554,0.5299,0.5554
test_3881.jpg,960,720,0.6912,1.3333,0.4349,0.2256,47.5428,0.3923,0.5154
test_3882.jpg,720,960,0.6912,0.75,0.6278,0.1244,22.7639,0.139,0.6722
test_3883.jpg,720,960,0.6912,0.75,0.3492,0.2587,32.2428,0.5128,0.4111
test_3884.jpg,720,960,0.6912,0.75,0.5732,0.1687,84.2148,0.1772,0.6222
test_3885.jpg,720,960,0.6912,0.75,0.5865,0.1996,201.0984,0.1626,0.6386
test_3886.jpg,720,960,0.6912,0.75,0.491,0.2243,82.7569,0.1638,0.5241
test_3887.jpg,720,720,0.5184,1.0,0.3773,0.1728,266.5471,0.2313,0.4403
test_3888.jpg,720,960,0.6912,0.75,0.5035,0.2229,203.8492,0.1572,0.5449
test_3889.jpg,960,720,0.6912,1.3333,0.634,0.114,147.2657,0.1998,0.6957
test_3890.jpg,960,720,0.6912,1.3333,0.4977,0.2559,45.2685,0.1275,0.5148
test_3891.jpg,720,720,0.5184,1.0,0.5204,0.1983,219.9596,0.1889,0.5924
test_3892.jpg,720,960,0.6912,0.75,0.5489,0.2556,190.8606,0.1625,0.5865
test_3893.jpg,720,960,0.6912,0.75,0.5146,0.2325,38.3061,0.1686,0.5553
test_3894.jpg,720,960,0.6912,0.75,0.1647,0.1966,281.5409,0.5806,0.272
test_3895.jpg,720,960,0.6912,0.75,0.1856,0.1461,243.6533,0.3865,0.2922
test_3896.jpg,720,960,0.6912,0.75,0.3777,0.1743,328.5179,0.4478,0.5111
test_3897.jpg,720,960,0.6912,0.75,0.5592,0.1941,36.8969,0.1832,0.6007
test_3898.jpg,720,960,0.6912,0.75,0.5292,0.2386,206.6178,0.1771,0.5758
test_3899.jpg,720,960,0.6912,0.75,0.4412,0.1542,304.6961,0.1775,0.494
test_3900.jpg,720,1280,0.9216,0.5625,0.5814,0.2259,223.6405,0.1734,0.6349
test_3901.jpg,720,960,0.6912,0.75,0.3355,0.254,78.6375,0.1952,0.3709
test_3902.jpg,720,960,0.6912,0.75,0.3947,0.2019,9.179,0.4602,0.5109
test_3903.jpg,720,960,0.6912,0.75,0.5242,0.1602,212.4997,0.3215,0.6632
test_3904.jpg,720,960,0.6912,0.75,0.4905,0.208,241.4928,0.192,0.5372
test_3905.jpg,720,960,0.6912,0.75,0.5306,0.2028,190.4066,0.1367,0.5744
test_3906.jpg,720,960,0.6912,0.75,0.5421,0.2263,144.1912,0.1922,0.5765
test_3907.jpg,720,960,0.6912,0.75,0.4957,0.2287,25.0877,0.2564,0.5667
test_3908.jpg,720,720,0.5184,1.0,0.4486,0.1511,203.8476,0.1355,0.4827
test_3909.jpg,720,960,0.6912,0.75,0.4742,0.2451,13.8189,0.2015,0.5187
test_3910.jpg,720,960,0.6912,0.75,0.56,0.2523,30.7927,0.2081,0.6029
test_3911.jpg,720,1279,0.9209,0.5629,0.4702,0.2696,307.3009,0.2252,0.5435
test_3912.jpg,720,960,0.6912,0.75,0.5345,0.2655,27.1126,0.188,0.5759
test_3913.jpg,1161,720,0.8359,1.6125,0.266,0.1797,239.7492,0.2979,0.3159
test_3914.jpg,960,720,0.6912,1.3333,0.5587,0.1605,41.6505,0.2524,0.6176
test_3915.jpg,720,960,0.6912,0.75,0.4507,0.2066,32.0669,0.1977,0.4992
test_3916.jpg,960,720,0.6912,1.3333,0.3771,0.1544,12.4915,0.4912,0.52
test_3917.jpg,720,960,0.6912,0.75,0.4699,0.2051,211.6646,0.2317,0.5255
test_3918.jpg,960,720,0.6912,1.3333,0.4335,0.2297,180.1881,0.1062,0.4492
test_3919.jpg,720,720,0.5184,1.0,0.3409,0.1683,29.7653,0.3606,0.3944
test_3920.jpg,720,960,0.6912,0.75,0.6062,0.2034,217.4163,0.0327,0.6128
test_3921.jpg,720,960,0.6912,0.75,0.4291,0.2148,16.0414,0.3212,0.5024
test_3922.jpg,720,960,0.6912,0.75,0.4185,0.228,94.8564,0.3292,0.4729
test_3923.jpg,720,960,0.6912,0.75,0.5139,0.2001,18.961,0.3516,0.614
test_3924.jpg,1079,720,0.7769,1.4986,0.4854,0.1802,305.1284,0.2126,0.5476
test_3925.jpg,720,960,0.6912,0.75,0.3292,0.1863,346.5737,0.4543,0.4545
test_3926.jpg,720,960,0.6912,0.75,0.4806,0.2974,71.7991,0.1164,0.4943
test_3927.jpg,720,960,0.6912,0.75,0.4241,0.2301,33.4273,0.2659,0.4785
test_3928.jpg,720,1279,0.9209,0.5629,0.3624,0.2017,272.0574,0.3204,0.4544
test_3929.jpg,720,960,0.6912,0.75,0.4431,0.1832,249.3819,0.2025,0.503
test_3930.jpg,1080,720,0.7776,1.5,0.5494,0.2064,155.1875,0.2309,0.604
test_3931.jpg,720,960,0.6912,0.75,0.3768,0.2469,17.4265,0.3108,0.4298
test_3932.jpg,720,960,0.6912,0.75,0.4597,0.2234,208.4677,0.1513,0.4891
test_3933.jpg,720,960,0.6912,0.75,0.4634,0.2689,173.5591,0.2599,0.5127
test_3934.jpg,720,960,0.6912,0.75,0.5093,0.203,25.2311,0.068,0.5244
test_3935.jpg,720,960,0.6912,0.75,0.4657,0.2123,242.8101,0.2082,0.5192
test_3936.jpg,720,960,0.6912,0.75,0.4869,0.1719,41.3274,0.2643,0.5574
test_3937.jpg,960,720,0.6912,1.3333,0.4012,0.2355,160.4025,0.1433,0.4378
test_3938.jpg,720,960,0.6912,0.75,0.4291,0.2137,18.6459,0.1993,0.4639
test_3939.jpg,1320,720,0.9504,1.8333,0.4507,0.277,53.5689,0.2963,0.4942
test_3940.jpg,720,720,0.5184,1.0,0.5832,0.1329,231.0571,0.1795,0.6563
test_3941.jpg,720,960,0.6912,0.75,0.5281,0.1791,36.1793,0.3358,0.5967
test_3942.jpg,960,720,0.6912,1.3333,0.499,0.2112,52.2175,0.177,0.5329
test_3943.jpg,720,1280,0.9216,0.5625,0.5373,0.2739,42.733,0.1093,0.5532
test_3944.jpg,720,1279,0.9209,0.5629,0.4788,0.2021,319.2644,0.2476,0.5577
test_3945.jpg,960,720,0.6912,1.3333,0.376,0.2325,97.5111,0.22,0.4158
test_3946.jpg,720,960,0.6912,0.75,0.6339,0.1963,68.5734,0.1056,0.6491
test_3947.jpg,720,960,0.6912,0.75,0.4322,0.2105,86.9908,0.2566,0.4596
test_3948.jpg,720,960,0.6912,0.75,0.5442,0.2073,209.3212,0.1764,0.6204
test_3949.jpg,720,960,0.6912,0.75,0.6835,0.2192,37.5218,0.1135,0.7093
test_3950.jpg,960,720,0.6912,1.3333,0.3778,0.2334,40.2374,0.1668,0.3987
test_3951.jpg,720,1080,0.7776,0.6667,0.3349,0.1201,19.2623,0.3747,0.4147
test_3952.jpg,720,960,0.6912,0.75,0.5171,0.1791,122.9293,0.0749,0.5332
test_3953.jpg,720,960,0.6912,0.75,0.5249,0.251,27.7976,0.3738,0.6032
test_3954.jpg,720,960,0.6912,0.75,0.5666,0.2617,56.113,0.1461,0.588
test_3955.jpg,720,960,0.6912,0.75,0.3049,0.2405,32.742,0.3443,0.3431
test_3956.jpg,720,960,0.6912,0.75,0.584,0.227,31.2254,0.1378,0.6104
test_3957.jpg,960,720,0.6912,1.3333,0.4379,0.1992,24.4409,0.3389,0.5246
test_3958.jpg,720,1280,0.9216,0.5625,0.6204,0.1935,37.8286,0.2963,0.6925
test_3959.jpg,1239,720,0.8921,1.7208,0.6735,0.2671,222.1405,0.1651,0.7332
test_3960.jpg,720,960,0.6912,0.75,0.5494,0.1685,143.2923,0.1952,0.6105
test_3961.jpg,761,720,0.5479,1.0569,0.4734,0.1894,32.6606,0.3971,0.5727
test_3962.jpg,1079,720,0.7769,1.4986,0.1523,0.2002,96.2581,0.2863,0.1817
test_3963.jpg,720,960,0.6912,0.75,0.2276,0.1914,68.0359,0.229,0.2563
test_3964.jpg,720,960,0.6912,0.75,0.4558,0.2314,194.4203,0.2105,0.5146
test_3965.jpg,720,960,0.6912,0.75,0.4824,0.2677,193.8584,0.2064,0.5235
test_3966.jpg,1279,720,0.9209,1.7764,0.4172,0.2255,208.4154,0.2755,0.5002
test_3967.jpg,720,960,0.6912,0.75,0.2948,0.1828,243.2383,0.1784,0.3236
test_3968.jpg,720,960,0.6912,0.75,0.4279,0.1855,45.9715,0.0821,0.4424
test_3969.jpg,720,960,0.6912,0.75,0.4938,0.1403,36.1172,0.1493,0.5219
test_3970.jpg,720,960,0.6912,0.75,0.5414,0.1996,34.1178,0.1011,0.5668
test_3971.jpg,720,960,0.6912,0.75,0.5089,0.2392,30.4109,0.166,0.5485
test_3972.jpg,720,1280,0.9216,0.5625,0.42,0.2385,330.9653,0.0967,0.4494
test_3973.jpg,720,960,0.6912,0.75,0.591,0.1908,12.001,0.1003,0.621
test_3974.jpg,960,720,0.6912,1.3333,0.4987,0.2529,9.5433,0.2704,0.5933
test_3975.jpg,720,960,0.6912,0.75,0.5512,0.2679,67.9761,0.1567,0.5715
test_3976.jpg,720,960,0.6912,0.75,0.4835,0.2303,99.3414,0.1605,0.5067
test_3977.jpg,960,720,0.6912,1.3333,0.5671,0.222,178.111,0.2445,0.6368
test_3978.jpg,1279,720,0.9209,1.7764,0.6457,0.1748,14.1304,0.1217,0.6855
test_3979.jpg,720,720,0.5184,1.0,0.4272,0.1924,144.3025,0.3267,0.51
test_3980.jpg,720,960,0.6912,0.75,0.5385,0.215,33.026,0.2089,0.5755
test_3981.jpg,720,960,0.6912,0.75,0.525,0.2559,217.8492,0.2735,0.5969
test_3982.jpg,1319,720,0.9497,1.8319,0.298,0.2202,56.6666,0.2956,0.3422
test_3983.jpg,720,1279,0.9209,0.5629,0.4568,0.2246,67.3519,0.2208,0.4964
test_3984.jpg,720,960,0.6912,0.75,0.4972,0.2463,50.0024,0.222,0.5435
test_3985.jpg,720,960,0.6912,0.75,0.4552,0.2114,184.9113,0.2332,0.5102
test_3986.jpg,720,1279,0.9209,0.5629,0.4384,0.1863,194.5755,0.1553,0.4698
test_3987.jpg,960,720,0.6912,1.3333,0.4257,0.2232,28.4732,0.2575,0.4886
test_3988.jpg,1280,720,0.9216,1.7778,0.3516,0.1954,206.9157,0.2559,0.4013
test_3989.jpg,720,960,0.6912,0.75,0.3929,0.2847,8.9214,0.3153,0.4827
test_3990.jpg,720,960,0.6912,0.75,0.5777,0.2105,36.4319,0.1493,0.6067
test_3991.jpg,720,960,0.6912,0.75,0.4903,0.2521,67.6546,0.1897,0.5339
test_3992.jpg,720,960,0.6912,0.75,0.6113,0.1656,158.5109,0.066,0.6284
test_3993.jpg,720,960,0.6912,0.75,0.5492,0.247,46.3055,0.2733,0.5895
test_3994.jpg,720,960,0.6912,0.75,0.4531,0.2182,336.5332,0.1527,0.4923
test_3995.jpg,720,720,0.5184,1.0,0.438,0.1675,16.8823,0.1915,0.4892
test_3996.jpg,720,960,0.6912,0.75,0.4656,0.2252,268.3032,0.3064,0.5421
test_3997.jpg,720,960,0.6912,0.75,0.4592,0.1636,19.3599,0.2931,0.5384
test_3998.jpg,720,960,0.6912,0.75,0.4604,0.2434,222.7108,0.3263,0.595
test_3999.jpg,720,960,0.6912,0.75,0.5744,0.2162,53.8617,0.1869,0.6109
test_4000.jpg,960,720,0.6912,1.3333,0.5175,0.1629,29.7513,0.1769,0.5567
test_4001.jpg,960,720,0.6912,1.3333,0.4689,0.2518,43.3304,0.1785,0.5152
test_4002.jpg,720,960,0.6912,0.75,0.5835,0.13,197.7117,0.0674,0.6027
test_4003.jpg,720,960,0.6912,0.75,0.4194,0.1893,0.5221,0.1422,0.4536
test_4004.jpg,720,960,0.6912,0.75,0.5324,0.2425,21.1525,0.2849,0.6258
test_4005.jpg,720,960,0.6912,0.75,0.4591,0.1889,295.9051,0.1958,0.5032
test_4006.jpg,720,960,0.6912,0.75,0.5336,0.2126,31.5533,0.1786,0.5733
test_4007.jpg,960,720,0.6912,1.3333,0.2202,0.2263,257.1298,0.789,0.5109
test_4008.jpg,720,960,0.6912,0.75,0.546,0.2507,33.7628,0.1764,0.5781
test_4009.jpg,720,960,0.6912,0.75,0.3613,0.1869,341.6943,0.324,0.4811
test_4010.jpg,720,1279,0.9209,0.5629,0.424,0.1801,199.8885,0.2058,0.4781
test_4011.jpg,960,720,0.6912,1.3333,0.5347,0.2591,61.0225,0.2492,0.5693
test_4012.jpg,720,960,0.6912,0.75,0.5708,0.2505,184.8556,0.0771,0.5861
test_4013.jpg,720,960,0.6912,0.75,0.505,0.1939,33.2289,0.2648,0.5549
test_4014.jpg,720,960,0.6912,0.75,0.5795,0.2691,19.7706,0.2291,0.6434
test_4015.jpg,960,720,0.6912,1.3333,0.5194,0.221,180.322,0.104,0.5371
test_4016.jpg,720,892,0.6422,0.8072,0.4959,0.2547,35.4225,0.1913,0.5266
test_4017.jpg,720,960,0.6912,0.75,0.5219,0.2663,285.2604,0.1188,0.5536
test_4018.jpg,720,960,0.6912,0.75,0.5137,0.2441,127.043,0.1537,0.5372
test_4019.jpg,720,960,0.6912,0.75,0.4086,0.2185,216.1603,0.513,0.6354
test_4020.jpg,720,960,0.6912,0.75,0.4937,0.2131,30.7651,0.2476,0.5424
test_4021.jpg,720,960,0.6912,0.75,0.5736,0.1718,48.7578,0.0983,0.5886
test_4022.jpg,1228,720,0.8842,1.7056,0.3866,0.1759,29.3858,0.1375,0.4106
test_4023.jpg,720,960,0.6912,0.75,0.5133,0.263,203.5558,0.1373,0.5548
test_4024.jpg,720,960,0.6912,0.75,0.3366,0.2354,31.6728,0.2041,0.3805
test_4025.jpg,960,720,0.6912,1.3333,0.4695,0.163,195.9963,0.2119,0.5318
test_4026.jpg,720,960,0.6912,0.75,0.4392,0.1971,210.0158,0.2263,0.5147
test_4027.jpg,720,960,0.6912,0.75,0.4751,0.2894,0.0571,0.2582,0.5435
test_4028.jpg,720,960,0.6912,0.75,0.4897,0.1676,16.3708,0.1858,0.536
test_4029.jpg,720,960,0.6912,0.75,0.5512,0.1864,212.3319,0.1365,0.5908
test_4030.jpg,960,720,0.6912,1.3333,0.4901,0.2295,43.5801,0.3162,0.5705
test_4031.jpg,720,960,0.6912,0.75,0.5637,0.2465,32.9186,0.1046,0.5787
test_4032.jpg,720,960,0.6912,0.75,0.4217,0.2653,19.3089,0.4206,0.5351
test_4033.jpg,720,960,0.6912,0.75,0.1779,0.1733,220.0165,0.282,0.208
test_4034.jpg,1079,720,0.7769,1.4986,0.3341,0.1644,155.7258,0.262,0.3694
test_4035.jpg,960,720,0.6912,1.3333,0.4841,0.219,59.3356,0.2938,0.5675
test_4036.jpg,720,960,0.6912,0.75,0.5311,0.2306,208.9089,0.3181,0.6544
test_4037.jpg,960,720,0.6912,1.3333,0.3783,0.1957,41.9356,0.3074,0.4231
test_4038.jpg,720,960,0.6912,0.75,0.4507,0.207,5.3266,0.2249,0.5092
test_4039.jpg,720,960,0.6912,0.75,0.3899,0.1892,215.7369,0.297,0.4668
test_4040.jpg,720,960,0.6912,0.75,0.5704,0.1467,29.6988,0.1303,0.6003
test_4041.jpg,959,720,0.6905,1.3319,0.4419,0.2128,121.0406,0.0969,0.4543
test_4042.jpg,720,960,0.6912,0.75,0.5572,0.2464,16.4897,0.1376,0.5884
test_4043.jpg,720,1280,0.9216,0.5625,0.5684,0.167,30.0935,0.0828,0.5961
test_4044.jpg,720,960,0.6912,0.75,0.3232,0.2487,17.7799,0.2893,0.3632
test_4045.jpg,720,960,0.6912,0.75,0.5214,0.1754,30.5423,0.3582,0.61
test_4046.jpg,720,1542,1.1102,0.4669,0.3277,0.1997,192.981,0.2766,0.4201
test_4047.jpg,720,960,0.6912,0.75,0.56,0.2146,206.3324,0.2747,0.6399
test_4048.jpg,960,720,0.6912,1.3333,0.4308,0.2496,45.3811,0.4143,0.5046
test_4049.jpg,1600,720,1.152,2.2222,0.4331,0.2406,193.6278,0.1799,0.4728
test_4050.jpg,720,960,0.6912,0.75,0.5308,0.297,41.921,0.167,0.5597
test_4051.jpg,720,960,0.6912,0.75,0.447,0.1922,81.1777,0.1576,0.4666
test_4052.jpg,1117,720,0.8042,1.5514,0.4253,0.1281,203.9019,0.1643,0.4703
test_4053.jpg,720,960,0.6912,0.75,0.53,0.2464,16.2492,0.137,0.5669
test_4054.jpg,960,720,0.6912,1.3333,0.4817,0.2352,106.2238,0.2304,0.5255
test_4055.jpg,720,960,0.6912,0.75,0.436,0.1947,22.5629,0.3183,0.5052
test_4056.jpg,960,720,0.6912,1.3333,0.4901,0.2062,55.6394,0.1721,0.5198
test_4057.jpg,960,720,0.6912,1.3333,0.4265,0.2563,222.1091,0.148,0.4583
test_4058.jpg,720,960,0.6912,0.75,0.6165,0.1705,29.4471,0.2203,0.6783
test_4059.jpg,960,720,0.6912,1.3333,0.371,0.2444,10.1617,0.1924,0.4073
test_4060.jpg,720,960,0.6912,0.75,0.4254,0.1992,25.743,0.3576,0.4945
test_4061.jpg,720,960,0.6912,0.75,0.3824,0.1002,330.3624,0.2204,0.4347
test_4062.jpg,720,960,0.6912,0.75,0.262,0.1936,35.4235,0.0681,0.2733
test_4063.jpg,720,960,0.6912,0.75,0.4737,0.1908,154.6501,0.124,0.4971
test_4064.jpg,960,720,0.6912,1.3333,0.565,0.2068,22.2167,0.1993,0.6337
test_4065.jpg,720,960,0.6912,0.75,0.6005,0.319,337.6774,0.0744,0.6143
test_4066.jpg,720,960,0.6912,0.75,0.5701,0.1925,209.221,0.1236,0.604
test_4067.jpg,720,720,0.5184,1.0,0.8222,0.2512,43.2431,0.1666,0.8534
test_4068.jpg,1280,720,0.9216,1.7778,0.4154,0.3178,312.4572,0.237,0.4574
test_4069.jpg,720,960,0.6912,0.75,0.5207,0.1362,124.7358,0.0796,0.5382
test_4070.jpg,720,960,0.6912,0.75,0.484,0.1791,38.3278,0.1343,0.5165
test_4071.jpg,998,720,0.7186,1.3861,0.4792,0.2517,215.6078,0.3528,0.5661
test_4072.jpg,720,960,0.6912,0.75,0.5217,0.23,65.0629,0.1919,0.5606
test_4073.jpg,720,960,0.6912,0.75,0.5576,0.2409,49.9612,0.1843,0.5872
test_4074.jpg,720,960,0.6912,0.75,0.4726,0.2572,223.4512,0.214,0.5284
test_4075.jpg,720,960,0.6912,0.75,0.5471,0.2353,211.2458,0.1447,0.5842
test_4076.jpg,720,960,0.6912,0.75,0.5691,0.078,207.7316,0.1049,0.605
test_4077.jpg,720,960,0.6912,0.75,0.4051,0.2091,34.1491,0.3669,0.4902
test_4078.jpg,720,960,0.6912,0.75,0.4231,0.2679,359.9455,0.3692,0.5297
test_4079.jpg,720,960,0.6912,0.75,0.5729,0.1914,67.8542,0.1723,0.6157
test_4080.jpg,720,960,0.6912,0.75,0.5027,0.2323,177.4072,0.1821,0.5444
test_4081.jpg,960,720,0.6912,1.3333,0.2543,0.2233,347.7066,0.3181,0.3057
test_4082.jpg,720,960,0.6912,0.75,0.4577,0.2049,30.9643,0.2996,0.5137
test_4083.jpg,720,960,0.6912,0.75,0.386,0.2338,353.679,0.2234,0.4348
test_4084.jpg,720,960,0.6912,0.75,0.5222,0.2617,36.8672,0.0946,0.5377
test_4085.jpg,720,960,0.6912,0.75,0.5232,0.2019,9.3155,0.2238,0.586
test_4086.jpg,720,960,0.6912,0.75,0.4481,0.1756,210.1123,0.4483,0.6303
test_4087.jpg,720,1279,0.9209,0.5629,0.5305,0.1237,40.4755,0.1554,0.5646
test_4088.jpg,720,960,0.6912,0.75,0.5912,0.2731,42.2061,0.2253,0.6292
test_4089.jpg,720,960,0.6912,0.75,0.4658,0.2602,25.7984,0.3034,0.5457
test_4090.jpg,960,720,0.6912,1.3333,0.5374,0.2313,204.2545,0.123,0.572
test_4091.jpg,720,960,0.6912,0.75,0.4439,0.2367,15.3984,0.1086,0.4747
test_4092.jpg,720,960,0.6912,0.75,0.0496,0.127,160.6548,0.5165,0.0619
test_4093.jpg,720,960,0.6912,0.75,0.5324,0.2597,79.92,0.1241,0.5593
test_4094.jpg,720,960,0.6912,0.75,0.39,0.1848,256.9393,0.0837,0.4103
test_4095.jpg,720,960,0.6912,0.75,0.4875,0.2075,155.3166,0.0987,0.5092
test_4096.jpg,720,960,0.6912,0.75,0.6166,0.2349,215.5511,0.124,0.6709
test_4097.jpg,720,1279,0.9209,0.5629,0.3359,0.1567,287.0552,0.2211,0.3894
test_4098.jpg,720,960,0.6912,0.75,0.4539,0.1942,32.7373,0.5132,0.5484
test_4099.jpg,720,960,0.6912,0.75,0.5903,0.1497,38.9828,0.1435,0.6254
test_4100.jpg,720,960,0.6912,0.75,0.5332,0.2677,67.5474,0.1325,0.5568
test_4101.jpg,720,960,0.6912,0.75,0.5126,0.202,44.2651,0.1298,0.538
test_4102.jpg,720,960,0.6912,0.75,0.5631,0.2493,25.0722,0.2587,0.6453
test_4103.jpg,720,960,0.6912,0.75,0.5422,0.2035,276.739,0.1201,0.5834
test_4104.jpg,720,960,0.6912,0.75,0.4946,0.251,45.3037,0.1819,0.5277
test_4105.jpg,1320,720,0.9504,1.8333,0.455,0.2009,51.5406,0.2858,0.518
test_4106.jpg,720,960,0.6912,0.75,0.495,0.1942,88.1406,0.183,0.525
test_4107.jpg,720,960,0.6912,0.75,0.5433,0.1827,348.5533,0.1007,0.5688
test_4108.jpg,720,960,0.6912,0.75,0.293,0.2498,292.1662,0.1864,0.3266
test_4109.jpg,1080,720,0.7776,1.5,0.3048,0.2717,5.8104,0.2441,0.3554
test_4110.jpg,720,960,0.6912,0.75,0.3957,0.2495,36.5612,0.4195,0.4693
test_4111.jpg,720,960,0.6912,0.75,0.3109,0.1583,359.545,0.3968,0.4038
test_4112.jpg,960,720,0.6912,1.3333,0.4321,0.2299,64.8559,0.3619,0.5214
test_4113.jpg,720,960,0.6912,0.75,0.3337,0.2328,40.3599,0.3664,0.3881
test_4114.jpg,720,960,0.6912,0.75,0.471,0.2489,28.8045,0.2826,0.5175
test_4115.jpg,720,720,0.5184,1.0,0.4815,0.2205,213.9591,0.1745,0.5347
test_4116.jpg,720,960,0.6912,0.75,0.4556,0.2319,14.0092,0.2113,0.5026
test_4117.jpg,720,960,0.6912,0.75,0.4749,0.2644,24.6759,0.1083,0.5012
test_4118.jpg,720,960,0.6912,0.75,0.5613,0.306,224.1206,0.1951,0.5981
test_4119.jpg,876,720,0.6307,1.2167,0.6676,0.2115,211.8929,0.1797,0.7404
test_4120.jpg,960,720,0.6912,1.3333,0.4318,0.2528,36.838,0.2138,0.4691
test_4121.jpg,720,960,0.6912,0.75,0.3706,0.2521,44.782,0.4611,0.445
test_4122.jpg,720,960,0.6912,0.75,0.564,0.2033,37.0858,0.3375,0.6433
test_4123.jpg,720,1558,1.1218,0.4621,0.2339,0.1463,242.708,0.416,0.3561
test_4124.jpg,720,960,0.6912,0.75,0.528,0.2068,253.2048,0.1426,0.5696
test_4125.jpg,960,720,0.6912,1.3333,0.4933,0.2275,192.9423,0.1922,0.5385
test_4126.jpg,720,960,0.6912,0.75,0.4288,0.2207,130.7497,0.1821,0.4519
test_4127.jpg,720,960,0.6912,0.75,0.4646,0.2135,194.3128,0.2344,0.5189
test_4128.jpg,720,960,0.6912,0.75,0.4143,0.2748,313.4808,0.2744,0.4916
test_4129.jpg,720,960,0.6912,0.75,0.3737,0.2428,33.6594,0.4239,0.457
test_4130.jpg,720,960,0.6912,0.75,0.478,0.2483,31.87,0.0774,0.4901
test_4131.jpg,1049,720,0.7553,1.4569,0.5935,0.2001,71.2361,0.2975,0.6566
test_4132.jpg,720,960,0.6912,0.75,0.4269,0.2303,34.9022,0.2244,0.4711
test_4133.jpg,720,960,0.6912,0.75,0.5397,0.2577,17.9056,0.119,0.5719
test_4134.jpg,720,746,0.5371,0.9651,0.2096,0.1892,52.096,0.1943,0.2308
test_4135.jpg,960,720,0.6912,1.3333,0.4759,0.211,41.9033,0.1332,0.4926
test_4136.jpg,960,720,0.6912,1.3333,0.3332,0.2345,312.3855,0.1986,0.3643
test_4137.jpg,720,960,0.6912,0.75,0.66,0.0913,12.7647,0.1475,0.7164
test_4138.jpg,720,960,0.6912,0.75,0.6693,0.1383,201.3488,0.0444,0.6845
test_4139.jpg,720,960,0.6912,0.75,0.4263,0.2566,29.6207,0.192,0.4611
test_4140.jpg,720,960,0.6912,0.75,0.4634,0.1856,173.9604,0.3661,0.535
test_4141.jpg,720,960,0.6912,0.75,0.4386,0.185,21.9778,0.321,0.5104
test_4142.jpg,960,720,0.6912,1.3333,0.4431,0.2717,51.5271,0.1486,0.4647
test_4143.jpg,720,960,0.6912,0.75,0.4951,0.249,188.9323,0.0914,0.5087
test_4144.jpg,720,960,0.6912,0.75,0.5149,0.2139,168.4696,0.1457,0.5499
test_4145.jpg,720,960,0.6912,0.75,0.489,0.1834,194.6388,0.1896,0.5383
test_4146.jpg,720,960,0.6912,0.75,0.5238,0.2601,199.0491,0.1229,0.5549
test_4147.jpg,720,960,0.6912,0.75,0.5034,0.1727,233.7627,0.2523,0.5899
test_4148.jpg,720,960,0.6912,0.75,0.5174,0.2572,28.7841,0.2515,0.5695
test_4149.jpg,720,960,0.6912,0.75,0.2052,0.1543,36.487,0.316,0.2302
test_4150.jpg,720,960,0.6912,0.75,0.3526,0.2073,305.7178,0.2217,0.4141
test_4151.jpg,720,960,0.6912,0.75,0.4632,0.282,341.0211,0.1162,0.4828
test_4152.jpg,720,960,0.6912,0.75,0.5661,0.2385,350.3984,0.1463,0.6199
test_4153.jpg,720,960,0.6912,0.75,0.5316,0.3142,35.2224,0.1255,0.5572
test_4154.jpg,720,960,0.6912,0.75,0.4784,0.2369,25.309,0.2698,0.544
test_4155.jpg,720,960,0.6912,0.75,0.4381,0.235,34.9952,0.3025,0.498
test_4156.jpg,720,960,0.6912,0.75,0.6166,0.1483,72.1411,0.2166,0.6963
test_4157.jpg,960,720,0.6912,1.3333,0.4422,0.163,17.8709,0.215,0.5045
test_4158.jpg,720,960,0.6912,0.75,0.6757,0.0532,29.4919,0.031,0.6852
test_4159.jpg,960,720,0.6912,1.3333,0.4798,0.246,38.0211,0.2004,0.5131
test_4160.jpg,720,961,0.6919,0.7492,0.5701,0.2208,28.715,0.131,0.5936
test_4161.jpg,720,960,0.6912,0.75,0.6011,0.2455,196.7726,0.2368,0.6623
test_4162.jpg,720,960,0.6912,0.75,0.597,0.1364,14.7394,0.1367,0.633
test_4163.jpg,720,960,0.6912,0.75,0.483,0.1948,193.1644,0.1198,0.5153
test_4164.jpg,720,960,0.6912,0.75,0.6214,0.093,33.6531,0.1049,0.6462
test_4165.jpg,804,720,0.5789,1.1167,0.6375,0.1992,235.9684,0.1505,0.7004
test_4166.jpg,720,960,0.6912,0.75,0.5765,0.2911,162.0714,0.1769,0.6212
test_4167.jpg,1599,720,1.1513,2.2208,0.4933,0.2089,216.7935,0.2633,0.5708
test_4168.jpg,720,960,0.6912,0.75,0.5286,0.2396,21.0721,0.136,0.5609
test_4169.jpg,720,1280,0.9216,0.5625,0.4366,0.2223,33.4921,0.3677,0.5266
test_4170.jpg,720,960,0.6912,0.75,0.4748,0.2373,53.1424,0.1466,0.5004
test_4171.jpg,720,960,0.6912,0.75,0.5025,0.2372,18.8595,0.1417,0.5432
test_4172.jpg,720,960,0.6912,0.75,0.4475,0.2453,27.8115,0.3837,0.5263
test_4173.jpg,720,960,0.6912,0.75,0.4746,0.2032,359.7346,0.2466,0.543
test_4174.jpg,720,720,0.5184,1.0,0.5191,0.2034,20.0079,0.2059,0.5754
test_4175.jpg,720,960,0.6912,0.75,0.4777,0.2409,226.5432,0.3053,0.5977
test_4176.jpg,720,960,0.6912,0.75,0.1574,0.1852,24.5405,0.5179,0.2003
test_4177.jpg,1279,720,0.9209,1.7764,0.5606,0.2327,47.9757,0.1573,0.5941
test_4178.jpg,720,960,0.6912,0.75,0.4327,0.2479,16.3474,0.1201,0.469
test_4179.jpg,720,960,0.6912,0.75,0.287,0.2085,69.2477,0.2715,0.324
test_4180.jpg,720,960,0.6912,0.75,0.489,0.2003,14.1923,0.284,0.567
test_4181.jpg,720,960,0.6912,0.75,0.5345,0.2133,44.5446,0.1483,0.5711
test_4182.jpg,720,960,0.6912,0.75,0.5696,0.2203,46.4749,0.2856,0.6415
test_4183.jpg,720,960,0.6912,0.75,0.4768,0.2358,23.8772,0.2308,0.5266
test_4184.jpg,960,720,0.6912,1.3333,0.4708,0.1782,216.3802,0.3876,0.6279
test_4185.jpg,720,1279,0.9209,0.5629,0.3686,0.2978,282.644,0.2535,0.4036
test_4186.jpg,720,960,0.6912,0.75,0.4228,0.2388,34.7132,0.2443,0.4648
test_4187.jpg,960,720,0.6912,1.3333,0.4509,0.2274,259.5941,0.1631,0.5049
test_4188.jpg,720,960,0.6912,0.75,0.4826,0.1715,42.5766,0.2264,0.5071
test_4189.jpg,720,960,0.6912,0.75,0.4377,0.1628,245.0331,0.1518,0.4968
test_4190.jpg,960,720,0.6912,1.3333,0.3692,0.1554,1.7557,0.1236,0.3941
test_4191.jpg,960,720,0.6912,1.3333,0.4099,0.2139,31.5677,0.301,0.4737
test_4192.jpg,720,960,0.6912,0.75,0.5405,0.1867,199.9336,0.0937,0.5619
test_4193.jpg,720,960,0.6912,0.75,0.4318,0.2171,212.6573,0.2108,0.4866
test_4194.jpg,720,960,0.6912,0.75,0.4368,0.2429,330.7426,0.1884,0.4875
test_4195.jpg,720,960,0.6912,0.75,0.416,0.2362,198.0298,0.3264,0.5058
test_4196.jpg,720,1279,0.9209,0.5629,0.5281,0.1738,72.6577,0.1619,0.5537
test_4197.jpg,720,960,0.6912,0.75,0.6399,0.1531,47.8427,0.0994,0.664
test_4198.jpg,720,1279,0.9209,0.5629,0.4435,0.1648,320.9452,0.1377,0.4831
test_4199.jpg,720,960,0.6912,0.75,0.4396,0.2414,30.3313,0.4203,0.5213
test_4200.jpg,960,720,0.6912,1.3333,0.4228,0.1833,94.9384,0.1223,0.4384
test_4201.jpg,720,960,0.6912,0.75,0.3414,0.3046,0.8756,0.0968,0.3567
test_4202.jpg,720,960,0.6912,0.75,0.4421,0.2114,26.4482,0.3664,0.5271
test_4203.jpg,720,960,0.6912,0.75,0.3256,0.2972,51.7125,0.0786,0.3331
test_4204.jpg,720,960,0.6912,0.75,0.4411,0.1877,272.3924,0.2729,0.5374
test_4205.jpg,720,720,0.5184,1.0,0.511,0.2374,285.442,0.1764,0.55
test_4206.jpg,720,1561,1.1239,0.4612,0.637,0.242,66.0608,0.1538,0.6556
test_4207.jpg,720,960,0.6912,0.75,0.4707,0.2798,20.3687,0.139,0.4982
test_4208.jpg,720,960,0.6912,0.75,0.3539,0.1868,185.8215,0.2215,0.3938
test_4209.jpg,852,720,0.6134,1.1833,0.3336,0.2714,327.405,0.4278,0.3994
test_4210.jpg,1102,720,0.7934,1.5306,0.4361,0.1924,27.6729,0.2506,0.4871
test_4211.jpg,720,960,0.6912,0.75,0.5913,0.2501,129.5024,0.0938,0.6048
test_4212.jpg,720,960,0.6912,0.75,0.618,0.175,150.1667,0.0598,0.6267
test_4213.jpg,720,960,0.6912,0.75,0.5284,0.1977,31.6086,0.2101,0.5755
test_4214.jpg,960,720,0.6912,1.3333,0.5067,0.2014,22.6722,0.3871,0.6397
test_4215.jpg,720,960,0.6912,0.75,0.6214,0.1372,35.293,0.1703,0.6616
test_4216.jpg,720,960,0.6912,0.75,0.5241,0.2239,31.1525,0.1827,0.5599
test_4217.jpg,720,960,0.6912,0.75,0.3112,0.1706,2.8344,0.2623,0.3574
test_4218.jpg,720,1280,0.9216,0.5625,0.492,0.2741,204.7771,0.2243,0.5364
test_4219.jpg,720,1279,0.9209,0.5629,0.4286,0.1439,319.1515,0.079,0.4461
test_4220.jpg,720,960,0.6912,0.75,0.4917,0.2409,65.2272,0.1377,0.5097
test_4221.jpg,960,720,0.6912,1.3333,0.4301,0.2182,19.1385,0.411,0.5374
test_4222.jpg,720,960,0.6912,0.75,0.4528,0.2226,229.0781,0.14,0.4885
test_4223.jpg,720,960,0.6912,0.75,0.4982,0.2467,27.4082,0.3488,0.5862
test_4224.jpg,960,720,0.6912,1.3333,0.6093,0.2624,32.5359,0.1954,0.6497
test_4225.jpg,720,960,0.6912,0.75,0.4745,0.2224,27.7242,0.2978,0.5347
test_4226.jpg,720,960,0.6912,0.75,0.6331,0.1841,21.4963,0.078,0.6563
test_4227.jpg,720,960,0.6912,0.75,0.4865,0.2004,99.8271,0.2189,0.5434
test_4228.jpg,960,720,0.6912,1.3333,0.4656,0.2293,214.3165,0.4303,0.6146
test_4229.jpg,720,960,0.6912,0.75,0.4393,0.2315,18.1144,0.4206,0.5434
test_4230.jpg,720,960,0.6912,0.75,0.4387,0.2521,209.2598,0.241,0.4923
test_4231.jpg,720,960,0.6912,0.75,0.4625,0.228,21.57,0.3095,0.5383
test_4232.jpg,720,960,0.6912,0.75,0.4661,0.2557,42.3859,0.2282,0.4916
test_4233.jpg,720,720,0.5184,1.0,0.4454,0.1651,27.0823,0.1634,0.4843
test_4234.jpg,960,720,0.6912,1.3333,0.5491,0.2146,20.124,0.1147,0.5794
test_4235.jpg,720,960,0.6912,0.75,0.4916,0.2392,73.2896,0.1573,0.5312
test_4236.jpg,720,960,0.6912,0.75,0.5258,0.2139,27.7372,0.2342,0.5894
test_4237.jpg,720,960,0.6912,0.75,0.5639,0.2868,12.0368,0.1383,0.5909
test_4238.jpg,720,960,0.6912,0.75,0.5029,0.2256,211.7395,0.1805,0.5486
test_4239.jpg,720,720,0.5184,1.0,0.2359,0.2312,63.8686,0.1579,0.2645
test_4240.jpg,720,960,0.6912,0.75,0.4309,0.2172,137.7844,0.2323,0.4701
test_4241.jpg,720,960,0.6912,0.75,0.5887,0.229,229.8135,0.2081,0.6529
test_4242.jpg,720,960,0.6912,0.75,0.4756,0.1525,205.4903,0.3307,0.586
test_4243.jpg,720,960,0.6912,0.75,0.5426,0.2369,31.5918,0.1936,0.5828
test_4244.jpg,960,720,0.6912,1.3333,0.5162,0.1874,38.6061,0.099,0.5342
test_4245.jpg,720,960,0.6912,0.75,0.5315,0.0947,71.4164,0.257,0.5691
test_4246.jpg,720,960,0.6912,0.75,0.4906,0.2363,131.5906,0.1513,0.5229
test_4247.jpg,720,960,0.6912,0.75,0.4465,0.2041,198.0177,0.1466,0.4752
test_4248.jpg,720,960,0.6912,0.75,0.4826,0.1998,124.5394,0.2523,0.5466
test_4249.jpg,720,960,0.6912,0.75,0.3048,0.1373,219.2614,0.7179,0.6776
test_4250.jpg,960,720,0.6912,1.3333,0.3447,0.2577,46.8905,0.1807,0.372
test_4251.jpg,720,960,0.6912,0.75,0.521,0.1846,34.6793,0.1365,0.5512
test_4252.jpg,960,720,0.6912,1.3333,0.3498,0.253,27.7211,0.4877,0.429
test_4253.jpg,720,960,0.6912,0.75,0.2704,0.246,324.2067,0.2697,0.3009
test_4254.jpg,720,1279,0.9209,0.5629,0.5162,0.1977,285.7733,0.1355,0.5553
test_4255.jpg,720,1280,0.9216,0.5625,0.5198,0.167,153.1132,0.205,0.5605
test_4256.jpg,960,720,0.6912,1.3333,0.4849,0.2363,22.408,0.2821,0.5707
test_4257.jpg,720,720,0.5184,1.0,0.4776,0.2301,181.6679,0.2326,0.5359
test_4258.jpg,720,960,0.6912,0.75,0.4214,0.2656,57.8102,0.2588,0.4601
test_4259.jpg,720,960,0.6912,0.75,0.5413,0.1847,51.466,0.1547,0.571
test_4260.jpg,720,960,0.6912,0.75,0.498,0.2374,53.0335,0.2251,0.5534
test_4261.jpg,720,960,0.6912,0.75,0.4418,0.2324,8.4061,0.3254,0.5373
test_4262.jpg,960,720,0.6912,1.3333,0.5113,0.2416,26.858,0.319,0.5799
test_4263.jpg,720,960,0.6912,0.75,0.2016,0.1507,32.5824,0.2588,0.2218
test_4264.jpg,720,960,0.6912,0.75,0.5936,0.2059,208.7502,0.1325,0.6358
test_4265.jpg,720,720,0.5184,1.0,0.4728,0.2484,147.2813,0.2245,0.5219
test_4266.jpg,720,960,0.6912,0.75,0.4798,0.2905,38.1051,0.4916,0.5617
test_4267.jpg,960,720,0.6912,1.3333,0.4719,0.1793,44.9414,0.1732,0.5117
test_4268.jpg,720,960,0.6912,0.75,0.5942,0.0973,262.9944,0.1519,0.66
test_4269.jpg,720,960,0.6912,0.75,0.4565,0.2191,104.7474,0.2132,0.4827
test_4270.jpg,720,960,0.6912,0.75,0.2839,0.2049,33.5255,0.2772,0.3144
test_4271.jpg,960,720,0.6912,1.3333,0.4297,0.2094,127.546,0.2501,0.4796
test_4272.jpg,960,720,0.6912,1.3333,0.5472,0.2563,198.5999,0.1981,0.6046
test_4273.jpg,720,960,0.6912,0.75,0.5127,0.2048,28.0684,0.2303,0.5742
test_4274.jpg,1599,720,1.1513,2.2208,0.497,0.2336,206.2883,0.3695,0.6215
test_4275.jpg,720,960,0.6912,0.75,0.4817,0.2458,324.9087,0.3322,0.5928
test_4276.jpg,1070,720,0.7704,1.4861,0.393,0.2109,202.3147,0.2772,0.4675
test_4277.jpg,960,720,0.6912,1.3333,0.56,0.2274,27.251,0.0715,0.5751
test_4278.jpg,1027,720,0.7394,1.4264,0.5389,0.2375,41.6423,0.3515,0.6132
test_4279.jpg,720,960,0.6912,0.75,0.5468,0.2341,24.3648,0.2077,0.5936
test_4280.jpg,960,720,0.6912,1.3333,0.3261,0.1735,3.5012,0.4575,0.4504
test_4281.jpg,720,960,0.6912,0.75,0.4983,0.3156,208.5679,0.1543,0.521
test_4282.jpg,960,720,0.6912,1.3333,0.2575,0.1542,218.6152,0.4711,0.3493
test_4283.jpg,720,960,0.6912,0.75,0.4379,0.1912,24.2096,0.2062,0.4925
test_4284.jpg,720,900,0.648,0.8,0.6301,0.1896,40.161,0.1947,0.6672
test_4285.jpg,720,960,0.6912,0.75,0.5385,0.2096,36.3303,0.1842,0.5746
test_4286.jpg,720,960,0.6912,0.75,0.5444,0.2349,349.3571,0.1533,0.58
test_4287.jpg,960,720,0.6912,1.3333,0.4299,0.1907,5.294,0.2697,0.4907
test_4288.jpg,720,960,0.6912,0.75,0.4632,0.2304,21.6096,0.3165,0.5484
test_4289.jpg,960,720,0.6912,1.3333,0.5328,0.1955,25.7228,0.1358,0.5654
test_4290.jpg,720,960,0.6912,0.75,0.5178,0.2291,82.8545,0.0789,0.5265
test_4291.jpg,720,960,0.6912,0.75,0.6685,0.1628,201.8392,0.1131,0.7086
test_4292.jpg,1280,720,0.9216,1.7778,0.2683,0.2379,3.6614,0.391,0.3197
test_4293.jpg,720,960,0.6912,0.75,0.7175,0.1307,53.2262,0.0376,0.7246
test_4294.jpg,720,960,0.6912,0.75,0.4471,0.2191,38.7716,0.2119,0.496
test_4295.jpg,720,960,0.6912,0.75,0.4861,0.2104,353.572,0.3978,0.6704
test_4296.jpg,720,960,0.6912,0.75,0.6134,0.1144,36.1412,0.153,0.6449
test_4297.jpg,720,1560,1.1232,0.4615,0.5197,0.2783,22.9718,0.0908,0.5418
test_4298.jpg,720,960,0.6912,0.75,0.5199,0.2805,31.0068,0.1882,0.5672
test_4299.jpg,720,720,0.5184,1.0,0.4869,0.2304,38.023,0.2069,0.5316
test_4300.jpg,720,960,0.6912,0.75,0.3959,0.2325,35.0951,0.267,0.4443
test_4301.jpg,720,960,0.6912,0.75,0.7675,0.1232,17.8351,0.0918,0.8007
test_4302.jpg,720,960,0.6912,0.75,0.6016,0.1531,24.146,0.0775,0.6215
test_4303.jpg,720,720,0.5184,1.0,0.4504,0.206,176.3109,0.1476,0.4836
test_4304.jpg,720,960,0.6912,0.75,0.4579,0.248,303.1599,0.3041,0.5224
test_4305.jpg,720,960,0.6912,0.75,0.488,0.2777,209.2021,0.118,0.5151
test_4306.jpg,720,1558,1.1218,0.4621,0.3705,0.2543,216.7126,0.259,0.4248
test_4307.jpg,720,960,0.6912,0.75,0.4644,0.1976,154.8383,0.2528,0.5093
test_4308.jpg,720,960,0.6912,0.75,0.5188,0.1517,45.8592,0.1104,0.5402
test_4309.jpg,720,960,0.6912,0.75,0.4619,0.2397,117.3082,0.1594,0.4906
test_4310.jpg,960,720,0.6912,1.3333,0.3431,0.1566,68.4859,0.2187,0.3695
test_4311.jpg,720,960,0.6912,0.75,0.3737,0.1383,15.2437,0.189,0.4139
test_4312.jpg,720,960,0.6912,0.75,0.4975,0.1487,24.4714,0.2774,0.5651
test_4313.jpg,720,960,0.6912,0.75,0.4886,0.281,37.3089,0.2522,0.526
test_4314.jpg,960,720,0.6912,1.3333,0.4012,0.1906,249.0355,0.154,0.4495
test_4315.jpg,720,1279,0.9209,0.5629,0.576,0.2405,204.3864,0.1657,0.6247
test_4316.jpg,960,720,0.6912,1.3333,0.445,0.2444,202.0087,0.1474,0.4712
test_4317.jpg,720,960,0.6912,0.75,0.5285,0.1701,184.6653,0.0714,0.5425
test_4318.jpg,720,960,0.6912,0.75,0.289,0.2192,231.3197,0.4296,0.5456
test_4319.jpg,720,960,0.6912,0.75,0.5016,0.2149,33.8029,0.2199,0.5414
test_4320.jpg,720,960,0.6912,0.75,0.4075,0.2075,203.3404,0.5244,0.5957
test_4321.jpg,720,960,0.6912,0.75,0.3484,0.3051,241.1361,0.3364,0.4476
test_4322.jpg,720,1279,0.9209,0.5629,0.6771,0.1906,187.6638,0.1188,0.7115
test_4323.jpg,1289,720,0.9281,1.7903,0.4304,0.3031,246.9572,0.281,0.5218
test_4324.jpg,1252,720,0.9014,1.7389,0.4246,0.2459,335.8096,0.1949,0.4734
test_4325.jpg,720,960,0.6912,0.75,0.4573,0.2067,21.4007,0.132,0.4863
test_4326.jpg,720,960,0.6912,0.75,0.4434,0.182,70.9901,0.0945,0.4602
test_4327.jpg,720,960,0.6912,0.75,0.4614,0.2264,42.4742,0.3289,0.5266
test_4328.jpg,720,960,0.6912,0.75,0.5165,0.2176,30.6238,0.2053,0.5742
test_4329.jpg,720,960,0.6912,0.75,0.4554,0.2102,50.2215,0.1249,0.4719
test_4330.jpg,960,720,0.6912,1.3333,0.5308,0.2367,203.2555,0.1109,0.5546
test_4331.jpg,720,960,0.6912,0.75,0.4399,0.2026,28.937,0.2791,0.4953
test_4332.jpg,720,960,0.6912,0.75,0.5356,0.2925,29.7966,0.1343,0.5556
test_4333.jpg,720,960,0.6912,0.75,0.2978,0.2185,3.3355,0.3913,0.3588
test_4334.jpg,720,960,0.6912,0.75,0.1433,0.1789,173.8118,0.3262,0.1694
test_4335.jpg,720,960,0.6912,0.75,0.5086,0.2436,37.6926,0.1349,0.5356
test_4336.jpg,960,720,0.6912,1.3333,0.5589,0.2541,205.0583,0.1765,0.6039
test_4337.jpg,720,960,0.6912,0.75,0.5296,0.2964,167.3823,0.2838,0.5828
test_4338.jpg,720,960,0.6912,0.75,0.5699,0.2708,19.0907,0.316,0.6554
test_4339.jpg,720,960,0.6912,0.75,0.3367,0.1692,25.76,0.3083,0.3848
test_4340.jpg,720,960,0.6912,0.75,0.4656,0.2283,69.7206,0.4129,0.5026
test_4341.jpg,1280,720,0.9216,1.7778,0.5115,0.2302,203.7007,0.2653,0.5951
test_4342.jpg,960,720,0.6912,1.3333,0.5542,0.2064,5.5351,0.1999,0.6251
test_4343.jpg,960,720,0.6912,1.3333,0.5382,0.2244,213.579,0.1867,0.596
test_4344.jpg,960,720,0.6912,1.3333,0.4576,0.1584,21.5944,0.2483,0.5154
test_4345.jpg,960,720,0.6912,1.3333,0.4215,0.1908,33.6747,0.1308,0.4536
test_4346.jpg,720,960,0.6912,0.75,0.5376,0.169,44.035,0.2513,0.5885
test_4347.jpg,720,960,0.6912,0.75,0.2994,0.2024,38.3327,0.4505,0.3706
test_4348.jpg,720,960,0.6912,0.75,0.4506,0.2228,35.7755,0.0975,0.4707
test_4349.jpg,720,979,0.7049,0.7354,0.5065,0.1521,54.5988,0.2974,0.5875
test_4350.jpg,960,720,0.6912,1.3333,0.5087,0.2951,151.5857,0.1608,0.5318
test_4351.jpg,720,960,0.6912,0.75,0.277,0.2094,12.0273,0.213,0.3172
test_4352.jpg,960,720,0.6912,1.3333,0.599,0.2104,57.4023,0.3383,0.7012
test_4353.jpg,1080,720,0.7776,1.5,0.1931,0.1491,4.4452,0.1929,0.2134
test_4354.jpg,960,720,0.6912,1.3333,0.4516,0.177,215.1166,0.2182,0.5111
test_4355.jpg,720,960,0.6912,0.75,0.3945,0.2841,45.1215,0.2468,0.4314
test_4356.jpg,960,720,0.6912,1.3333,0.429,0.1766,3.2469,0.1959,0.4737
test_4357.jpg,960,720,0.6912,1.3333,0.4224,0.1756,14.7144,0.1894,0.4662
test_4358.jpg,960,720,0.6912,1.3333,0.5984,0.2042,38.3873,0.1632,0.6297
test_4359.jpg,720,960,0.6912,0.75,0.3126,0.1053,6.247,0.1116,0.3336
test_4360.jpg,960,720,0.6912,1.3333,0.4571,0.2925,34.5976,0.2242,0.5049
test_4361.jpg,720,960,0.6912,0.75,0.5509,0.258,64.1406,0.2091,0.5908
test_4362.jpg,720,960,0.6912,0.75,0.262,0.179,48.8541,0.3788,0.2956
test_4363.jpg,720,960,0.6912,0.75,0.4232,0.2793,99.7519,0.3423,0.4711
test_4364.jpg,720,1279,0.9209,0.5629,0.5035,0.1966,28.8091,0.2575,0.5649
test_4365.jpg,720,1280,0.9216,0.5625,0.3551,0.236,21.5229,0.587,0.4622
test_4366.jpg,720,1678,1.2082,0.4291,0.4275,0.2474,14.1836,0.3325,0.5099
test_4367.jpg,1583,720,1.1398,2.1986,0.3685,0.1967,352.7216,0.2732,0.4557
test_4368.jpg,1411,720,1.0159,1.9597,0.2908,0.158,210.0588,0.1677,0.3204
test_4369.jpg,720,960,0.6912,0.75,0.6277,0.1974,40.1523,0.1355,0.6495
test_4370.jpg,960,720,0.6912,1.3333,0.3231,0.1433,207.9328,0.3617,0.3961
test_4371.jpg,720,960,0.6912,0.75,0.3413,0.1555,1.5247,0.7953,0.7255
test_4372.jpg,720,960,0.6912,0.75,0.3312,0.1972,18.6023,0.6046,0.4812
test_4373.jpg,720,960,0.6912,0.75,0.4998,0.2534,254.5106,0.218,0.5541
test_4374.jpg,960,720,0.6912,1.3333,0.4427,0.2006,5.5604,0.2267,0.5045
test_4375.jpg,720,960,0.6912,0.75,0.2937,0.2513,291.8547,0.2511,0.3404
test_4376.jpg,720,720,0.5184,1.0,0.4471,0.1913,217.9779,0.4273,0.6076
test_4377.jpg,720,960,0.6912,0.75,0.5055,0.2149,193.9862,0.3602,0.6043
test_4378.jpg,960,720,0.6912,1.3333,0.3764,0.1898,65.1918,0.266,0.4068
test_4379.jpg,720,960,0.6912,0.75,0.53,0.1744,34.3962,0.1944,0.5674
test_4380.jpg,1280,720,0.9216,1.7778,0.442,0.2609,30.0114,0.1443,0.4656
test_4381.jpg,720,960,0.6912,0.75,0.3033,0.2261,81.1675,0.3095,0.3572
test_4382.jpg,720,960,0.6912,0.75,0.479,0.2024,217.027,0.2993,0.6046
test_4383.jpg,960,720,0.6912,1.3333,0.531,0.2408,215.8063,0.1981,0.6013
test_4384.jpg,720,960,0.6912,0.75,0.4546,0.2256,225.6867,0.1739,0.4988
test_4385.jpg,720,960,0.6912,0.75,0.4389,0.1059,214.3353,0.031,0.4438
test_4386.jpg,1280,720,0.9216,1.7778,0.2197,0.2156,281.7303,0.5827,0.3539
test_4387.jpg,720,960,0.6912,0.75,0.2527,0.1702,31.8676,0.2983,0.283
test_4388.jpg,720,960,0.6912,0.75,0.4709,0.2637,229.8237,0.1248,0.5007
test_4389.jpg,720,720,0.5184,1.0,0.5307,0.1893,198.3213,0.1313,0.5645
test_4390.jpg,720,960,0.6912,0.75,0.5412,0.263,101.9727,0.0644,0.5482
test_4391.jpg,720,960,0.6912,0.75,0.5762,0.1684,241.5828,0.0835,0.6036
test_4392.jpg,720,960,0.6912,0.75,0.3911,0.2345,355.9453,0.2537,0.4431
test_4393.jpg,720,960,0.6912,0.75,0.4104,0.2575,28.3338,0.4062,0.4924
test_4394.jpg,720,844,0.6077,0.8531,0.4668,0.2422,185.3292,0.1924,0.5045
test_4395.jpg,720,960,0.6912,0.75,0.468,0.1964,76.0166,0.1266,0.4873
test_4396.jpg,720,960,0.6912,0.75,0.3267,0.2191,316.8385,0.1949,0.367
test_4397.jpg,720,960,0.6912,0.75,0.581,0.2104,41.8652,0.1632,0.622
test_4398.jpg,720,846,0.6091,0.8511,0.4187,0.1518,207.4084,0.0947,0.4365
test_4399.jpg,720,960,0.6912,0.75,0.5967,0.2286,337.5833,0.1669,0.649
test_4400.jpg,960,720,0.6912,1.3333,0.4909,0.2144,19.2499,0.0825,0.5106
test_4401.jpg,720,960,0.6912,0.75,0.483,0.2072,212.4585,0.2052,0.5367
test_4402.jpg,720,960,0.6912,0.75,0.4697,0.2628,108.3407,0.2194,0.498
test_4403.jpg,720,960,0.6912,0.75,0.4727,0.231,65.2697,0.1378,0.5083
test_4404.jpg,720,960,0.6912,0.75,0.5211,0.2189,38.3052,0.2581,0.569
test_4405.jpg,720,960,0.6912,0.75,0.4412,0.2088,15.9081,0.2732,0.5049
test_4406.jpg,720,960,0.6912,0.75,0.5569,0.2513,190.7772,0.1699,0.6054
test_4407.jpg,720,960,0.6912,0.75,0.5152,0.1865,32.938,0.3192,0.5923
test_4408.jpg,720,960,0.6912,0.75,0.4838,0.1879,217.1349,0.2772,0.5922
test_4409.jpg,720,960,0.6912,0.75,0.4905,0.1804,21.0384,0.574,0.6921
test_4410.jpg,751,720,0.5407,1.0431,0.4802,0.224,149.0812,0.2847,0.5404
test_4411.jpg,720,960,0.6912,0.75,0.5177,0.2251,206.7377,0.2033,0.5808
test_4412.jpg,960,720,0.6912,1.3333,0.4405,0.2168,164.6472,0.1489,0.4737
test_4413.jpg,960,720,0.6912,1.3333,0.4764,0.1764,90.68,0.1815,0.5146
test_4414.jpg,960,720,0.6912,1.3333,0.3012,0.2637,226.877,0.5331,0.5025
test_4415.jpg,720,960,0.6912,0.75,0.5204,0.1796,50.5085,0.1625,0.5635
test_4416.jpg,720,960,0.6912,0.75,0.5621,0.2858,22.1544,0.083,0.5805
test_4417.jpg,720,960,0.6912,0.75,0.4661,0.1726,26.0495,0.1407,0.5011
test_4418.jpg,960,720,0.6912,1.3333,0.2678,0.1763,34.0134,0.3316,0.3167
test_4419.jpg,720,960,0.6912,0.75,0.6143,0.273,347.3073,0.1924,0.6691
test_4420.jpg,720,960,0.6912,0.75,0.4104,0.2037,212.5802,0.1876,0.4567
test_4421.jpg,720,960,0.6912,0.75,0.4889,0.2049,210.2555,0.1885,0.547
test_4422.jpg,720,960,0.6912,0.75,0.3394,0.252,307.8121,0.3438,0.4384
test_4423.jpg,720,960,0.6912,0.75,0.4764,0.2231,213.7599,0.2675,0.5648
test_4424.jpg,720,720,0.5184,1.0,0.4321,0.1714,22.5771,0.2497,0.4816
test_4425.jpg,720,1280,0.9216,0.5625,0.3484,0.1931,60.6884,0.2041,0.3755
test_4426.jpg,720,960,0.6912,0.75,0.4523,0.21,282.701,0.0878,0.4722
test_4427.jpg,720,960,0.6912,0.75,0.5586,0.193,43.7115,0.3147,0.6144
test_4428.jpg,720,960,0.6912,0.75,0.2854,0.1608,32.6881,0.2045,0.3038
test_4429.jpg,720,960,0.6912,0.75,0.4923,0.2184,40.3441,0.1655,0.5187
test_4430.jpg,720,960,0.6912,0.75,0.5905,0.2419,27.1917,0.3127,0.6554
test_4431.jpg,720,960,0.6912,0.75,0.4949,0.1612,220.5788,0.3631,0.6419
test_4432.jpg,960,720,0.6912,1.3333,0.3224,0.253,359.0779,0.1653,0.3489
test_4433.jpg,960,720,0.6912,1.3333,0.4963,0.174,45.414,0.193,0.5414
test_4434.jpg,720,960,0.6912,0.75,0.5521,0.2062,215.4811,0.1348,0.5935
test_4435.jpg,1080,720,0.7776,1.5,0.4878,0.2658,92.3563,0.1725,0.5182
test_4436.jpg,720,960,0.6912,0.75,0.3802,0.2009,120.7072,0.2041,0.4075
test_4437.jpg,720,960,0.6912,0.75,0.4029,0.2341,167.7604,0.2378,0.4581
test_4438.jpg,720,960,0.6912,0.75,0.1813,0.1512,51.2527,0.3193,0.2007
test_4439.jpg,960,720,0.6912,1.3333,0.5766,0.1729,35.4741,0.2156,0.628
test_4440.jpg,720,960,0.6912,0.75,0.4737,0.3074,47.389,0.1223,0.4938
test_4441.jpg,720,1279,0.9209,0.5629,0.518,0.1528,208.7819,0.1383,0.5577
test_4442.jpg,1381,720,0.9943,1.9181,0.3013,0.164,132.1245,0.2362,0.3364
test_4443.jpg,960,720,0.6912,1.3333,0.6573,0.2141,346.4438,0.07,0.678
test_4444.jpg,720,1678,1.2082,0.4291,0.5206,0.2405,336.2097,0.2444,0.5759
test_4445.jpg,720,960,0.6912,0.75,0.4866,0.2773,9.3227,0.2793,0.5872
test_4446.jpg,720,960,0.6912,0.75,0.5518,0.2436,206.8019,0.1542,0.6002
test_4447.jpg,960,720,0.6912,1.3333,0.5492,0.2528,50.4082,0.1469,0.5767
test_4448.jpg,960,720,0.6912,1.3333,0.3238,0.1826,82.4774,0.1854,0.3562
test_4449.jpg,960,720,0.6912,1.3333,0.352,0.1967,23.6866,0.2838,0.4128
test_4450.jpg,720,1600,1.152,0.45,0.447,0.2551,197.6055,0.2112,0.4963
test_4451.jpg,720,960,0.6912,0.75,0.3876,0.2346,19.4468,0.375,0.4649
test_4452.jpg,720,1278,0.9202,0.5634,0.6246,0.0606,34.3645,0.236,0.6818
test_4453.jpg,720,960,0.6912,0.75,0.4656,0.2094,278.2301,0.0439,0.4737
test_4454.jpg,720,960,0.6912,0.75,0.4726,0.1737,36.5692,0.2765,0.534
test_4455.jpg,720,960,0.6912,0.75,0.5092,0.2318,72.4313,0.1647,0.5413
test_4456.jpg,720,960,0.6912,0.75,0.4794,0.2002,34.1758,0.1104,0.499
test_4457.jpg,720,1279,0.9209,0.5629,0.3466,0.1808,60.6036,0.098,0.3598
test_4458.jpg,960,720,0.6912,1.3333,0.3771,0.2277,182.9048,0.2365,0.4163
test_4459.jpg,720,960,0.6912,0.75,0.5144,0.2083,18.8011,0.2458,0.5762
test_4460.jpg,720,960,0.6912,0.75,0.4739,0.2038,332.658,0.1862,0.5219
test_4461.jpg,720,960,0.6912,0.75,0.3617,0.1921,6.5245,0.5271,0.5279
test_4462.jpg,720,960,0.6912,0.75,0.6048,0.1923,43.0862,0.0827,0.6167
test_4463.jpg,720,1280,0.9216,0.5625,0.4955,0.2071,195.2626,0.1646,0.5398
test_4464.jpg,720,960,0.6912,0.75,0.414,0.2418,278.2077,0.4341,0.5553
test_4465.jpg,960,720,0.6912,1.3333,0.4318,0.1767,103.1086,0.1466,0.4613
test_4466.jpg,720,960,0.6912,0.75,0.5638,0.1617,55.8712,0.129,0.5872
test_4467.jpg,960,720,0.6912,1.3333,0.4356,0.193,23.8591,0.1079,0.4637
test_4468.jpg,720,960,0.6912,0.75,0.452,0.2124,150.5239,0.2158,0.4883
test_4469.jpg,720,960,0.6912,0.75,0.3966,0.1744,21.9018,0.2645,0.4547
test_4470.jpg,720,960,0.6912,0.75,0.4668,0.2562,186.002,0.1158,0.4952
test_4471.jpg,720,960,0.6912,0.75,0.4946,0.1723,15.05,0.2615,0.5628
test_4472.jpg,720,720,0.5184,1.0,0.5623,0.1679,46.6368,0.3213,0.6147
test_4473.jpg,720,960,0.6912,0.75,0.355,0.202,21.3862,0.2706,0.3939
test_4474.jpg,720,960,0.6912,0.75,0.5421,0.1839,206.053,0.1538,0.5912
test_4475.jpg,960,720,0.6912,1.3333,0.4755,0.2574,23.3493,0.1847,0.5128
test_4476.jpg,720,1279,0.9209,0.5629,0.4601,0.2296,231.2867,0.36,0.5663
test_4477.jpg,720,960,0.6912,0.75,0.501,0.2327,64.6332,0.1831,0.5272
test_4478.jpg,720,960,0.6912,0.75,0.3233,0.1517,22.5111,0.3308,0.421
test_4479.jpg,720,1279,0.9209,0.5629,0.2465,0.1859,125.8246,0.2928,0.2759
test_4480.jpg,720,960,0.6912,0.75,0.4276,0.2206,18.5006,0.2147,0.4803
test_4481.jpg,720,960,0.6912,0.75,0.5104,0.2386,34.6986,0.258,0.5542
test_4482.jpg,960,720,0.6912,1.3333,0.5553,0.1374,23.1783,0.2096,0.6124
test_4483.jpg,720,960,0.6912,0.75,0.4421,0.2688,190.2919,0.4205,0.5126
test_4484.jpg,720,748,0.5386,0.9626,0.5578,0.2097,35.7286,0.5342,0.6988
test_4485.jpg,720,960,0.6912,0.75,0.4684,0.1884,114.4369,0.2238,0.5045
test_4486.jpg,1009,720,0.7265,1.4014,0.4845,0.1077,31.8122,0.1555,0.5147
test_4487.jpg,720,960,0.6912,0.75,0.5183,0.2686,38.1073,0.4013,0.5885
test_4488.jpg,720,960,0.6912,0.75,0.4798,0.2464,83.093,0.2713,0.5349
test_4489.jpg,720,960,0.6912,0.75,0.5858,0.2881,30.526,0.1646,0.6148
test_4490.jpg,720,960,0.6912,0.75,0.5598,0.1747,43.032,0.3441,0.62
test_4491.jpg,1320,720,0.9504,1.8333,0.5216,0.1964,67.3818,0.0804,0.5404
test_4492.jpg,1280,720,0.9216,1.7778,0.4005,0.1381,30.2167,0.1163,0.4235
test_4493.jpg,720,960,0.6912,0.75,0.3647,0.213,278.863,0.3241,0.4704
test_4494.jpg,720,960,0.6912,0.75,0.5011,0.2002,238.689,0.1942,0.5534
test_4495.jpg,960,720,0.6912,1.3333,0.4886,0.2187,13.2381,0.1205,0.5233
test_4496.jpg,720,960,0.6912,0.75,0.4186,0.2517,199.0618,0.1766,0.4498
test_4497.jpg,720,936,0.6739,0.7692,0.4542,0.2651,31.8587,0.262,0.5043
test_4498.jpg,960,720,0.6912,1.3333,0.3635,0.1882,77.7106,0.424,0.4472
test_4499.jpg,720,960,0.6912,0.75,0.6132,0.2119,39.9003,0.1377,0.6353
test_4500.jpg,720,960,0.6912,0.75,0.4801,0.2467,14.9532,0.353,0.5782
test_4501.jpg,720,960,0.6912,0.75,0.4887,0.2341,212.9137,0.1509,0.5366
test_4502.jpg,720,960,0.6912,0.75,0.3014,0.2153,50.6731,0.3191,0.3419
test_4503.jpg,720,960,0.6912,0.75,0.5649,0.2004,38.016,0.1043,0.5843
test_4504.jpg,720,960,0.6912,0.75,0.72,0.2552,215.3962,0.1541,0.7846
test_4505.jpg,720,960,0.6912,0.75,0.4798,0.241,51.6544,0.1753,0.5192
test_4506.jpg,720,960,0.6912,0.75,0.5105,0.1963,10.8085,0.1341,0.5408
test_4507.jpg,720,960,0.6912,0.75,0.4544,0.1966,50.5563,0.2288,0.5064
test_4508.jpg,960,720,0.6912,1.3333,0.5036,0.2301,217.3139,0.1534,0.5481
test_4509.jpg,960,720,0.6912,1.3333,0.4359,0.1844,342.1427,0.129,0.4676
test_4510.jpg,960,720,0.6912,1.3333,0.436,0.1996,33.5706,0.2163,0.4842
test_4511.jpg,720,960,0.6912,0.75,0.5873,0.199,216.4895,0.1474,0.6535
test_4512.jpg,720,960,0.6912,0.75,0.6833,0.2302,40.4978,0.233,0.7485
test_4513.jpg,960,720,0.6912,1.3333,0.5401,0.2176,66.4314,0.0995,0.5604
test_4514.jpg,720,960,0.6912,0.75,0.5113,0.2776,283.2429,0.1719,0.5631
test_4515.jpg,720,960,0.6912,0.75,0.472,0.2446,357.8419,0.2396,0.5541
test_4516.jpg,960,720,0.6912,1.3333,0.5739,0.1926,292.9073,0.1258,0.6085
test_4517.jpg,960,720,0.6912,1.3333,0.5013,0.2364,348.634,0.2307,0.5673
test_4518.jpg,720,960,0.6912,0.75,0.5189,0.2647,295.4408,0.1391,0.5566
test_4519.jpg,895,720,0.6444,1.2431,0.4491,0.2148,16.4594,0.4155,0.5984
test_4520.jpg,720,960,0.6912,0.75,0.5236,0.2116,36.446,0.1126,0.5481
test_4521.jpg,720,960,0.6912,0.75,0.3268,0.2303,9.4496,0.5346,0.4423
test_4522.jpg,1143,720,0.823,1.5875,0.5695,0.232,204.1353,0.3924,0.719
test_4523.jpg,720,960,0.6912,0.75,0.5591,0.224,175.8901,0.0818,0.5746
test_4524.jpg,960,720,0.6912,1.3333,0.5187,0.2846,201.8772,0.1813,0.5651
test_4525.jpg,720,1558,1.1218,0.4621,0.4906,0.2116,16.5743,0.1672,0.531
test_4526.jpg,1558,720,1.1218,2.1639,0.4497,0.208,237.907,0.125,0.4806
test_4527.jpg,720,960,0.6912,0.75,0.5972,0.2244,38.6505,0.1943,0.6452
test_4528.jpg,720,960,0.6912,0.75,0.3728,0.1678,7.3004,0.3887,0.4636
test_4529.jpg,857,720,0.617,1.1903,0.4448,0.231,276.4885,0.2429,0.5377
test_4530.jpg,1278,720,0.9202,1.775,0.5771,0.1649,96.5187,0.0544,0.5831
test_4531.jpg,960,720,0.6912,1.3333,0.5635,0.2653,199.3133,0.1986,0.6138
test_4532.jpg,720,960,0.6912,0.75,0.4233,0.1946,165.1992,0.2258,0.4809
test_4533.jpg,1362,720,0.9806,1.8917,0.3092,0.1976,318.4903,0.3296,0.3694
test_4534.jpg,720,960,0.6912,0.75,0.6035,0.2356,353.0074,0.1931,0.6577
test_4535.jpg,720,960,0.6912,0.75,0.495,0.184,30.5138,0.2462,0.5469
test_4536.jpg,720,960,0.6912,0.75,0.4727,0.2101,85.4928,0.3049,0.5481
test_4537.jpg,720,960,0.6912,0.75,0.4206,0.1686,22.6541,0.3876,0.5104
test_4538.jpg,720,960,0.6912,0.75,0.6141,0.1606,301.7355,0.1234,0.6515
test_4539.jpg,720,1280,0.9216,0.5625,0.2568,0.1828,29.2526,0.1338,0.276
test_4540.jpg,1320,720,0.9504,1.8333,0.5258,0.314,29.227,0.2962,0.5809
test_4541.jpg,720,960,0.6912,0.75,0.2878,0.1913,81.7058,0.2945,0.3205
test_4542.jpg,720,1279,0.9209,0.5629,0.6231,0.2201,288.0089,0.0956,0.6471
test_4543.jpg,720,960,0.6912,0.75,0.4314,0.2448,19.7051,0.2974,0.4934
test_4544.jpg,960,720,0.6912,1.3333,0.4507,0.2572,212.3165,0.1937,0.4917
test_4545.jpg,720,960,0.6912,0.75,0.6456,0.1964,358.8339,0.2363,0.7296
test_4546.jpg,1280,720,0.9216,1.7778,0.4775,0.237,68.1675,0.2127,0.5098
test_4547.jpg,720,960,0.6912,0.75,0.6585,0.1557,38.8297,0.0841,0.6855
test_4548.jpg,965,720,0.6948,1.3403,0.3411,0.2577,353.1373,0.2662,0.3954
test_4549.jpg,720,960,0.6912,0.75,0.4296,0.2435,22.8055,0.3649,0.5677
test_4550.jpg,726,720,0.5227,1.0083,0.4168,0.2243,48.3481,0.3083,0.4607
test_4551.jpg,960,720,0.6912,1.3333,0.2959,0.2221,56.0142,0.2623,0.3147
test_4552.jpg,720,960,0.6912,0.75,0.4749,0.2435,210.8716,0.2683,0.5515
test_4553.jpg,720,720,0.5184,1.0,0.3644,0.1992,203.8169,0.233,0.4143
test_4554.jpg,720,960,0.6912,0.75,0.5555,0.2059,27.0626,0.2237,0.6047
test_4555.jpg,720,1280,0.9216,0.5625,0.3163,0.1809,190.5498,0.2331,0.3582
test_4556.jpg,720,960,0.6912,0.75,0.5087,0.2266,35.9387,0.1441,0.5384
test_4557.jpg,960,720,0.6912,1.3333,0.4395,0.2094,83.3686,0.1934,0.4831
test_4558.jpg,960,720,0.6912,1.3333,0.4591,0.2148,215.7576,0.2369,0.5256
test_4559.jpg,720,960,0.6912,0.75,0.5497,0.1651,5.108,0.2491,0.6486
test_4560.jpg,720,1279,0.9209,0.5629,0.3783,0.2451,222.7476,0.2192,0.4174
test_4561.jpg,720,960,0.6912,0.75,0.3828,0.2192,129.7546,0.1625,0.4046
test_4562.jpg,960,720,0.6912,1.3333,0.4913,0.2729,345.948,0.1561,0.5293
test_4563.jpg,720,960,0.6912,0.75,0.5103,0.2197,72.358,0.1576,0.5445
test_4564.jpg,720,960,0.6912,0.75,0.4267,0.2022,199.9568,0.3123,0.5221
test_4565.jpg,720,960,0.6912,0.75,0.3581,0.2189,44.9728,0.2069,0.3912
test_4566.jpg,720,1559,1.1225,0.4618,0.4679,0.1734,43.5798,0.0803,0.4815
test_4567.jpg,720,960,0.6912,0.75,0.5041,0.2681,48.9002,0.3354,0.5623
test_4568.jpg,960,720,0.6912,1.3333,0.5825,0.2316,27.1822,0.179,0.6218
test_4569.jpg,720,960,0.6912,0.75,0.5327,0.2154,75.7688,0.127,0.5503
test_4570.jpg,720,960,0.6912,0.75,0.4028,0.2509,45.0068,0.2856,0.4439
test_4571.jpg,720,960,0.6912,0.75,0.4609,0.1827,52.9986,0.1471,0.4883
test_4572.jpg,960,720,0.6912,1.3333,0.4024,0.1948,23.7824,0.3191,0.47
test_4573.jpg,1320,720,0.9504,1.8333,0.3997,0.2902,52.0911,0.2057,0.4264
test_4574.jpg,720,960,0.6912,0.75,0.5134,0.2232,40.3242,0.064,0.5224
test_4575.jpg,720,960,0.6912,0.75,0.4898,0.1842,207.3002,0.1544,0.5322
test_4576.jpg,720,1279,0.9209,0.5629,0.4972,0.1705,21.9486,0.2346,0.5623
test_4577.jpg,720,960,0.6912,0.75,0.6818,0.1666,74.538,0.1131,0.7018
test_4578.jpg,720,960,0.6912,0.75,0.6357,0.1842,48.1867,0.1713,0.6859
test_4579.jpg,960,720,0.6912,1.3333,0.4987,0.2637,33.7682,0.2672,0.553
test_4580.jpg,720,1558,1.1218,0.4621,0.6921,0.2156,352.9833,0.1263,0.7325
test_4581.jpg,720,720,0.5184,1.0,0.4508,0.1788,24.3116,0.2211,0.5144
test_4582.jpg,720,960,0.6912,0.75,0.3398,0.2454,303.3482,0.2522,0.3922
test_4583.jpg,720,960,0.6912,0.75,0.4615,0.1597,211.151,0.4544,0.6326
test_4584.jpg,720,960,0.6912,0.75,0.4836,0.2645,24.599,0.358,0.5507
test_4585.jpg,720,960,0.6912,0.75,0.4963,0.323,24.9819,0.1402,0.5226
test_4586.jpg,1280,720,0.9216,1.7778,0.543,0.2442,31.5314,0.1762,0.5812
test_4587.jpg,720,960,0.6912,0.75,0.517,0.277,28.2641,0.312,0.5898
test_4588.jpg,720,960,0.6912,0.75,0.541,0.2749,32.9614,0.2685,0.6054
test_4589.jpg,1080,720,0.7776,1.5,0.4537,0.2466,191.6474,0.3253,0.5349
test_4590.jpg,960,720,0.6912,1.3333,0.4702,0.2165,17.2582,0.263,0.529
test_4591.jpg,720,720,0.5184,1.0,0.5572,0.3302,44.4907,0.1042,0.5774
test_4592.jpg,960,720,0.6912,1.3333,0.2691,0.1815,134.1728,0.363,0.3118
test_4593.jpg,960,720,0.6912,1.3333,0.3827,0.2242,342.6136,0.3145,0.4616
test_4594.jpg,1279,720,0.9209,1.7764,0.4647,0.1897,196.9521,0.2,0.5126
test_4595.jpg,720,960,0.6912,0.75,0.4844,0.2284,63.9468,0.2605,0.5329
test_4596.jpg,720,1374,0.9893,0.524,0.5161,0.187,43.3661,0.3947,0.5952
test_4597.jpg,720,960,0.6912,0.75,0.4431,0.2682,65.1584,0.3153,0.5172
test_4598.jpg,720,960,0.6912,0.75,0.442,0.2338,216.7084,0.4321,0.5842
test_4599.jpg,960,720,0.6912,1.3333,0.356,0.2231,8.1995,0.2077,0.4085
test_4600.jpg,720,720,0.5184,1.0,0.3261,0.2008,337.6002,0.4221,0.443
test_4601.jpg,720,960,0.6912,0.75,0.4594,0.2473,45.8808,0.1989,0.4973
test_4602.jpg,720,960,0.6912,0.75,0.5293,0.1842,208.7221,0.2644,0.6176
test_4603.jpg,720,960,0.6912,0.75,0.5125,0.2559,102.1332,0.1746,0.5446
test_4604.jpg,720,960,0.6912,0.75,0.493,0.1765,32.9589,0.2538,0.5577
test_4605.jpg,1100,720,0.792,1.5278,0.2634,0.233,38.408,0.5316,0.3093
test_4606.jpg,720,960,0.6912,0.75,0.6049,0.1748,110.3593,0.0526,0.6124
test_4607.jpg,720,960,0.6912,0.75,0.596,0.2583,32.2448,0.267,0.6526
test_4608.jpg,720,960,0.6912,0.75,0.4672,0.2679,153.4518,0.3711,0.5523
test_4609.jpg,720,960,0.6912,0.75,0.6534,0.2574,220.2679,0.1089,0.6849
test_4610.jpg,960,720,0.6912,1.3333,0.578,0.2505,59.0645,0.1157,0.6022
test_4611.jpg,720,960,0.6912,0.75,0.4443,0.1477,39.1179,0.0483,0.4526
test_4612.jpg,720,960,0.6912,0.75,0.1972,0.1964,92.2985,0.2021,0.2093
test_4613.jpg,720,960,0.6912,0.75,0.3337,0.2101,308.9219,0.4624,0.4496
test_4614.jpg,720,720,0.5184,1.0,0.4653,0.1965,30.5185,0.1908,0.5063
test_4615.jpg,1320,720,0.9504,1.8333,0.3804,0.2442,44.2507,0.3864,0.4433
test_4616.jpg,720,843,0.607,0.8541,0.5494,0.1898,98.7956,0.1212,0.5687
test_4617.jpg,720,960,0.6912,0.75,0.4868,0.2243,41.6285,0.1888,0.5295
test_4618.jpg,960,720,0.6912,1.3333,0.4417,0.2513,208.7106,0.3221,0.5575
test_4619.jpg,720,720,0.5184,1.0,0.59,0.1852,30.8828,0.2549,0.6517
test_4620.jpg,720,960,0.6912,0.75,0.3941,0.2081,23.7219,0.4063,0.4969
test_4621.jpg,720,960,0.6912,0.75,0.478,0.2505,175.7845,0.1613,0.4989
test_4622.jpg,720,960,0.6912,0.75,0.5475,0.2478,224.96,0.1202,0.5687
test_4623.jpg,720,720,0.5184,1.0,0.5212,0.1783,38.317,0.1265,0.549
test_4624.jpg,720,960,0.6912,0.75,0.4698,0.183,48.3188,0.197,0.5013
test_4625.jpg,720,960,0.6912,0.75,0.3911,0.2951,236.2912,0.4618,0.5317
test_4626.jpg,720,960,0.6912,0.75,0.4847,0.272,31.5424,0.193,0.5127
test_4627.jpg,720,960,0.6912,0.75,0.3734,0.2633,323.7399,0.2663,0.4186
test_4628.jpg,960,720,0.6912,1.3333,0.5498,0.1852,185.7149,0.1253,0.5812
test_4629.jpg,960,720,0.6912,1.3333,0.4678,0.2526,27.386,0.2928,0.5327
test_4630.jpg,1440,720,1.0368,2.0,0.352,0.2515,292.7224,0.4576,0.4685
test_4631.jpg,720,960,0.6912,0.75,0.3886,0.2657,10.5292,0.2101,0.4281
test_4632.jpg,720,960,0.6912,0.75,0.57,0.2352,198.6136,0.0989,0.5889
test_4633.jpg,960,720,0.6912,1.3333,0.3875,0.2592,17.5017,0.2446,0.4494
test_4634.jpg,720,960,0.6912,0.75,0.3696,0.2604,322.8546,0.3037,0.4629
test_4635.jpg,720,960,0.6912,0.75,0.6342,0.2169,38.6626,0.1162,0.6675
test_4636.jpg,720,960,0.6912,0.75,0.5125,0.2463,13.0501,0.2246,0.5765
test_4637.jpg,720,960,0.6912,0.75,0.5276,0.223,26.1677,0.2087,0.579
test_4638.jpg,720,960,0.6912,0.75,0.6054,0.145,55.8936,0.0224,0.6084
test_4639.jpg,720,960,0.6912,0.75,0.432,0.2114,226.1907,0.264,0.5083
test_4640.jpg,720,960,0.6912,0.75,0.5152,0.1971,302.3946,0.2216,0.5859
test_4641.jpg,1280,720,0.9216,1.7778,0.5787,0.2833,305.7653,0.2138,0.6343
test_4642.jpg,720,1558,1.1218,0.4621,0.6569,0.2059,201.1917,0.0749,0.6819
test_4643.jpg,720,960,0.6912,0.75,0.4969,0.1851,52.062,0.2015,0.5365
test_4644.jpg,1558,720,1.1218,2.1639,0.4382,0.2118,97.1211,0.1705,0.4691
test_4645.jpg,960,720,0.6912,1.3333,0.5065,0.2147,19.849,0.2621,0.5861
test_4646.jpg,720,960,0.6912,0.75,0.4754,0.2349,86.1054,0.1901,0.5046
test_4647.jpg,720,960,0.6912,0.75,0.4471,0.2438,250.0608,0.2487,0.5134
test_4648.jpg,720,960,0.6912,0.75,0.2548,0.2173,52.405,0.3992,0.2932
test_4649.jpg,720,960,0.6912,0.75,0.5265,0.2307,126.8778,0.1307,0.5599
test_4650.jpg,720,960,0.6912,0.75,0.6182,0.2597,140.5545,0.1608,0.6532
test_4651.jpg,1609,720,1.1585,2.2347,0.4313,0.2303,195.6572,0.4909,0.5521
test_4652.jpg,720,1279,0.9209,0.5629,0.5873,0.145,23.4831,0.1906,0.6499
test_4653.jpg,960,720,0.6912,1.3333,0.5409,0.2556,323.766,0.1473,0.5797
test_4654.jpg,720,1279,0.9209,0.5629,0.6248,0.2499,31.7263,0.1528,0.6697
test_4655.jpg,720,1280,0.9216,0.5625,0.5015,0.2438,28.5603,0.4091,0.6058
test_4656.jpg,1279,720,0.9209,1.7764,0.4008,0.2038,6.7122,0.3283,0.4799
test_4657.jpg,720,960,0.6912,0.75,0.1993,0.1431,13.1599,0.2612,0.2297
test_4658.jpg,720,1280,0.9216,0.5625,0.5283,0.2687,24.2862,0.196,0.5857
test_4659.jpg,720,960,0.6912,0.75,0.5496,0.1679,34.7807,0.2731,0.6091
test_4660.jpg,720,960,0.6912,0.75,0.4626,0.1987,229.3055,0.1934,0.511
test_4661.jpg,720,960,0.6912,0.75,0.5397,0.2104,36.0816,0.3249,0.6174
test_4662.jpg,720,960,0.6912,0.75,0.3721,0.2313,19.9819,0.3655,0.449
test_4663.jpg,720,1280,0.9216,0.5625,0.567,0.2058,25.9514,0.104,0.5841
test_4664.jpg,720,1279,0.9209,0.5629,0.3974,0.1961,37.1395,0.1389,0.4155
test_4665.jpg,720,1280,0.9216,0.5625,0.2903,0.1456,34.4178,0.5267,0.3637
test_4666.jpg,720,960,0.6912,0.75,0.3437,0.2319,2.2126,0.2879,0.4199
test_4667.jpg,720,1279,0.9209,0.5629,0.336,0.2378,83.1548,0.2745,0.3642
test_4668.jpg,720,960,0.6912,0.75,0.4796,0.2201,37.9055,0.1948,0.5192
test_4669.jpg,720,720,0.5184,1.0,0.3635,0.2544,231.6319,0.5143,0.5468
test_4670.jpg,720,960,0.6912,0.75,0.3429,0.2239,45.2802,0.3124,0.4133
test_4671.jpg,720,960,0.6912,0.75,0.6844,0.2211,224.2988,0.0785,0.7007
test_4672.jpg,720,960,0.6912,0.75,0.3422,0.2751,173.6506,0.2668,0.3775
test_4673.jpg,720,1280,0.9216,0.5625,0.5342,0.2577,34.1079,0.2338,0.5798
test_4674.jpg,960,720,0.6912,1.3333,0.3762,0.2007,135.9167,0.1711,0.4062
test_4675.jpg,720,960,0.6912,0.75,0.4156,0.2283,251.131,0.1512,0.4508
test_4676.jpg,720,1279,0.9209,0.5629,0.4007,0.2035,197.9894,0.1265,0.4273
test_4677.jpg,720,1280,0.9216,0.5625,0.3199,0.128,47.9328,0.2077,0.337
test_4678.jpg,720,960,0.6912,0.75,0.4769,0.2223,84.0349,0.1934,0.5145
test_4679.jpg,720,1280,0.9216,0.5625,0.4387,0.2738,203.514,0.1587,0.4695
test_4680.jpg,720,1565,1.1268,0.4601,0.4144,0.3455,64.7623,0.0989,0.4194
test_4681.jpg,720,960,0.6912,0.75,0.465,0.2558,18.1425,0.1119,0.4981
test_4682.jpg,959,720,0.6905,1.3319,0.4536,0.2327,83.5783,0.2202,0.4995
test_4683.jpg,720,960,0.6912,0.75,0.4886,0.2132,83.9217,0.1926,0.5191
test_4684.jpg,960,720,0.6912,1.3333,0.5073,0.1407,35.1732,0.2451,0.5512
test_4685.jpg,720,960,0.6912,0.75,0.5919,0.1752,14.4265,0.1473,0.6355
test_4686.jpg,720,960,0.6912,0.75,0.6061,0.2211,194.7048,0.1864,0.6582
test_4687.jpg,720,769,0.5537,0.9363,0.4656,0.2252,9.771,0.2035,0.517
test_4688.jpg,960,720,0.6912,1.3333,0.4742,0.2008,34.6912,0.3037,0.535
test_4689.jpg,720,960,0.6912,0.75,0.3912,0.2155,141.7781,0.3013,0.4707
test_4690.jpg,720,960,0.6912,0.75,0.6187,0.2,66.0469,0.099,0.6336
test_4691.jpg,720,960,0.6912,0.75,0.4848,0.2552,206.981,0.1313,0.5044
test_4692.jpg,720,960,0.6912,0.75,0.4644,0.1676,27.6106,0.23,0.5111
test_4693.jpg,720,1161,0.8359,0.6202,0.3104,0.136,28.1366,0.2892,0.3524
test_4694.jpg,720,960,0.6912,0.75,0.5129,0.2284,15.2482,0.1708,0.5541
test_4695.jpg,919,720,0.6617,1.2764,0.5115,0.2732,215.3861,0.2976,0.6118
test_4696.jpg,720,960,0.6912,0.75,0.5144,0.2618,31.5933,0.282,0.5678
test_4697.jpg,720,981,0.7063,0.7339,0.5568,0.2412,209.318,0.2315,0.6305
test_4698.jpg,720,960,0.6912,0.75,0.4805,0.165,25.513,0.1785,0.5233
test_4699.jpg,960,720,0.6912,1.3333,0.5219,0.1791,155.5151,0.2064,0.5821
test_4700.jpg,720,960,0.6912,0.75,0.5646,0.1687,38.2244,0.045,0.5713
test_4701.jpg,720,960,0.6912,0.75,0.5083,0.226,42.9243,0.1375,0.534
test_4702.jpg,720,960,0.6912,0.75,0.4333,0.2631,226.5594,0.2654,0.5041
test_4703.jpg,720,960,0.6912,0.75,0.5103,0.2307,327.6629,0.188,0.5753
test_4704.jpg,720,1039,0.7481,0.693,0.7345,0.1272,27.9131,0.1241,0.7738
test_4705.jpg,960,720,0.6912,1.3333,0.4085,0.2298,15.5206,0.231,0.4823
test_4706.jpg,1279,720,0.9209,1.7764,0.4643,0.2363,225.4266,0.1674,0.5034
test_4707.jpg,720,960,0.6912,0.75,0.5007,0.1123,222.2271,0.1382,0.5537
test_4708.jpg,720,960,0.6912,0.75,0.4961,0.233,221.0833,0.122,0.5378
test_4709.jpg,720,960,0.6912,0.75,0.5577,0.2633,212.8022,0.2048,0.6206
test_4710.jpg,720,960,0.6912,0.75,0.4572,0.265,23.9442,0.3292,0.5246
test_4711.jpg,720,960,0.6912,0.75,0.5259,0.1854,36.7606,0.0994,0.5433
test_4712.jpg,720,960,0.6912,0.75,0.7109,0.106,32.7596,0.1031,0.7389
test_4713.jpg,960,720,0.6912,1.3333,0.3973,0.2347,169.7969,0.2083,0.4446
test_4714.jpg,1280,720,0.9216,1.7778,0.3443,0.2387,66.5496,0.2086,0.3786
test_4715.jpg,720,1280,0.9216,0.5625,0.2171,0.1868,312.4993,0.1957,0.2401
test_4716.jpg,720,960,0.6912,0.75,0.4535,0.2861,70.9783,0.0849,0.4661
test_4717.jpg,960,720,0.6912,1.3333,0.4643,0.2088,17.149,0.1224,0.4909
test_4718.jpg,720,960,0.6912,0.75,0.4338,0.2582,29.727,0.2969,0.4901
test_4719.jpg,960,720,0.6912,1.3333,0.4877,0.2237,29.0645,0.2614,0.5535
test_4720.jpg,720,720,0.5184,1.0,0.2925,0.3306,244.9942,0.4388,0.3853
test_4721.jpg,720,960,0.6912,0.75,0.3874,0.2004,305.4188,0.3708,0.4999
test_4722.jpg,960,720,0.6912,1.3333,0.4647,0.2588,213.015,0.4286,0.6194
test_4723.jpg,720,960,0.6912,0.75,0.4321,0.2203,44.6592,0.2539,0.4841
test_4724.jpg,720,960,0.6912,0.75,0.4114,0.3239,63.3763,0.2368,0.4281
test_4725.jpg,960,720,0.6912,1.3333,0.4822,0.2265,20.4893,0.2103,0.534
test_4726.jpg,960,720,0.6912,1.3333,0.188,0.174,54.129,0.3037,0.2111
test_4727.jpg,1323,720,0.9526,1.8375,0.4597,0.2488,38.9646,0.3005,0.5182
test_4728.jpg,720,960,0.6912,0.75,0.5258,0.2051,56.2325,0.1861,0.5717
test_4729.jpg,720,748,0.5386,0.9626,0.511,0.1829,33.957,0.2881,0.5656
test_4730.jpg,1280,720,0.9216,1.7778,0.4853,0.2681,200.2887,0.2489,0.5605
test_4731.jpg,960,720,0.6912,1.3333,0.4544,0.2342,196.01,0.3345,0.5658
test_4732.jpg,720,960,0.6912,0.75,0.5005,0.2163,28.5563,0.1679,0.5413
test_4733.jpg,720,1280,0.9216,0.5625,0.4808,0.2464,38.334,0.1884,0.5149
test_4734.jpg,720,1279,0.9209,0.5629,0.4496,0.2117,130.1945,0.3157,0.5286
test_4735.jpg,1279,720,0.9209,1.7764,0.6702,0.2699,33.8764,0.0665,0.68
test_4736.jpg,720,860,0.6192,0.8372,0.4143,0.2706,46.368,0.289,0.4884
test_4737.jpg,720,960,0.6912,0.75,0.4334,0.2212,57.7052,0.2351,0.4711
test_4738.jpg,720,960,0.6912,0.75,0.3847,0.2435,195.9299,0.39,0.479
test_4739.jpg,720,960,0.6912,0.75,0.5295,0.1908,30.5089,0.2277,0.597
test_4740.jpg,720,960,0.6912,0.75,0.4678,0.1691,205.3201,0.2569,0.5441
test_4741.jpg,720,960,0.6912,0.75,0.6174,0.1686,36.4652,0.2129,0.6611
test_4742.jpg,1558,720,1.1218,2.1639,0.4971,0.17,336.5366,0.169,0.5527
test_4743.jpg,720,960,0.6912,0.75,0.4671,0.1818,26.1562,0.3069,0.5444
test_4744.jpg,720,960,0.6912,0.75,0.481,0.2117,124.7286,0.1879,0.5223
test_4745.jpg,1080,720,0.7776,1.5,0.472,0.2271,44.2375,0.2324,0.5222
test_4746.jpg,720,960,0.6912,0.75,0.4515,0.2685,68.0454,0.1612,0.4848
test_4747.jpg,720,960,0.6912,0.75,0.3008,0.1679,46.79,0.2679,0.3223
test_4748.jpg,720,960,0.6912,0.75,0.4317,0.2192,120.479,0.1845,0.4608
test_4749.jpg,720,960,0.6912,0.75,0.4877,0.2618,23.9531,0.1917,0.5273
test_4750.jpg,720,960,0.6912,0.75,0.5639,0.2443,208.9452,0.1135,0.5903
test_4751.jpg,960,720,0.6912,1.3333,0.5332,0.237,157.0745,0.2087,0.57
test_4752.jpg,720,960,0.6912,0.75,0.3946,0.2082,14.2804,0.3467,0.4801
test_4753.jpg,720,720,0.5184,1.0,0.2696,0.1714,241.4893,0.2254,0.3137
test_4754.jpg,720,960,0.6912,0.75,0.528,0.2212,343.8022,0.159,0.5732
test_4755.jpg,1598,720,1.1506,2.2194,0.2842,0.1626,344.0458,0.2827,0.3371
test_4756.jpg,720,960,0.6912,0.75,0.4615,0.2209,188.1759,0.2383,0.5154
test_4757.jpg,720,960,0.6912,0.75,0.4881,0.1901,21.5045,0.2724,0.5557
test_4758.jpg,720,1279,0.9209,0.5629,0.3428,0.157,10.5554,0.3044,0.3997
test_4759.jpg,720,951,0.6847,0.7571,0.3235,0.2578,20.8839,0.1954,0.3701
test_4760.jpg,720,960,0.6912,0.75,0.5437,0.2871,122.2578,0.2093,0.5801
test_4761.jpg,720,960,0.6912,0.75,0.51,0.2109,25.2234,0.2569,0.5652
test_4762.jpg,720,960,0.6912,0.75,0.6545,0.1615,33.9531,0.2504,0.7075
test_4763.jpg,720,960,0.6912,0.75,0.5664,0.2395,166.6981,0.0904,0.5786
test_4764.jpg,720,960,0.6912,0.75,0.435,0.2176,39.1518,0.3445,0.4921
test_4765.jpg,960,720,0.6912,1.3333,0.5128,0.2126,209.1956,0.2199,0.5935
test_4766.jpg,720,960,0.6912,0.75,0.4766,0.2092,212.8449,0.3315,0.5694
test_4767.jpg,720,720,0.5184,1.0,0.7202,0.1094,207.2624,0.1576,0.785
test_4768.jpg,720,826,0.5947,0.8717,0.4732,0.2298,29.1342,0.2008,0.5058
test_4769.jpg,720,960,0.6912,0.75,0.4348,0.1853,226.4841,0.3361,0.5626
test_4770.jpg,960,720,0.6912,1.3333,0.592,0.2019,18.0372,0.0382,0.5989
test_4771.jpg,720,960,0.6912,0.75,0.5498,0.1645,17.9482,0.0841,0.5787
test_4772.jpg,720,960,0.6912,0.75,0.4946,0.1884,35.7944,0.0937,0.5152
test_4773.jpg,720,960,0.6912,0.75,0.5531,0.2342,19.1586,0.33,0.6616
test_4774.jpg,720,960,0.6912,0.75,0.4376,0.2295,337.4136,0.1542,0.4688
test_4775.jpg,720,960,0.6912,0.75,0.3662,0.244,49.9848,0.2173,0.402
test_4776.jpg,960,720,0.6912,1.3333,0.3699,0.2499,0.3045,0.2925,0.4358
test_4777.jpg,720,960,0.6912,0.75,0.4407,0.2499,38.3575,0.1395,0.4644
test_4778.jpg,720,960,0.6912,0.75,0.5457,0.213,196.3581,0.2551,0.6191
test_4779.jpg,720,960,0.6912,0.75,0.3777,0.2271,291.0338,0.5339,0.5861
test_4780.jpg,960,720,0.6912,1.3333,0.424,0.1781,227.6711,0.0971,0.4467
test_4781.jpg,720,960,0.6912,0.75,0.4487,0.2141,215.0396,0.2355,0.5106
test_4782.jpg,720,1279,0.9209,0.5629,0.4863,0.2779,203.9549,0.1587,0.5195
test_4783.jpg,720,960,0.6912,0.75,0.5755,0.19,237.3824,0.1977,0.6603
test_4784.jpg,720,960,0.6912,0.75,0.5376,0.2232,38.3722,0.2951,0.596
test_4785.jpg,720,960,0.6912,0.75,0.2874,0.2422,241.3206,0.3556,0.3997
test_4786.jpg,720,960,0.6912,0.75,0.4577,0.2014,71.5792,0.1461,0.4736
test_4787.jpg,720,960,0.6912,0.75,0.6706,0.1838,230.005,0.0954,0.697
test_4788.jpg,960,720,0.6912,1.3333,0.4009,0.2054,245.5716,0.2912,0.4691
test_4789.jpg,720,960,0.6912,0.75,0.5032,0.2234,43.4839,0.2718,0.5606
test_4790.jpg,720,960,0.6912,0.75,0.4817,0.2387,43.2294,0.2344,0.5205
test_4791.jpg,720,960,0.6912,0.75,0.5394,0.2842,301.2043,0.2176,0.5947
test_4792.jpg,720,960,0.6912,0.75,0.5911,0.2987,253.4044,0.2513,0.6679
test_4793.jpg,720,960,0.6912,0.75,0.4759,0.2017,58.0208,0.2053,0.5037
test_4794.jpg,720,960,0.6912,0.75,0.183,0.1636,264.0452,0.6493,0.3617
test_4795.jpg,720,960,0.6912,0.75,0.2592,0.2594,58.0413,0.3808,0.2765
test_4796.jpg,720,960,0.6912,0.75,0.5308,0.1851,38.916,0.2496,0.591
test_4797.jpg,720,960,0.6912,0.75,0.4818,0.0878,138.9749,0.2385,0.5278
test_4798.jpg,720,960,0.6912,0.75,0.4196,0.2191,26.9122,0.202,0.4527
test_4799.jpg,720,960,0.6912,0.75,0.5456,0.2484,25.3937,0.1419,0.5822
test_4800.jpg,720,960,0.6912,0.75,0.4738,0.2316,107.101,0.1576,0.517
test_4801.jpg,960,720,0.6912,1.3333,0.4413,0.2121,19.5125,0.327,0.5368
test_4802.jpg,720,960,0.6912,0.75,0.5999,0.1814,63.3282,0.2964,0.6318
test_4803.jpg,720,1279,0.9209,0.5629,0.4051,0.247,184.0611,0.2466,0.4496
test_4804.jpg,720,960,0.6912,0.75,0.2028,0.1594,351.1816,0.2636,0.2308
test_4805.jpg,960,720,0.6912,1.3333,0.432,0.2231,228.2308,0.3685,0.5804
test_4806.jpg,720,960,0.6912,0.75,0.5622,0.2854,71.1696,0.1681,0.586
test_4807.jpg,720,1542,1.1102,0.4669,0.5928,0.2866,316.8755,0.1776,0.652
test_4808.jpg,720,1280,0.9216,0.5625,0.4477,0.2461,343.2633,0.3591,0.562
test_4809.jpg,720,960,0.6912,0.75,0.5653,0.1916,0.3055,0.1467,0.6114
test_4810.jpg,720,720,0.5184,1.0,0.5268,0.2642,23.8773,0.1554,0.5532
test_4811.jpg,720,960,0.6912,0.75,0.5972,0.1991,35.2498,0.2037,0.6471
test_4812.jpg,720,960,0.6912,0.75,0.5189,0.1918,186.3701,0.2034,0.5742
test_4813.jpg,720,960,0.6912,0.75,0.3117,0.2116,32.6422,0.3976,0.3616
test_4814.jpg,720,960,0.6912,0.75,0.4391,0.2035,15.8038,0.2825,0.5238
test_4815.jpg,720,1279,0.9209,0.5629,0.3795,0.1977,29.2853,0.2367,0.4254
test_4816.jpg,720,960,0.6912,0.75,0.4458,0.2612,31.6411,0.3906,0.5364
test_4817.jpg,720,960,0.6912,0.75,0.543,0.1594,37.9035,0.366,0.6305
test_4818.jpg,720,960,0.6912,0.75,0.4471,0.2767,267.1138,0.2266,0.507
test_4819.jpg,720,960,0.6912,0.75,0.4728,0.2855,13.0511,0.2553,0.5247
test_4820.jpg,720,960,0.6912,0.75,0.4709,0.2003,6.9775,0.2358,0.5323
test_4821.jpg,960,720,0.6912,1.3333,0.4233,0.2338,29.6939,0.1259,0.452
test_4822.jpg,720,960,0.6912,0.75,0.483,0.3189,55.6038,0.1291,0.4973
test_4823.jpg,720,1279,0.9209,0.5629,0.4623,0.2008,349.6432,0.2077,0.5232
test_4824.jpg,960,720,0.6912,1.3333,0.4951,0.2007,127.5293,0.1487,0.5278
test_4825.jpg,960,720,0.6912,1.3333,0.5285,0.2133,27.3707,0.1557,0.5659
test_4826.jpg,960,720,0.6912,1.3333,0.3876,0.2437,36.322,0.2285,0.4244
test_4827.jpg,720,1279,0.9209,0.5629,0.4943,0.1692,51.5509,0.0628,0.5051
test_4828.jpg,720,960,0.6912,0.75,0.5114,0.2114,26.6284,0.2217,0.561
test_4829.jpg,720,960,0.6912,0.75,0.5249,0.1764,23.7855,0.3143,0.6207
test_4830.jpg,720,960,0.6912,0.75,0.58,0.2311,149.3029,0.1845,0.6318
test_4831.jpg,720,1280,0.9216,0.5625,0.2391,0.166,303.8998,0.3853,0.3186
test_4832.jpg,720,960,0.6912,0.75,0.4514,0.2236,48.2625,0.1758,0.4877
test_4833.jpg,720,960,0.6912,0.75,0.5183,0.2157,198.529,0.1513,0.5618
test_4834.jpg,720,960,0.6912,0.75,0.2932,0.233,21.677,0.2626,0.3453
test_4835.jpg,720,960,0.6912,0.75,0.5136,0.1992,112.3743,0.2178,0.5546
test_4836.jpg,720,960,0.6912,0.75,0.4166,0.2865,302.5129,0.2583,0.4828
test_4837.jpg,720,960,0.6912,0.75,0.523,0.2403,235.243,0.1822,0.5712
test_4838.jpg,720,960,0.6912,0.75,0.4071,0.267,30.6898,0.1931,0.439
test_4839.jpg,720,960,0.6912,0.75,0.3862,0.1827,38.9667,0.2587,0.4285
test_4840.jpg,720,1558,1.1218,0.4621,0.1361,0.2609,21.4037,0.0573,0.1491
test_4841.jpg,720,960,0.6912,0.75,0.3872,0.2501,40.8768,0.3703,0.4502
test_4842.jpg,720,960,0.6912,0.75,0.4762,0.1994,207.3812,0.1949,0.5278
test_4843.jpg,720,960,0.6912,0.75,0.6131,0.1456,6.8494,0.0502,0.6312
test_4844.jpg,720,960,0.6912,0.75,0.5732,0.2001,189.9529,0.1204,0.6107
test_4845.jpg,720,960,0.6912,0.75,0.1754,0.1461,34.2973,0.256,0.2029
test_4846.jpg,720,960,0.6912,0.75,0.5269,0.2304,28.7898,0.1538,0.5645
test_4847.jpg,720,960,0.6912,0.75,0.3767,0.2042,354.9673,0.1919,0.4245
test_4848.jpg,720,960,0.6912,0.75,0.5574,0.2109,36.3606,0.3736,0.6258
test_4849.jpg,960,720,0.6912,1.3333,0.6297,0.1536,11.2559,0.0699,0.6476
test_4850.jpg,1080,720,0.7776,1.5,0.4398,0.2245,71.7324,0.34,0.479
test_4851.jpg,720,960,0.6912,0.75,0.469,0.2307,232.631,0.1847,0.5222
test_4852.jpg,720,960,0.6912,0.75,0.546,0.2815,23.5631,0.2599,0.5942
test_4853.jpg,960,720,0.6912,1.3333,0.4325,0.2722,15.1289,0.3112,0.5041
test_4854.jpg,720,960,0.6912,0.75,0.523,0.2465,108.544,0.219,0.5652
test_4855.jpg,720,960,0.6912,0.75,0.2798,0.2163,341.9473,0.2802,0.3335
test_4856.jpg,1079,720,0.7769,1.4986,0.227,0.2096,203.3893,0.4051,0.2725
test_4857.jpg,720,1280,0.9216,0.5625,0.3633,0.2434,37.3162,0.3503,0.4238
test_4858.jpg,720,720,0.5184,1.0,0.5237,0.1867,29.8253,0.506,0.6529
test_4859.jpg,720,960,0.6912,0.75,0.4367,0.2405,35.9763,0.3325,0.503
test_4860.jpg,960,720,0.6912,1.3333,0.4218,0.2157,275.8668,0.1769,0.4622
test_4861.jpg,960,720,0.6912,1.3333,0.5846,0.251,324.6643,0.1033,0.61
test_4862.jpg,960,720,0.6912,1.3333,0.5258,0.2218,353.8684,0.1307,0.5602
test_4863.jpg,720,960,0.6912,0.75,0.5124,0.2076,2.679,0.2648,0.5839
test_4864.jpg,960,720,0.6912,1.3333,0.4073,0.2548,30.2993,0.2853,0.4646
test_4865.jpg,1280,720,0.9216,1.7778,0.5725,0.2088,62.4588,0.1402,0.6052
test_4866.jpg,720,960,0.6912,0.75,0.5641,0.1879,16.6075,0.1534,0.6006
test_4867.jpg,720,720,0.5184,1.0,0.3307,0.2104,20.161,0.1979,0.3627
test_4868.jpg,720,960,0.6912,0.75,0.525,0.2341,191.242,0.1679,0.5668
test_4869.jpg,960,720,0.6912,1.3333,0.3854,0.2101,212.5835,0.2411,0.4419
test_4870.jpg,960,720,0.6912,1.3333,0.4014,0.2217,190.8404,0.1682,0.4479
test_4871.jpg,720,960,0.6912,0.75,0.3471,0.2608,92.5247,0.3249,0.384
test_4872.jpg,720,960,0.6912,0.75,0.4209,0.2442,280.8335,0.3487,0.529
test_4873.jpg,720,960,0.6912,0.75,0.4083,0.2506,192.297,0.3561,0.478
test_4874.jpg,720,960,0.6912,0.75,0.4633,0.212,212.4152,0.1441,0.4955
test_4875.jpg,720,1678,1.2082,0.4291,0.4309,0.1893,29.5511,0.16,0.4602
test_4876.jpg,720,960,0.6912,0.75,0.3672,0.1959,356.5693,0.2497,0.4139
test_4877.jpg,720,960,0.6912,0.75,0.2285,0.1543,226.7763,0.5279,0.3501
test_4878.jpg,720,960,0.6912,0.75,0.4746,0.2394,31.21,0.2593,0.5241
test_4879.jpg,720,960,0.6912,0.75,0.6986,0.1611,353.3463,0.0593,0.7195
test_4880.jpg,1320,720,0.9504,1.8333,0.5262,0.2655,30.5087,0.2688,0.576
test_4881.jpg,1096,720,0.7891,1.5222,0.3136,0.2187,286.5396,0.2424,0.3963
test_4882.jpg,720,960,0.6912,0.75,0.6164,0.2646,258.452,0.0548,0.626
test_4883.jpg,720,1558,1.1218,0.4621,0.6187,0.0751,209.4235,0.1353,0.6725
test_4884.jpg,720,1280,0.9216,0.5625,0.5381,0.2344,64.1964,0.1537,0.5727
test_4885.jpg,720,960,0.6912,0.75,0.4001,0.155,206.1444,0.2828,0.4804
test_4886.jpg,720,960,0.6912,0.75,0.4774,0.2908,121.8685,0.1742,0.4955
test_4887.jpg,720,960,0.6912,0.75,0.5301,0.2695,117.4413,0.1548,0.5469
test_4888.jpg,720,960,0.6912,0.75,0.3864,0.273,39.5762,0.3005,0.4411
test_4889.jpg,1599,720,1.1513,2.2208,0.4547,0.2203,12.417,0.1788,0.4926
test_4890.jpg,720,960,0.6912,0.75,0.4872,0.2085,209.6193,0.3102,0.5917
test_4891.jpg,960,720,0.6912,1.3333,0.5575,0.1642,25.4486,0.1802,0.6052
test_4892.jpg,720,960,0.6912,0.75,0.5546,0.1722,31.8328,0.243,0.6102
test_4893.jpg,720,960,0.6912,0.75,0.5027,0.2305,85.6016,0.1563,0.536
test_4894.jpg,720,960,0.6912,0.75,0.4343,0.2501,71.1785,0.2753,0.4836
test_4895.jpg,720,960,0.6912,0.75,0.4471,0.2677,50.8715,0.2359,0.4823
test_4896.jpg,960,720,0.6912,1.3333,0.3294,0.2466,27.1055,0.2765,0.3726
test_4897.jpg,720,960,0.6912,0.75,0.5354,0.2473,277.9877,0.1128,0.5584
test_4898.jpg,720,960,0.6912,0.75,0.567,0.249,30.0834,0.2166,0.6152
test_4899.jpg,960,720,0.6912,1.3333,0.4058,0.2727,256.9098,0.2023,0.4404
test_4900.jpg,720,1279,0.9209,0.5629,0.4616,0.207,122.2155,0.1049,0.4852
test_4901.jpg,720,960,0.6912,0.75,0.4486,0.2508,349.0598,0.2196,0.4928
test_4902.jpg,720,960,0.6912,0.75,0.4626,0.2966,180.3603,0.1733,0.4938
test_4903.jpg,720,1279,0.9209,0.5629,0.4924,0.2058,295.7684,0.0545,0.5033
test_4904.jpg,720,960,0.6912,0.75,0.3564,0.2521,25.5139,0.15,0.3771
test_4905.jpg,720,960,0.6912,0.75,0.4613,0.1918,198.3533,0.3214,0.5434
test_4906.jpg,1279,720,0.9209,1.7764,0.514,0.2182,335.9219,0.1322,0.5551
test_4907.jpg,720,897,0.6458,0.8027,0.5774,0.2555,32.1239,0.1919,0.6165
test_4908.jpg,720,960,0.6912,0.75,0.5794,0.2075,33.703,0.2202,0.6319
test_4909.jpg,720,720,0.5184,1.0,0.3108,0.1877,209.6095,0.2342,0.3521
test_4910.jpg,720,1279,0.9209,0.5629,0.4018,0.179,346.4108,0.1678,0.4442
test_4911.jpg,720,960,0.6912,0.75,0.5377,0.2365,215.7481,0.0944,0.5653
test_4912.jpg,720,960,0.6912,0.75,0.3908,0.2271,12.3275,0.3343,0.4895
test_4913.jpg,720,960,0.6912,0.75,0.4161,0.2063,85.0247,0.2526,0.4526
test_4914.jpg,720,960,0.6912,0.75,0.575,0.2003,38.7426,0.1226,0.5973
test_4915.jpg,720,960,0.6912,0.75,0.443,0.1843,19.9546,0.2344,0.4936
test_4916.jpg,720,960,0.6912,0.75,0.4724,0.1709,31.5456,0.2852,0.53
test_4917.jpg,720,960,0.6912,0.75,0.3772,0.1835,209.0277,0.3868,0.4876
test_4918.jpg,720,960,0.6912,0.75,0.3696,0.1889,40.601,0.2841,0.4129
test_4919.jpg,960,720,0.6912,1.3333,0.529,0.2138,133.3655,0.1116,0.5502
test_4920.jpg,720,960,0.6912,0.75,0.4515,0.2428,49.6525,0.4211,0.5077
test_4921.jpg,720,960,0.6912,0.75,0.4172,0.228,263.761,0.2672,0.4873
test_4922.jpg,960,720,0.6912,1.3333,0.4049,0.2575,100.2863,0.1678,0.4409
test_4923.jpg,720,882,0.635,0.8163,0.503,0.1861,350.2644,0.1576,0.5536
test_4924.jpg,960,720,0.6912,1.3333,0.5882,0.1939,46.6267,0.1486,0.6245
test_4925.jpg,720,960,0.6912,0.75,0.4676,0.121,15.227,0.3819,0.592
test_4926.jpg,960,720,0.6912,1.3333,0.4172,0.2077,25.763,0.0892,0.4288
test_4927.jpg,720,960,0.6912,0.75,0.4522,0.2683,220.1664,0.1726,0.5051
test_4928.jpg,720,959,0.6905,0.7508,0.461,0.2772,253.2336,0.1897,0.5002
test_4929.jpg,720,960,0.6912,0.75,0.4515,0.2057,20.5704,0.1894,0.4987
test_4930.jpg,720,960,0.6912,0.75,0.4898,0.1651,42.1405,0.1634,0.5183
test_4931.jpg,720,960,0.6912,0.75,0.523,0.2084,80.9352,0.1491,0.5486
test_4932.jpg,960,720,0.6912,1.3333,0.4417,0.2109,124.1,0.2299,0.4847
test_4933.jpg,720,960,0.6912,0.75,0.4338,0.3107,21.9023,0.3582,0.5167
test_4934.jpg,720,960,0.6912,0.75,0.4086,0.2262,160.6936,0.2384,0.4599
test_4935.jpg,720,960,0.6912,0.75,0.5082,0.1993,33.9619,0.2905,0.5662
test_4936.jpg,720,960,0.6912,0.75,0.4675,0.1656,213.4111,0.1206,0.4969
test_4937.jpg,720,960,0.6912,0.75,0.4832,0.2317,328.3873,0.1589,0.5375
test_4938.jpg,720,960,0.6912,0.75,0.4713,0.2447,22.4105,0.2132,0.5177
test_4939.jpg,960,720,0.6912,1.3333,0.421,0.1926,152.75,0.1485,0.4452
test_4940.jpg,1279,720,0.9209,1.7764,0.4685,0.1924,170.8073,0.179,0.5138
test_4941.jpg,1280,720,0.9216,1.7778,0.2993,0.185,129.3574,0.2778,0.3416
test_4942.jpg,720,720,0.5184,1.0,0.2337,0.183,52.8308,0.272,0.2499
test_4943.jpg,960,720,0.6912,1.3333,0.4169,0.2293,28.9422,0.3589,0.4717
test_4944.jpg,720,960,0.6912,0.75,0.3089,0.2412,338.7973,0.1516,0.3226
test_4945.jpg,720,960,0.6912,0.75,0.5255,0.2164,83.9188,0.1131,0.5387
test_4946.jpg,720,960,0.6912,0.75,0.4214,0.1418,46.8235,0.223,0.4703
test_4947.jpg,720,960,0.6912,0.75,0.532,0.1647,39.9929,0.2226,0.5795
test_4948.jpg,960,720,0.6912,1.3333,0.3,0.2194,37.1045,0.4387,0.3488
test_4949.jpg,960,720,0.6912,1.3333,0.4897,0.2475,35.5167,0.2832,0.5413
test_4950.jpg,720,960,0.6912,0.75,0.4483,0.1819,22.3058,0.4274,0.5661
test_4951.jpg,720,960,0.6912,0.75,0.3437,0.1908,32.1805,0.3614,0.3956
test_4952.jpg,720,960,0.6912,0.75,0.5722,0.1978,23.5226,0.0995,0.593
test_4953.jpg,960,720,0.6912,1.3333,0.394,0.2107,31.9569,0.2989,0.452
test_4954.jpg,1280,720,0.9216,1.7778,0.4516,0.2103,26.4154,0.3213,0.526
test_4955.jpg,720,960,0.6912,0.75,0.5384,0.1994,50.3547,0.0928,0.5599
test_4956.jpg,960,720,0.6912,1.3333,0.48,0.1527,21.56,0.2058,0.532
test_4957.jpg,720,720,0.5184,1.0,0.3219,0.2338,46.714,0.2482,0.344
test_4958.jpg,960,720,0.6912,1.3333,0.4733,0.1366,22.9213,0.1265,0.5023
test_4959.jpg,720,960,0.6912,0.75,0.557,0.1766,346.1664,0.057,0.5707
test_4960.jpg,720,960,0.6912,0.75,0.4536,0.2794,109.0504,0.2278,0.4923
test_4961.jpg,720,960,0.6912,0.75,0.4335,0.2111,31.3964,0.2246,0.4825
test_4962.jpg,720,960,0.6912,0.75,0.3158,0.1811,314.3827,0.2499,0.3662
test_4963.jpg,720,1558,1.1218,0.4621,0.5337,0.2417,13.9915,0.1439,0.5657
test_4964.jpg,720,960,0.6912,0.75,0.4982,0.2551,92.8,0.2928,0.5444
test_4965.jpg,952,720,0.6854,1.3222,0.4919,0.3011,238.6348,0.2449,0.5186
test_4966.jpg,720,960,0.6912,0.75,0.5187,0.2782,29.4695,0.2532,0.588
test_4967.jpg,720,960,0.6912,0.75,0.473,0.212,194.4581,0.2174,0.5469
test_4968.jpg,720,960,0.6912,0.75,0.5101,0.2268,221.9637,0.1424,0.5511
test_4969.jpg,720,960,0.6912,0.75,0.297,0.2117,45.8969,0.3331,0.3318
test_4970.jpg,720,960,0.6912,0.75,0.464,0.2102,118.2884,0.2295,0.5281
test_4971.jpg,720,960,0.6912,0.75,0.4553,0.2186,258.9262,0.3423,0.577
test_4972.jpg,720,960,0.6912,0.75,0.4291,0.1536,36.1561,0.2451,0.4742
test_4973.jpg,720,960,0.6912,0.75,0.5317,0.2214,40.7167,0.2205,0.568
test_4974.jpg,1476,720,1.0627,2.05,0.4966,0.275,172.4401,0.0558,0.5076
test_4975.jpg,720,960,0.6912,0.75,0.2995,0.2291,122.322,0.2304,0.3257
test_4976.jpg,1591,720,1.1455,2.2097,0.3401,0.1626,244.4252,0.3762,0.4519
test_4977.jpg,1279,720,0.9209,1.7764,0.4858,0.1985,223.461,0.1178,0.5165
test_4978.jpg,720,960,0.6912,0.75,0.2602,0.1451,45.0182,0.245,0.2774
test_4979.jpg,720,960,0.6912,0.75,0.4923,0.2558,355.0792,0.1498,0.5364
test_4980.jpg,720,960,0.6912,0.75,0.5158,0.2318,110.8237,0.1827,0.5567
test_4981.jpg,960,720,0.6912,1.3333,0.5204,0.2245,207.6196,0.1507,0.5687
test_4982.jpg,720,864,0.6221,0.8333,0.4471,0.2351,32.243,0.1991,0.481
test_4983.jpg,720,960,0.6912,0.75,0.6136,0.1981,17.3506,0.0795,0.6316
test_4984.jpg,720,960,0.6912,0.75,0.4083,0.1917,276.0048,0.1463,0.4396
test_4985.jpg,1320,720,0.9504,1.8333,0.4798,0.2419,195.0846,0.1686,0.5136
test_4986.jpg,1006,720,0.7243,1.3972,0.4151,0.1679,227.3178,0.2639,0.4948
test_4987.jpg,960,720,0.6912,1.3333,0.4562,0.192,15.4279,0.3856,0.5864
test_4988.jpg,960,720,0.6912,1.3333,0.5074,0.2134,28.2478,0.3134,0.5829
test_4989.jpg,720,960,0.6912,0.75,0.4512,0.2287,70.59,0.2041,0.4751
test_4990.jpg,720,960,0.6912,0.75,0.4642,0.1911,151.5273,0.1901,0.519
test_4991.jpg,720,960,0.6912,0.75,0.4996,0.2454,13.7867,0.2326,0.566
test_4992.jpg,960,720,0.6912,1.3333,0.416,0.24,39.6815,0.205,0.4458
test_4993.jpg,720,960,0.6912,0.75,0.5281,0.2453,151.5393,0.1321,0.5584
test_4994.jpg,720,960,0.6912,0.75,0.4908,0.1921,224.0654,0.3014,0.6058
test_4995.jpg,720,960,0.6912,0.75,0.3715,0.2114,27.6522,0.2928,0.4197
test_4996.jpg,960,720,0.6912,1.3333,0.5824,0.2264,213.922,0.1452,0.6354
test_4997.jpg,733,720,0.5278,1.0181,0.3574,0.2652,254.6457,0.3364,0.4502
test_4998.jpg,720,960,0.6912,0.75,0.4,0.211,210.7105,0.2023,0.4489
test_4999.jpg,720,960,0.6912,0.75,0.4122,0.2389,91.542,0.2324,0.4562
test_5000.jpg,720,960,0.6912,0.75,0.4491,0.2627,147.7312,0.2202,0.4829
test_5001.jpg,959,720,0.6905,1.3319,0.4202,0.2488,191.5632,0.1817,0.4671
test_5002.jpg,720,960,0.6912,0.75,0.4155,0.2585,12.7111,0.3034,0.469
test_5003.jpg,720,960,0.6912,0.75,0.4942,0.1971,84.1301,0.1492,0.5229
test_5004.jpg,720,1599,1.1513,0.4503,0.3923,0.1816,26.9034,0.2051,0.4299
test_5005.jpg,720,960,0.6912,0.75,0.4493,0.2185,48.8074,0.1364,0.4803
test_5006.jpg,720,960,0.6912,0.75,0.5689,0.1964,183.5794,0.1168,0.5964
test_5007.jpg,720,960,0.6912,0.75,0.3522,0.0828,260.7404,0.1893,0.4118
test_5008.jpg,720,1279,0.9209,0.5629,0.5064,0.1803,10.9776,0.232,0.5868
test_5009.jpg,720,960,0.6912,0.75,0.558,0.1808,23.046,0.1838,0.6014
test_5010.jpg,1280,720,0.9216,1.7778,0.5249,0.2214,42.7216,0.186,0.5614
test_5011.jpg,1559,720,1.1225,2.1653,0.5979,0.1437,29.0063,0.1219,0.6276
test_5012.jpg,960,720,0.6912,1.3333,0.4699,0.2859,162.5677,0.1998,0.5131
test_5013.jpg,720,1678,1.2082,0.4291,0.5383,0.2133,5.3394,0.2724,0.6192
test_5014.jpg,720,960,0.6912,0.75,0.5978,0.1363,208.7602,0.1064,0.6354
test_5015.jpg,720,960,0.6912,0.75,0.5537,0.2801,331.7556,0.2289,0.616
test_5016.jpg,720,960,0.6912,0.75,0.3686,0.209,79.3963,0.4776,0.4377
test_5017.jpg,2046,720,1.4731,2.8417,0.3808,0.2566,162.2091,0.183,0.4161
test_5018.jpg,720,960,0.6912,0.75,0.2165,0.1367,55.4857,0.159,0.2242
test_5019.jpg,960,720,0.6912,1.3333,0.3148,0.2128,33.1914,0.2406,0.3453
test_5020.jpg,720,960,0.6912,0.75,0.5985,0.082,16.8211,0.0408,0.6078
test_5021.jpg,720,960,0.6912,0.75,0.4518,0.2215,25.5596,0.2615,0.5012
test_5022.jpg,1279,720,0.9209,1.7764,0.4757,0.2071,138.1664,0.168,0.517
test_5023.jpg,720,960,0.6912,0.75,0.4934,0.1793,294.8091,0.1164,0.5459
test_5024.jpg,720,960,0.6912,0.75,0.4743,0.2203,64.8,0.218,0.5193
test_5025.jpg,720,960,0.6912,0.75,0.5122,0.2552,210.8228,0.1191,0.5327
test_5026.jpg,720,960,0.6912,0.75,0.449,0.1725,208.8425,0.3657,0.5792
test_5027.jpg,720,960,0.6912,0.75,0.4179,0.2299,74.3759,0.1927,0.4431
test_5028.jpg,960,720,0.6912,1.3333,0.4652,0.1788,35.2547,0.2361,0.5123
test_5029.jpg,720,960,0.6912,0.75,0.4693,0.2628,196.65,0.1778,0.4995
test_5030.jpg,720,960,0.6912,0.75,0.5786,0.2149,16.2601,0.0666,0.5939
test_5031.jpg,960,720,0.6912,1.3333,0.4059,0.1392,41.9155,0.166,0.4379
test_5032.jpg,720,960,0.6912,0.75,0.5215,0.2321,59.0594,0.1037,0.5361
test_5033.jpg,720,960,0.6912,0.75,0.4803,0.2619,31.2312,0.4532,0.568
test_5034.jpg,720,960,0.6912,0.75,0.5203,0.2372,218.6145,0.2723,0.6309
test_5035.jpg,720,1007,0.725,0.715,0.3009,0.1796,249.0574,0.3046,0.3718
test_5036.jpg,720,960,0.6912,0.75,0.4706,0.1789,42.8806,0.2278,0.5097
test_5037.jpg,1279,720,0.9209,1.7764,0.5945,0.2015,32.9965,0.2242,0.6539
test_5038.jpg,720,960,0.6912,0.75,0.3995,0.238,38.6179,0.0692,0.4126
test_5039.jpg,960,720,0.6912,1.3333,0.4743,0.1776,30.6517,0.3933,0.567
test_5040.jpg,720,960,0.6912,0.75,0.4167,0.2132,140.978,0.2129,0.4558
test_5041.jpg,720,1504,1.0829,0.4787,0.4272,0.2439,22.6655,0.1445,0.4455
test_5042.jpg,720,960,0.6912,0.75,0.5326,0.2362,182.3307,0.106,0.5574
test_5043.jpg,720,960,0.6912,0.75,0.6367,0.1813,213.5945,0.1283,0.6997
test_5044.jpg,720,960,0.6912,0.75,0.5494,0.1358,28.0417,0.11,0.5766
test_5045.jpg,720,960,0.6912,0.75,0.5082,0.2644,50.38,0.3918,0.5802
test_5046.jpg,720,960,0.6912,0.75,0.5027,0.1617,39.7357,0.155,0.5278
test_5047.jpg,960,720,0.6912,1.3333,0.5791,0.264,252.4459,0.1537,0.6138
test_5048.jpg,720,960,0.6912,0.75,0.4617,0.2676,305.8738,0.2544,0.531
test_5049.jpg,960,720,0.6912,1.3333,0.5587,0.2157,45.5531,0.1663,0.5908
test_5050.jpg,960,720,0.6912,1.3333,0.4408,0.2691,273.6754,0.3257,0.5324
test_5051.jpg,720,960,0.6912,0.75,0.6486,0.1872,284.2497,0.0454,0.6618
test_5052.jpg,720,960,0.6912,0.75,0.4036,0.2677,111.9733,0.154,0.4253
test_5053.jpg,720,960,0.6912,0.75,0.4725,0.2163,173.3131,0.3956,0.5975
test_5054.jpg,960,720,0.6912,1.3333,0.5953,0.1799,97.6098,0.0376,0.5991
test_5055.jpg,960,720,0.6912,1.3333,0.5432,0.2539,234.0349,0.2464,0.6076
test_5056.jpg,720,1558,1.1218,0.4621,0.4787,0.1743,230.1513,0.1271,0.5208
test_5057.jpg,960,720,0.6912,1.3333,0.3882,0.2105,53.2409,0.2175,0.4325
test_5058.jpg,720,720,0.5184,1.0,0.49,0.1992,17.9463,0.2269,0.5474
test_5059.jpg,720,960,0.6912,0.75,0.3185,0.2633,22.7343,0.2747,0.363
test_5060.jpg,720,960,0.6912,0.75,0.4454,0.2323,25.3104,0.3796,0.5358
test_5061.jpg,720,960,0.6912,0.75,0.5065,0.2256,16.2589,0.1709,0.547
test_5062.jpg,960,720,0.6912,1.3333,0.4866,0.1709,32.6972,0.2501,0.5497
test_5063.jpg,960,720,0.6912,1.3333,0.6418,0.1185,29.8742,0.0751,0.6621
test_5064.jpg,720,960,0.6912,0.75,0.4227,0.2255,23.576,0.3496,0.4901
test_5065.jpg,720,1161,0.8359,0.6202,0.5535,0.2004,101.9952,0.1334,0.5858
test_5066.jpg,960,720,0.6912,1.3333,0.3089,0.2333,14.0902,0.3272,0.3603
test_5067.jpg,720,960,0.6912,0.75,0.4701,0.2391,56.1679,0.189,0.5135
test_5068.jpg,720,960,0.6912,0.75,0.4986,0.2669,85.9714,0.3604,0.5743
test_5069.jpg,720,1280,0.9216,0.5625,0.7736,0.1335,219.703,0.0409,0.7847
test_5070.jpg,960,720,0.6912,1.3333,0.5388,0.23,95.1691,0.1223,0.565
test_5071.jpg,720,960,0.6912,0.75,0.3381,0.2241,235.5637,0.1997,0.3804
test_5072.jpg,720,960,0.6912,0.75,0.5292,0.2229,94.5861,0.1373,0.5601
test_5073.jpg,1279,720,0.9209,1.7764,0.4094,0.1888,315.8306,0.126,0.4353
test_5074.jpg,720,960,0.6912,0.75,0.489,0.1836,38.9485,0.1279,0.5098
test_5075.jpg,720,720,0.5184,1.0,0.4039,0.239,212.9044,0.3781,0.5115
test_5076.jpg,720,960,0.6912,0.75,0.4625,0.2138,26.7681,0.1552,0.4977
test_5077.jpg,720,960,0.6912,0.75,0.497,0.2689,76.9828,0.2193,0.546
test_5078.jpg,720,960,0.6912,0.75,0.4548,0.1554,173.769,0.1766,0.5074
test_5079.jpg,720,960,0.6912,0.75,0.4218,0.2197,189.2936,0.3068,0.52
test_5080.jpg,720,960,0.6912,0.75,0.4176,0.2353,197.3659,0.2244,0.466
test_5081.jpg,720,960,0.6912,0.75,0.4839,0.2167,242.2642,0.4375,0.7148
test_5082.jpg,720,960,0.6912,0.75,0.4805,0.2032,124.5645,0.0992,0.4946
test_5083.jpg,734,720,0.5285,1.0194,0.4715,0.2232,36.1219,0.2267,0.5143
test_5084.jpg,720,1076,0.7747,0.6691,0.4402,0.1623,75.2944,0.514,0.5133
test_5085.jpg,720,960,0.6912,0.75,0.6356,0.1631,25.3474,0.3044,0.7157
test_5086.jpg,720,960,0.6912,0.75,0.4858,0.2142,276.762,0.1646,0.5294
test_5087.jpg,720,960,0.6912,0.75,0.4568,0.2568,103.3662,0.0709,0.4683
test_5088.jpg,720,960,0.6912,0.75,0.3883,0.1595,19.7441,0.4378,0.4944
test_5089.jpg,720,960,0.6912,0.75,0.561,0.1467,144.0328,0.121,0.6016
test_5090.jpg,720,960,0.6912,0.75,0.6788,0.2103,201.7818,0.1602,0.7316
test_5091.jpg,720,960,0.6912,0.75,0.5582,0.2589,29.992,0.1113,0.5826
test_5092.jpg,720,960,0.6912,0.75,0.4712,0.2122,29.0307,0.2535,0.5248
test_5093.jpg,720,1558,1.1218,0.4621,0.5357,0.2095,50.0595,0.1254,0.5655
test_5094.jpg,720,960,0.6912,0.75,0.44,0.2316,49.3016,0.2141,0.4928
test_5095.jpg,960,720,0.6912,1.3333,0.5229,0.2438,190.2784,0.1224,0.5527
test_5096.jpg,720,1599,1.1513,0.4503,0.4543,0.2118,32.345,0.2701,0.5318
test_5097.jpg,720,960,0.6912,0.75,0.3926,0.3292,42.1385,0.1072,0.409
test_5098.jpg,720,720,0.5184,1.0,0.5251,0.1646,26.8708,0.24,0.5799
test_5099.jpg,720,960,0.6912,0.75,0.6564,0.1487,35.5171,0.026,0.6615
test_5100.jpg,960,720,0.6912,1.3333,0.6564,0.2464,169.9827,0.1581,0.686
test_5101.jpg,720,960,0.6912,0.75,0.4727,0.3085,23.7967,0.1805,0.502
test_5102.jpg,960,720,0.6912,1.3333,0.1363,0.1373,346.8854,0.2008,0.1533
test_5103.jpg,720,960,0.6912,0.75,0.4296,0.2313,347.9301,0.1728,0.4763
test_5104.jpg,960,720,0.6912,1.3333,0.4068,0.2242,358.0107,0.2858,0.4714
test_5105.jpg,720,960,0.6912,0.75,0.4699,0.1916,14.2929,0.2335,0.5276
test_5106.jpg,960,720,0.6912,1.3333,0.5324,0.2094,198.768,0.2094,0.5825
test_5107.jpg,720,720,0.5184,1.0,0.5151,0.2018,27.8547,0.1793,0.5557
test_5108.jpg,720,960,0.6912,0.75,0.4844,0.2421,40.0693,0.3303,0.5565
test_5109.jpg,720,960,0.6912,0.75,0.326,0.2057,10.8978,0.2588,0.3737
test_5110.jpg,720,960,0.6912,0.75,0.6138,0.2337,42.2908,0.1638,0.6361
test_5111.jpg,720,960,0.6912,0.75,0.4353,0.2022,70.9938,0.2115,0.4711
test_5112.jpg,960,720,0.6912,1.3333,0.4381,0.1922,71.7255,0.294,0.4925
test_5113.jpg,720,960,0.6912,0.75,0.41,0.1628,39.9117,0.1748,0.4461
test_5114.jpg,720,960,0.6912,0.75,0.3887,0.1945,179.6459,0.155,0.4141
test_5115.jpg,720,960,0.6912,0.75,0.5771,0.1951,205.032,0.1907,0.6449
test_5116.jpg,720,960,0.6912,0.75,0.4348,0.2382,12.0814,0.2908,0.4931
test_5117.jpg,720,1080,0.7776,0.6667,0.3836,0.2706,183.2,0.3055,0.4286
test_5118.jpg,720,960,0.6912,0.75,0.4953,0.2269,30.2339,0.2822,0.5773
test_5119.jpg,720,1280,0.9216,0.5625,0.4023,0.2018,185.6681,0.209,0.4408
test_5120.jpg,1280,720,0.9216,1.7778,0.4892,0.2644,36.9178,0.1869,0.5221
test_5121.jpg,720,960,0.6912,0.75,0.6772,0.1425,43.4392,0.0419,0.6865
test_5122.jpg,720,720,0.5184,1.0,0.4289,0.2919,346.5082,0.2347,0.4799
test_5123.jpg,823,720,0.5926,1.1431,0.5499,0.2273,27.2427,0.192,0.5915
test_5124.jpg,720,960,0.6912,0.75,0.3942,0.2361,355.5979,0.2645,0.4568
test_5125.jpg,720,960,0.6912,0.75,0.4489,0.229,190.7208,0.2185,0.499
test_5126.jpg,960,720,0.6912,1.3333,0.2123,0.1957,15.0308,0.2375,0.234
test_5127.jpg,829,720,0.5969,1.1514,0.3163,0.2153,252.9995,0.2035,0.358
test_5128.jpg,720,960,0.6912,0.75,0.5057,0.2596,188.4567,0.1951,0.5546
test_5129.jpg,720,960,0.6912,0.75,0.2278,0.2112,39.9818,0.1946,0.2363
test_5130.jpg,720,960,0.6912,0.75,0.4815,0.1682,301.7545,0.1896,0.546
test_5131.jpg,720,960,0.6912,0.75,0.446,0.2433,62.5859,0.0673,0.4518
test_5132.jpg,720,960,0.6912,0.75,0.435,0.2398,11.883,0.1577,0.4628
test_5133.jpg,720,960,0.6912,0.75,0.5454,0.2871,65.1947,0.1929,0.5814
test_5134.jpg,1320,720,0.9504,1.8333,0.3063,0.2207,142.129,0.3805,0.3587
test_5135.jpg,1280,720,0.9216,1.7778,0.5238,0.1753,32.2039,0.2662,0.58
test_5136.jpg,720,960,0.6912,0.75,0.4639,0.2522,40.6605,0.2736,0.5042
test_5137.jpg,720,960,0.6912,0.75,0.298,0.1394,38.4928,0.2782,0.322
test_5138.jpg,720,960,0.6912,0.75,0.2968,0.2664,231.0562,0.5038,0.4198
test_5139.jpg,720,960,0.6912,0.75,0.4893,0.2368,61.4808,0.2016,0.5172
test_5140.jpg,720,960,0.6912,0.75,0.3883,0.2493,6.099,0.2825,0.4883
test_5141.jpg,960,720,0.6912,1.3333,0.4868,0.1481,227.8051,0.2816,0.5945
test_5142.jpg,720,960,0.6912,0.75,0.5764,0.1663,37.1782,0.1376,0.5997
test_5143.jpg,1280,720,0.9216,1.7778,0.5251,0.2263,53.6654,0.3447,0.6012
test_5144.jpg,960,720,0.6912,1.3333,0.4875,0.2109,63.579,0.1498,0.5151
test_5145.jpg,720,960,0.6912,0.75,0.3495,0.2377,89.6476,0.2194,0.373
test_5146.jpg,960,720,0.6912,1.3333,0.2655,0.2123,353.0328,0.2247,0.2901
test_5147.jpg,720,960,0.6912,0.75,0.485,0.2356,22.3409,0.1704,0.5277
test_5148.jpg,960,720,0.6912,1.3333,0.359,0.2579,50.0484,0.2049,0.4095
test_5149.jpg,960,720,0.6912,1.3333,0.5538,0.2144,146.903,0.2209,0.603
test_5150.jpg,720,960,0.6912,0.75,0.4406,0.2096,14.8561,0.2864,0.5293
test_5151.jpg,1239,720,0.8921,1.7208,0.4784,0.2642,216.794,0.2327,0.5407
test_5152.jpg,720,1280,0.9216,0.5625,0.4831,0.2212,10.6594,0.138,0.5143
test_5153.jpg,1017,720,0.7322,1.4125,0.4278,0.2249,31.6577,0.1621,0.459
test_5154.jpg,720,960,0.6912,0.75,0.531,0.2226,45.0236,0.1715,0.5588
test_5155.jpg,720,960,0.6912,0.75,0.5914,0.2402,25.348,0.1183,0.621
test_5156.jpg,960,720,0.6912,1.3333,0.5455,0.284,62.2056,0.1834,0.5753
test_5157.jpg,897,720,0.6458,1.2458,0.3107,0.1798,33.3456,0.5596,0.3881
test_5158.jpg,720,1035,0.7452,0.6957,0.5709,0.2236,339.8761,0.129,0.6157
test_5159.jpg,720,960,0.6912,0.75,0.4742,0.1527,226.7362,0.1708,0.5364
test_5160.jpg,720,726,0.5227,0.9917,0.4255,0.224,42.9858,0.1674,0.4486
test_5161.jpg,960,720,0.6912,1.3333,0.5687,0.2452,49.241,0.1873,0.5904
test_5162.jpg,720,960,0.6912,0.75,0.537,0.2473,12.0861,0.3327,0.6266
test_5163.jpg,720,960,0.6912,0.75,0.5631,0.1904,29.2852,0.202,0.6058
test_5164.jpg,720,960,0.6912,0.75,0.3789,0.2296,0.6737,0.1392,0.4077
test_5165.jpg,720,1279,0.9209,0.5629,0.4852,0.1443,25.6792,0.2185,0.5432
test_5166.jpg,720,960,0.6912,0.75,0.6116,0.2074,42.9727,0.1073,0.6339
test_5167.jpg,1008,720,0.7258,1.4,0.5665,0.187,28.8764,0.3607,0.6653
test_5168.jpg,720,960,0.6912,0.75,0.3956,0.2308,130.859,0.26,0.4414
test_5169.jpg,960,720,0.6912,1.3333,0.5649,0.2479,189.3394,0.21,0.6134
test_5170.jpg,1280,720,0.9216,1.7778,0.447,0.1925,221.2795,0.1997,0.5007
test_5171.jpg,960,720,0.6912,1.3333,0.3347,0.1834,219.9211,0.4383,0.4238
test_5172.jpg,720,960,0.6912,0.75,0.4417,0.1853,3.2873,0.4765,0.646
test_5173.jpg,720,960,0.6912,0.75,0.4722,0.2183,137.234,0.2798,0.5365
test_5174.jpg,720,960,0.6912,0.75,0.463,0.2686,190.2317,0.2473,0.518
test_5175.jpg,960,720,0.6912,1.3333,0.4509,0.2226,236.9139,0.2086,0.5015
test_5176.jpg,960,720,0.6912,1.3333,0.5043,0.2335,23.1808,0.2432,0.5717
test_5177.jpg,960,720,0.6912,1.3333,0.4675,0.1903,188.7904,0.3408,0.5673
test_5178.jpg,720,960,0.6912,0.75,0.4032,0.2165,20.4684,0.3793,0.4915
test_5179.jpg,720,960,0.6912,0.75,0.3938,0.2321,166.6489,0.1188,0.4232
test_5180.jpg,960,720,0.6912,1.3333,0.4779,0.204,38.4387,0.29,0.5446
test_5181.jpg,720,960,0.6912,0.75,0.6077,0.1819,5.2,0.1284,0.6455
test_5182.jpg,720,960,0.6912,0.75,0.4432,0.2786,77.5374,0.159,0.4685
test_5183.jpg,720,960,0.6912,0.75,0.4318,0.219,223.7447,0.3635,0.547
test_5184.jpg,720,960,0.6912,0.75,0.4377,0.2101,174.2048,0.2787,0.4912
test_5185.jpg,960,720,0.6912,1.3333,0.4363,0.2313,213.772,0.2005,0.4885
test_5186.jpg,960,720,0.6912,1.3333,0.5681,0.2215,45.1349,0.2307,0.6255
test_5187.jpg,720,1281,0.9223,0.5621,0.4409,0.232,230.4977,0.2675,0.5278
test_5188.jpg,720,960,0.6912,0.75,0.3522,0.1987,60.8214,0.1499,0.3808
test_5189.jpg,720,960,0.6912,0.75,0.5527,0.2515,44.6689,0.119,0.5753
test_5190.jpg,720,960,0.6912,0.75,0.5177,0.1853,260.9359,0.117,0.5541
test_5191.jpg,720,960,0.6912,0.75,0.4987,0.2345,97.4227,0.3123,0.5622
test_5192.jpg,720,960,0.6912,0.75,0.5005,0.2425,16.2618,0.1043,0.5253
test_5193.jpg,720,960,0.6912,0.75,0.4329,0.2315,207.6594,0.2777,0.5073
test_5194.jpg,720,960,0.6912,0.75,0.5276,0.2089,201.7658,0.1633,0.5802
test_5195.jpg,1279,720,0.9209,1.7764,0.4985,0.174,28.75,0.1335,0.5274
test_5196.jpg,720,1280,0.9216,0.5625,0.3389,0.1605,30.0841,0.2858,0.3796
test_5197.jpg,720,960,0.6912,0.75,0.5527,0.1581,42.493,0.0991,0.5691
test_5198.jpg,720,960,0.6912,0.75,0.3865,0.237,35.2707,0.2427,0.4498
test_5199.jpg,720,960,0.6912,0.75,0.4892,0.213,33.6024,0.5269,0.5959
test_5200.jpg,960,720,0.6912,1.3333,0.4384,0.1714,23.7446,0.3486,0.5099
test_5201.jpg,720,960,0.6912,0.75,0.415,0.2184,25.8612,0.205,0.4548
test_5202.jpg,720,960,0.6912,0.75,0.3957,0.2067,96.9761,0.1546,0.4303
test_5203.jpg,720,960,0.6912,0.75,0.6251,0.1996,19.2243,0.1146,0.648
test_5204.jpg,720,960,0.6912,0.75,0.5528,0.1862,229.9251,0.2883,0.6526
test_5205.jpg,720,960,0.6912,0.75,0.5738,0.1903,40.4818,0.1341,0.5914
test_5206.jpg,720,720,0.5184,1.0,0.5113,0.237,28.2187,0.2015,0.5496
test_5207.jpg,764,720,0.5501,1.0611,0.3271,0.162,349.7259,0.2621,0.3825
test_5208.jpg,720,960,0.6912,0.75,0.4438,0.2064,177.8752,0.2273,0.4997
test_5209.jpg,960,720,0.6912,1.3333,0.39,0.2176,15.9031,0.3158,0.4566
test_5210.jpg,720,960,0.6912,0.75,0.5239,0.1938,24.2455,0.1588,0.5668
test_5211.jpg,960,720,0.6912,1.3333,0.4855,0.3083,149.4524,0.2209,0.5265
test_5212.jpg,720,960,0.6912,0.75,0.5322,0.255,206.18,0.1591,0.5791
test_5213.jpg,960,720,0.6912,1.3333,0.4286,0.2027,137.4709,0.2002,0.4566
test_5214.jpg,720,960,0.6912,0.75,0.505,0.2284,167.6266,0.1765,0.5361
test_5215.jpg,1320,720,0.9504,1.8333,0.4357,0.2668,131.069,0.2374,0.4791
test_5216.jpg,720,960,0.6912,0.75,0.5889,0.1236,37.7265,0.0591,0.5978
test_5217.jpg,720,960,0.6912,0.75,0.4052,0.2162,276.524,0.1922,0.4529
test_5218.jpg,720,960,0.6912,0.75,0.3951,0.1882,356.3232,0.2132,0.442
test_5219.jpg,720,1845,1.3284,0.3902,0.689,0.1355,236.3458,0.0201,0.692
test_5220.jpg,960,720,0.6912,1.3333,0.5309,0.2048,203.8989,0.3041,0.6397
test_5221.jpg,1996,720,1.4371,2.7722,0.4016,0.2173,98.7314,0.2117,0.4386
test_5222.jpg,720,960,0.6912,0.75,0.4595,0.1871,100.8886,0.2296,0.5109
test_5223.jpg,720,960,0.6912,0.75,0.5016,0.1633,29.192,0.3013,0.5781
test_5224.jpg,720,960,0.6912,0.75,0.4369,0.1939,32.9071,0.173,0.4617
test_5225.jpg,720,960,0.6912,0.75,0.6134,0.1579,36.693,0.1567,0.6349
test_5226.jpg,1080,720,0.7776,1.5,0.4247,0.2717,30.8421,0.3361,0.4878
test_5227.jpg,720,960,0.6912,0.75,0.667,0.1818,6.7085,0.0375,0.6735
test_5228.jpg,1280,720,0.9216,1.7778,0.508,0.2123,107.271,0.1691,0.5366
test_5229.jpg,1151,720,0.8287,1.5986,0.4993,0.2536,208.0905,0.2662,0.5809
test_5230.jpg,1080,720,0.7776,1.5,0.4105,0.3028,351.7865,0.4153,0.4948
test_5231.jpg,720,960,0.6912,0.75,0.405,0.2336,138.8586,0.3237,0.4778
test_5232.jpg,720,960,0.6912,0.75,0.4081,0.1876,45.5269,0.1906,0.4348
test_5233.jpg,1280,720,0.9216,1.7778,0.5351,0.2435,14.3922,0.2213,0.5938
test_5234.jpg,720,960,0.6912,0.75,0.4614,0.2475,249.9088,0.1162,0.4887
test_5235.jpg,720,960,0.6912,0.75,0.2601,0.1599,356.6447,0.3149,0.3083
test_5236.jpg,1279,720,0.9209,1.7764,0.3728,0.2544,237.4189,0.1738,0.408
test_5237.jpg,720,960,0.6912,0.75,0.5516,0.2173,77.539,0.29,0.5978
test_5238.jpg,720,960,0.6912,0.75,0.4858,0.1842,38.0687,0.438,0.5587
test_5239.jpg,720,960,0.6912,0.75,0.4553,0.2401,223.652,0.312,0.5568
test_5240.jpg,720,1279,0.9209,0.5629,0.351,0.2374,183.7201,0.1687,0.3721
test_5241.jpg,720,960,0.6912,0.75,0.4278,0.1781,56.4992,0.1364,0.455
test_5242.jpg,960,720,0.6912,1.3333,0.3915,0.1873,343.429,0.2835,0.459
test_5243.jpg,960,720,0.6912,1.3333,0.4791,0.2743,18.8145,0.3668,0.5621
test_5244.jpg,720,960,0.6912,0.75,0.3019,0.188,218.4872,0.4093,0.4217
test_5245.jpg,720,960,0.6912,0.75,0.5013,0.2667,196.6583,0.1239,0.5265
test_5246.jpg,720,960,0.6912,0.75,0.4646,0.2293,26.0636,0.3295,0.5264
test_5247.jpg,720,960,0.6912,0.75,0.4845,0.2428,208.9614,0.2061,0.5369
test_5248.jpg,960,720,0.6912,1.3333,0.5359,0.257,126.2451,0.2417,0.6043
test_5249.jpg,720,960,0.6912,0.75,0.5193,0.2177,69.0447,0.1084,0.5426
test_5250.jpg,720,960,0.6912,0.75,0.4784,0.2637,214.5345,0.1581,0.5039
test_5251.jpg,960,720,0.6912,1.3333,0.5987,0.1225,34.2413,0.1639,0.644
test_5252.jpg,720,960,0.6912,0.75,0.5515,0.2191,232.4724,0.1769,0.6103
test_5253.jpg,960,720,0.6912,1.3333,0.4209,0.2692,126.3496,0.2249,0.469
test_5254.jpg,720,960,0.6912,0.75,0.4398,0.2346,242.1778,0.2102,0.4907
test_5255.jpg,720,960,0.6912,0.75,0.508,0.2273,202.1822,0.2365,0.5755
test_5256.jpg,720,720,0.5184,1.0,0.2133,0.1674,5.6791,0.1285,0.2327
test_5257.jpg,720,960,0.6912,0.75,0.5786,0.1855,39.7883,0.1633,0.6132
test_5258.jpg,720,960,0.6912,0.75,0.4374,0.2769,20.1757,0.2745,0.4799
test_5259.jpg,720,960,0.6912,0.75,0.557,0.2592,26.9854,0.2176,0.6177
test_5260.jpg,720,960,0.6912,0.75,0.3399,0.2668,11.819,0.3114,0.3787
test_5261.jpg,1126,720,0.8107,1.5639,0.4422,0.2689,326.7702,0.2696,0.5018
test_5262.jpg,720,960,0.6912,0.75,0.2691,0.2013,234.5596,0.3042,0.3118
test_5263.jpg,720,960,0.6912,0.75,0.6456,0.1601,41.8739,0.0555,0.6553
test_5264.jpg,720,960,0.6912,0.75,0.529,0.2858,49.7609,0.1188,0.5455
test_5265.jpg,720,960,0.6912,0.75,0.4209,0.2459,319.0728,0.2595,0.4819
test_5266.jpg,960,720,0.6912,1.3333,0.588,0.2229,22.8001,0.1451,0.6294
test_5267.jpg,720,960,0.6912,0.75,0.5514,0.2325,25.4042,0.2299,0.5956
test_5268.jpg,960,720,0.6912,1.3333,0.5654,0.1834,27.1906,0.1054,0.591
test_5269.jpg,720,960,0.6912,0.75,0.5409,0.1823,33.2168,0.2311,0.5881
test_5270.jpg,720,960,0.6912,0.75,0.4468,0.1982,202.7852,0.1087,0.4711
test_5271.jpg,720,1279,0.9209,0.5629,0.5337,0.1982,189.4398,0.0934,0.5534
test_5272.jpg,720,960,0.6912,0.75,0.6102,0.1953,61.8978,0.1138,0.633
test_5273.jpg,720,960,0.6912,0.75,0.5696,0.1644,110.0767,0.0571,0.5801
test_5274.jpg,960,720,0.6912,1.3333,0.3428,0.2663,96.6553,0.2528,0.3798
test_5275.jpg,720,960,0.6912,0.75,0.326,0.2054,68.4743,0.2046,0.3544
test_5276.jpg,720,960,0.6912,0.75,0.4935,0.175,219.2825,0.2581,0.5919
test_5277.jpg,720,960,0.6912,0.75,0.5439,0.2332,356.8941,0.1297,0.5762
test_5278.jpg,720,960,0.6912,0.75,0.274,0.1989,357.9534,0.344,0.3373
test_5279.jpg,960,720,0.6912,1.3333,0.4056,0.2423,47.2343,0.2583,0.4358
test_5280.jpg,720,960,0.6912,0.75,0.4761,0.1865,353.8044,0.1421,0.5187
test_5281.jpg,720,960,0.6912,0.75,0.5631,0.192,49.633,0.1953,0.6268
test_5282.jpg,960,720,0.6912,1.3333,0.5352,0.2277,129.0246,0.1323,0.5636
test_5283.jpg,720,960,0.6912,0.75,0.5119,0.2161,183.4662,0.073,0.5285
test_5284.jpg,720,960,0.6912,0.75,0.5505,0.2477,105.5952,0.0946,0.5633
test_5285.jpg,720,960,0.6912,0.75,0.4487,0.2206,343.4482,0.2949,0.5551
test_5286.jpg,720,1280,0.9216,0.5625,0.3396,0.2086,251.2791,0.2993,0.4248
test_5287.jpg,1280,720,0.9216,1.7778,0.5926,0.199,21.7768,0.1209,0.6244
test_5288.jpg,720,960,0.6912,0.75,0.5713,0.1375,31.5038,0.0763,0.5887
test_5289.jpg,960,720,0.6912,1.3333,0.3565,0.1328,19.8093,0.2156,0.4063
test_5290.jpg,720,960,0.6912,0.75,0.5858,0.1813,8.4478,0.1698,0.6511
test_5291.jpg,1099,720,0.7913,1.5264,0.4022,0.2289,132.831,0.1856,0.4347
test_5292.jpg,720,960,0.6912,0.75,0.3256,0.166,36.0535,0.3547,0.3741
test_5293.jpg,720,960,0.6912,0.75,0.3085,0.2136,328.2763,0.3901,0.3961
test_5294.jpg,720,960,0.6912,0.75,0.4713,0.2075,77.1548,0.2789,0.5189
test_5295.jpg,720,1280,0.9216,0.5625,0.3058,0.2422,12.4606,0.6456,0.426
test_5296.jpg,720,960,0.6912,0.75,0.6417,0.2686,205.538,0.1348,0.6881
test_5297.jpg,720,960,0.6912,0.75,0.2378,0.2358,55.0356,0.3352,0.2615
test_5298.jpg,720,960,0.6912,0.75,0.5671,0.2153,304.4682,0.1082,0.6027
test_5299.jpg,960,720,0.6912,1.3333,0.6328,0.2504,182.1132,0.0823,0.6449
test_5300.jpg,720,960,0.6912,0.75,0.4575,0.3146,1.9214,0.2769,0.5409
test_5301.jpg,720,960,0.6912,0.75,0.4642,0.2733,42.4913,0.2513,0.5208
test_5302.jpg,720,960,0.6912,0.75,0.3064,0.213,27.5326,0.2412,0.3337
test_5303.jpg,720,960,0.6912,0.75,0.5742,0.2646,70.1234,0.1665,0.608
test_5304.jpg,720,960,0.6912,0.75,0.5021,0.1724,200.1788,0.1499,0.5417
test_5305.jpg,720,960,0.6912,0.75,0.264,0.1887,153.9175,0.2484,0.2951
test_5306.jpg,960,720,0.6912,1.3333,0.4404,0.2054,42.3524,0.2118,0.4771
test_5307.jpg,720,960,0.6912,0.75,0.4691,0.1919,26.9941,0.3427,0.568
test_5308.jpg,720,960,0.6912,0.75,0.4654,0.2199,42.3722,0.4384,0.5433
test_5309.jpg,720,1279,0.9209,0.5629,0.3431,0.2113,235.9234,0.4066,0.4927
test_5310.jpg,720,960,0.6912,0.75,0.404,0.1904,214.889,0.3845,0.517
test_5311.jpg,720,960,0.6912,0.75,0.4113,0.2328,21.9662,0.3142,0.4834
test_5312.jpg,720,960,0.6912,0.75,0.4224,0.2495,317.5775,0.1644,0.4512
test_5313.jpg,1080,720,0.7776,1.5,0.3791,0.2316,26.6379,0.653,0.518
test_5314.jpg,720,960,0.6912,0.75,0.3899,0.1718,318.0566,0.3115,0.4806
test_5315.jpg,720,1279,0.9209,0.5629,0.438,0.1638,334.4586,0.1954,0.4904
test_5316.jpg,720,960,0.6912,0.75,0.5128,0.2643,326.5063,0.166,0.561
test_5317.jpg,720,960,0.6912,0.75,0.4435,0.2857,314.5193,0.104,0.4624
test_5318.jpg,720,960,0.6912,0.75,0.6053,0.2605,32.553,0.1288,0.632
test_5319.jpg,720,960,0.6912,0.75,0.4731,0.1814,215.5672,0.1583,0.5374
test_5320.jpg,720,960,0.6912,0.75,0.5196,0.2628,217.0813,0.0705,0.5306
test_5321.jpg,720,960,0.6912,0.75,0.4428,0.2435,43.6149,0.2334,0.4803
test_5322.jpg,720,960,0.6912,0.75,0.5143,0.2532,335.396,0.1375,0.5536
test_5323.jpg,720,960,0.6912,0.75,0.5367,0.2793,44.7028,0.1923,0.567
test_5324.jpg,720,732,0.527,0.9836,0.461,0.1749,300.9772,0.2551,0.5229
test_5325.jpg,720,960,0.6912,0.75,0.4848,0.2587,36.6912,0.2101,0.5123
test_5326.jpg,720,960,0.6912,0.75,0.546,0.1754,32.8757,0.1925,0.5964
test_5327.jpg,720,960,0.6912,0.75,0.5256,0.1861,215.5269,0.1881,0.5889
test_5328.jpg,720,960,0.6912,0.75,0.5636,0.2586,251.4406,0.1065,0.5873
test_5329.jpg,960,720,0.6912,1.3333,0.5566,0.1505,36.5587,0.0605,0.5714
test_5330.jpg,720,960,0.6912,0.75,0.4419,0.2496,208.1171,0.2257,0.5016
test_5331.jpg,720,960,0.6912,0.75,0.449,0.2558,32.6072,0.1047,0.4616
test_5332.jpg,720,960,0.6912,0.75,0.33,0.261,312.9356,0.1412,0.3465
test_5333.jpg,720,960,0.6912,0.75,0.6572,0.2953,354.5456,0.1672,0.6923
test_5334.jpg,720,960,0.6912,0.75,0.5646,0.1551,20.6477,0.2022,0.6229
test_5335.jpg,961,720,0.6919,1.3347,0.4931,0.2604,38.4927,0.3188,0.5673
test_5336.jpg,720,960,0.6912,0.75,0.4798,0.1799,222.6076,0.1594,0.5337
test_5337.jpg,720,960,0.6912,0.75,0.3888,0.2022,81.621,0.2428,0.4367
test_5338.jpg,720,960,0.6912,0.75,0.3499,0.2447,42.3786,0.2088,0.3715
test_5339.jpg,960,720,0.6912,1.3333,0.3891,0.216,81.7054,0.5436,0.4514
test_5340.jpg,1080,720,0.7776,1.5,0.3797,0.1955,227.4807,0.4029,0.4815
test_5341.jpg,720,960,0.6912,0.75,0.4155,0.2613,157.2245,0.1462,0.4576
test_5342.jpg,720,1280,0.9216,0.5625,0.5772,0.2619,26.0609,0.3404,0.6524
test_5343.jpg,960,720,0.6912,1.3333,0.229,0.1693,118.3539,0.0949,0.2407
test_5344.jpg,720,960,0.6912,0.75,0.5214,0.2069,224.7703,0.1079,0.5511
test_5345.jpg,720,960,0.6912,0.75,0.6944,0.101,38.2566,0.0366,0.7011
test_5346.jpg,960,720,0.6912,1.3333,0.4639,0.2473,55.1063,0.1559,0.4958
test_5347.jpg,720,1280,0.9216,0.5625,0.5954,0.2255,37.9359,0.0832,0.6099
test_5348.jpg,720,960,0.6912,0.75,0.4837,0.283,52.4033,0.1619,0.5065
test_5349.jpg,720,960,0.6912,0.75,0.5637,0.247,205.5321,0.1424,0.5978
test_5350.jpg,960,720,0.6912,1.3333,0.4584,0.2112,78.6301,0.1616,0.4914
test_5351.jpg,720,960,0.6912,0.75,0.2429,0.1693,196.2985,0.0598,0.2521
test_5352.jpg,960,720,0.6912,1.3333,0.3722,0.2259,240.7597,0.4322,0.4918
test_5353.jpg,720,960,0.6912,0.75,0.4156,0.1811,40.1902,0.2854,0.4679
test_5354.jpg,720,960,0.6912,0.75,0.4791,0.1784,41.989,0.3696,0.5755
test_5355.jpg,720,720,0.5184,1.0,0.5262,0.2654,37.7723,0.2936,0.5958
test_5356.jpg,720,960,0.6912,0.75,0.491,0.2389,159.2062,0.1094,0.5135
test_5357.jpg,720,1280,0.9216,0.5625,0.4615,0.1985,64.4948,0.2951,0.5116
test_5358.jpg,720,960,0.6912,0.75,0.3704,0.1555,209.4862,0.1447,0.3988
test_5359.jpg,720,960,0.6912,0.75,0.444,0.223,23.5687,0.2577,0.504
test_5360.jpg,720,960,0.6912,0.75,0.4505,0.2355,33.9485,0.2561,0.5011
test_5361.jpg,960,720,0.6912,1.3333,0.3914,0.2106,45.1652,0.1829,0.4243
test_5362.jpg,720,960,0.6912,0.75,0.4766,0.2341,335.4734,0.1401,0.513
test_5363.jpg,960,720,0.6912,1.3333,0.5226,0.1858,152.677,0.0838,0.5436
test_5364.jpg,720,960,0.6912,0.75,0.3085,0.2811,111.0011,0.3927,0.3515
test_5365.jpg,720,934,0.6725,0.7709,0.4903,0.2731,28.4166,0.3144,0.5541
test_5366.jpg,720,960,0.6912,0.75,0.5339,0.2532,46.6666,0.2281,0.5869
test_5367.jpg,720,960,0.6912,0.75,0.5152,0.2026,75.9782,0.1616,0.5457
test_5368.jpg,720,960,0.6912,0.75,0.4101,0.2525,30.8157,0.2135,0.4598
test_5369.jpg,720,1279,0.9209,0.5629,0.4585,0.2322,231.6319,0.1957,0.5107
test_5370.jpg,720,1280,0.9216,0.5625,0.5497,0.2238,222.1696,0.1123,0.5849
test_5371.jpg,720,1258,0.9058,0.5723,0.669,0.1543,37.3442,0.3305,0.7465
test_5372.jpg,720,960,0.6912,0.75,0.492,0.2467,198.7758,0.1084,0.5172
test_5373.jpg,960,720,0.6912,1.3333,0.5022,0.2277,26.0577,0.1616,0.5338
test_5374.jpg,960,720,0.6912,1.3333,0.5431,0.1619,22.5334,0.0907,0.5734
test_5375.jpg,720,960,0.6912,0.75,0.5701,0.1093,50.126,0.07,0.5781
test_5376.jpg,960,720,0.6912,1.3333,0.4019,0.1829,359.8236,0.2585,0.4791
test_5377.jpg,960,720,0.6912,1.3333,0.3374,0.2081,37.2083,0.2959,0.3911
test_5378.jpg,720,960,0.6912,0.75,0.502,0.2418,321.5515,0.1883,0.5509
test_5379.jpg,720,960,0.6912,0.75,0.5297,0.2512,21.1232,0.1582,0.5694
test_5380.jpg,720,960,0.6912,0.75,0.6436,0.2489,46.1904,0.0693,0.6515
test_5381.jpg,720,960,0.6912,0.75,0.5795,0.1294,42.5855,0.2218,0.6358
test_5382.jpg,720,960,0.6912,0.75,0.479,0.1726,252.329,0.2404,0.5779
test_5383.jpg,960,720,0.6912,1.3333,0.4803,0.2026,26.0504,0.2108,0.5301
test_5384.jpg,960,720,0.6912,1.3333,0.3638,0.2,272.3716,0.3108,0.4596
test_5385.jpg,720,960,0.6912,0.75,0.4315,0.2677,42.5109,0.3378,0.5005
test_5386.jpg,720,960,0.6912,0.75,0.5842,0.1111,30.6044,0.1879,0.6293
test_5387.jpg,720,960,0.6912,0.75,0.5055,0.2583,147.9252,0.1615,0.5301
test_5388.jpg,720,1280,0.9216,0.5625,0.3297,0.2441,236.9469,0.2727,0.4144
test_5389.jpg,720,960,0.6912,0.75,0.4658,0.1951,32.3819,0.2614,0.5156
test_5390.jpg,960,720,0.6912,1.3333,0.1435,0.0955,49.1788,0.3313,0.2017
test_5391.jpg,720,960,0.6912,0.75,0.5033,0.2216,91.5368,0.1528,0.5253
test_5392.jpg,720,960,0.6912,0.75,0.5084,0.2611,179.1942,0.163,0.535
test_5393.jpg,960,720,0.6912,1.3333,0.5984,0.1891,67.3177,0.0435,0.608
test_5394.jpg,720,960,0.6912,0.75,0.459,0.2627,100.8412,0.1501,0.4819
test_5395.jpg,720,960,0.6912,0.75,0.5042,0.162,86.1328,0.2574,0.5344
test_5396.jpg,720,960,0.6912,0.75,0.4825,0.2523,358.514,0.3021,0.5795
test_5397.jpg,720,960,0.6912,0.75,0.6227,0.2681,217.9002,0.1192,0.6663
test_5398.jpg,960,720,0.6912,1.3333,0.3962,0.2127,215.736,0.1094,0.4229
test_5399.jpg,1560,720,1.1232,2.1667,0.348,0.2644,35.6219,0.3189,0.3984
test_5400.jpg,720,960,0.6912,0.75,0.4482,0.2018,183.5914,0.2925,0.5517
test_5401.jpg,720,960,0.6912,0.75,0.476,0.1904,146.4129,0.198,0.5376
test_5402.jpg,960,720,0.6912,1.3333,0.5723,0.2298,334.0353,0.1591,0.6209
test_5403.jpg,720,960,0.6912,0.75,0.4812,0.2409,59.6616,0.1737,0.5145
test_5404.jpg,720,1280,0.9216,0.5625,0.3493,0.1657,199.7208,0.1809,0.3847
test_5405.jpg,1280,720,0.9216,1.7778,0.5133,0.2249,48.5068,0.1524,0.5434
test_5406.jpg,720,960,0.6912,0.75,0.2449,0.1933,59.2585,0.4086,0.2901
test_5407.jpg,720,960,0.6912,0.75,0.515,0.2011,61.1389,0.1516,0.5367
test_5408.jpg,720,960,0.6912,0.75,0.4693,0.2037,35.1266,0.2505,0.5218
test_5409.jpg,720,960,0.6912,0.75,0.2707,0.1895,46.2639,0.3279,0.2922
test_5410.jpg,720,1280,0.9216,0.5625,0.6249,0.2465,34.955,0.2312,0.67
test_5411.jpg,960,720,0.6912,1.3333,0.4646,0.2619,70.3628,0.1722,0.4902
test_5412.jpg,720,960,0.6912,0.75,0.5416,0.2061,124.7407,0.0855,0.5617
test_5413.jpg,720,960,0.6912,0.75,0.511,0.2057,214.2043,0.1297,0.5421
test_5414.jpg,720,960,0.6912,0.75,0.565,0.1765,27.071,0.0914,0.5892
test_5415.jpg,960,720,0.6912,1.3333,0.2284,0.1771,58.4669,0.2728,0.2634
test_5416.jpg,720,1280,0.9216,0.5625,0.385,0.1662,24.2624,0.2931,0.4377
test_5417.jpg,1280,720,0.9216,1.7778,0.4525,0.1665,10.8764,0.0823,0.4742
test_5418.jpg,720,960,0.6912,0.75,0.5478,0.1964,349.4237,0.1666,0.5986
test_5419.jpg,720,1558,1.1218,0.4621,0.3875,0.2828,28.1333,0.1696,0.4166
test_5420.jpg,720,1280,0.9216,0.5625,0.6867,0.1727,237.5971,0.0507,0.7088
test_5421.jpg,720,960,0.6912,0.75,0.3942,0.291,28.8423,0.1462,0.4178
test_5422.jpg,720,1280,0.9216,0.5625,0.4864,0.2002,202.4657,0.1997,0.5412
test_5423.jpg,720,960,0.6912,0.75,0.3981,0.1772,335.4158,0.2979,0.4967
test_5424.jpg,1280,720,0.9216,1.7778,0.3489,0.2451,21.7552,0.332,0.4048
test_5425.jpg,720,960,0.6912,0.75,0.3809,0.2328,13.9458,0.2342,0.425
test_5426.jpg,720,960,0.6912,0.75,0.3876,0.221,28.4945,0.3674,0.4684
test_5427.jpg,960,720,0.6912,1.3333,0.5073,0.2718,32.7098,0.2041,0.5514
test_5428.jpg,960,720,0.6912,1.3333,0.5244,0.1611,31.5849,0.4029,0.6304
test_5429.jpg,720,960,0.6912,0.75,0.6304,0.1805,37.4874,0.1433,0.6526
test_5430.jpg,720,960,0.6912,0.75,0.4988,0.2457,344.9842,0.2072,0.5561
test_5431.jpg,720,960,0.6912,0.75,0.4797,0.2332,35.6032,0.2343,0.5324
test_5432.jpg,720,960,0.6912,0.75,0.4057,0.1416,16.6928,0.1294,0.4344
test_5433.jpg,720,960,0.6912,0.75,0.3859,0.1649,26.1389,0.4419,0.4914
test_5434.jpg,720,960,0.6912,0.75,0.4105,0.1867,39.6659,0.203,0.4469
test_5435.jpg,720,960,0.6912,0.75,0.4491,0.2275,185.6062,0.2243,0.5152
test_5436.jpg,720,960,0.6912,0.75,0.4996,0.2464,53.9583,0.1729,0.525
test_5437.jpg,720,960,0.6912,0.75,0.4508,0.1954,218.4685,0.1661,0.5005
test_5438.jpg,720,960,0.6912,0.75,0.4988,0.1933,25.7359,0.2397,0.5546
test_5439.jpg,720,960,0.6912,0.75,0.5314,0.1812,12.3709,0.1079,0.5608
test_5440.jpg,720,1463,1.0534,0.4921,0.445,0.1626,28.7084,0.2252,0.5165
test_5441.jpg,960,720,0.6912,1.3333,0.4856,0.2216,298.0517,0.1466,0.5229
test_5442.jpg,720,960,0.6912,0.75,0.4986,0.2143,53.2011,0.3783,0.572
test_5443.jpg,960,720,0.6912,1.3333,0.4302,0.2113,46.7252,0.1375,0.4525
test_5444.jpg,960,720,0.6912,1.3333,0.5961,0.2318,19.536,0.1529,0.6306
test_5445.jpg,720,960,0.6912,0.75,0.4802,0.2275,28.9032,0.3644,0.5713
test_5446.jpg,720,960,0.6912,0.75,0.4918,0.2394,42.1593,0.201,0.5215
test_5447.jpg,1279,720,0.9209,1.7764,0.5572,0.243,205.5212,0.173,0.613
test_5448.jpg,720,1011,0.7279,0.7122,0.4837,0.2427,210.6703,0.1873,0.5376
test_5449.jpg,960,720,0.6912,1.3333,0.4762,0.3139,206.3058,0.286,0.5346
test_5450.jpg,960,720,0.6912,1.3333,0.301,0.134,16.7578,0.1005,0.3202
test_5451.jpg,1279,720,0.9209,1.7764,0.3669,0.1602,235.5927,0.1175,0.3931
test_5452.jpg,720,960,0.6912,0.75,0.4671,0.2065,74.0851,0.2622,0.5145
test_5453.jpg,720,960,0.6912,0.75,0.4217,0.1672,116.6271,0.2964,0.4909
test_5454.jpg,720,960,0.6912,0.75,0.4685,0.2357,12.2164,0.1764,0.5183
test_5455.jpg,720,1053,0.7582,0.6838,0.5273,0.1703,22.3967,0.2916,0.6219
test_5456.jpg,960,720,0.6912,1.3333,0.4655,0.2408,56.9122,0.1573,0.4867
test_5457.jpg,1280,720,0.9216,1.7778,0.4811,0.2617,222.528,0.2287,0.5397
test_5458.jpg,720,960,0.6912,0.75,0.3476,0.2071,49.6976,0.3847,0.4075
test_5459.jpg,960,720,0.6912,1.3333,0.5827,0.2477,27.1199,0.1803,0.629
test_5460.jpg,720,960,0.6912,0.75,0.1631,0.1708,277.3713,0.1779,0.1871
test_5461.jpg,720,960,0.6912,0.75,0.5189,0.1725,72.0459,0.1251,0.5412
test_5462.jpg,720,960,0.6912,0.75,0.6211,0.2097,40.492,0.1421,0.6465
test_5463.jpg,720,960,0.6912,0.75,0.4613,0.1796,26.7213,0.2888,0.5504
test_5464.jpg,720,960,0.6912,0.75,0.4123,0.2049,47.0168,0.3176,0.4669
test_5465.jpg,1320,720,0.9504,1.8333,0.5023,0.2749,38.7779,0.2219,0.5462
test_5466.jpg,720,960,0.6912,0.75,0.4269,0.1927,168.7958,0.1161,0.4557
test_5467.jpg,720,727,0.5234,0.9904,0.4157,0.2087,154.9459,0.295,0.4849
test_5468.jpg,720,960,0.6912,0.75,0.3573,0.1018,230.89,0.7575,0.8512
test_5469.jpg,720,960,0.6912,0.75,0.4211,0.1878,36.3962,0.273,0.4749
test_5470.jpg,720,960,0.6912,0.75,0.489,0.2355,9.8545,0.1887,0.531
test_5471.jpg,1323,720,0.9526,1.8375,0.4442,0.2122,38.9365,0.2839,0.5043
test_5472.jpg,720,960,0.6912,0.75,0.6109,0.235,358.5096,0.1783,0.6484
test_5473.jpg,786,720,0.5659,1.0917,0.482,0.1857,29.2357,0.154,0.5162
test_5474.jpg,720,960,0.6912,0.75,0.5398,0.258,189.4525,0.1431,0.5807
test_5475.jpg,720,960,0.6912,0.75,0.4658,0.1776,30.3965,0.3063,0.5412
test_5476.jpg,1279,720,0.9209,1.7764,0.5698,0.1939,202.2742,0.1491,0.6144
test_5477.jpg,720,960,0.6912,0.75,0.4721,0.1767,35.9184,0.1724,0.4977
test_5478.jpg,720,720,0.5184,1.0,0.3748,0.1648,318.5303,0.4583,0.5684
test_5479.jpg,720,960,0.6912,0.75,0.5023,0.2313,29.9773,0.2443,0.5588
test_5480.jpg,720,960,0.6912,0.75,0.5493,0.2111,340.3333,0.0665,0.5664
test_5481.jpg,960,720,0.6912,1.3333,0.4779,0.1931,18.236,0.5828,0.6653
test_5482.jpg,720,960,0.6912,0.75,0.6566,0.119,5.6479,0.0574,0.6735
test_5483.jpg,720,960,0.6912,0.75,0.3744,0.2399,44.6341,0.223,0.4123
test_5484.jpg,720,1290,0.9288,0.5581,0.2761,0.1567,219.7517,0.2237,0.3134
test_5485.jpg,720,1558,1.1218,0.4621,0.4458,0.1711,165.4056,0.3176,0.5559
test_5486.jpg,960,720,0.6912,1.3333,0.6112,0.2273,17.6735,0.1958,0.6613
test_5487.jpg,960,720,0.6912,1.3333,0.5864,0.1319,200.008,0.1289,0.6243
test_5488.jpg,960,720,0.6912,1.3333,0.4063,0.1851,84.7615,0.3335,0.455
test_5489.jpg,720,1279,0.9209,0.5629,0.49,0.213,88.269,0.2844,0.5432
test_5490.jpg,720,960,0.6912,0.75,0.4619,0.2163,7.6439,0.2226,0.5134
test_5491.jpg,720,960,0.6912,0.75,0.4415,0.2763,184.4463,0.3153,0.519
test_5492.jpg,960,720,0.6912,1.3333,0.54,0.146,56.9458,0.0862,0.5569
test_5493.jpg,1464,720,1.0541,2.0333,0.4633,0.3124,27.0033,0.3388,0.5127
test_5494.jpg,720,1080,0.7776,0.6667,0.512,0.218,202.6486,0.3323,0.6162
test_5495.jpg,720,1280,0.9216,0.5625,0.6616,0.158,26.8641,0.1262,0.6977
test_5496.jpg,735,720,0.5292,1.0208,0.4523,0.1888,23.8177,0.4583,0.5925
test_5497.jpg,720,860,0.6192,0.8372,0.4405,0.2042,22.0288,0.2517,0.4954
test_5498.jpg,960,720,0.6912,1.3333,0.4096,0.1613,219.0227,0.0577,0.4189
test_5499.jpg,960,720,0.6912,1.3333,0.4692,0.2392,192.9474,0.2567,0.5267
test_5500.jpg,720,960,0.6912,0.75,0.5278,0.207,39.809,0.2466,0.5737
test_5501.jpg,1558,720,1.1218,2.1639,0.5027,0.2001,230.6451,0.088,0.527
test_5502.jpg,720,960,0.6912,0.75,0.4137,0.2428,259.06,0.1689,0.4555
test_5503.jpg,720,960,0.6912,0.75,0.642,0.1439,18.7578,0.078,0.6657
test_5504.jpg,720,960,0.6912,0.75,0.4699,0.2015,216.2129,0.3247,0.5784
test_5505.jpg,960,720,0.6912,1.3333,0.5528,0.2701,225.8577,0.1552,0.5974
test_5506.jpg,720,1280,0.9216,0.5625,0.4409,0.2192,108.5817,0.2479,0.4905
test_5507.jpg,720,960,0.6912,0.75,0.4817,0.181,0.0887,0.137,0.521
test_5508.jpg,720,960,0.6912,0.75,0.63,0.1739,18.2335,0.0643,0.6448
test_5509.jpg,720,960,0.6912,0.75,0.4247,0.2293,298.8044,0.3127,0.519
test_5510.jpg,720,960,0.6912,0.75,0.5269,0.18,4.2877,0.1159,0.5592
test_5511.jpg,720,960,0.6912,0.75,0.5841,0.1475,224.1151,0.3537,0.7038
test_5512.jpg,960,720,0.6912,1.3333,0.5255,0.2324,34.5883,0.1605,0.5622
test_5513.jpg,1120,720,0.8064,1.5556,0.4908,0.2368,30.2653,0.2117,0.5502
test_5514.jpg,720,960,0.6912,0.75,0.5613,0.2113,29.7309,0.2627,0.6157
test_5515.jpg,720,960,0.6912,0.75,0.4042,0.2461,47.1,0.1114,0.4224
test_5516.jpg,960,720,0.6912,1.3333,0.5815,0.2134,151.8207,0.1111,0.6057
test_5517.jpg,720,960,0.6912,0.75,0.66,0.1192,216.7568,0.0669,0.6766
test_5518.jpg,720,960,0.6912,0.75,0.3532,0.2774,120.5145,0.2044,0.3787
test_5519.jpg,720,960,0.6912,0.75,0.5706,0.2372,60.8284,0.1412,0.5945
test_5520.jpg,720,960,0.6912,0.75,0.5579,0.1503,38.0457,0.1526,0.5843
test_5521.jpg,720,960,0.6912,0.75,0.529,0.2468,29.7861,0.1074,0.5522
test_5522.jpg,720,960,0.6912,0.75,0.5096,0.28,195.1667,0.2084,0.5547
test_5523.jpg,720,960,0.6912,0.75,0.5612,0.2417,45.6935,0.2259,0.6132
test_5524.jpg,960,720,0.6912,1.3333,0.4244,0.1575,79.8171,0.0851,0.4392
test_5525.jpg,720,960,0.6912,0.75,0.4085,0.2276,308.7786,0.2489,0.4677
test_5526.jpg,960,720,0.6912,1.3333,0.4682,0.2808,25.3905,0.2155,0.5103
test_5527.jpg,720,1280,0.9216,0.5625,0.4964,0.2654,41.7147,0.2839,0.5551
test_5528.jpg,1079,720,0.7769,1.4986,0.4646,0.2538,24.6392,0.2376,0.5166
test_5529.jpg,1558,720,1.1218,2.1639,0.4636,0.2401,185.933,0.1492,0.4954
test_5530.jpg,960,720,0.6912,1.3333,0.5295,0.1992,40.5063,0.1346,0.5523
test_5531.jpg,960,720,0.6912,1.3333,0.3958,0.2576,334.2935,0.1074,0.4193
test_5532.jpg,720,960,0.6912,0.75,0.3619,0.2221,256.3165,0.3613,0.4626
test_5533.jpg,720,960,0.6912,0.75,0.3665,0.2181,328.5904,0.2551,0.4207
test_5534.jpg,720,960,0.6912,0.75,0.541,0.2168,173.3279,0.1068,0.5671
test_5535.jpg,1280,720,0.9216,1.7778,0.4888,0.2116,216.0259,0.3393,0.6127
test_5536.jpg,720,960,0.6912,0.75,0.4548,0.2797,197.1002,0.3116,0.5247
test_5537.jpg,720,960,0.6912,0.75,0.373,0.2221,259.4987,0.2514,0.415
test_5538.jpg,720,960,0.6912,0.75,0.5247,0.2455,32.4688,0.2249,0.5817
test_5539.jpg,720,960,0.6912,0.75,0.5394,0.1651,199.45,0.1387,0.5807
test_5540.jpg,720,960,0.6912,0.75,0.347,0.2086,248.1762,0.3676,0.4501
test_5541.jpg,720,1080,0.7776,0.6667,0.4413,0.2634,298.7869,0.1176,0.471
test_5542.jpg,720,960,0.6912,0.75,0.5212,0.1991,340.8688,0.1508,0.5585
test_5543.jpg,720,960,0.6912,0.75,0.4943,0.2064,33.5095,0.1616,0.5253
test_5544.jpg,720,960,0.6912,0.75,0.4544,0.2094,68.4063,0.2378,0.489
test_5545.jpg,720,960,0.6912,0.75,0.5273,0.2145,25.469,0.2009,0.5739
test_5546.jpg,720,960,0.6912,0.75,0.5886,0.2306,31.9023,0.2423,0.6514
test_5547.jpg,720,1279,0.9209,0.5629,0.599,0.11,5.5958,0.2547,0.6715
test_5548.jpg,720,1279,0.9209,0.5629,0.4735,0.2361,356.6731,0.1865,0.5491
test_5549.jpg,720,960,0.6912,0.75,0.2288,0.2449,22.2025,0.2708,0.2512
test_5550.jpg,720,960,0.6912,0.75,0.6172,0.2329,215.9328,0.181,0.6829
test_5551.jpg,720,1358,0.9778,0.5302,0.4646,0.2316,248.4879,0.384,0.5796
test_5552.jpg,1080,720,0.7776,1.5,0.4606,0.2295,226.0884,0.1516,0.5062
test_5553.jpg,720,960,0.6912,0.75,0.5176,0.2377,38.4597,0.2376,0.5543
test_5554.jpg,720,960,0.6912,0.75,0.6718,0.2116,49.1381,0.2074,0.7221
test_5555.jpg,960,720,0.6912,1.3333,0.3553,0.2958,337.692,0.1915,0.3876
test_5556.jpg,720,1559,1.1225,0.4618,0.5251,0.1769,18.196,0.1892,0.5804
test_5557.jpg,720,1558,1.1218,0.4621,0.4331,0.2014,275.4225,0.2149,0.4899
test_5558.jpg,960,720,0.6912,1.3333,0.5283,0.22,69.4297,0.1687,0.5635
test_5559.jpg,720,960,0.6912,0.75,0.5012,0.1855,67.9936,0.181,0.5397
test_5560.jpg,720,960,0.6912,0.75,0.4505,0.2234,27.4901,0.1161,0.4769
test_5561.jpg,720,960,0.6912,0.75,0.3981,0.1893,3.1951,0.298,0.5045
test_5562.jpg,960,720,0.6912,1.3333,0.5362,0.3103,269.2527,0.0914,0.5589
test_5563.jpg,720,960,0.6912,0.75,0.4704,0.2342,14.3439,0.2804,0.5426
test_5564.jpg,960,720,0.6912,1.3333,0.4629,0.1351,59.7238,0.3908,0.5216
test_5565.jpg,720,960,0.6912,0.75,0.3458,0.2149,99.7687,0.2042,0.3752
test_5566.jpg,720,960,0.6912,0.75,0.553,0.2442,138.6276,0.1219,0.5796
test_5567.jpg,720,960,0.6912,0.75,0.5432,0.2946,260.0125,0.2958,0.6297
test_5568.jpg,720,960,0.6912,0.75,0.2105,0.1916,36.5483,0.1641,0.2247
test_5569.jpg,720,960,0.6912,0.75,0.4483,0.1851,211.7289,0.2515,0.528
test_5570.jpg,720,960,0.6912,0.75,0.4899,0.2333,201.1756,0.2619,0.5565
test_5571.jpg,960,720,0.6912,1.3333,0.4131,0.1825,45.9692,0.1755,0.4445
test_5572.jpg,720,960,0.6912,0.75,0.5084,0.2647,64.6505,0.1611,0.5376
test_5573.jpg,720,960,0.6912,0.75,0.4795,0.2215,34.7416,0.2803,0.5292
test_5574.jpg,720,960,0.6912,0.75,0.4921,0.181,34.8066,0.1741,0.5314
test_5575.jpg,720,960,0.6912,0.75,0.5081,0.2437,100.604,0.2024,0.5636
test_5576.jpg,720,960,0.6912,0.75,0.4194,0.2015,351.7378,0.2688,0.4859
test_5577.jpg,720,960,0.6912,0.75,0.4474,0.1882,217.4386,0.401,0.5986
test_5578.jpg,720,960,0.6912,0.75,0.5206,0.2149,40.593,0.0622,0.5304
test_5579.jpg,1279,720,0.9209,1.7764,0.5902,0.263,4.6438,0.1299,0.6232
test_5580.jpg,720,960,0.6912,0.75,0.4698,0.2889,46.2932,0.3377,0.5076
test_5581.jpg,720,960,0.6912,0.75,0.4161,0.1881,39.0356,0.2084,0.4453
test_5582.jpg,720,960,0.6912,0.75,0.2938,0.3087,0.9472,0.2922,0.3231
test_5583.jpg,720,960,0.6912,0.75,0.4968,0.2127,184.5154,0.1474,0.5279
test_5584.jpg,720,960,0.6912,0.75,0.5326,0.2788,85.8411,0.1494,0.5651
test_5585.jpg,960,720,0.6912,1.3333,0.4959,0.227,33.8322,0.2815,0.5504
test_5586.jpg,720,960,0.6912,0.75,0.4425,0.23,43.8867,0.2218,0.4816
test_5587.jpg,720,960,0.6912,0.75,0.4833,0.2187,125.4031,0.1748,0.5252
test_5588.jpg,720,959,0.6905,0.7508,0.5145,0.2159,203.426,0.1066,0.5398
test_5589.jpg,720,960,0.6912,0.75,0.5324,0.177,135.1637,0.2022,0.5621
test_5590.jpg,960,720,0.6912,1.3333,0.5719,0.2091,195.2716,0.1872,0.6185
test_5591.jpg,720,960,0.6912,0.75,0.3609,0.2265,200.1597,0.399,0.436
test_5592.jpg,720,960,0.6912,0.75,0.2013,0.17,145.9609,0.3829,0.2671
test_5593.jpg,720,960,0.6912,0.75,0.5017,0.2636,20.3776,0.2986,0.5743
test_5594.jpg,960,720,0.6912,1.3333,0.5861,0.2142,28.4146,0.3025,0.6572
test_5595.jpg,960,720,0.6912,1.3333,0.5218,0.1695,33.3379,0.079,0.5424
test_5596.jpg,720,720,0.5184,1.0,0.4886,0.2133,27.9789,0.3866,0.5823
test_5597.jpg,720,960,0.6912,0.75,0.4613,0.2695,15.3698,0.1281,0.4825
test_5598.jpg,720,960,0.6912,0.75,0.3477,0.2794,152.2739,0.3144,0.3912
test_5599.jpg,720,960,0.6912,0.75,0.4876,0.2492,41.5366,0.2264,0.5289
test_5600.jpg,720,960,0.6912,0.75,0.3797,0.2349,228.996,0.2637,0.4222
test_5601.jpg,720,720,0.5184,1.0,0.4196,0.2966,24.9504,0.1816,0.4461
test_5602.jpg,960,720,0.6912,1.3333,0.3745,0.2522,22.1839,0.4335,0.4642
test_5603.jpg,720,960,0.6912,0.75,0.4244,0.2457,9.0624,0.4175,0.5155
test_5604.jpg,720,960,0.6912,0.75,0.4224,0.1983,229.8103,0.1499,0.4595
test_5605.jpg,720,960,0.6912,0.75,0.333,0.2456,35.2323,0.7788,0.4219
test_5606.jpg,960,720,0.6912,1.3333,0.4008,0.1711,38.5433,0.2519,0.4628
test_5607.jpg,720,1559,1.1225,0.4618,0.4201,0.229,354.938,0.2626,0.5036
test_5608.jpg,720,720,0.5184,1.0,0.5167,0.2092,229.9501,0.2436,0.6097
test_5609.jpg,720,960,0.6912,0.75,0.4132,0.2522,219.4512,0.2689,0.488
test_5610.jpg,720,720,0.5184,1.0,0.377,0.319,259.758,0.3946,0.5086
test_5611.jpg,720,960,0.6912,0.75,0.393,0.2246,313.6364,0.3128,0.4681
test_5612.jpg,720,960,0.6912,0.75,0.3402,0.2116,228.0563,0.1575,0.3725
test_5613.jpg,720,960,0.6912,0.75,0.2559,0.1648,323.5552,0.2231,0.2966
test_5614.jpg,720,960,0.6912,0.75,0.4254,0.1967,31.0477,0.195,0.4656
test_5615.jpg,720,960,0.6912,0.75,0.4674,0.2213,153.85,0.2155,0.5349
test_5616.jpg,720,960,0.6912,0.75,0.5035,0.233,225.4502,0.2602,0.5748
test_5617.jpg,720,960,0.6912,0.75,0.4986,0.2224,48.8635,0.1151,0.5156
test_5618.jpg,720,960,0.6912,0.75,0.4777,0.2323,252.6409,0.1177,0.499
test_5619.jpg,720,960,0.6912,0.75,0.383,0.2433,222.9702,0.3322,0.4836
test_5620.jpg,720,960,0.6912,0.75,0.4863,0.2933,100.2869,0.1651,0.5124
test_5621.jpg,720,960,0.6912,0.75,0.4445,0.2373,27.4906,0.3709,0.5366
test_5622.jpg,720,960,0.6912,0.75,0.5109,0.1841,29.776,0.3007,0.5796
test_5623.jpg,720,960,0.6912,0.75,0.5243,0.1686,173.9481,0.3088,0.6074
test_5624.jpg,720,960,0.6912,0.75,0.4086,0.1538,273.8694,0.0725,0.422
test_5625.jpg,720,960,0.6912,0.75,0.5784,0.3049,140.8499,0.068,0.5882
test_5626.jpg,913,720,0.6574,1.2681,0.4303,0.1173,28.7098,0.1756,0.459
test_5627.jpg,720,960,0.6912,0.75,0.5831,0.2192,48.5973,0.152,0.6128
test_5628.jpg,720,960,0.6912,0.75,0.5012,0.2018,211.8663,0.1899,0.5554
test_5629.jpg,720,960,0.6912,0.75,0.5193,0.2481,98.6213,0.2478,0.5618
test_5630.jpg,720,960,0.6912,0.75,0.51,0.2396,2.6943,0.1645,0.5492
test_5631.jpg,960,720,0.6912,1.3333,0.3361,0.2476,271.4855,0.3967,0.4105
test_5632.jpg,720,960,0.6912,0.75,0.513,0.1456,185.3921,0.3416,0.6445
test_5633.jpg,720,1279,0.9209,0.5629,0.6085,0.198,28.367,0.1573,0.6432
test_5634.jpg,720,960,0.6912,0.75,0.4829,0.1929,202.4574,0.1045,0.5081
test_5635.jpg,720,960,0.6912,0.75,0.4108,0.2216,32.9611,0.1528,0.44
test_5636.jpg,960,720,0.6912,1.3333,0.5768,0.2014,35.1831,0.1761,0.6123
test_5637.jpg,720,1558,1.1218,0.4621,0.5433,0.2294,217.3979,0.2089,0.6169
test_5638.jpg,720,1041,0.7495,0.6916,0.4185,0.1963,324.5898,0.2532,0.4844
test_5639.jpg,959,720,0.6905,1.3319,0.4494,0.2266,92.7018,0.2592,0.4919
test_5640.jpg,720,960,0.6912,0.75,0.6531,0.1839,33.9539,0.026,0.6571
test_5641.jpg,720,960,0.6912,0.75,0.5799,0.2356,271.6607,0.0463,0.5919
test_5642.jpg,720,960,0.6912,0.75,0.3688,0.2128,328.2462,0.2206,0.4123
test_5643.jpg,720,960,0.6912,0.75,0.4212,0.182,332.821,0.3268,0.5249
test_5644.jpg,720,960,0.6912,0.75,0.3715,0.1709,271.7522,0.3219,0.4622
test_5645.jpg,720,960,0.6912,0.75,0.5271,0.1982,13.7325,0.1308,0.5592
test_5646.jpg,720,960,0.6912,0.75,0.4749,0.2277,72.8624,0.1065,0.4929
test_5647.jpg,720,960,0.6912,0.75,0.5033,0.2211,133.7896,0.1418,0.5348
test_5648.jpg,720,1279,0.9209,0.5629,0.3585,0.206,340.5182,0.2778,0.4313
test_5649.jpg,960,720,0.6912,1.3333,0.5152,0.2248,98.3431,0.2041,0.5813
test_5650.jpg,720,960,0.6912,0.75,0.4445,0.1993,14.3121,0.2368,0.5072
test_5651.jpg,720,960,0.6912,0.75,0.4503,0.187,16.0702,0.1944,0.4996
test_5652.jpg,720,960,0.6912,0.75,0.4705,0.2135,6.3878,0.3857,0.575
test_5653.jpg,720,1560,1.1232,0.4615,0.2803,0.3246,358.6999,0.2054,0.3148
test_5654.jpg,720,960,0.6912,0.75,0.5888,0.1993,27.7514,0.0984,0.6156
test_5655.jpg,960,720,0.6912,1.3333,0.2466,0.1458,208.3409,0.7218,0.4178
test_5656.jpg,720,960,0.6912,0.75,0.5657,0.1664,20.343,0.2509,0.6509
test_5657.jpg,720,1558,1.1218,0.4621,0.2721,0.1007,224.3074,0.1991,0.3017
test_5658.jpg,720,960,0.6912,0.75,0.4813,0.224,74.7988,0.2105,0.5088
test_5659.jpg,720,960,0.6912,0.75,0.5767,0.2521,16.7389,0.074,0.5939
test_5660.jpg,720,1279,0.9209,0.5629,0.4826,0.222,79.9217,0.1526,0.5123
test_5661.jpg,960,720,0.6912,1.3333,0.5336,0.2162,203.0952,0.1209,0.5662
test_5662.jpg,720,960,0.6912,0.75,0.4123,0.1618,30.6722,0.377,0.5272
test_5663.jpg,720,960,0.6912,0.75,0.6392,0.2692,251.7102,0.0818,0.6518
test_5664.jpg,960,720,0.6912,1.3333,0.1702,0.1492,76.6144,0.2857,0.1853
test_5665.jpg,720,960,0.6912,0.75,0.4504,0.3093,338.8437,0.255,0.4945
test_5666.jpg,720,960,0.6912,0.75,0.4961,0.2285,11.7375,0.1246,0.528
test_5667.jpg,720,960,0.6912,0.75,0.538,0.2027,98.3203,0.1465,0.5691
test_5668.jpg,720,960,0.6912,0.75,0.6781,0.1848,28.4529,0.2095,0.7392
test_5669.jpg,787,720,0.5666,1.0931,0.3807,0.1986,33.0106,0.5059,0.4733
test_5670.jpg,720,960,0.6912,0.75,0.6516,0.1716,108.6075,0.1668,0.7015
test_5671.jpg,720,960,0.6912,0.75,0.5796,0.2345,36.2626,0.184,0.626
test_5672.jpg,1116,720,0.8035,1.55,0.6879,0.262,17.0066,0.1514,0.7445
test_5673.jpg,720,960,0.6912,0.75,0.4537,0.1861,18.9361,0.2063,0.5094
test_5674.jpg,720,960,0.6912,0.75,0.3993,0.2003,28.4805,0.3773,0.468
test_5675.jpg,720,960,0.6912,0.75,0.4191,0.201,216.0112,0.4625,0.588
test_5676.jpg,720,960,0.6912,0.75,0.5275,0.2199,209.3801,0.3158,0.6454
test_5677.jpg,1131,720,0.8143,1.5708,0.4777,0.222,51.9256,0.1709,0.5101
test_5678.jpg,720,960,0.6912,0.75,0.4699,0.216,212.4214,0.3376,0.5965
test_5679.jpg,720,960,0.6912,0.75,0.4538,0.198,31.5788,0.13,0.4687
test_5680.jpg,960,720,0.6912,1.3333,0.262,0.1364,254.675,0.7845,0.687
test_5681.jpg,720,960,0.6912,0.75,0.4815,0.2125,54.6196,0.1492,0.5086
test_5682.jpg,720,1279,0.9209,0.5629,0.361,0.1376,357.5505,0.1751,0.3967
test_5683.jpg,720,720,0.5184,1.0,0.4484,0.2037,30.4383,0.2188,0.4987
test_5684.jpg,1398,720,1.0066,1.9417,0.252,0.1766,190.0295,0.4283,0.3146
test_5685.jpg,720,960,0.6912,0.75,0.5491,0.2137,26.6595,0.1834,0.5907
test_5686.jpg,720,720,0.5184,1.0,0.3518,0.2242,23.7148,0.4531,0.4118
test_5687.jpg,720,960,0.6912,0.75,0.4572,0.1861,346.2637,0.3404,0.5491
test_5688.jpg,720,960,0.6912,0.75,0.348,0.1594,70.982,0.3137,0.3805
test_5689.jpg,720,960,0.6912,0.75,0.5105,0.1568,42.2979,0.5567,0.6275
test_5690.jpg,720,1561,1.1239,0.4612,0.2917,0.2687,28.7188,0.1843,0.3287
test_5691.jpg,1326,720,0.9547,1.8417,0.3938,0.213,224.9299,0.176,0.4327
test_5692.jpg,960,720,0.6912,1.3333,0.2935,0.2153,54.861,0.3079,0.3326
test_5693.jpg,720,900,0.648,0.8,0.3693,0.1551,11.6813,0.3641,0.4591
test_5694.jpg,960,720,0.6912,1.3333,0.4641,0.217,63.083,0.0152,0.4682
test_5695.jpg,720,960,0.6912,0.75,0.5116,0.1812,38.6599,0.2391,0.565
test_5696.jpg,720,960,0.6912,0.75,0.4124,0.2175,186.7973,0.1816,0.469
test_5697.jpg,720,960,0.6912,0.75,0.5067,0.1872,35.4476,0.1214,0.5295
test_5698.jpg,960,720,0.6912,1.3333,0.5512,0.2389,15.8211,0.2262,0.6239
test_5699.jpg,720,960,0.6912,0.75,0.584,0.2581,171.1317,0.1155,0.6023
test_5700.jpg,720,960,0.6912,0.75,0.4837,0.1612,52.3744,0.2721,0.5428
test_5701.jpg,960,720,0.6912,1.3333,0.4802,0.2234,188.4034,0.2122,0.5213
test_5702.jpg,1279,720,0.9209,1.7764,0.4338,0.1452,158.8123,0.1759,0.4645
test_5703.jpg,720,960,0.6912,0.75,0.4396,0.236,215.757,0.2001,0.5068
test_5704.jpg,720,1280,0.9216,0.5625,0.5476,0.2894,188.8233,0.239,0.6169
test_5705.jpg,720,960,0.6912,0.75,0.5322,0.2725,26.4302,0.1709,0.5755
test_5706.jpg,720,960,0.6912,0.75,0.5342,0.25,35.7569,0.2461,0.5857
test_5707.jpg,720,960,0.6912,0.75,0.3389,0.1585,217.0758,0.7304,0.6554
test_5708.jpg,720,960,0.6912,0.75,0.3997,0.2177,73.5426,0.2424,0.4258
test_5709.jpg,720,960,0.6912,0.75,0.2913,0.1548,239.6349,0.203,0.3216
test_5710.jpg,720,960,0.6912,0.75,0.6015,0.302,224.2075,0.2136,0.667
test_5711.jpg,720,960,0.6912,0.75,0.3245,0.1838,344.5511,0.5855,0.5149
test_5712.jpg,720,960,0.6912,0.75,0.5549,0.2497,359.4871,0.3756,0.6649
test_5713.jpg,720,960,0.6912,0.75,0.346,0.2262,189.8283,0.3272,0.4007
test_5714.jpg,720,960,0.6912,0.75,0.5022,0.1399,29.706,0.1902,0.5463
test_5715.jpg,746,720,0.5371,1.0361,0.5998,0.1756,40.3979,0.068,0.6194
test_5716.jpg,720,960,0.6912,0.75,0.4548,0.2572,58.8735,0.3718,0.5288
test_5717.jpg,720,960,0.6912,0.75,0.5153,0.173,45.9582,0.1229,0.5437
test_5718.jpg,960,720,0.6912,1.3333,0.5649,0.2235,10.608,0.0753,0.5825
test_5719.jpg,720,960,0.6912,0.75,0.2975,0.1607,26.8937,0.3497,0.3475
test_5720.jpg,720,720,0.5184,1.0,0.5314,0.1659,190.4926,0.2051,0.5977
test_5721.jpg,720,1600,1.152,0.45,0.455,0.2378,198.521,0.2105,0.5052
test_5722.jpg,720,720,0.5184,1.0,0.5882,0.1781,344.5964,0.0385,0.5975
test_5723.jpg,720,960,0.6912,0.75,0.4418,0.2378,31.4385,0.3903,0.5059
test_5724.jpg,720,900,0.648,0.8,0.4823,0.2357,43.8973,0.2371,0.5329
test_5725.jpg,720,960,0.6912,0.75,0.4084,0.2452,32.4832,0.2565,0.4626
test_5726.jpg,720,720,0.5184,1.0,0.3995,0.1697,39.7702,0.3073,0.4519
test_5727.jpg,720,720,0.5184,1.0,0.5467,0.1572,35.1502,0.0506,0.5577
test_5728.jpg,720,960,0.6912,0.75,0.4432,0.254,348.5917,0.3241,0.5371
test_5729.jpg,720,960,0.6912,0.75,0.5848,0.2119,355.6427,0.2423,0.6668
test_5730.jpg,720,1280,0.9216,0.5625,0.5829,0.165,32.0778,0.2051,0.6311
test_5731.jpg,720,960,0.6912,0.75,0.5847,0.1323,169.2471,0.041,0.5899
test_5732.jpg,720,960,0.6912,0.75,0.528,0.1539,32.9921,0.0411,0.5375
test_5733.jpg,960,720,0.6912,1.3333,0.3418,0.2138,227.9977,0.2374,0.4064
test_5734.jpg,720,960,0.6912,0.75,0.4675,0.1747,41.7018,0.1435,0.4909
test_5735.jpg,720,960,0.6912,0.75,0.4647,0.3163,239.6138,0.0569,0.4754
test_5736.jpg,720,960,0.6912,0.75,0.4398,0.2339,202.0284,0.1517,0.4694
test_5737.jpg,720,960,0.6912,0.75,0.5061,0.1725,35.7377,0.3591,0.5756
test_5738.jpg,720,960,0.6912,0.75,0.2928,0.1872,14.8498,0.1881,0.3135
test_5739.jpg,720,1279,0.9209,0.5629,0.3875,0.1848,24.4712,0.2022,0.4368
test_5740.jpg,960,720,0.6912,1.3333,0.4059,0.172,23.9222,0.444,0.5128
test_5741.jpg,720,960,0.6912,0.75,0.4755,0.1717,327.3316,0.3422,0.6
test_5742.jpg,720,960,0.6912,0.75,0.5835,0.2241,201.8825,0.1319,0.6151
test_5743.jpg,720,960,0.6912,0.75,0.5582,0.2509,131.6018,0.279,0.6148
test_5744.jpg,720,960,0.6912,0.75,0.5757,0.0921,44.6154,0.0545,0.5865
test_5745.jpg,720,960,0.6912,0.75,0.2522,0.2239,32.4099,0.1463,0.2754
test_5746.jpg,877,720,0.6314,1.2181,0.4658,0.2966,31.6616,0.3147,0.5308
test_5747.jpg,1280,720,0.9216,1.7778,0.1906,0.2583,55.8282,0.3125,0.2268
test_5748.jpg,720,960,0.6912,0.75,0.3893,0.1337,231.1387,0.4722,0.6027
test_5749.jpg,720,960,0.6912,0.75,0.3005,0.2296,59.756,0.4106,0.3456
test_5750.jpg,720,960,0.6912,0.75,0.5827,0.3204,177.0763,0.1961,0.606
test_5751.jpg,720,960,0.6912,0.75,0.5204,0.2149,42.7911,0.3577,0.5938
test_5752.jpg,720,1280,0.9216,0.5625,0.5239,0.225,38.7983,0.2259,0.5763
test_5753.jpg,720,960,0.6912,0.75,0.5367,0.1543,38.9622,0.1146,0.5607
test_5754.jpg,960,720,0.6912,1.3333,0.5285,0.1673,29.8271,0.2042,0.5816
test_5755.jpg,720,960,0.6912,0.75,0.3072,0.2488,9.7742,0.6369,0.4308
test_5756.jpg,720,960,0.6912,0.75,0.5399,0.2232,165.1892,0.1642,0.5737
test_5757.jpg,720,960,0.6912,0.75,0.6099,0.1221,33.0699,0.2299,0.6669
test_5758.jpg,720,960,0.6912,0.75,0.525,0.2282,50.8906,0.1396,0.5485
test_5759.jpg,960,720,0.6912,1.3333,0.4092,0.2373,46.8243,0.2074,0.4289
test_5760.jpg,720,960,0.6912,0.75,0.5082,0.23,206.1176,0.257,0.5745
test_5761.jpg,720,960,0.6912,0.75,0.3958,0.2467,236.0287,0.1291,0.4331
test_5762.jpg,720,960,0.6912,0.75,0.4193,0.229,4.4157,0.2518,0.4789
test_5763.jpg,720,960,0.6912,0.75,0.4735,0.1284,14.9616,0.4039,0.5876
test_5764.jpg,720,960,0.6912,0.75,0.5293,0.2692,106.5898,0.1084,0.5456
test_5765.jpg,720,960,0.6912,0.75,0.5793,0.1388,40.7997,0.1114,0.5983
test_5766.jpg,720,960,0.6912,0.75,0.3595,0.2233,75.4124,0.2083,0.3908
test_5767.jpg,720,960,0.6912,0.75,0.5614,0.2434,41.1511,0.2009,0.5953
test_5768.jpg,1279,720,0.9209,1.7764,0.4741,0.2456,244.1869,0.1189,0.5038
test_5769.jpg,720,960,0.6912,0.75,0.4725,0.2072,24.0258,0.2315,0.5206
test_5770.jpg,720,960,0.6912,0.75,0.4092,0.1856,34.3431,0.4915,0.4948
test_5771.jpg,720,960,0.6912,0.75,0.4119,0.2546,177.8651,0.5816,0.5855
test_5772.jpg,720,960,0.6912,0.75,0.5405,0.1964,208.1775,0.1677,0.6019
test_5773.jpg,720,960,0.6912,0.75,0.4844,0.298,170.658,0.2191,0.5166
test_5774.jpg,720,960,0.6912,0.75,0.6519,0.2415,31.3013,0.1172,0.6759
test_5775.jpg,720,960,0.6912,0.75,0.4814,0.2223,107.5462,0.2293,0.5443
test_5776.jpg,749,720,0.5393,1.0403,0.5023,0.2104,14.5392,0.285,0.6
test_5777.jpg,720,960,0.6912,0.75,0.4616,0.2278,346.2151,0.1377,0.4883
test_5778.jpg,720,1279,0.9209,0.5629,0.3796,0.3039,230.2083,0.3269,0.4788
test_5779.jpg,720,960,0.6912,0.75,0.2943,0.2258,334.0231,0.1845,0.3256
test_5780.jpg,720,960,0.6912,0.75,0.5691,0.1783,324.2858,0.3238,0.7156
test_5781.jpg,720,1560,1.1232,0.4615,0.3151,0.3139,229.2923,0.1384,0.3584
test_5782.jpg,960,720,0.6912,1.3333,0.4294,0.2328,18.3549,0.1859,0.4647
test_5783.jpg,720,960,0.6912,0.75,0.2887,0.1627,343.2096,0.4499,0.3892
test_5784.jpg,720,960,0.6912,0.75,0.4239,0.2186,127.158,0.075,0.4376
test_5785.jpg,720,960,0.6912,0.75,0.5734,0.2249,58.5031,0.074,0.5884
test_5786.jpg,720,960,0.6912,0.75,0.5223,0.1907,245.7424,0.082,0.543
test_5787.jpg,960,720,0.6912,1.3333,0.5391,0.3141,36.6257,0.198,0.5735
test_5788.jpg,720,960,0.6912,0.75,0.4988,0.2011,12.6815,0.3575,0.6112
test_5789.jpg,720,960,0.6912,0.75,0.4398,0.1952,157.0112,0.4214,0.5307
test_5790.jpg,1081,720,0.7783,1.5014,0.3836,0.3006,227.9915,0.2012,0.4188
test_5791.jpg,960,720,0.6912,1.3333,0.5624,0.2311,34.2783,0.1301,0.5862
test_5792.jpg,720,960,0.6912,0.75,0.5269,0.3218,79.8244,0.0868,0.5339
test_5793.jpg,720,960,0.6912,0.75,0.2017,0.1846,76.9497,0.2555,0.2151
test_5794.jpg,720,960,0.6912,0.75,0.5724,0.2191,17.1116,0.1756,0.6196
test_5795.jpg,720,960,0.6912,0.75,0.6092,0.2305,192.8596,0.095,0.6192
test_5796.jpg,960,720,0.6912,1.3333,0.4687,0.254,155.3029,0.2045,0.5053
test_5797.jpg,720,960,0.6912,0.75,0.4697,0.1975,73.5031,0.0972,0.4813
test_5798.jpg,1320,720,0.9504,1.8333,0.4056,0.2745,39.3674,0.4128,0.4643
test_5799.jpg,720,960,0.6912,0.75,0.72,0.1147,213.1174,0.1073,0.7617
test_5800.jpg,960,720,0.6912,1.3333,0.481,0.2114,327.8776,0.13,0.5121
test_5801.jpg,720,960,0.6912,0.75,0.4279,0.1974,46.3343,0.1709,0.4577
test_5802.jpg,720,960,0.6912,0.75,0.5097,0.2515,28.6572,0.1472,0.5403
test_5803.jpg,720,960,0.6912,0.75,0.2897,0.2955,317.9016,0.269,0.3233
test_5804.jpg,720,960,0.6912,0.75,0.403,0.1949,10.6981,0.1794,0.4445
test_5805.jpg,720,979,0.7049,0.7354,0.5425,0.2995,350.8311,0.2135,0.605
test_5806.jpg,720,960,0.6912,0.75,0.4832,0.2476,226.6237,0.1239,0.5133
test_5807.jpg,720,960,0.6912,0.75,0.4485,0.2295,35.5197,0.2398,0.496
test_5808.jpg,720,960,0.6912,0.75,0.6102,0.2163,41.1818,0.1647,0.6474
test_5809.jpg,720,960,0.6912,0.75,0.5041,0.1873,14.8845,0.2968,0.5968
test_5810.jpg,720,1279,0.9209,0.5629,0.5098,0.1959,20.8683,0.24,0.5807
test_5811.jpg,720,960,0.6912,0.75,0.4439,0.2372,44.5615,0.3727,0.5057
test_5812.jpg,960,720,0.6912,1.3333,0.4747,0.1487,208.4462,0.1214,0.5124
test_5813.jpg,720,960,0.6912,0.75,0.523,0.1994,102.5871,0.0954,0.5379
test_5814.jpg,720,960,0.6912,0.75,0.5083,0.2138,129.3818,0.2278,0.5637
test_5815.jpg,1279,720,0.9209,1.7764,0.4672,0.1977,57.6237,0.2268,0.5103
test_5816.jpg,960,720,0.6912,1.3333,0.4841,0.2433,76.8777,0.157,0.5154
test_5817.jpg,720,960,0.6912,0.75,0.5669,0.2104,37.9309,0.1012,0.5944
test_5818.jpg,720,960,0.6912,0.75,0.4739,0.2245,285.5693,0.3018,0.5801
test_5819.jpg,720,960,0.6912,0.75,0.6672,0.2051,132.7509,0.1319,0.7045
test_5820.jpg,720,960,0.6912,0.75,0.2998,0.1984,12.2478,0.5909,0.4532
test_5821.jpg,720,960,0.6912,0.75,0.4962,0.1742,38.1132,0.1734,0.5268
test_5822.jpg,960,720,0.6912,1.3333,0.4566,0.2284,24.0176,0.2308,0.5053
test_5823.jpg,720,960,0.6912,0.75,0.5422,0.1815,43.5461,0.2261,0.5861
test_5824.jpg,1279,720,0.9209,1.7764,0.3626,0.2209,27.0157,0.354,0.4369
test_5825.jpg,720,960,0.6912,0.75,0.4744,0.2082,222.2625,0.1343,0.5131
test_5826.jpg,720,960,0.6912,0.75,0.5029,0.1789,21.6812,0.2072,0.5631
test_5827.jpg,720,960,0.6912,0.75,0.6025,0.2636,182.9319,0.1337,0.6325
test_5828.jpg,720,960,0.6912,0.75,0.6237,0.1935,23.8896,0.22,0.6771
test_5829.jpg,960,720,0.6912,1.3333,0.6203,0.1634,25.7213,0.2619,0.7166
test_5830.jpg,720,960,0.6912,0.75,0.4525,0.2615,39.6345,0.3903,0.5131
test_5831.jpg,720,960,0.6912,0.75,0.4659,0.1914,31.0634,0.3934,0.5666
test_5832.jpg,720,960,0.6912,0.75,0.4331,0.2113,191.8564,0.2185,0.486
test_5833.jpg,1002,720,0.7214,1.3917,0.4107,0.2087,16.7283,0.4861,0.6209
test_5834.jpg,960,720,0.6912,1.3333,0.3738,0.2714,27.0233,0.4259,0.4515
test_5835.jpg,960,720,0.6912,1.3333,0.5455,0.1718,35.0932,0.2099,0.6063
test_5836.jpg,720,960,0.6912,0.75,0.5604,0.2218,21.3674,0.1201,0.5848
test_5837.jpg,720,960,0.6912,0.75,0.1859,0.1885,245.4002,0.4351,0.298
test_5838.jpg,960,720,0.6912,1.3333,0.5789,0.1377,21.0193,0.0919,0.6062
test_5839.jpg,720,960,0.6912,0.75,0.4791,0.1702,9.1427,0.1981,0.5394
test_5840.jpg,720,960,0.6912,0.75,0.5406,0.2131,60.3147,0.135,0.5591
test_5841.jpg,720,960,0.6912,0.75,0.5,0.1802,358.1684,0.1438,0.549
test_5842.jpg,720,960,0.6912,0.75,0.629,0.0794,30.3534,0.0093,0.6327
test_5843.jpg,720,960,0.6912,0.75,0.481,0.2203,45.4685,0.2235,0.524
test_5844.jpg,960,720,0.6912,1.3333,0.4252,0.2119,216.282,0.2447,0.4881
test_5845.jpg,720,960,0.6912,0.75,0.4798,0.1675,20.5348,0.2451,0.5366
test_5846.jpg,720,960,0.6912,0.75,0.4892,0.2449,212.6275,0.1594,0.5252
test_5847.jpg,720,960,0.6912,0.75,0.4848,0.2646,341.623,0.3262,0.6009
test_5848.jpg,960,720,0.6912,1.3333,0.4952,0.2369,107.8295,0.1206,0.5224
test_5849.jpg,956,720,0.6883,1.3278,0.3269,0.2386,192.0726,0.3302,0.3862
test_5850.jpg,960,720,0.6912,1.3333,0.5028,0.2106,256.7941,0.1323,0.5404
test_5851.jpg,720,1280,0.9216,0.5625,0.4957,0.1949,191.4438,0.1576,0.5336
test_5852.jpg,720,960,0.6912,0.75,0.5825,0.1756,218.4562,0.1159,0.6242
test_5853.jpg,720,1279,0.9209,0.5629,0.4579,0.2027,126.2939,0.1176,0.4774
test_5854.jpg,720,960,0.6912,0.75,0.4273,0.1917,300.0112,0.1767,0.475
test_5855.jpg,720,1280,0.9216,0.5625,0.5331,0.2288,40.6627,0.2974,0.5898
test_5856.jpg,960,720,0.6912,1.3333,0.613,0.1957,35.1737,0.1396,0.6447
test_5857.jpg,720,960,0.6912,0.75,0.5624,0.1709,31.8002,0.2961,0.6308
test_5858.jpg,720,960,0.6912,0.75,0.3783,0.1995,231.8472,0.4553,0.5411
test_5859.jpg,720,960,0.6912,0.75,0.5483,0.2295,195.2628,0.1585,0.5858
test_5860.jpg,720,960,0.6912,0.75,0.646,0.2183,220.836,0.1491,0.6918
test_5861.jpg,1279,720,0.9209,1.7764,0.4221,0.2921,354.411,0.3225,0.4986
test_5862.jpg,720,960,0.6912,0.75,0.4697,0.2064,210.0211,0.1455,0.5059
test_5863.jpg,720,960,0.6912,0.75,0.4476,0.2724,70.9235,0.3099,0.5042
test_5864.jpg,720,720,0.5184,1.0,0.4352,0.1878,24.3561,0.3742,0.5046
test_5865.jpg,720,1279,0.9209,0.5629,0.5382,0.2141,46.7216,0.0661,0.5516
test_5866.jpg,720,960,0.6912,0.75,0.4977,0.2078,186.7458,0.2348,0.5638
test_5867.jpg,960,720,0.6912,1.3333,0.3923,0.2183,109.9826,0.2016,0.426
test_5868.jpg,960,720,0.6912,1.3333,0.3394,0.1906,42.8571,0.1892,0.361
test_5869.jpg,720,960,0.6912,0.75,0.4986,0.2141,351.969,0.103,0.5285
test_5870.jpg,720,1559,1.1225,0.4618,0.4515,0.2251,7.4295,0.3842,0.5728
test_5871.jpg,720,1561,1.1239,0.4612,0.3061,0.2993,35.5282,0.1251,0.3272
test_5872.jpg,720,960,0.6912,0.75,0.4381,0.2357,172.6813,0.1786,0.4769
test_5873.jpg,960,720,0.6912,1.3333,0.616,0.1972,21.5775,0.0895,0.6346
test_5874.jpg,720,960,0.6912,0.75,0.4459,0.2146,165.1074,0.2014,0.5004
test_5875.jpg,720,960,0.6912,0.75,0.5635,0.2267,62.0414,0.0538,0.5744
test_5876.jpg,720,960,0.6912,0.75,0.508,0.2419,47.0815,0.4672,0.6087
test_5877.jpg,720,960,0.6912,0.75,0.5208,0.2414,50.9201,0.1971,0.5593
test_5878.jpg,720,960,0.6912,0.75,0.3759,0.157,18.3007,0.2236,0.4143
test_5879.jpg,960,720,0.6912,1.3333,0.5861,0.1337,170.4114,0.1359,0.62
test_5880.jpg,720,960,0.6912,0.75,0.5453,0.2014,42.7826,0.1338,0.5636
test_5881.jpg,720,960,0.6912,0.75,0.5836,0.167,50.0414,0.2252,0.6229
test_5882.jpg,720,960,0.6912,0.75,0.4339,0.2429,40.0917,0.1906,0.4707
test_5883.jpg,720,960,0.6912,0.75,0.509,0.2054,54.8082,0.1028,0.5308
test_5884.jpg,1279,720,0.9209,1.7764,0.4674,0.226,131.2455,0.1804,0.5114
test_5885.jpg,720,960,0.6912,0.75,0.6143,0.1727,236.5402,0.1209,0.6451
test_5886.jpg,960,720,0.6912,1.3333,0.5007,0.2489,61.4032,0.2376,0.5417
test_5887.jpg,1280,720,0.9216,1.7778,0.3672,0.202,33.2498,0.3792,0.4243
test_5888.jpg,720,960,0.6912,0.75,0.4317,0.2063,20.4067,0.1716,0.4695
test_5889.jpg,720,960,0.6912,0.75,0.4822,0.2512,176.1038,0.1327,0.5134
test_5890.jpg,1320,720,0.9504,1.8333,0.5321,0.2402,68.7654,0.235,0.578
test_5891.jpg,960,720,0.6912,1.3333,0.4906,0.1379,206.0994,0.2289,0.5537
test_5892.jpg,960,720,0.6912,1.3333,0.2577,0.1664,352.273,0.2314,0.288
test_5893.jpg,960,720,0.6912,1.3333,0.5413,0.2548,25.834,0.2914,0.5963
test_5894.jpg,720,960,0.6912,0.75,0.5017,0.2791,29.5463,0.1517,0.5292
test_5895.jpg,720,960,0.6912,0.75,0.4971,0.2281,38.5767,0.1825,0.5232
test_5896.jpg,720,960,0.6912,0.75,0.4503,0.2572,204.7681,0.1024,0.4685
test_5897.jpg,720,960,0.6912,0.75,0.5323,0.2445,3.8918,0.2417,0.5832
test_5898.jpg,720,960,0.6912,0.75,0.5433,0.2235,224.2853,0.1625,0.612
test_5899.jpg,720,960,0.6912,0.75,0.5501,0.1828,31.138,0.3063,0.6265
test_5900.jpg,1249,720,0.8993,1.7347,0.3296,0.1531,286.1945,0.1907,0.3735
test_5901.jpg,960,720,0.6912,1.3333,0.4535,0.2054,127.5571,0.1098,0.4747
test_5902.jpg,720,960,0.6912,0.75,0.6297,0.1105,244.9196,0.0582,0.6492
test_5903.jpg,720,960,0.6912,0.75,0.4449,0.2691,22.047,0.3068,0.5236
test_5904.jpg,720,960,0.6912,0.75,0.5518,0.2251,96.1768,0.1536,0.5857
test_5905.jpg,720,960,0.6912,0.75,0.2503,0.1579,25.1359,0.5652,0.3233
test_5906.jpg,720,960,0.6912,0.75,0.4667,0.1902,36.6477,0.4409,0.5535
test_5907.jpg,720,960,0.6912,0.75,0.563,0.2322,55.9913,0.0936,0.5835
test_5908.jpg,720,960,0.6912,0.75,0.4678,0.2087,256.5143,0.2443,0.5594
test_5909.jpg,720,960,0.6912,0.75,0.4594,0.1855,21.4919,0.2114,0.5194
test_5910.jpg,960,720,0.6912,1.3333,0.4732,0.2285,305.4849,0.1925,0.5245
test_5911.jpg,720,960,0.6912,0.75,0.3965,0.1819,126.7372,0.2094,0.4485
test_5912.jpg,960,720,0.6912,1.3333,0.3018,0.2204,320.7662,0.2335,0.3636
test_5913.jpg,720,960,0.6912,0.75,0.5008,0.195,15.1469,0.3139,0.6014
test_5914.jpg,960,720,0.6912,1.3333,0.3333,0.1813,205.4308,0.2848,0.3875
test_5915.jpg,960,720,0.6912,1.3333,0.4695,0.2004,53.3635,0.1675,0.5083
test_5916.jpg,960,720,0.6912,1.3333,0.5014,0.2032,131.7505,0.1291,0.5269
test_5917.jpg,736,720,0.5299,1.0222,0.3523,0.2116,5.0208,0.2255,0.3957
test_5918.jpg,720,960,0.6912,0.75,0.5463,0.2105,104.3061,0.2665,0.6172
test_5919.jpg,960,720,0.6912,1.3333,0.5379,0.1981,41.2328,0.1177,0.5604
test_5920.jpg,720,960,0.6912,0.75,0.4558,0.2035,26.3064,0.168,0.4916
test_5921.jpg,720,960,0.6912,0.75,0.483,0.2528,221.605,0.1081,0.51
test_5922.jpg,720,960,0.6912,0.75,0.5144,0.1761,13.8051,0.216,0.5707
test_5923.jpg,720,960,0.6912,0.75,0.4916,0.1954,52.8766,0.2813,0.5353
test_5924.jpg,720,960,0.6912,0.75,0.4447,0.215,53.5069,0.3316,0.486
test_5925.jpg,1080,720,0.7776,1.5,0.5157,0.2148,78.4166,0.2068,0.5444
test_5926.jpg,720,960,0.6912,0.75,0.5827,0.2104,206.4217,0.1591,0.6338
test_5927.jpg,960,720,0.6912,1.3333,0.5347,0.2288,45.4229,0.2637,0.5842
test_5928.jpg,960,720,0.6912,1.3333,0.4413,0.1904,198.0928,0.2026,0.4935
test_5929.jpg,960,720,0.6912,1.3333,0.4097,0.2696,200.2397,0.319,0.4814
test_5930.jpg,720,1280,0.9216,0.5625,0.4322,0.2634,3.5487,0.118,0.4589
test_5931.jpg,720,960,0.6912,0.75,0.4619,0.1597,203.7965,0.4615,0.6366
test_5932.jpg,720,960,0.6912,0.75,0.5413,0.2144,50.6591,0.2264,0.6133
test_5933.jpg,960,720,0.6912,1.3333,0.6235,0.1901,37.9911,0.0707,0.633
test_5934.jpg,720,960,0.6912,0.75,0.4668,0.2024,261.0265,0.161,0.5136
test_5935.jpg,720,785,0.5652,0.9172,0.3332,0.1525,186.0364,0.2463,0.3712
test_5936.jpg,720,960,0.6912,0.75,0.4811,0.2174,110.2876,0.1311,0.5102
test_5937.jpg,960,720,0.6912,1.3333,0.6017,0.2743,37.1361,0.3191,0.6507
test_5938.jpg,720,960,0.6912,0.75,0.5351,0.1954,211.4149,0.2211,0.628
test_5939.jpg,720,960,0.6912,0.75,0.4648,0.2379,149.4309,0.1308,0.4846
test_5940.jpg,720,960,0.6912,0.75,0.5392,0.2573,217.4441,0.198,0.6143
test_5941.jpg,720,960,0.6912,0.75,0.2617,0.1838,39.8975,0.3191,0.2949
test_5942.jpg,720,960,0.6912,0.75,0.6084,0.1801,34.5942,0.1755,0.6501
test_5943.jpg,960,720,0.6912,1.3333,0.6012,0.2043,44.1149,0.2528,0.6456
test_5944.jpg,720,960,0.6912,0.75,0.5747,0.1946,37.2992,0.1111,0.5963
test_5945.jpg,720,1280,0.9216,0.5625,0.3078,0.2646,242.1361,0.4963,0.3829
test_5946.jpg,720,960,0.6912,0.75,0.399,0.2121,40.646,0.3579,0.4547
test_5947.jpg,1560,720,1.1232,2.1667,0.4441,0.1954,216.0743,0.3377,0.5683
test_5948.jpg,720,960,0.6912,0.75,0.4933,0.2321,229.2154,0.098,0.5169
test_5949.jpg,720,960,0.6912,0.75,0.4737,0.2659,36.645,0.3215,0.5237
test_5950.jpg,960,720,0.6912,1.3333,0.443,0.1854,16.4921,0.1651,0.4845
test_5951.jpg,720,960,0.6912,0.75,0.4499,0.2503,21.299,0.3021,0.5266
test_5952.jpg,866,720,0.6235,1.2028,0.5975,0.2424,14.7554,0.117,0.6335
test_5953.jpg,960,720,0.6912,1.3333,0.4622,0.2466,1.3114,0.346,0.5498
test_5954.jpg,960,720,0.6912,1.3333,0.5288,0.2483,62.7774,0.0808,0.5387
test_5955.jpg,720,960,0.6912,0.75,0.6134,0.1776,52.6574,0.0678,0.6226
test_5956.jpg,960,720,0.6912,1.3333,0.3695,0.1779,216.2136,0.2077,0.4253
test_5957.jpg,720,960,0.6912,0.75,0.4686,0.1882,77.6804,0.1196,0.4843
test_5958.jpg,720,960,0.6912,0.75,0.5441,0.2721,47.233,0.1452,0.5729
test_5959.jpg,720,960,0.6912,0.75,0.4114,0.1991,223.2561,0.2321,0.4859
test_5960.jpg,960,720,0.6912,1.3333,0.5252,0.2657,32.7298,0.334,0.6152
test_5961.jpg,720,960,0.6912,0.75,0.492,0.2516,23.4492,0.2717,0.5739
test_5962.jpg,720,960,0.6912,0.75,0.491,0.2588,44.5101,0.4636,0.5606
test_5963.jpg,720,960,0.6912,0.75,0.4037,0.2522,356.8245,0.2953,0.4849
test_5964.jpg,720,1280,0.9216,0.5625,0.4239,0.2425,33.0137,0.2797,0.4853
test_5965.jpg,720,960,0.6912,0.75,0.4953,0.2296,74.8313,0.1717,0.5329
test_5966.jpg,720,960,0.6912,0.75,0.4246,0.2635,346.5313,0.1791,0.4603
test_5967.jpg,720,960,0.6912,0.75,0.4709,0.2814,239.4321,0.0966,0.4928
test_5968.jpg,720,960,0.6912,0.75,0.4018,0.2614,221.2165,0.2711,0.4595
test_5969.jpg,720,1280,0.9216,0.5625,0.4346,0.2948,347.841,0.1008,0.46
test_5970.jpg,720,960,0.6912,0.75,0.3815,0.1741,244.625,0.418,0.4887
test_5971.jpg,720,960,0.6912,0.75,0.3571,0.2044,51.2849,0.3778,0.4131
test_5972.jpg,960,720,0.6912,1.3333,0.4986,0.2679,26.2599,0.2527,0.5526
test_5973.jpg,1279,720,0.9209,1.7764,0.4627,0.2539,191.968,0.1635,0.4987
test_5974.jpg,720,960,0.6912,0.75,0.6051,0.2476,302.1839,0.1696,0.6423
test_5975.jpg,720,960,0.6912,0.75,0.5942,0.202,45.3951,0.1514,0.6119
test_5976.jpg,720,960,0.6912,0.75,0.5995,0.2577,233.2058,0.0856,0.6181
test_5977.jpg,720,960,0.6912,0.75,0.6896,0.1306,40.382,0.0821,0.7035
test_5978.jpg,720,960,0.6912,0.75,0.264,0.1762,305.7647,0.2872,0.3088
test_5979.jpg,720,960,0.6912,0.75,0.5352,0.2856,27.2414,0.2344,0.5899
test_5980.jpg,720,960,0.6912,0.75,0.5147,0.2042,18.5688,0.272,0.5946
test_5981.jpg,720,960,0.6912,0.75,0.4463,0.2461,219.3416,0.1718,0.4856
test_5982.jpg,720,960,0.6912,0.75,0.6847,0.2407,226.8188,0.1208,0.7214
test_5983.jpg,720,960,0.6912,0.75,0.4611,0.2615,17.6712,0.3565,0.5849
test_5984.jpg,720,960,0.6912,0.75,0.1703,0.16,48.8604,0.1822,0.1839
test_5985.jpg,720,960,0.6912,0.75,0.4554,0.2693,223.0891,0.1331,0.4861
test_5986.jpg,720,3103,2.2342,0.232,0.5771,0.1628,204.7771,0.065,0.5912
test_5987.jpg,720,960,0.6912,0.75,0.4538,0.2602,19.3003,0.1633,0.4838
test_5988.jpg,720,960,0.6912,0.75,0.6014,0.1891,24.2763,0.1291,0.6337
test_5989.jpg,720,960,0.6912,0.75,0.5274,0.2729,211.651,0.1025,0.5589
test_5990.jpg,960,720,0.6912,1.3333,0.4947,0.2898,21.101,0.1577,0.5306
test_5991.jpg,720,960,0.6912,0.75,0.5028,0.1821,343.1219,0.14,0.5481
test_5992.jpg,720,1279,0.9209,0.5629,0.5498,0.1962,235.8688,0.2249,0.631
test_5993.jpg,1279,720,0.9209,1.7764,0.4843,0.2567,14.6923,0.1565,0.5186
test_5994.jpg,720,960,0.6912,0.75,0.5768,0.1662,87.7228,0.0912,0.5952
test_5995.jpg,720,960,0.6912,0.75,0.4468,0.2434,247.4229,0.1813,0.4985
test_5996.jpg,720,888,0.6394,0.8108,0.3653,0.2467,194.4413,0.1872,0.4043
test_5997.jpg,720,960,0.6912,0.75,0.5254,0.2577,62.488,0.1696,0.5566
test_5998.jpg,960,720,0.6912,1.3333,0.4871,0.2344,197.3227,0.1626,0.5209
test_5999.jpg,720,960,0.6912,0.75,0.4513,0.2189,219.2891,0.2647,0.5345
test_6000.jpg,720,960,0.6912,0.75,0.5271,0.1873,129.6391,0.1194,0.5539
test_6001.jpg,720,936,0.6739,0.7692,0.4128,0.2576,72.9963,0.2951,0.4609
test_6002.jpg,1080,720,0.7776,1.5,0.5398,0.2691,93.2781,0.1902,0.5714
test_6003.jpg,720,960,0.6912,0.75,0.2495,0.1958,69.3384,0.222,0.2647
test_6004.jpg,720,960,0.6912,0.75,0.4766,0.2202,10.558,0.1984,0.531
test_6005.jpg,720,960,0.6912,0.75,0.4837,0.1957,191.5006,0.0891,0.5046
test_6006.jpg,720,960,0.6912,0.75,0.5069,0.2862,14.314,0.1994,0.5474
test_6007.jpg,720,960,0.6912,0.75,0.4414,0.2157,185.4857,0.2091,0.4864
test_6008.jpg,720,960,0.6912,0.75,0.4673,0.261,36.4389,0.2753,0.5173
test_6009.jpg,720,1279,0.9209,0.5629,0.4943,0.2258,215.0324,0.2461,0.5677
test_6010.jpg,960,720,0.6912,1.3333,0.4852,0.2027,14.6126,0.1943,0.5393
test_6011.jpg,720,720,0.5184,1.0,0.4702,0.2327,147.4119,0.254,0.5598
test_6012.jpg,720,960,0.6912,0.75,0.5591,0.2559,144.359,0.0731,0.5731
test_6013.jpg,1280,720,0.9216,1.7778,0.3692,0.1627,200.6969,0.1733,0.4014
test_6014.jpg,720,960,0.6912,0.75,0.4304,0.218,214.189,0.1738,0.471
test_6015.jpg,720,960,0.6912,0.75,0.4453,0.2491,197.9159,0.2905,0.5149
test_6016.jpg,720,960,0.6912,0.75,0.6071,0.2044,155.4973,0.1887,0.645
test_6017.jpg,720,960,0.6912,0.75,0.5452,0.1855,28.3063,0.133,0.5733
test_6018.jpg,720,960,0.6912,0.75,0.4181,0.1385,14.885,0.1252,0.4481
test_6019.jpg,1080,720,0.7776,1.5,0.3918,0.1787,203.1252,0.3431,0.5053
test_6020.jpg,720,960,0.6912,0.75,0.4164,0.187,60.6959,0.2008,0.4469
test_6021.jpg,960,720,0.6912,1.3333,0.4538,0.2045,24.4794,0.1492,0.4908
test_6022.jpg,720,960,0.6912,0.75,0.5023,0.2681,206.2642,0.3355,0.5875
test_6023.jpg,960,720,0.6912,1.3333,0.5085,0.2256,82.5289,0.1706,0.546
test_6024.jpg,720,960,0.6912,0.75,0.5546,0.2339,32.179,0.1487,0.5864
test_6025.jpg,720,960,0.6912,0.75,0.4229,0.1951,213.0801,0.4065,0.5576
test_6026.jpg,720,960,0.6912,0.75,0.5649,0.2323,29.7268,0.3254,0.656
test_6027.jpg,1280,720,0.9216,1.7778,0.4586,0.2165,213.3371,0.2016,0.5023
test_6028.jpg,960,720,0.6912,1.3333,0.5354,0.169,32.1921,0.3429,0.6155
test_6029.jpg,720,960,0.6912,0.75,0.5056,0.2649,245.7481,0.0785,0.5214
test_6030.jpg,720,960,0.6912,0.75,0.4764,0.3144,217.3694,0.2667,0.5654
test_6031.jpg,960,720,0.6912,1.3333,0.4763,0.1751,182.1768,0.2528,0.5404
test_6032.jpg,1279,720,0.9209,1.7764,0.5539,0.1578,25.4658,0.2123,0.6158
test_6033.jpg,720,960,0.6912,0.75,0.4336,0.1923,73.0146,0.3182,0.4995
test_6034.jpg,720,960,0.6912,0.75,0.2399,0.1461,6.4595,0.5928,0.4647
test_6035.jpg,720,960,0.6912,0.75,0.6096,0.1717,85.8492,0.277,0.6527
test_6036.jpg,720,960,0.6912,0.75,0.5034,0.1829,208.1017,0.1757,0.5696
test_6037.jpg,720,960,0.6912,0.75,0.5169,0.1705,35.3332,0.2206,0.5623
test_6038.jpg,960,720,0.6912,1.3333,0.5179,0.2653,32.4885,0.0876,0.5381
test_6039.jpg,1180,720,0.8496,1.6389,0.4046,0.2493,248.847,0.2284,0.4553
test_6040.jpg,960,720,0.6912,1.3333,0.6018,0.2004,22.494,0.1966,0.6614
test_6041.jpg,720,960,0.6912,0.75,0.6234,0.2234,64.3199,0.1079,0.6521
test_6042.jpg,720,960,0.6912,0.75,0.5721,0.1487,45.2729,0.0763,0.5902
test_6043.jpg,720,720,0.5184,1.0,0.4667,0.158,356.9042,0.0945,0.49
test_6044.jpg,720,960,0.6912,0.75,0.3566,0.1968,231.5866,0.2037,0.3963
test_6045.jpg,720,960,0.6912,0.75,0.7682,0.2337,18.1771,0.1249,0.8047
test_6046.jpg,720,960,0.6912,0.75,0.4474,0.2076,263.5613,0.4154,0.6105
test_6047.jpg,720,960,0.6912,0.75,0.4984,0.2455,211.2912,0.2688,0.5817
test_6048.jpg,720,960,0.6912,0.75,0.0443,0.021,45.066,0.0047,0.0445
test_6049.jpg,720,960,0.6912,0.75,0.4629,0.1837,23.7275,0.1607,0.5024
test_6050.jpg,720,960,0.6912,0.75,0.5138,0.185,57.6414,0.181,0.5513
test_6051.jpg,720,960,0.6912,0.75,0.482,0.1501,211.5539,0.1214,0.5209
test_6052.jpg,720,960,0.6912,0.75,0.423,0.1653,312.6533,0.1596,0.4715
test_6053.jpg,720,960,0.6912,0.75,0.3502,0.2174,20.2604,0.556,0.4805
test_6054.jpg,720,960,0.6912,0.75,0.5182,0.1708,211.2582,0.1942,0.5871
test_6055.jpg,720,960,0.6912,0.75,0.5818,0.2264,81.265,0.0898,0.6018
test_6056.jpg,960,720,0.6912,1.3333,0.4483,0.1228,358.1138,0.2139,0.5004
test_6057.jpg,720,960,0.6912,0.75,0.5301,0.2586,216.7169,0.2,0.5822
test_6058.jpg,720,960,0.6912,0.75,0.5849,0.2341,162.5993,0.1455,0.6184
test_6059.jpg,720,1600,1.152,0.45,0.213,0.2646,277.2861,0.2347,0.26
test_6060.jpg,720,960,0.6912,0.75,0.4387,0.1424,47.3447,0.1733,0.4607
test_6061.jpg,720,960,0.6912,0.75,0.4881,0.2033,17.3521,0.3206,0.5817
test_6062.jpg,720,960,0.6912,0.75,0.5699,0.1907,48.5488,0.1492,0.6106
test_6063.jpg,720,960,0.6912,0.75,0.2801,0.194,244.4919,0.3047,0.3807
test_6064.jpg,720,960,0.6912,0.75,0.389,0.1901,314.4989,0.1838,0.4516
test_6065.jpg,720,960,0.6912,0.75,0.5634,0.1479,32.9253,0.1033,0.5825
test_6066.jpg,720,960,0.6912,0.75,0.6348,0.141,18.3953,0.1043,0.6631
test_6067.jpg,960,720,0.6912,1.3333,0.4454,0.2803,40.2978,0.1256,0.464
test_6068.jpg,720,1279,0.9209,0.5629,0.4738,0.2215,350.351,0.2625,0.5611
test_6069.jpg,720,960,0.6912,0.75,0.4389,0.2928,37.8412,0.1507,0.4677
test_6070.jpg,720,1280,0.9216,0.5625,0.4966,0.2546,202.2126,0.2085,0.5469
test_6071.jpg,720,960,0.6912,0.75,0.5109,0.2239,179.6711,0.1278,0.5374
test_6072.jpg,720,960,0.6912,0.75,0.6365,0.1918,42.8801,0.0874,0.6523
test_6073.jpg,720,960,0.6912,0.75,0.3808,0.2235,56.5441,0.2936,0.4385
test_6074.jpg,720,960,0.6912,0.75,0.6099,0.2012,287.8703,0.0948,0.639
test_6075.jpg,720,960,0.6912,0.75,0.6228,0.1326,20.0284,0.0607,0.641
test_6076.jpg,720,767,0.5522,0.9387,0.5094,0.2232,224.8006,0.173,0.562
test_6077.jpg,960,720,0.6912,1.3333,0.1301,0.0938,10.4734,0.3601,0.152
test_6078.jpg,720,960,0.6912,0.75,0.5901,0.167,344.185,0.0264,0.5959
test_6079.jpg,960,720,0.6912,1.3333,0.299,0.1881,52.8405,0.1679,0.3229
test_6080.jpg,720,960,0.6912,0.75,0.628,0.1398,35.2016,0.1083,0.649
test_6081.jpg,720,720,0.5184,1.0,0.2512,0.0994,30.0318,0.1589,0.2754
test_6082.jpg,720,960,0.6912,0.75,0.633,0.1949,226.1392,0.1016,0.6703
test_6083.jpg,720,1279,0.9209,0.5629,0.4323,0.2063,217.0114,0.4344,0.5914
test_6084.jpg,720,960,0.6912,0.75,0.6254,0.1831,32.7472,0.0958,0.6456
test_6085.jpg,720,1280,0.9216,0.5625,0.4913,0.2406,206.9853,0.1693,0.5301
test_6086.jpg,720,1280,0.9216,0.5625,0.6383,0.132,36.6263,0.1331,0.6719
test_6087.jpg,1046,720,0.7531,1.4528,0.4383,0.2239,45.3004,0.3511,0.5156
test_6088.jpg,720,960,0.6912,0.75,0.4773,0.2718,15.7132,0.2726,0.542
test_6089.jpg,720,960,0.6912,0.75,0.4858,0.2498,144.0834,0.1704,0.5111
test_6090.jpg,720,960,0.6912,0.75,0.4877,0.2101,25.0569,0.1231,0.5148
test_6091.jpg,720,960,0.6912,0.75,0.5618,0.1962,27.4725,0.1297,0.5984
test_6092.jpg,720,960,0.6912,0.75,0.406,0.1939,13.6698,0.4732,0.5254
test_6093.jpg,720,960,0.6912,0.75,0.4821,0.2206,28.5496,0.3758,0.5602
test_6094.jpg,960,720,0.6912,1.3333,0.5514,0.1491,26.9858,0.1676,0.5902
test_6095.jpg,720,960,0.6912,0.75,0.5317,0.2092,47.3645,0.1674,0.5684
test_6096.jpg,960,720,0.6912,1.3333,0.3835,0.2158,202.8164,0.1532,0.4182
test_6097.jpg,720,960,0.6912,0.75,0.5087,0.2075,28.4213,0.2631,0.5609
test_6098.jpg,720,960,0.6912,0.75,0.4302,0.2345,221.062,0.285,0.5256
test_6099.jpg,960,720,0.6912,1.3333,0.4712,0.2254,91.0104,0.1556,0.5007
test_6100.jpg,720,1558,1.1218,0.4621,0.5212,0.1378,194.024,0.2306,0.603
test_6101.jpg,960,720,0.6912,1.3333,0.2491,0.2322,309.5845,0.1995,0.2865
test_6102.jpg,720,960,0.6912,0.75,0.449,0.2159,10.288,0.1945,0.5081
test_6103.jpg,960,720,0.6912,1.3333,0.4739,0.2245,267.9551,0.1314,0.5032
test_6104.jpg,960,720,0.6912,1.3333,0.6095,0.1255,258.9987,0.0387,0.6221
test_6105.jpg,720,960,0.6912,0.75,0.4806,0.1578,3.2806,0.2429,0.5703
test_6106.jpg,720,960,0.6912,0.75,0.5389,0.2219,319.3367,0.1234,0.5713
test_6107.jpg,960,720,0.6912,1.3333,0.539,0.2719,19.0317,0.1883,0.5803
test_6108.jpg,720,1280,0.9216,0.5625,0.5443,0.2089,49.2664,0.0587,0.5525
test_6109.jpg,720,960,0.6912,0.75,0.5969,0.2427,51.2829,0.1244,0.6132
test_6110.jpg,960,720,0.6912,1.3333,0.4134,0.2895,35.0084,0.2271,0.4428
test_6111.jpg,720,960,0.6912,0.75,0.4298,0.2815,24.5001,0.2171,0.4633
test_6112.jpg,960,720,0.6912,1.3333,0.4575,0.1202,35.0994,0.2795,0.5152
test_6113.jpg,720,961,0.6919,0.7492,0.5463,0.1762,287.0178,0.235,0.6185
test_6114.jpg,720,960,0.6912,0.75,0.3464,0.1613,353.8029,0.1565,0.3812
test_6115.jpg,720,960,0.6912,0.75,0.5098,0.2783,3.806,0.3833,0.6427
test_6116.jpg,960,720,0.6912,1.3333,0.4731,0.2799,19.2606,0.3406,0.5287
test_6117.jpg,2361,720,1.6999,3.2792,0.971,0.0846,249.6657,0.0021,0.9717
test_6118.jpg,720,960,0.6912,0.75,0.4651,0.1455,31.752,0.0786,0.4784
test_6119.jpg,960,720,0.6912,1.3333,0.2944,0.2375,353.0774,0.2603,0.3357
test_6120.jpg,720,960,0.6912,0.75,0.3011,0.24,37.4966,0.2986,0.3346
test_6121.jpg,720,960,0.6912,0.75,0.429,0.2375,22.1241,0.4132,0.5509
test_6122.jpg,720,720,0.5184,1.0,0.3686,0.2337,147.1492,0.2198,0.4039
test_6123.jpg,720,960,0.6912,0.75,0.5748,0.2122,44.8734,0.0576,0.582
test_6124.jpg,720,960,0.6912,0.75,0.5044,0.2361,25.3188,0.1962,0.5358
test_6125.jpg,720,960,0.6912,0.75,0.5305,0.1935,83.6086,0.274,0.6049
test_6126.jpg,720,1279,0.9209,0.5629,0.6069,0.1631,28.0725,0.1026,0.6295
test_6127.jpg,720,960,0.6912,0.75,0.4686,0.2262,17.3476,0.4466,0.5879
test_6128.jpg,720,960,0.6912,0.75,0.239,0.1591,19.204,0.2802,0.2804
test_6129.jpg,960,720,0.6912,1.3333,0.4902,0.2087,21.1016,0.4248,0.6301
test_6130.jpg,720,960,0.6912,0.75,0.5103,0.19,20.851,0.2506,0.5745
test_6131.jpg,720,1208,0.8698,0.596,0.5124,0.1722,44.1826,0.0796,0.5267
test_6132.jpg,960,720,0.6912,1.3333,0.3044,0.2201,35.8277,0.1921,0.3406
test_6133.jpg,720,960,0.6912,0.75,0.5018,0.2265,36.1933,0.2382,0.5404
test_6134.jpg,960,720,0.6912,1.3333,0.1941,0.2259,18.679,0.2315,0.2115
test_6135.jpg,720,960,0.6912,0.75,0.5168,0.2291,193.4209,0.0991,0.5351
test_6136.jpg,720,960,0.6912,0.75,0.5636,0.1844,263.5001,0.3189,0.6967
test_6137.jpg,720,960,0.6912,0.75,0.5027,0.2163,31.6334,0.2175,0.5518
test_6138.jpg,720,960,0.6912,0.75,0.4561,0.2306,194.3867,0.3065,0.5475
test_6139.jpg,960,720,0.6912,1.3333,0.5543,0.167,51.2664,0.2882,0.6258
test_6140.jpg,960,720,0.6912,1.3333,0.5204,0.2409,30.4386,0.3276,0.5892
test_6141.jpg,960,720,0.6912,1.3333,0.4639,0.2037,198.454,0.1914,0.5175
test_6142.jpg,720,960,0.6912,0.75,0.4281,0.26,33.6872,0.1369,0.4452
test_6143.jpg,720,960,0.6912,0.75,0.4782,0.2403,17.5306,0.3698,0.5797
test_6144.jpg,960,720,0.6912,1.3333,0.5596,0.2313,32.6077,0.1569,0.5927
test_6145.jpg,720,960,0.6912,0.75,0.5928,0.1798,316.2841,0.125,0.6351
test_6146.jpg,720,960,0.6912,0.75,0.3106,0.2354,32.7545,0.3279,0.3451
test_6147.jpg,720,960,0.6912,0.75,0.5463,0.1494,212.2907,0.2464,0.6596
test_6148.jpg,720,960,0.6912,0.75,0.4957,0.1699,26.322,0.2155,0.5446
test_6149.jpg,720,960,0.6912,0.75,0.4469,0.1921,56.1915,0.1779,0.4804
test_6150.jpg,960,720,0.6912,1.3333,0.4517,0.1852,42.3704,0.1448,0.4945
test_6151.jpg,1320,720,0.9504,1.8333,0.457,0.2685,43.6925,0.1519,0.4822
test_6152.jpg,720,960,0.6912,0.75,0.5359,0.2425,249.7924,0.1676,0.5933
test_6153.jpg,1279,720,0.9209,1.7764,0.5134,0.2105,189.0661,0.1521,0.5512
test_6154.jpg,720,1279,0.9209,0.5629,0.389,0.179,49.3574,0.1755,0.4204
test_6155.jpg,720,960,0.6912,0.75,0.4901,0.2513,10.5374,0.2857,0.5631
test_6156.jpg,960,720,0.6912,1.3333,0.4553,0.2143,13.7756,0.284,0.5289
test_6157.jpg,720,960,0.6912,0.75,0.3655,0.2133,29.3899,0.2331,0.4089
test_6158.jpg,720,960,0.6912,0.75,0.525,0.2584,32.6142,0.1542,0.5434
test_6159.jpg,960,720,0.6912,1.3333,0.4433,0.1886,56.5227,0.2636,0.4818
test_6160.jpg,720,960,0.6912,0.75,0.4702,0.1653,227.4603,0.4443,0.667
test_6161.jpg,720,960,0.6912,0.75,0.334,0.1623,24.4721,0.309,0.3879
test_6162.jpg,960,720,0.6912,1.3333,0.4571,0.24,26.8641,0.3893,0.5562
test_6163.jpg,720,960,0.6912,0.75,0.4293,0.256,280.5098,0.2425,0.4787
test_6164.jpg,848,720,0.6106,1.1778,0.5865,0.3282,190.8114,0.2168,0.6419
test_6165.jpg,720,960,0.6912,0.75,0.6388,0.2072,39.9167,0.2155,0.6986
test_6166.jpg,720,960,0.6912,0.75,0.6579,0.1229,352.3113,0.1522,0.7182
test_6167.jpg,720,960,0.6912,0.75,0.27,0.2939,287.5348,0.3005,0.3146
test_6168.jpg,720,960,0.6912,0.75,0.4696,0.2009,54.0735,0.1986,0.5115
test_6169.jpg,720,960,0.6912,0.75,0.381,0.2091,17.8607,0.1953,0.4207
test_6170.jpg,720,960,0.6912,0.75,0.3561,0.1808,37.0625,0.5603,0.477
test_6171.jpg,720,960,0.6912,0.75,0.384,0.2379,47.5344,0.2327,0.417
test_6172.jpg,720,960,0.6912,0.75,0.5084,0.2122,49.6575,0.2478,0.5757
test_6173.jpg,960,720,0.6912,1.3333,0.4961,0.2548,24.5739,0.2235,0.54
test_6174.jpg,720,960,0.6912,0.75,0.5973,0.2129,42.3673,0.2073,0.6425
test_6175.jpg,960,720,0.6912,1.3333,0.41,0.2281,294.4994,0.0775,0.4248
test_6176.jpg,720,838,0.6034,0.8592,0.4173,0.1982,223.1992,0.3216,0.5311
test_6177.jpg,720,960,0.6912,0.75,0.4995,0.2705,30.35,0.4403,0.5889
test_6178.jpg,960,720,0.6912,1.3333,0.4721,0.2495,95.9951,0.3106,0.5409
test_6179.jpg,720,1280,0.9216,0.5625,0.6041,0.2041,208.9382,0.1127,0.6451
test_6180.jpg,720,720,0.5184,1.0,0.4175,0.2159,208.0403,0.1541,0.4552
test_6181.jpg,720,960,0.6912,0.75,0.4789,0.2009,224.7762,0.2368,0.568
test_6182.jpg,960,720,0.6912,1.3333,0.5131,0.1903,17.3991,0.0704,0.5286
test_6183.jpg,1279,720,0.9209,1.7764,0.5875,0.0878,22.4478,0.0752,0.6083
test_6184.jpg,720,960,0.6912,0.75,0.627,0.1781,65.7853,0.2184,0.6714
test_6185.jpg,720,960,0.6912,0.75,0.4178,0.2432,276.5261,0.1997,0.4581
test_6186.jpg,720,960,0.6912,0.75,0.5284,0.3407,254.8589,0.124,0.5452
test_6187.jpg,720,960,0.6912,0.75,0.6056,0.2464,191.1817,0.0585,0.6157
test_6188.jpg,720,960,0.6912,0.75,0.5192,0.2697,99.4667,0.2003,0.5547
test_6189.jpg,720,960,0.6912,0.75,0.446,0.2551,19.386,0.2464,0.4904
test_6190.jpg,960,720,0.6912,1.3333,0.6296,0.2216,55.6355,0.0909,0.6373
test_6191.jpg,720,960,0.6912,0.75,0.3537,0.2233,74.2192,0.376,0.3958
test_6192.jpg,960,720,0.6912,1.3333,0.2507,0.1662,91.5602,0.1827,0.2736
test_6193.jpg,1599,720,1.1513,2.2208,0.3064,0.1975,250.7785,0.2922,0.3873
test_6194.jpg,960,720,0.6912,1.3333,0.4058,0.1843,23.2732,0.2454,0.4514
test_6195.jpg,960,720,0.6912,1.3333,0.4765,0.2864,22.7821,0.2551,0.5572
test_6196.jpg,720,960,0.6912,0.75,0.4802,0.2312,12.0422,0.1409,0.5122
test_6197.jpg,720,960,0.6912,0.75,0.571,0.2757,54.797,0.1652,0.5898
test_6198.jpg,720,960,0.6912,0.75,0.405,0.1816,240.8083,0.1569,0.4447
test_6199.jpg,960,720,0.6912,1.3333,0.4507,0.2315,216.5732,0.3084,0.533
test_6200.jpg,909,720,0.6545,1.2625,0.4385,0.2762,39.7745,0.3628,0.4984
test_6201.jpg,720,960,0.6912,0.75,0.4671,0.221,40.3072,0.1661,0.497
test_6202.jpg,720,960,0.6912,0.75,0.6094,0.138,29.3791,0.1405,0.6561
test_6203.jpg,1279,720,0.9209,1.7764,0.4319,0.2199,217.664,0.2209,0.4915
test_6204.jpg,960,720,0.6912,1.3333,0.5774,0.2108,43.421,0.1584,0.6068
test_6205.jpg,720,960,0.6912,0.75,0.435,0.2771,301.3891,0.3306,0.511
test_6206.jpg,720,960,0.6912,0.75,0.5486,0.2181,20.8832,0.1414,0.5845
test_6207.jpg,720,960,0.6912,0.75,0.4836,0.3124,12.5965,0.0972,0.5002
test_6208.jpg,720,960,0.6912,0.75,0.435,0.1749,23.2682,0.5439,0.5758
test_6209.jpg,720,1280,0.9216,0.5625,0.5579,0.2634,230.4043,0.1884,0.6168
test_6210.jpg,1292,720,0.9302,1.7944,0.421,0.172,32.8372,0.2912,0.4828
test_6211.jpg,720,908,0.6538,0.793,0.5182,0.2959,348.265,0.3587,0.6167
test_6212.jpg,720,960,0.6912,0.75,0.4431,0.2139,33.1441,0.3025,0.5054
test_6213.jpg,720,960,0.6912,0.75,0.4925,0.245,357.1665,0.1261,0.5331
test_6214.jpg,720,1279,0.9209,0.5629,0.3474,0.1644,8.4311,0.3901,0.4151
test_6215.jpg,960,720,0.6912,1.3333,0.4072,0.205,24.8962,0.4624,0.5225
test_6216.jpg,720,960,0.6912,0.75,0.4626,0.2585,82.3079,0.2274,0.4962
test_6217.jpg,720,960,0.6912,0.75,0.4349,0.2117,33.5745,0.2995,0.5106
test_6218.jpg,720,1279,0.9209,0.5629,0.4935,0.2282,30.1688,0.3528,0.5839
test_6219.jpg,749,720,0.5393,1.0403,0.4496,0.2419,121.5822,0.3001,0.5218
test_6220.jpg,720,960,0.6912,0.75,0.4517,0.2276,215.6201,0.38,0.6105
test_6221.jpg,720,960,0.6912,0.75,0.3815,0.2796,240.4374,0.1745,0.4404
test_6222.jpg,720,960,0.6912,0.75,0.4796,0.31,0.2558,0.2124,0.5247
test_6223.jpg,1279,720,0.9209,1.7764,0.6103,0.2534,70.6365,0.1389,0.6378
test_6224.jpg,720,1279,0.9209,0.5629,0.5255,0.202,210.4284,0.5584,0.7805
test_6225.jpg,960,720,0.6912,1.3333,0.4751,0.2225,217.1858,0.348,0.6036
test_6226.jpg,720,960,0.6912,0.75,0.4059,0.2753,104.2259,0.2505,0.4357
test_6227.jpg,720,960,0.6912,0.75,0.366,0.1523,45.3899,0.438,0.4397
test_6228.jpg,720,720,0.5184,1.0,0.4784,0.195,212.8167,0.238,0.5543
test_6229.jpg,1280,720,0.9216,1.7778,0.51,0.1618,54.1666,0.1982,0.5559
test_6230.jpg,720,960,0.6912,0.75,0.5669,0.1389,31.8569,0.0819,0.5854
test_6231.jpg,1080,720,0.7776,1.5,0.3598,0.2469,41.024,0.1759,0.3797
test_6232.jpg,720,960,0.6912,0.75,0.4311,0.3121,157.4152,0.1719,0.4531
test_6233.jpg,720,960,0.6912,0.75,0.4615,0.2052,212.0975,0.1707,0.5018
test_6234.jpg,720,1280,0.9216,0.5625,0.4989,0.1512,62.1017,0.3351,0.5794
test_6235.jpg,720,960,0.6912,0.75,0.4225,0.2402,340.0824,0.3046,0.4954
test_6236.jpg,720,960,0.6912,0.75,0.4807,0.2009,217.1871,0.1917,0.5384
test_6237.jpg,720,960,0.6912,0.75,0.4535,0.243,227.5797,0.2555,0.5198
test_6238.jpg,720,960,0.6912,0.75,0.4363,0.3225,43.2416,0.3143,0.5053
test_6239.jpg,720,960,0.6912,0.75,0.222,0.2111,64.9173,0.2358,0.2305
test_6240.jpg,720,960,0.6912,0.75,0.4304,0.2219,29.8241,0.2738,0.4913
test_6241.jpg,720,960,0.6912,0.75,0.3207,0.1537,1.3592,0.3061,0.3822
test_6242.jpg,720,960,0.6912,0.75,0.5556,0.1355,40.0204,0.3146,0.6122
test_6243.jpg,1279,720,0.9209,1.7764,0.4932,0.1771,29.9217,0.3221,0.5712
test_6244.jpg,720,960,0.6912,0.75,0.4858,0.1265,25.475,0.1384,0.5207
test_6245.jpg,720,960,0.6912,0.75,0.4318,0.2398,352.0882,0.2711,0.5035
test_6246.jpg,960,720,0.6912,1.3333,0.4799,0.2592,357.9536,0.1302,0.5094
test_6247.jpg,720,960,0.6912,0.75,0.4191,0.2321,307.7964,0.1786,0.4653
test_6248.jpg,720,960,0.6912,0.75,0.541,0.2431,58.1217,0.2735,0.6063
test_6249.jpg,765,720,0.5508,1.0625,0.4154,0.2595,8.6065,0.113,0.4399
test_6250.jpg,960,720,0.6912,1.3333,0.5455,0.2554,145.4501,0.1281,0.5799
test_6251.jpg,720,960,0.6912,0.75,0.443,0.2576,32.9379,0.2142,0.4925
test_6252.jpg,720,960,0.6912,0.75,0.4204,0.1723,23.4395,0.3419,0.5168
test_6253.jpg,960,720,0.6912,1.3333,0.2234,0.123,61.362,0.1079,0.2325
test_6254.jpg,720,960,0.6912,0.75,0.3981,0.1864,13.5183,0.2856,0.4645
test_6255.jpg,720,959,0.6905,0.7508,0.4484,0.228,245.972,0.2092,0.4967
test_6256.jpg,720,960,0.6912,0.75,0.53,0.2731,351.2173,0.1086,0.5575
test_6257.jpg,720,720,0.5184,1.0,0.395,0.2214,63.6651,0.2589,0.4282
test_6258.jpg,720,1394,1.0037,0.5165,0.1732,0.1685,37.4432,0.1871,0.1924
test_6259.jpg,720,960,0.6912,0.75,0.4887,0.1678,36.1596,0.107,0.5088
test_6260.jpg,720,960,0.6912,0.75,0.4595,0.2304,344.1856,0.2868,0.5403
test_6261.jpg,1678,720,1.2082,2.3306,0.6312,0.1229,307.1733,0.2485,0.7388
test_6262.jpg,960,720,0.6912,1.3333,0.512,0.204,7.0622,0.2816,0.5956
test_6263.jpg,720,960,0.6912,0.75,0.4431,0.1956,85.4766,0.1423,0.4731
test_6264.jpg,720,960,0.6912,0.75,0.3459,0.1747,20.8032,0.454,0.4729
test_6265.jpg,720,960,0.6912,0.75,0.457,0.1946,35.9701,0.1254,0.4792
test_6266.jpg,720,960,0.6912,0.75,0.4905,0.2804,26.5381,0.1564,0.5281
test_6267.jpg,720,960,0.6912,0.75,0.4662,0.1834,212.5853,0.2056,0.5242
test_6268.jpg,720,960,0.6912,0.75,0.5941,0.1822,38.7312,0.2573,0.6552
test_6269.jpg,720,1280,0.9216,0.5625,0.4966,0.1775,29.9837,0.1267,0.521
test_6270.jpg,720,960,0.6912,0.75,0.6029,0.1319,90.3005,0.204,0.6368
test_6271.jpg,959,720,0.6905,1.3319,0.4341,0.2124,211.6961,0.1791,0.4816
test_6272.jpg,720,960,0.6912,0.75,0.5356,0.2586,19.7932,0.178,0.5788
test_6273.jpg,720,960,0.6912,0.75,0.5941,0.2884,87.7206,0.1104,0.614
test_6274.jpg,720,960,0.6912,0.75,0.5278,0.2546,45.3928,0.181,0.5778
test_6275.jpg,720,960,0.6912,0.75,0.3684,0.261,156.9502,0.1342,0.3906
test_6276.jpg,720,960,0.6912,0.75,0.4936,0.2534,33.4683,0.2296,0.541
test_6277.jpg,1007,720,0.725,1.3986,0.57,0.1978,94.0948,0.2177,0.6099
test_6278.jpg,1279,720,0.9209,1.7764,0.5404,0.2033,118.5901,0.1877,0.5827
test_6279.jpg,720,960,0.6912,0.75,0.4474,0.2154,33.1527,0.2153,0.4883
test_6280.jpg,720,960,0.6912,0.75,0.6201,0.135,205.453,0.1736,0.6826
test_6281.jpg,720,960,0.6912,0.75,0.4816,0.1848,126.0099,0.1876,0.5155
test_6282.jpg,960,720,0.6912,1.3333,0.4962,0.2123,36.9799,0.2776,0.5651
test_6283.jpg,720,1279,0.9209,0.5629,0.5251,0.191,84.7207,0.1049,0.5503
test_6284.jpg,720,960,0.6912,0.75,0.4008,0.1296,18.7872,0.2286,0.4541
test_6285.jpg,1080,720,0.7776,1.5,0.4092,0.2057,26.2403,0.1784,0.4471
test_6286.jpg,1265,720,0.9108,1.7569,0.4614,0.2077,211.1783,0.139,0.5047
test_6287.jpg,960,720,0.6912,1.3333,0.5974,0.2487,208.6841,0.1784,0.6579
test_6288.jpg,1198,720,0.8626,1.6639,0.3689,0.1803,331.5479,0.2579,0.4197
test_6289.jpg,720,1280,0.9216,0.5625,0.2919,0.2082,222.7902,0.4245,0.3709
test_6290.jpg,720,960,0.6912,0.75,0.4933,0.295,106.1937,0.1687,0.5305
test_6291.jpg,720,960,0.6912,0.75,0.4848,0.2122,35.1684,0.2686,0.5347
test_6292.jpg,720,960,0.6912,0.75,0.4016,0.1396,223.845,0.376,0.5542
test_6293.jpg,960,720,0.6912,1.3333,0.6045,0.2455,45.938,0.2527,0.6494
test_6294.jpg,720,960,0.6912,0.75,0.1976,0.215,13.4527,0.2886,0.235
test_6295.jpg,720,960,0.6912,0.75,0.5203,0.2875,27.5836,0.3531,0.5976
test_6296.jpg,720,960,0.6912,0.75,0.5933,0.2385,298.9107,0.2677,0.7099
test_6297.jpg,720,960,0.6912,0.75,0.6379,0.1772,86.4011,0.1543,0.6793
test_6298.jpg,960,720,0.6912,1.3333,0.4157,0.2243,51.06,0.3247,0.4655
test_6299.jpg,960,720,0.6912,1.3333,0.5861,0.2247,35.5027,0.153,0.6189
test_6300.jpg,720,960,0.6912,0.75,0.4919,0.2654,31.9346,0.1154,0.5142
test_6301.jpg,720,960,0.6912,0.75,0.4874,0.1831,76.9345,0.2672,0.5575
test_6302.jpg,720,960,0.6912,0.75,0.4528,0.2267,19.7116,0.2122,0.506
test_6303.jpg,720,960,0.6912,0.75,0.4436,0.2242,29.5081,0.3897,0.5278
test_6304.jpg,720,960,0.6912,0.75,0.5593,0.1134,26.9569,0.1424,0.5953
test_6305.jpg,720,960,0.6912,0.75,0.589,0.2282,345.6877,0.1162,0.6166
test_6306.jpg,720,720,0.5184,1.0,0.4316,0.1942,36.4599,0.2291,0.4801
test_6307.jpg,720,960,0.6912,0.75,0.4827,0.3083,31.7007,0.1852,0.5009
test_6308.jpg,720,960,0.6912,0.75,0.5187,0.2232,31.2419,0.2055,0.5599
test_6309.jpg,720,960,0.6912,0.75,0.4729,0.2425,69.7404,0.1388,0.4982
test_6310.jpg,720,960,0.6912,0.75,0.4656,0.2643,56.2955,0.2114,0.4948
test_6311.jpg,720,960,0.6912,0.75,0.1231,0.0826,33.5121,0.2766,0.142
test_6312.jpg,1320,720,0.9504,1.8333,0.4668,0.2967,42.1339,0.1685,0.4968
test_6313.jpg,1280,720,0.9216,1.7778,0.4181,0.2313,24.9983,0.2264,0.47
test_6314.jpg,960,720,0.6912,1.3333,0.491,0.2152,17.0433,0.1462,0.5234
test_6315.jpg,720,960,0.6912,0.75,0.45,0.2324,20.9502,0.052,0.4594
test_6316.jpg,720,720,0.5184,1.0,0.3784,0.1836,10.4464,0.1478,0.4068
test_6317.jpg,720,960,0.6912,0.75,0.3519,0.2863,16.7698,0.2466,0.3932
test_6318.jpg,960,720,0.6912,1.3333,0.509,0.2246,27.8108,0.2125,0.5681
test_6319.jpg,720,960,0.6912,0.75,0.5324,0.2753,298.3853,0.0766,0.549
test_6320.jpg,720,960,0.6912,0.75,0.5178,0.2136,46.4179,0.3076,0.6168
test_6321.jpg,720,960,0.6912,0.75,0.4833,0.2007,28.8605,0.1764,0.5205
test_6322.jpg,720,960,0.6912,0.75,0.6155,0.1401,73.2395,0.0821,0.6269
test_6323.jpg,720,1558,1.1218,0.4621,0.6786,0.2839,39.0944,0.22,0.74
test_6324.jpg,960,720,0.6912,1.3333,0.4452,0.241,18.6816,0.5146,0.5691
test_6325.jpg,720,720,0.5184,1.0,0.4837,0.1785,40.5127,0.0776,0.4969
test_6326.jpg,720,960,0.6912,0.75,0.5627,0.2022,350.4981,0.191,0.6237
test_6327.jpg,720,960,0.6912,0.75,0.2973,0.2343,20.6948,0.447,0.3656
test_6328.jpg,1367,720,0.9842,1.8986,0.5668,0.2722,6.3323,0.1741,0.6109
test_6329.jpg,720,960,0.6912,0.75,0.4563,0.2056,52.5845,0.2333,0.5053
test_6330.jpg,720,881,0.6343,0.8173,0.4814,0.2224,254.9572,0.2298,0.5496
test_6331.jpg,720,960,0.6912,0.75,0.3907,0.1785,189.8759,0.1655,0.4175
test_6332.jpg,720,960,0.6912,0.75,0.4313,0.2436,246.3432,0.1447,0.4662
test_6333.jpg,720,960,0.6912,0.75,0.4216,0.262,348.864,0.333,0.5005
test_6334.jpg,720,960,0.6912,0.75,0.4603,0.2061,44.2827,0.1035,0.4778
test_6335.jpg,720,960,0.6912,0.75,0.3413,0.197,232.2049,0.3149,0.4002
test_6336.jpg,720,960,0.6912,0.75,0.5172,0.1823,19.3122,0.2131,0.578
test_6337.jpg,960,720,0.6912,1.3333,0.2706,0.2008,115.1121,0.2859,0.303
test_6338.jpg,720,960,0.6912,0.75,0.561,0.1505,30.7969,0.049,0.5717
test_6339.jpg,720,960,0.6912,0.75,0.3917,0.2194,21.9546,0.4649,0.5088
test_6340.jpg,720,960,0.6912,0.75,0.4244,0.1528,335.1438,0.1054,0.4497
test_6341.jpg,720,960,0.6912,0.75,0.5714,0.2668,216.9575,0.2184,0.6306
test_6342.jpg,720,960,0.6912,0.75,0.3653,0.2319,12.9074,0.5708,0.5219
test_6343.jpg,720,960,0.6912,0.75,0.5562,0.2887,87.9757,0.1398,0.5915
test_6344.jpg,960,720,0.6912,1.3333,0.4549,0.2411,21.4388,0.1739,0.4871
test_6345.jpg,720,960,0.6912,0.75,0.4778,0.2357,29.4421,0.3484,0.5472
test_6346.jpg,720,960,0.6912,0.75,0.3574,0.1941,172.6223,0.1415,0.3835
test_6347.jpg,720,960,0.6912,0.75,0.4012,0.1804,267.5584,0.181,0.4497
test_6348.jpg,720,960,0.6912,0.75,0.5214,0.2211,43.394,0.3043,0.5869
test_6349.jpg,720,960,0.6912,0.75,0.477,0.2398,79.1804,0.1303,0.4994
test_6350.jpg,720,960,0.6912,0.75,0.4065,0.1729,17.024,0.2605,0.4813
test_6351.jpg,720,720,0.5184,1.0,0.4515,0.2246,17.231,0.5142,0.6294
test_6352.jpg,960,720,0.6912,1.3333,0.6257,0.21,25.8918,0.0613,0.6392
test_6353.jpg,720,1280,0.9216,0.5625,0.578,0.2476,202.0379,0.1428,0.6195
test_6354.jpg,1066,720,0.7675,1.4806,0.3175,0.1403,204.4664,0.2659,0.3693
test_6355.jpg,720,960,0.6912,0.75,0.4345,0.2239,160.165,0.2249,0.472
test_6356.jpg,720,960,0.6912,0.75,0.417,0.1863,220.8846,0.1762,0.4679
test_6357.jpg,720,960,0.6912,0.75,0.4334,0.2259,341.8778,0.3856,0.5384
test_6358.jpg,720,960,0.6912,0.75,0.5288,0.2748,63.3779,0.1354,0.5532
test_6359.jpg,720,960,0.6912,0.75,0.506,0.2008,164.6466,0.1099,0.5283
test_6360.jpg,720,960,0.6912,0.75,0.5422,0.2404,30.1795,0.2421,0.5954
test_6361.jpg,720,720,0.5184,1.0,0.5449,0.1962,353.6898,0.1728,0.5936
test_6362.jpg,1001,720,0.7207,1.3903,0.2521,0.2423,247.0592,0.479,0.3133
test_6363.jpg,960,720,0.6912,1.3333,0.7098,0.0788,43.1837,0.0777,0.7345
test_6364.jpg,720,960,0.6912,0.75,0.5308,0.2491,12.0086,0.309,0.611
test_6365.jpg,720,960,0.6912,0.75,0.4632,0.1918,37.2408,0.5296,0.5587
test_6366.jpg,960,720,0.6912,1.3333,0.4542,0.2006,263.0714,0.3668,0.5767
test_6367.jpg,960,720,0.6912,1.3333,0.4782,0.1646,34.3103,0.3024,0.5426
test_6368.jpg,720,960,0.6912,0.75,0.4667,0.1909,21.3497,0.3975,0.5629
test_6369.jpg,720,960,0.6912,0.75,0.4903,0.1492,38.745,0.1787,0.518
test_6370.jpg,791,720,0.5695,1.0986,0.4221,0.2433,220.165,0.3286,0.5436
test_6371.jpg,720,960,0.6912,0.75,0.7261,0.1883,55.0377,0.1968,0.77
test_6372.jpg,720,960,0.6912,0.75,0.4131,0.171,18.8498,0.2707,0.4937
test_6373.jpg,720,960,0.6912,0.75,0.4072,0.3213,358.8352,0.2971,0.4687
test_6374.jpg,720,1280,0.9216,0.5625,0.2146,0.1825,226.0435,0.6192,0.2915
test_6375.jpg,720,960,0.6912,0.75,0.4954,0.1935,21.5702,0.1825,0.543
test_6376.jpg,960,720,0.6912,1.3333,0.4056,0.2209,355.0497,0.2275,0.4612
test_6377.jpg,720,960,0.6912,0.75,0.6885,0.1896,220.8017,0.0274,0.6958
test_6378.jpg,1279,720,0.9209,1.7764,0.5504,0.2003,1.257,0.2513,0.658
test_6379.jpg,1080,720,0.7776,1.5,0.543,0.2045,66.6469,0.0888,0.5605
test_6380.jpg,720,960,0.6912,0.75,0.5137,0.1936,214.2785,0.2731,0.6242
test_6381.jpg,720,960,0.6912,0.75,0.3414,0.2179,39.5273,0.3581,0.3873
test_6382.jpg,720,960,0.6912,0.75,0.4837,0.194,9.6865,0.1333,0.5147
test_6383.jpg,720,720,0.5184,1.0,0.4273,0.2082,141.1013,0.1748,0.465
test_6384.jpg,720,960,0.6912,0.75,0.2808,0.1628,352.5005,0.2854,0.3524
test_6385.jpg,720,960,0.6912,0.75,0.557,0.2422,209.7636,0.1759,0.6097
test_6386.jpg,792,720,0.5702,1.1,0.4982,0.2189,182.587,0.158,0.5292
test_6387.jpg,720,960,0.6912,0.75,0.616,0.205,64.1074,0.0987,0.6277
test_6388.jpg,960,720,0.6912,1.3333,0.2663,0.1226,34.5968,0.2424,0.2875
test_6389.jpg,720,960,0.6912,0.75,0.4852,0.1791,3.6652,0.2531,0.5633
test_6390.jpg,720,960,0.6912,0.75,0.414,0.2273,224.2005,0.3142,0.4978
test_6391.jpg,720,960,0.6912,0.75,0.493,0.2373,12.8604,0.2092,0.5539
test_6392.jpg,720,960,0.6912,0.75,0.2064,0.1775,21.4647,0.3466,0.2393
test_6393.jpg,960,720,0.6912,1.3333,0.4788,0.3032,224.6506,0.1268,0.5035
test_6394.jpg,720,960,0.6912,0.75,0.3201,0.2111,324.3097,0.3121,0.3769
test_6395.jpg,720,960,0.6912,0.75,0.527,0.2747,211.9268,0.1624,0.5721
test_6396.jpg,960,720,0.6912,1.3333,0.4377,0.1971,337.5911,0.2939,0.555
test_6397.jpg,720,720,0.5184,1.0,0.5618,0.2296,35.382,0.1223,0.5837
test_6398.jpg,960,720,0.6912,1.3333,0.4925,0.2529,350.2276,0.1549,0.5282
test_6399.jpg,960,720,0.6912,1.3333,0.3897,0.2796,299.1824,0.1225,0.4125
test_6400.jpg,720,960,0.6912,0.75,0.4713,0.1535,325.0973,0.1237,0.5042
test_6401.jpg,720,946,0.6811,0.7611,0.2978,0.2065,225.8018,0.2513,0.344
test_6402.jpg,720,960,0.6912,0.75,0.6556,0.2272,28.6401,0.1657,0.6922
test_6403.jpg,720,960,0.6912,0.75,0.5474,0.249,230.1034,0.2127,0.6072
test_6404.jpg,720,960,0.6912,0.75,0.494,0.2574,26.645,0.3398,0.5791
test_6405.jpg,960,720,0.6912,1.3333,0.4618,0.2272,322.0986,0.2066,0.5189
test_6406.jpg,960,720,0.6912,1.3333,0.5229,0.2146,37.8092,0.341,0.638
test_6407.jpg,1279,720,0.9209,1.7764,0.4493,0.2268,17.4763,0.2704,0.5047
test_6408.jpg,720,960,0.6912,0.75,0.4956,0.2882,50.7895,0.2339,0.5396
test_6409.jpg,960,720,0.6912,1.3333,0.4216,0.23,217.1466,0.182,0.4712
test_6410.jpg,960,720,0.6912,1.3333,0.537,0.2542,29.1321,0.3507,0.6066
test_6411.jpg,960,720,0.6912,1.3333,0.4934,0.1469,191.2057,0.0862,0.5145
test_6412.jpg,720,960,0.6912,0.75,0.6206,0.2204,44.6107,0.3008,0.6689
test_6413.jpg,720,960,0.6912,0.75,0.5252,0.1562,33.7342,0.3289,0.598
test_6414.jpg,720,960,0.6912,0.75,0.4755,0.248,22.5703,0.1416,0.5049
test_6415.jpg,1280,720,0.9216,1.7778,0.5093,0.1676,118.8643,0.1501,0.5531
test_6416.jpg,720,960,0.6912,0.75,0.4113,0.2024,38.947,0.3816,0.4809
test_6417.jpg,720,960,0.6912,0.75,0.2409,0.1516,34.381,0.2362,0.2627
test_6418.jpg,720,960,0.6912,0.75,0.4032,0.3076,290.5938,0.2865,0.4445
test_6419.jpg,720,1280,0.9216,0.5625,0.4354,0.2207,267.4601,0.245,0.5067
test_6420.jpg,720,960,0.6912,0.75,0.6912,0.2112,105.8274,0.1432,0.7233
test_6421.jpg,960,720,0.6912,1.3333,0.4938,0.2708,37.413,0.1595,0.5363
test_6422.jpg,1080,720,0.7776,1.5,0.3885,0.3202,25.1505,0.4691,0.4721
test_6423.jpg,720,960,0.6912,0.75,0.5706,0.1775,354.9055,0.1595,0.6184
test_6424.jpg,720,960,0.6912,0.75,0.5433,0.2835,20.4922,0.2054,0.5724
test_6425.jpg,720,960,0.6912,0.75,0.4265,0.2499,241.1892,0.2095,0.4714
test_6426.jpg,720,960,0.6912,0.75,0.4383,0.2508,336.1967,0.3209,0.512
test_6427.jpg,720,960,0.6912,0.75,0.2572,0.2589,349.6161,0.4407,0.3262
test_6428.jpg,720,1029,0.7409,0.6997,0.5902,0.2156,301.5147,0.1225,0.6269
test_6429.jpg,720,960,0.6912,0.75,0.4105,0.134,229.6321,0.217,0.4846
test_6430.jpg,720,960,0.6912,0.75,0.5988,0.1552,19.7674,0.2018,0.663
test_6431.jpg,1084,720,0.7805,1.5056,0.4542,0.2383,41.9666,0.2585,0.505
test_6432.jpg,775,720,0.558,1.0764,0.617,0.1663,28.5969,0.1499,0.6621
test_6433.jpg,720,960,0.6912,0.75,0.4645,0.2137,88.3164,0.1974,0.5079
test_6434.jpg,720,960,0.6912,0.75,0.5336,0.2253,21.0768,0.2173,0.5839
test_6435.jpg,958,720,0.6898,1.3306,0.1798,0.1577,291.3948,0.6164,0.2879
test_6436.jpg,720,1279,0.9209,0.5629,0.475,0.1908,25.7307,0.2132,0.5315
test_6437.jpg,720,960,0.6912,0.75,0.4767,0.193,213.1817,0.3072,0.5937
test_6438.jpg,960,720,0.6912,1.3333,0.5732,0.2897,74.336,0.0978,0.5929
test_6439.jpg,720,960,0.6912,0.75,0.5101,0.2002,197.6594,0.2329,0.5618
test_6440.jpg,720,960,0.6912,0.75,0.468,0.2813,156.6437,0.1981,0.5013
test_6441.jpg,960,720,0.6912,1.3333,0.3763,0.1409,246.4039,0.3029,0.5009
test_6442.jpg,720,960,0.6912,0.75,0.4418,0.26,321.2507,0.236,0.5152
test_6443.jpg,1005,720,0.7236,1.3958,0.679,0.2134,220.8611,0.2165,0.7795
test_6444.jpg,720,960,0.6912,0.75,0.6549,0.1339,48.2348,0.0996,0.6776
test_6445.jpg,720,960,0.6912,0.75,0.4506,0.1763,180.0336,0.2933,0.5676
test_6446.jpg,720,960,0.6912,0.75,0.4003,0.175,11.0829,0.5102,0.5691
test_6447.jpg,960,720,0.6912,1.3333,0.2277,0.2135,272.1896,0.2824,0.2622
test_6448.jpg,720,960,0.6912,0.75,0.4495,0.2202,15.1218,0.2098,0.4989
test_6449.jpg,720,960,0.6912,0.75,0.4421,0.2032,37.7639,0.1207,0.4624
test_6450.jpg,720,1279,0.9209,0.5629,0.4931,0.2204,31.3109,0.2685,0.5567
test_6451.jpg,720,960,0.6912,0.75,0.4853,0.2432,41.148,0.1608,0.5209
test_6452.jpg,720,960,0.6912,0.75,0.5172,0.1981,57.8871,0.1044,0.53
test_6453.jpg,720,960,0.6912,0.75,0.5002,0.1661,18.9353,0.2568,0.5698
test_6454.jpg,720,960,0.6912,0.75,0.2134,0.1377,6.501,0.254,0.2369
test_6455.jpg,720,1279,0.9209,0.5629,0.4958,0.2243,296.8257,0.0847,0.5109
test_6456.jpg,720,960,0.6912,0.75,0.5186,0.1577,27.9908,0.1346,0.5538
test_6457.jpg,1358,720,0.9778,1.8861,0.5283,0.1751,53.088,0.1729,0.571
test_6458.jpg,720,960,0.6912,0.75,0.4456,0.1617,90.7594,0.4309,0.5075
test_6459.jpg,720,960,0.6912,0.75,0.4266,0.2445,61.3018,0.31,0.4952
test_6460.jpg,720,960,0.6912,0.75,0.4423,0.2112,173.0745,0.161,0.4804
test_6461.jpg,720,1280,0.9216,0.5625,0.4614,0.2495,88.747,0.1691,0.4836
test_6462.jpg,720,960,0.6912,0.75,0.3564,0.1462,51.369,0.1545,0.3744
test_6463.jpg,720,960,0.6912,0.75,0.5045,0.2025,50.0866,0.2208,0.5435
test_6464.jpg,720,960,0.6912,0.75,0.4573,0.1892,18.3867,0.1237,0.4941
test_6465.jpg,720,960,0.6912,0.75,0.4925,0.3262,3.6299,0.2714,0.5499
test_6466.jpg,720,960,0.6912,0.75,0.5165,0.3145,92.9352,0.0989,0.5268
test_6467.jpg,720,960,0.6912,0.75,0.3342,0.1932,40.3039,0.2835,0.3789
test_6468.jpg,720,960,0.6912,0.75,0.4966,0.2366,26.188,0.2565,0.5428
test_6469.jpg,720,960,0.6912,0.75,0.4912,0.2259,209.2159,0.4169,0.6219
test_6470.jpg,720,960,0.6912,0.75,0.4531,0.2509,115.5906,0.1705,0.4804
test_6471.jpg,720,960,0.6912,0.75,0.4397,0.1582,23.3876,0.2924,0.5169
test_6472.jpg,720,960,0.6912,0.75,0.4325,0.2426,93.8969,0.1661,0.4556
test_6473.jpg,720,960,0.6912,0.75,0.4539,0.2253,54.3132,0.2186,0.4961
test_6474.jpg,720,960,0.6912,0.75,0.5874,0.1857,38.9685,0.1063,0.6018
test_6475.jpg,960,720,0.6912,1.3333,0.6156,0.2748,217.3249,0.051,0.6259
test_6476.jpg,720,960,0.6912,0.75,0.5293,0.1731,160.8203,0.1529,0.5694
test_6477.jpg,720,960,0.6912,0.75,0.3552,0.2028,19.7885,0.4105,0.4339
test_6478.jpg,720,960,0.6912,0.75,0.5385,0.1977,122.8185,0.2326,0.6044
test_6479.jpg,720,960,0.6912,0.75,0.4903,0.2317,114.2982,0.1885,0.52
test_6480.jpg,720,1279,0.9209,0.5629,0.4374,0.2017,223.57,0.151,0.4711
test_6481.jpg,1280,720,0.9216,1.7778,0.4396,0.2437,8.4315,0.1525,0.4683
test_6482.jpg,720,960,0.6912,0.75,0.4452,0.1633,160.5841,0.1762,0.4834
test_6483.jpg,720,720,0.5184,1.0,0.4687,0.1904,190.8595,0.2437,0.5311
test_6484.jpg,720,960,0.6912,0.75,0.4717,0.257,207.1941,0.0662,0.4833
test_6485.jpg,720,960,0.6912,0.75,0.6116,0.1939,121.4079,0.1572,0.6606
test_6486.jpg,983,720,0.7078,1.3653,0.4723,0.2624,7.7256,0.267,0.5687
test_6487.jpg,720,960,0.6912,0.75,0.4504,0.2147,41.5479,0.2952,0.547
test_6488.jpg,720,960,0.6912,0.75,0.5276,0.176,31.8463,0.3341,0.601
test_6489.jpg,720,960,0.6912,0.75,0.269,0.2254,271.3081,0.2665,0.3151
test_6490.jpg,1045,720,0.7524,1.4514,0.3764,0.2708,219.1709,0.1899,0.4132
test_6491.jpg,720,960,0.6912,0.75,0.3116,0.2264,36.205,0.2229,0.3396
test_6492.jpg,720,960,0.6912,0.75,0.5003,0.2294,5.1996,0.2866,0.5764
test_6493.jpg,720,960,0.6912,0.75,0.2458,0.2015,96.9379,0.2565,0.2783
test_6494.jpg,720,960,0.6912,0.75,0.4676,0.1687,44.5002,0.1216,0.4866
test_6495.jpg,720,960,0.6912,0.75,0.5064,0.283,37.9864,0.1073,0.5278
test_6496.jpg,720,960,0.6912,0.75,0.4591,0.2334,284.3798,0.2418,0.533
test_6497.jpg,720,960,0.6912,0.75,0.6672,0.107,232.0189,0.0319,0.6762
test_6498.jpg,720,960,0.6912,0.75,0.5194,0.2142,14.1205,0.3247,0.6092
test_6499.jpg,1279,720,0.9209,1.7764,0.4262,0.1869,128.7123,0.1231,0.4423
test_6500.jpg,720,960,0.6912,0.75,0.4768,0.2392,83.0094,0.1979,0.5043
test_6501.jpg,720,960,0.6912,0.75,0.5498,0.1739,31.3799,0.3056,0.628
test_6502.jpg,720,960,0.6912,0.75,0.616,0.2298,201.3711,0.178,0.6679
test_6503.jpg,1290,720,0.9288,1.7917,0.5021,0.2797,28.0106,0.2148,0.5508
test_6504.jpg,960,720,0.6912,1.3333,0.4305,0.1922,167.9645,0.1318,0.4535
test_6505.jpg,960,720,0.6912,1.3333,0.4804,0.2519,61.8083,0.1085,0.4974
test_6506.jpg,960,720,0.6912,1.3333,0.4747,0.2458,223.3255,0.2196,0.5385
test_6507.jpg,720,960,0.6912,0.75,0.4425,0.194,20.136,0.2218,0.4867
test_6508.jpg,720,1280,0.9216,0.5625,0.4203,0.1594,74.5593,0.2797,0.4658
test_6509.jpg,720,960,0.6912,0.75,0.4803,0.1957,19.4371,0.253,0.5581
test_6510.jpg,960,720,0.6912,1.3333,0.2416,0.1667,84.7842,0.2559,0.259
test_6511.jpg,720,960,0.6912,0.75,0.3835,0.2194,58.8133,0.2724,0.4229
test_6512.jpg,720,960,0.6912,0.75,0.4962,0.1614,44.9182,0.1296,0.5156
test_6513.jpg,720,960,0.6912,0.75,0.4782,0.2276,58.4801,0.2201,0.5294
test_6514.jpg,960,720,0.6912,1.3333,0.4981,0.249,168.1327,0.1363,0.5158
test_6515.jpg,720,1087,0.7826,0.6624,0.379,0.1843,259.8337,0.24,0.4675
test_6516.jpg,720,960,0.6912,0.75,0.5167,0.188,172.1268,0.2497,0.5587
test_6517.jpg,1279,720,0.9209,1.7764,0.551,0.2212,130.8401,0.1731,0.5835
test_6518.jpg,720,960,0.6912,0.75,0.4023,0.2705,139.6614,0.1717,0.4381
test_6519.jpg,720,960,0.6912,0.75,0.6138,0.2075,3.7194,0.0612,0.6275
test_6520.jpg,720,960,0.6912,0.75,0.5276,0.2006,25.8507,0.1289,0.5554
test_6521.jpg,720,865,0.6228,0.8324,0.2077,0.1843,284.4217,0.2463,0.2673
test_6522.jpg,960,720,0.6912,1.3333,0.4177,0.2581,45.7243,0.1858,0.4402
test_6523.jpg,720,960,0.6912,0.75,0.4181,0.1746,2.6334,0.1454,0.4537
test_6524.jpg,720,960,0.6912,0.75,0.3641,0.1927,260.2432,0.1983,0.4008
test_6525.jpg,720,960,0.6912,0.75,0.4416,0.237,14.6146,0.3585,0.5466
test_6526.jpg,720,960,0.6912,0.75,0.2966,0.152,14.2857,0.3479,0.3651
test_6527.jpg,720,1560,1.1232,0.4615,0.5288,0.1879,263.1527,0.3928,0.7938
test_6528.jpg,720,1279,0.9209,0.5629,0.6055,0.1414,23.8362,0.109,0.6376
test_6529.jpg,720,960,0.6912,0.75,0.5284,0.2498,213.1656,0.1876,0.5806
test_6530.jpg,720,960,0.6912,0.75,0.5836,0.2021,22.5217,0.2702,0.6654
test_6531.jpg,720,960,0.6912,0.75,0.4793,0.1984,181.0828,0.2784,0.5532
test_6532.jpg,720,960,0.6912,0.75,0.217,0.1995,301.759,0.3223,0.2552
test_6533.jpg,720,960,0.6912,0.75,0.4937,0.2623,358.9117,0.141,0.5212
test_6534.jpg,720,960,0.6912,0.75,0.269,0.1765,42.614,0.282,0.2997
test_6535.jpg,720,960,0.6912,0.75,0.4941,0.2741,219.7158,0.1952,0.5432
test_6536.jpg,960,720,0.6912,1.3333,0.5238,0.2634,352.9631,0.1775,0.5783
test_6537.jpg,960,720,0.6912,1.3333,0.6607,0.1828,34.6901,0.176,0.7145
test_6538.jpg,1080,720,0.7776,1.5,0.4466,0.2025,74.6857,0.1411,0.473
test_6539.jpg,720,960,0.6912,0.75,0.5012,0.2446,12.7684,0.1813,0.5489
test_6540.jpg,960,720,0.6912,1.3333,0.3947,0.2333,210.0905,0.1967,0.4477
test_6541.jpg,720,960,0.6912,0.75,0.5273,0.2994,49.7706,0.1877,0.5677
test_6542.jpg,720,1558,1.1218,0.4621,0.4423,0.2356,94.9811,0.2041,0.4684
test_6543.jpg,720,960,0.6912,0.75,0.5461,0.2037,88.4617,0.0993,0.5676
test_6544.jpg,720,960,0.6912,0.75,0.5161,0.1565,249.5919,0.1041,0.5431
test_6545.jpg,720,960,0.6912,0.75,0.4578,0.2742,32.3911,0.3291,0.5209
test_6546.jpg,720,960,0.6912,0.75,0.5243,0.3357,24.2326,0.1906,0.5704
test_6547.jpg,720,720,0.5184,1.0,0.6205,0.1205,115.4137,0.2052,0.6729
test_6548.jpg,960,720,0.6912,1.3333,0.5069,0.2114,267.8238,0.1044,0.5299
test_6549.jpg,1279,720,0.9209,1.7764,0.4949,0.2734,88.3929,0.0968,0.5149
test_6550.jpg,960,720,0.6912,1.3333,0.4281,0.2663,205.1461,0.341,0.5003
test_6551.jpg,720,960,0.6912,0.75,0.3558,0.1882,55.0598,0.2537,0.4128
test_6552.jpg,720,960,0.6912,0.75,0.4684,0.1369,65.2074,0.1089,0.4858
test_6553.jpg,1505,720,1.0836,2.0903,0.3782,0.1972,340.9105,0.2018,0.4231
test_6554.jpg,720,960,0.6912,0.75,0.5945,0.1871,42.2607,0.1401,0.6293
test_6555.jpg,720,960,0.6912,0.75,0.5156,0.2145,49.8512,0.1719,0.546
test_6556.jpg,720,960,0.6912,0.75,0.4898,0.2549,68.2203,0.1987,0.5176
test_6557.jpg,720,960,0.6912,0.75,0.4639,0.2473,204.5959,0.1443,0.4897
test_6558.jpg,720,960,0.6912,0.75,0.4657,0.2176,132.0338,0.2827,0.5213
test_6559.jpg,720,960,0.6912,0.75,0.5018,0.0958,210.1801,0.0771,0.523
test_6560.jpg,720,960,0.6912,0.75,0.4942,0.2602,10.7023,0.1879,0.5495
test_6561.jpg,720,960,0.6912,0.75,0.4145,0.2335,112.4975,0.244,0.4671
test_6562.jpg,720,960,0.6912,0.75,0.2614,0.1877,234.8199,0.6791,0.496
test_6563.jpg,720,960,0.6912,0.75,0.5386,0.2175,39.7892,0.1803,0.582
test_6564.jpg,720,960,0.6912,0.75,0.3574,0.2797,222.8501,0.3029,0.429
test_6565.jpg,720,960,0.6912,0.75,0.5029,0.2202,167.8739,0.259,0.5796
test_6566.jpg,720,960,0.6912,0.75,0.5461,0.2322,186.8305,0.0948,0.5654
test_6567.jpg,720,960,0.6912,0.75,0.58,0.2086,204.4758,0.0586,0.5956
test_6568.jpg,720,960,0.6912,0.75,0.407,0.1958,193.8273,0.2835,0.48
test_6569.jpg,720,1080,0.7776,0.6667,0.4865,0.2516,38.0786,0.2631,0.5433
test_6570.jpg,869,720,0.6257,1.2069,0.5288,0.3409,207.6366,0.2196,0.5932
test_6571.jpg,720,960,0.6912,0.75,0.6171,0.1691,44.1132,0.0352,0.6233
test_6572.jpg,720,960,0.6912,0.75,0.5159,0.2407,142.8612,0.1337,0.5456
test_6573.jpg,960,720,0.6912,1.3333,0.2757,0.1665,188.7305,0.2121,0.3031
test_6574.jpg,720,960,0.6912,0.75,0.4502,0.2632,232.6247,0.2405,0.5101
test_6575.jpg,720,960,0.6912,0.75,0.451,0.1505,201.6194,0.207,0.5102
test_6576.jpg,720,960,0.6912,0.75,0.4777,0.2284,18.5772,0.3134,0.568
test_6577.jpg,720,960,0.6912,0.75,0.53,0.2411,20.4595,0.0934,0.5504
test_6578.jpg,720,960,0.6912,0.75,0.5313,0.2326,47.8801,0.1532,0.563
test_6579.jpg,720,960,0.6912,0.75,0.5406,0.2063,87.6508,0.2328,0.5821
test_6580.jpg,720,960,0.6912,0.75,0.5425,0.2442,154.6832,0.1232,0.5699
test_6581.jpg,720,809,0.5825,0.89,0.3597,0.1787,218.6518,0.1656,0.3945
test_6582.jpg,720,1279,0.9209,0.5629,0.6199,0.1627,131.1838,0.0918,0.6493
test_6583.jpg,960,720,0.6912,1.3333,0.5404,0.2677,77.6998,0.0986,0.5541
test_6584.jpg,720,960,0.6912,0.75,0.5708,0.2515,19.9099,0.1401,0.6006
test_6585.jpg,720,1279,0.9209,0.5629,0.6604,0.2492,36.8337,0.0756,0.6858
test_6586.jpg,720,960,0.6912,0.75,0.4491,0.2529,14.2475,0.1743,0.4787
test_6587.jpg,960,720,0.6912,1.3333,0.4376,0.2338,42.8784,0.1915,0.4678
test_6588.jpg,1280,720,0.9216,1.7778,0.341,0.1887,193.6553,0.3059,0.395
test_6589.jpg,720,960,0.6912,0.75,0.6303,0.2617,87.8361,0.2061,0.6754
test_6590.jpg,960,720,0.6912,1.3333,0.4707,0.2229,147.2831,0.193,0.5076
test_6591.jpg,720,960,0.6912,0.75,0.4238,0.2401,29.0436,0.2363,0.4702
test_6592.jpg,720,960,0.6912,0.75,0.5152,0.2424,29.9193,0.1591,0.5444
test_6593.jpg,1279,720,0.9209,1.7764,0.5967,0.1658,25.9289,0.1468,0.6361
test_6594.jpg,720,960,0.6912,0.75,0.5141,0.1552,92.3443,0.085,0.5317
test_6595.jpg,720,960,0.6912,0.75,0.5261,0.1487,32.9432,0.2385,0.572
test_6596.jpg,720,960,0.6912,0.75,0.3851,0.2142,38.761,0.2145,0.4312
test_6597.jpg,720,960,0.6912,0.75,0.4957,0.305,47.6378,0.2376,0.5262
test_6598.jpg,720,960,0.6912,0.75,0.3975,0.2951,51.8837,0.1593,0.4295
test_6599.jpg,720,960,0.6912,0.75,0.4155,0.2822,266.164,0.2825,0.4732
test_6600.jpg,720,960,0.6912,0.75,0.4764,0.2373,29.3911,0.3171,0.5345
test_6601.jpg,959,720,0.6905,1.3319,0.7363,0.2305,26.2681,0.2616,0.8042
test_6602.jpg,1280,720,0.9216,1.7778,0.5812,0.1811,21.0674,0.2027,0.6393
test_6603.jpg,720,1558,1.1218,0.4621,0.5206,0.1295,93.4414,0.0606,0.5322
test_6604.jpg,720,960,0.6912,0.75,0.4962,0.2082,194.1543,0.4933,0.6297
test_6605.jpg,720,960,0.6912,0.75,0.4451,0.2608,36.4007,0.1752,0.4836
test_6606.jpg,720,960,0.6912,0.75,0.3259,0.2488,19.287,0.2091,0.357
test_6607.jpg,720,960,0.6912,0.75,0.4845,0.2194,139.1898,0.1355,0.5136
test_6608.jpg,1109,720,0.7985,1.5403,0.4235,0.211,270.2807,0.3177,0.5509
test_6609.jpg,720,749,0.5393,0.9613,0.5779,0.2919,57.9165,0.1737,0.6146
test_6610.jpg,1320,720,0.9504,1.8333,0.4264,0.2281,34.3146,0.4066,0.4867
test_6611.jpg,960,720,0.6912,1.3333,0.2934,0.1195,231.5312,0.4374,0.3834
test_6612.jpg,720,960,0.6912,0.75,0.5196,0.2225,29.1455,0.2605,0.5886
test_6613.jpg,720,960,0.6912,0.75,0.5575,0.1383,40.3042,0.1681,0.5867
test_6614.jpg,720,960,0.6912,0.75,0.4961,0.2193,31.613,0.1276,0.5246
test_6615.jpg,720,1280,0.9216,0.5625,0.244,0.1961,22.9021,0.4103,0.3016
test_6616.jpg,960,720,0.6912,1.3333,0.5781,0.2186,359.2679,0.1416,0.6196
test_6617.jpg,720,960,0.6912,0.75,0.4185,0.204,20.5551,0.3654,0.5163
test_6618.jpg,1184,720,0.8525,1.6444,0.5409,0.1813,29.6724,0.5987,0.6961
test_6619.jpg,960,720,0.6912,1.3333,0.5126,0.2347,85.7208,0.1937,0.545
test_6620.jpg,720,720,0.5184,1.0,0.1663,0.1896,178.6472,0.3296,0.1996
test_6621.jpg,720,960,0.6912,0.75,0.4412,0.2234,341.7357,0.3232,0.5205
test_6622.jpg,720,960,0.6912,0.75,0.2759,0.1933,116.2231,0.2165,0.3026
test_6623.jpg,720,960,0.6912,0.75,0.3711,0.2211,3.3965,0.3265,0.4421
test_6624.jpg,783,720,0.5638,1.0875,0.4042,0.2101,341.8332,0.1958,0.4476
test_6625.jpg,720,960,0.6912,0.75,0.5274,0.251,202.8173,0.1859,0.5745
test_6626.jpg,720,960,0.6912,0.75,0.5484,0.211,205.6255,0.1079,0.5752
test_6627.jpg,1279,720,0.9209,1.7764,0.4706,0.2182,196.6865,0.2707,0.5504
test_6628.jpg,720,960,0.6912,0.75,0.4907,0.2595,213.7791,0.1935,0.5368
test_6629.jpg,720,1280,0.9216,0.5625,0.488,0.2454,20.5276,0.2426,0.5498
test_6630.jpg,720,960,0.6912,0.75,0.4468,0.2414,13.7454,0.2417,0.5058
test_6631.jpg,720,960,0.6912,0.75,0.4488,0.2086,24.0023,0.1314,0.4819
test_6632.jpg,720,960,0.6912,0.75,0.4727,0.2705,36.6947,0.1902,0.5088
test_6633.jpg,960,720,0.6912,1.3333,0.5113,0.1949,41.8184,0.216,0.5537
test_6634.jpg,720,960,0.6912,0.75,0.5085,0.289,211.4683,0.1733,0.5372
test_6635.jpg,720,960,0.6912,0.75,0.7138,0.2277,13.3185,0.1153,0.7511
test_6636.jpg,720,960,0.6912,0.75,0.4515,0.1991,23.7825,0.4123,0.5537
test_6637.jpg,720,960,0.6912,0.75,0.3501,0.1673,263.7951,0.4439,0.5175
test_6638.jpg,720,960,0.6912,0.75,0.3965,0.2079,337.9224,0.1322,0.4266
test_6639.jpg,720,960,0.6912,0.75,0.3439,0.1995,33.2365,0.5797,0.4201
test_6640.jpg,720,720,0.5184,1.0,0.4773,0.216,344.3773,0.2837,0.5679
test_6641.jpg,960,720,0.6912,1.3333,0.5141,0.2809,78.1312,0.1143,0.5435
test_6642.jpg,960,720,0.6912,1.3333,0.5356,0.2628,336.1238,0.2355,0.5951
test_6643.jpg,720,960,0.6912,0.75,0.6241,0.1629,26.9723,0.0794,0.6459
test_6644.jpg,960,720,0.6912,1.3333,0.4509,0.2114,29.1188,0.1675,0.4817
test_6645.jpg,720,961,0.6919,0.7492,0.5178,0.2028,331.8092,0.1362,0.5534
test_6646.jpg,720,960,0.6912,0.75,0.5774,0.1971,205.1705,0.146,0.6191
test_6647.jpg,720,960,0.6912,0.75,0.4904,0.2397,205.333,0.2095,0.5472
test_6648.jpg,960,720,0.6912,1.3333,0.4422,0.1892,210.3395,0.484,0.5794
test_6649.jpg,720,960,0.6912,0.75,0.364,0.2355,196.5858,0.2432,0.3971
test_6650.jpg,720,960,0.6912,0.75,0.5868,0.1925,43.6577,0.1658,0.6167
test_6651.jpg,720,960,0.6912,0.75,0.4005,0.2196,59.1853,0.2097,0.4414
test_6652.jpg,720,779,0.5609,0.9243,0.8018,0.1468,49.1778,0.1127,0.8342
test_6653.jpg,720,960,0.6912,0.75,0.3621,0.2481,169.8409,0.2298,0.4143
test_6654.jpg,960,720,0.6912,1.3333,0.3455,0.201,24.5582,0.2561,0.3986
test_6655.jpg,720,1279,0.9209,0.5629,0.5012,0.1807,29.4262,0.3862,0.5843
test_6656.jpg,720,960,0.6912,0.75,0.3551,0.2447,36.8743,0.3036,0.4136
test_6657.jpg,720,960,0.6912,0.75,0.4571,0.2205,225.8274,0.3905,0.6244
test_6658.jpg,720,720,0.5184,1.0,0.3831,0.1903,211.0592,0.2174,0.4368
test_6659.jpg,720,960,0.6912,0.75,0.6057,0.2254,33.3,0.1107,0.625
test_6660.jpg,720,1280,0.9216,0.5625,0.4021,0.2251,13.7932,0.4087,0.5156
test_6661.jpg,720,960,0.6912,0.75,0.4285,0.2275,200.3609,0.2652,0.4998
test_6662.jpg,720,768,0.553,0.9375,0.4354,0.1741,234.8772,0.2066,0.4966
test_6663.jpg,720,960,0.6912,0.75,0.5833,0.1152,49.7066,0.0901,0.5952
test_6664.jpg,960,720,0.6912,1.3333,0.5071,0.2168,19.5462,0.2889,0.5949
test_6665.jpg,960,720,0.6912,1.3333,0.5589,0.1736,27.5359,0.087,0.5807
test_6666.jpg,720,960,0.6912,0.75,0.6001,0.2425,316.3231,0.0351,0.6049
test_6667.jpg,720,1279,0.9209,0.5629,0.2872,0.1763,69.1127,0.2259,0.3083
test_6668.jpg,960,720,0.6912,1.3333,0.4385,0.2367,183.7339,0.3185,0.5233
test_6669.jpg,720,960,0.6912,0.75,0.4211,0.2459,226.0815,0.2024,0.4635
test_6670.jpg,1080,720,0.7776,1.5,0.3054,0.2837,29.9331,0.2666,0.3496
test_6671.jpg,720,960,0.6912,0.75,0.4298,0.2163,226.3882,0.2828,0.5194
test_6672.jpg,720,1279,0.9209,0.5629,0.4394,0.1805,112.5694,0.1403,0.4668
test_6673.jpg,960,720,0.6912,1.3333,0.4322,0.2123,189.3876,0.3969,0.5629
test_6674.jpg,960,720,0.6912,1.3333,0.5581,0.1936,117.6179,0.2255,0.606
test_6675.jpg,960,720,0.6912,1.3333,0.2421,0.1972,237.0347,0.3558,0.3054
test_6676.jpg,720,960,0.6912,0.75,0.4826,0.2149,354.826,0.2453,0.5543
test_6677.jpg,720,960,0.6912,0.75,0.5142,0.1886,309.9334,0.1386,0.5525
test_6678.jpg,960,720,0.6912,1.3333,0.4243,0.2313,79.2847,0.1485,0.4429
test_6679.jpg,720,960,0.6912,0.75,0.3846,0.1666,46.5493,0.1118,0.4017
test_6680.jpg,720,1558,1.1218,0.4621,0.1453,0.2467,57.7808,0.0403,0.1504
test_6681.jpg,720,1560,1.1232,0.4615,0.6793,0.1736,23.9208,0.3474,0.8048
test_6682.jpg,720,960,0.6912,0.75,0.5389,0.1746,186.0985,0.3274,0.6092
test_6683.jpg,720,960,0.6912,0.75,0.399,0.1943,294.7602,0.2121,0.4573
test_6684.jpg,720,960,0.6912,0.75,0.6068,0.2765,29.3035,0.1641,0.6456
test_6685.jpg,720,1279,0.9209,0.5629,0.4985,0.2174,202.8914,0.1895,0.5535
test_6686.jpg,720,960,0.6912,0.75,0.4062,0.2494,37.5726,0.231,0.4525
test_6687.jpg,3394,720,2.4437,4.7139,0.4946,0.2902,35.9485,0.1681,0.5177
test_6688.jpg,720,1279,0.9209,0.5629,0.5143,0.1776,37.2825,0.4158,0.6113
test_6689.jpg,960,720,0.6912,1.3333,0.4565,0.2251,60.0652,0.1886,0.4855
test_6690.jpg,720,960,0.6912,0.75,0.4715,0.2007,58.9698,0.3231,0.5229
test_6691.jpg,720,960,0.6912,0.75,0.4828,0.2737,344.0533,0.2025,0.532
test_6692.jpg,720,960,0.6912,0.75,0.4836,0.2423,39.5289,0.1395,0.509
test_6693.jpg,720,960,0.6912,0.75,0.339,0.1669,1.4629,0.3232,0.4217
test_6694.jpg,720,960,0.6912,0.75,0.7013,0.0987,353.7042,0.055,0.718
test_6695.jpg,720,960,0.6912,0.75,0.4948,0.2085,41.1941,0.2173,0.5681
test_6696.jpg,720,960,0.6912,0.75,0.256,0.1635,24.2824,0.4349,0.3109
test_6697.jpg,720,960,0.6912,0.75,0.4656,0.2257,58.5083,0.2213,0.4974
test_6698.jpg,720,960,0.6912,0.75,0.5341,0.2021,11.8482,0.171,0.5866
test_6699.jpg,960,720,0.6912,1.3333,0.4556,0.2484,3.0631,0.226,0.5196
test_6700.jpg,720,960,0.6912,0.75,0.5391,0.2078,348.4332,0.2023,0.5961
test_6701.jpg,720,960,0.6912,0.75,0.5171,0.2108,42.8308,0.1111,0.5422
test_6702.jpg,960,720,0.6912,1.3333,0.5323,0.2377,174.1805,0.1296,0.5604
test_6703.jpg,720,960,0.6912,0.75,0.4046,0.254,187.9495,0.1963,0.4458
test_6704.jpg,720,960,0.6912,0.75,0.5152,0.2535,158.2256,0.1902,0.5625
test_6705.jpg,720,960,0.6912,0.75,0.4811,0.2059,212.3154,0.172,0.5242
test_6706.jpg,960,720,0.6912,1.3333,0.4921,0.2214,180.0134,0.3308,0.5729
test_6707.jpg,720,960,0.6912,0.75,0.3128,0.2321,249.7485,0.2551,0.3532
test_6708.jpg,720,960,0.6912,0.75,0.4083,0.2477,213.114,0.121,0.4342
test_6709.jpg,720,1280,0.9216,0.5625,0.3143,0.2236,168.0862,0.2895,0.3557
test_6710.jpg,720,720,0.5184,1.0,0.5851,0.154,32.5273,0.23,0.6419
test_6711.jpg,720,960,0.6912,0.75,0.5839,0.1445,30.413,0.2046,0.6323
test_6712.jpg,720,960,0.6912,0.75,0.5904,0.182,62.3842,0.053,0.5974
test_6713.jpg,960,720,0.6912,1.3333,0.4863,0.2425,41.1547,0.2537,0.548
test_6714.jpg,720,960,0.6912,0.75,0.2656,0.2516,5.8263,0.3086,0.3142
