split,id,question_chars,question_tokens_ws,choice_chars_mean,choice_chars_max,choice_chars_total,choice_tokens_ws_mean,question_type,choice_a_chars,choice_b_chars,choice_c_chars,choice_d_chars
train,train_0001.jpg,22,6,17.75,18,71,3.0,문자·간판 읽기,18,17,18,18
train,train_0002.jpg,31,7,8.75,10,35,2.0,메뉴·상품,10,9,9,7
train,train_0003.jpg,35,8,4.0,5,16,1.0,위치·방향,3,5,5,3
train,train_0004.jpg,29,6,7.5,15,30,2.5,기타,15,5,3,7
train,train_0005.jpg,26,7,9.75,14,39,2.0,문자·간판 읽기,7,14,14,4
train,train_0006.jpg,34,9,20.25,27,81,6.0,위치·방향,27,16,11,27
train,train_0007.jpg,30,6,13.0,17,52,4.0,기타,11,17,14,10
train,train_0008.jpg,23,6,6.0,6,24,2.0,날짜·시간,6,6,6,6
train,train_0009.jpg,24,4,11.5,13,46,2.0,전화번호,11,13,11,11
train,train_0010.jpg,25,6,7.0,7,28,2.0,가격·금액,7,7,7,7
train,train_0011.jpg,23,5,3.0,3,12,1.0,메뉴·상품,3,3,3,3
train,train_0012.jpg,15,4,7.75,9,31,2.0,기타,8,9,7,7
train,train_0013.jpg,26,7,3.0,4,12,1.0,메뉴·상품,2,3,3,4
train,train_0014.jpg,30,8,7.0,7,28,1.0,가격·금액,7,7,7,7
train,train_0015.jpg,39,9,5.0,5,20,2.0,위치·방향,5,5,5,5
train,train_0016.jpg,20,5,4.25,5,17,1.0,문자·간판 읽기,4,4,4,5
train,train_0017.jpg,52,9,2.0,2,8,1.0,위치·방향,2,2,2,2
train,train_0018.jpg,31,9,13.0,15,52,3.25,문자·간판 읽기,15,13,12,12
train,train_0019.jpg,27,7,6.0,8,24,1.0,위치·방향,4,6,6,8
train,train_0020.jpg,19,3,6.0,6,24,1.0,가격·금액,6,6,6,6
train,train_0021.jpg,49,9,16.5,17,66,4.0,날짜·시간,15,17,17,17
train,train_0022.jpg,29,7,4.5,5,18,1.0,문자·간판 읽기,4,5,5,4
train,train_0023.jpg,28,8,7.25,9,29,2.0,색상,7,8,9,5
train,train_0024.jpg,30,7,5.0,7,20,1.5,문자·간판 읽기,7,6,3,4
train,train_0025.jpg,34,10,2.0,2,8,1.0,수량·계수,2,2,2,2
train,train_0026.jpg,16,4,3.0,3,12,1.0,문자·간판 읽기,3,3,3,3
train,train_0027.jpg,23,6,15.25,21,61,4.25,문자·간판 읽기,14,13,21,13
train,train_0028.jpg,27,7,4.25,5,17,1.0,기타,4,4,5,4
train,train_0029.jpg,30,8,4.25,5,17,1.0,문자·간판 읽기,4,5,5,3
train,train_0030.jpg,23,6,10.75,13,43,3.5,문자·간판 읽기,11,10,13,9
train,train_0031.jpg,27,6,4.25,5,17,1.0,기타,4,5,4,4
train,train_0032.jpg,24,6,5.0,5,20,1.0,가격·금액,5,5,5,5
train,train_0033.jpg,35,8,3.75,4,15,1.0,색상,4,4,4,3
train,train_0034.jpg,22,5,4.0,4,16,1.0,문자·간판 읽기,4,4,4,4
train,train_0035.jpg,16,4,21.0,25,84,3.25,문자·간판 읽기,18,25,25,16
train,train_0036.jpg,45,10,14.75,16,59,4.0,문자·간판 읽기,14,15,14,16
train,train_0037.jpg,25,7,13.75,24,55,2.25,문자·간판 읽기,24,11,11,9
train,train_0038.jpg,36,9,6.0,8,24,2.25,기타,5,5,8,6
train,train_0039.jpg,54,13,3.0,3,12,1.0,가격·금액,3,3,3,3
train,train_0040.jpg,20,5,14.75,17,59,4.0,문자·간판 읽기,14,17,11,17
train,train_0041.jpg,28,8,36.0,39,144,8.5,위치·방향,33,39,38,34
train,train_0042.jpg,36,8,3.0,4,12,1.0,위치·방향,3,4,3,2
train,train_0043.jpg,22,6,4.0,4,16,1.0,가격·금액,4,4,4,4
train,train_0044.jpg,34,6,6.75,7,27,1.0,가격·금액,6,7,7,7
train,train_0045.jpg,29,7,4.0,4,16,1.0,가격·금액,4,4,4,4
train,train_0046.jpg,22,5,11.0,11,44,2.0,문자·간판 읽기,11,11,11,11
train,train_0047.jpg,34,8,9.25,16,37,2.5,색상,6,16,8,7
train,train_0048.jpg,18,4,7.25,9,29,2.0,위치·방향,6,7,9,7
train,train_0049.jpg,24,6,15.0,16,60,4.25,문자·간판 읽기,15,15,16,14
train,train_0050.jpg,31,8,9.0,11,36,2.5,문자·간판 읽기,11,7,9,9
train,train_0051.jpg,23,6,5.25,7,21,2.25,색상,7,5,5,4
train,train_0052.jpg,30,8,7.25,8,29,2.25,문자·간판 읽기,8,8,6,7
train,train_0053.jpg,46,10,7.0,7,28,2.0,기타,7,7,7,7
train,train_0054.jpg,26,7,7.75,8,31,2.0,문자·간판 읽기,8,8,8,7
train,train_0055.jpg,31,8,4.25,8,17,1.0,문자·간판 읽기,4,8,2,3
train,train_0056.jpg,47,10,2.25,3,9,1.0,위치·방향,2,2,3,2
train,train_0057.jpg,35,10,6.75,8,27,2.25,가격·금액,7,7,8,5
train,train_0058.jpg,45,13,6.5,11,26,1.25,위치·방향,11,5,7,3
train,train_0059.jpg,21,6,20.5,21,82,3.0,문자·간판 읽기,21,20,20,21
train,train_0060.jpg,51,12,9.5,14,38,1.75,위치·방향,5,11,8,14
train,train_0061.jpg,37,9,11.5,14,46,3.5,문자·간판 읽기,10,12,10,14
train,train_0062.jpg,35,9,7.75,17,31,2.25,위치·방향,5,4,17,5
train,train_0063.jpg,27,7,6.75,16,27,1.75,메뉴·상품,4,3,16,4
train,train_0064.jpg,24,6,5.0,5,20,1.0,날짜·시간,5,5,5,5
train,train_0065.jpg,17,4,9.0,18,36,2.5,문자·간판 읽기,18,7,5,6
train,train_0066.jpg,40,11,13.0,14,52,3.0,색상,13,14,12,13
train,train_0067.jpg,16,4,5.25,6,21,1.0,문자·간판 읽기,6,5,5,5
train,train_0068.jpg,23,4,12.0,12,48,3.0,전화번호,12,12,12,12
train,train_0069.jpg,46,9,25.0,25,100,6.0,날짜·시간,25,25,25,25
train,train_0070.jpg,33,8,3.0,3,12,1.0,가격·금액,3,3,3,3
train,train_0071.jpg,35,9,2.0,2,8,1.0,기타,2,2,2,2
train,train_0072.jpg,24,6,7.0,7,28,1.0,가격·금액,7,7,7,7
train,train_0073.jpg,34,8,12.25,13,49,4.75,날짜·시간,13,10,13,13
train,train_0074.jpg,36,10,5.0,6,20,2.0,기타,5,6,5,4
train,train_0075.jpg,31,8,10.5,15,42,2.0,문자·간판 읽기,15,11,7,9
train,train_0076.jpg,22,5,4.25,6,17,1.25,문자·간판 읽기,3,6,6,2
train,train_0077.jpg,23,6,7.0,7,28,2.0,가격·금액,7,7,7,7
train,train_0078.jpg,28,7,13.75,15,55,3.25,문자·간판 읽기,14,15,13,13
train,train_0079.jpg,40,10,5.25,9,21,1.25,기타,3,4,5,9
train,train_0080.jpg,28,8,47.5,49,190,10.5,문자·간판 읽기,46,49,46,49
train,train_0081.jpg,30,7,6.5,11,26,1.25,위치·방향,5,11,4,6
train,train_0082.jpg,64,12,6.5,7,26,1.0,가격·금액,7,6,7,6
train,train_0083.jpg,34,10,2.5,4,10,1.0,문자·간판 읽기,2,4,2,2
train,train_0084.jpg,45,12,4.5,7,18,1.75,메뉴·상품,7,2,4,5
train,train_0085.jpg,29,7,5.0,5,20,1.0,기타,5,5,5,5
train,train_0086.jpg,26,6,4.25,6,17,1.5,기타,3,6,2,6
train,train_0087.jpg,29,5,5.0,5,20,1.0,가격·금액,5,5,5,5
train,train_0088.jpg,36,9,16.5,21,66,4.25,문자·간판 읽기,13,19,13,21
train,train_0089.jpg,52,12,2.25,6,9,1.0,문자·간판 읽기,1,6,1,1
train,train_0090.jpg,35,9,8.0,11,32,3.0,기타,8,8,11,5
train,train_0091.jpg,16,4,7.5,13,30,2.25,문자·간판 읽기,4,13,5,8
train,train_0092.jpg,31,7,5.0,5,20,1.0,가격·금액,5,5,5,5
train,train_0093.jpg,32,8,4.0,4,16,1.0,색상,4,4,4,4
train,train_0094.jpg,44,11,30.5,34,122,5.0,위치·방향,28,34,29,31
train,train_0095.jpg,38,9,7.0,7,28,1.0,가격·금액,7,7,7,7
train,train_0096.jpg,35,8,6.25,7,25,1.0,가격·금액,6,6,6,7
train,train_0097.jpg,61,15,14.5,16,58,3.0,색상,14,16,14,14
train,train_0098.jpg,30,7,22.5,23,90,4.0,날짜·시간,21,23,23,23
train,train_0099.jpg,23,6,10.5,12,42,3.25,문자·간판 읽기,11,12,8,11
train,train_0100.jpg,28,5,3.75,4,15,1.0,가격·금액,4,4,3,4
train,train_0101.jpg,23,7,5.0,9,20,1.25,문자·간판 읽기,4,9,4,3
train,train_0102.jpg,28,8,3.75,4,15,1.0,메뉴·상품,4,4,4,3
train,train_0103.jpg,28,6,4.25,5,17,1.25,기타,4,4,5,4
train,train_0104.jpg,16,4,4.75,5,19,1.0,가격·금액,5,5,4,5
train,train_0105.jpg,44,10,2.25,3,9,1.0,기타,2,2,3,2
train,train_0106.jpg,33,9,18.25,24,73,4.5,문자·간판 읽기,24,14,18,17
train,train_0107.jpg,45,10,12.5,23,50,2.25,메뉴·상품,5,11,11,23
train,train_0108.jpg,21,5,8.5,9,34,3.0,문자·간판 읽기,9,8,8,9
train,train_0109.jpg,33,7,13.0,13,52,3.0,날짜·시간,13,13,13,13
train,train_0110.jpg,26,5,7.0,7,28,1.0,가격·금액,7,7,7,7
train,train_0111.jpg,34,9,6.75,8,27,1.5,색상,8,7,5,7
train,train_0112.jpg,41,11,10.0,13,40,2.25,위치·방향,13,10,9,8
train,train_0113.jpg,30,8,1.75,2,7,1.0,전화번호,1,2,2,2
train,train_0114.jpg,25,6,11.75,22,47,2.5,기타,8,22,8,9
train,train_0115.jpg,30,8,5.25,6,21,1.0,위치·방향,5,6,6,4
train,train_0116.jpg,23,6,14.5,18,58,3.5,문자·간판 읽기,18,13,14,13
train,train_0117.jpg,51,14,2.75,3,11,1.0,색상,3,3,3,2
train,train_0118.jpg,33,9,6.0,6,24,1.0,가격·금액,6,6,6,6
train,train_0119.jpg,53,13,5.75,6,23,2.0,메뉴·상품,6,6,6,5
train,train_0120.jpg,20,5,2.25,3,9,1.0,기타,2,2,3,2
train,train_0121.jpg,27,7,5.5,7,22,1.0,문자·간판 읽기,4,7,5,6
train,train_0122.jpg,49,11,3.75,4,15,1.0,기타,3,4,4,4
train,train_0123.jpg,23,6,8.75,10,35,2.75,메뉴·상품,9,7,10,9
train,train_0124.jpg,27,7,3.0,3,12,1.0,위치·방향,3,3,3,3
train,train_0125.jpg,25,7,3.25,4,13,1.0,메뉴·상품,3,3,4,3
train,train_0126.jpg,22,6,8.75,14,35,1.75,문자·간판 읽기,7,8,14,6
train,train_0127.jpg,52,12,8.25,11,33,3.0,날짜·시간,11,11,6,5
train,train_0128.jpg,37,8,5.5,6,22,2.0,문자·간판 읽기,5,6,5,6
train,train_0129.jpg,40,9,22.0,22,88,3.0,날짜·시간,22,22,22,22
train,train_0130.jpg,32,6,2.5,3,10,1.0,위치·방향,2,3,2,3
train,train_0131.jpg,31,8,6.0,9,24,1.25,문자·간판 읽기,5,5,9,5
train,train_0132.jpg,47,12,6.0,8,24,1.5,메뉴·상품,3,8,7,6
train,train_0133.jpg,20,5,4.0,4,16,1.0,문자·간판 읽기,4,4,4,4
train,train_0134.jpg,36,7,9.0,9,36,1.0,전화번호,9,9,9,9
train,train_0135.jpg,21,6,14.5,18,58,3.75,문자·간판 읽기,18,16,14,10
train,train_0136.jpg,51,12,4.0,4,16,1.0,문자·간판 읽기,4,4,4,4
train,train_0137.jpg,38,9,13.0,15,52,3.5,날짜·시간,15,13,9,15
train,train_0138.jpg,35,7,13.25,16,53,2.0,문자·간판 읽기,16,15,12,10
train,train_0139.jpg,26,7,3.0,3,12,1.0,기타,3,3,3,3
train,train_0140.jpg,46,11,9.5,12,38,2.5,메뉴·상품,12,7,7,12
train,train_0141.jpg,25,7,13.25,14,53,2.0,문자·간판 읽기,14,14,14,11
train,train_0142.jpg,33,9,6.0,6,24,2.0,수량·계수,6,6,6,6
train,train_0143.jpg,26,7,4.5,5,18,1.0,문자·간판 읽기,5,4,4,5
train,train_0144.jpg,32,7,10.0,10,40,1.0,전화번호,10,10,10,10
train,train_0145.jpg,16,4,12.0,18,48,2.25,문자·간판 읽기,10,18,10,10
train,train_0146.jpg,42,9,6.25,8,25,1.0,기타,7,8,5,5
train,train_0147.jpg,37,10,11.0,13,44,1.0,전화번호,12,8,11,13
train,train_0148.jpg,37,10,5.75,10,23,1.75,기타,6,4,3,10
train,train_0149.jpg,28,6,6.0,6,24,1.0,가격·금액,6,6,6,6
train,train_0150.jpg,31,7,2.0,2,8,1.0,위치·방향,2,2,2,2
train,train_0151.jpg,31,8,8.5,10,34,2.5,문자·간판 읽기,10,8,9,7
train,train_0152.jpg,40,10,4.75,5,19,1.0,위치·방향,5,4,5,5
train,train_0153.jpg,20,4,2.75,5,11,1.25,위치·방향,2,2,5,2
train,train_0154.jpg,24,6,5.5,7,22,1.5,문자·간판 읽기,4,7,7,4
train,train_0155.jpg,31,8,6.0,6,24,1.0,위치·방향,6,6,6,6
train,train_0156.jpg,23,7,7.25,8,29,2.0,수량·계수,7,7,8,7
train,train_0157.jpg,21,6,4.0,4,16,2.0,전화번호,4,4,4,4
train,train_0158.jpg,39,10,24.5,36,98,5.5,기타,36,21,18,23
train,train_0159.jpg,20,5,3.75,5,15,1.0,메뉴·상품,4,3,3,5
train,train_0160.jpg,37,8,28.5,32,114,6.75,메뉴·상품,32,28,27,27
train,train_0161.jpg,28,5,3.0,3,12,1.0,가격·금액,3,3,3,3
train,train_0162.jpg,23,5,15.0,23,60,3.5,문자·간판 읽기,11,23,12,14
train,train_0163.jpg,43,12,19.75,20,79,5.75,날짜·시간,20,20,20,19
train,train_0164.jpg,28,8,4.0,5,16,1.0,위치·방향,4,4,3,5
train,train_0165.jpg,21,5,7.0,7,28,2.0,기타,7,7,7,7
train,train_0166.jpg,27,7,10.25,14,41,2.75,위치·방향,11,8,14,8
train,train_0167.jpg,32,9,3.25,4,13,1.0,문자·간판 읽기,2,3,4,4
train,train_0168.jpg,31,6,5.25,6,21,2.0,가격·금액,6,5,5,5
train,train_0169.jpg,49,12,18.0,23,72,5.0,문자·간판 읽기,15,17,17,23
train,train_0170.jpg,26,7,8.25,12,33,1.25,문자·간판 읽기,4,10,12,7
train,train_0171.jpg,33,9,19.0,20,76,4.0,문자·간판 읽기,20,18,19,19
train,train_0172.jpg,16,4,7.75,8,31,2.0,기타,8,7,8,8
train,train_0173.jpg,28,8,5.25,6,21,2.25,문자·간판 읽기,5,6,5,5
train,train_0174.jpg,47,10,28.25,32,113,6.75,문자·간판 읽기,27,24,30,32
train,train_0175.jpg,28,7,5.0,9,20,1.0,문자·간판 읽기,9,4,4,3
train,train_0176.jpg,25,6,26.25,30,105,4.5,기타,30,27,25,23
train,train_0177.jpg,45,11,11.5,12,46,3.0,기타,11,12,11,12
train,train_0178.jpg,22,6,6.5,9,26,2.0,문자·간판 읽기,6,9,6,5
train,train_0179.jpg,33,9,8.75,11,35,2.5,메뉴·상품,11,7,10,7
train,train_0180.jpg,24,6,5.75,8,23,1.0,문자·간판 읽기,6,4,8,5
train,train_0181.jpg,34,9,19.5,41,78,4.75,기타,20,41,7,10
train,train_0182.jpg,30,8,3.5,4,14,1.0,기타,3,3,4,4
train,train_0183.jpg,55,12,3.25,4,13,1.0,위치·방향,3,3,3,4
train,train_0184.jpg,31,8,7.0,7,28,1.0,가격·금액,7,7,7,7
train,train_0185.jpg,29,6,9.75,12,39,1.0,전화번호,9,8,10,12
train,train_0186.jpg,40,10,6.25,9,25,1.0,기타,5,9,5,6
train,train_0187.jpg,31,8,6.25,7,25,2.0,문자·간판 읽기,7,7,5,6
train,train_0188.jpg,22,6,7.5,12,30,2.0,메뉴·상품,12,5,7,6
train,train_0189.jpg,37,10,5.75,7,23,1.25,문자·간판 읽기,5,5,6,7
train,train_0190.jpg,38,10,4.25,5,17,1.0,날짜·시간,5,4,4,4
train,train_0191.jpg,28,7,6.5,7,26,1.0,가격·금액,6,7,6,7
train,train_0192.jpg,17,4,6.75,7,27,1.0,가격·금액,7,6,7,7
train,train_0193.jpg,34,8,7.25,9,29,1.0,날짜·시간,8,6,6,9
train,train_0194.jpg,24,6,4.5,5,18,1.0,문자·간판 읽기,4,5,5,4
train,train_0195.jpg,23,6,26.75,41,107,6.5,문자·간판 읽기,20,28,41,18
train,train_0196.jpg,20,5,15.5,17,62,2.0,가격·금액,15,16,17,14
train,train_0197.jpg,22,5,12.5,14,50,2.25,색상,14,14,12,10
train,train_0198.jpg,25,6,5.0,5,20,1.0,기타,5,5,5,5
train,train_0199.jpg,68,17,12.75,17,51,3.5,메뉴·상품,9,17,13,12
train,train_0200.jpg,17,4,5.0,6,20,1.0,문자·간판 읽기,5,4,6,5
train,train_0201.jpg,34,9,20.0,22,80,4.75,기타,22,22,21,15
train,train_0202.jpg,36,9,18.5,19,74,5.0,색상,19,19,18,18
train,train_0203.jpg,33,8,6.0,6,24,1.0,가격·금액,6,6,6,6
train,train_0204.jpg,23,5,8.5,15,34,2.75,기타,5,5,9,15
train,train_0205.jpg,28,7,7.75,11,31,1.25,위치·방향,6,5,11,9
train,train_0206.jpg,16,4,9.0,12,36,3.0,문자·간판 읽기,9,9,12,6
train,train_0207.jpg,34,6,5.0,5,20,1.0,가격·금액,5,5,5,5
train,train_0208.jpg,40,11,22.5,25,90,5.75,문자·간판 읽기,16,25,25,24
train,train_0209.jpg,37,10,6.5,7,26,2.0,메뉴·상품,6,6,7,7
train,train_0210.jpg,34,9,2.5,5,10,1.0,메뉴·상품,2,5,2,1
train,train_0211.jpg,56,12,7.25,8,29,2.0,가격·금액,6,7,8,8
train,train_0212.jpg,59,14,4.0,4,16,1.0,가격·금액,4,4,4,4
train,train_0213.jpg,28,7,13.5,14,54,4.0,가격·금액,13,14,14,13
train,train_0214.jpg,27,7,8.5,13,34,1.5,위치·방향,10,8,13,3
train,train_0215.jpg,32,8,4.0,4,16,1.0,가격·금액,4,4,4,4
train,train_0216.jpg,21,5,3.75,5,15,1.0,기타,4,3,5,3
train,train_0217.jpg,35,9,18.0,18,72,3.0,가격·금액,18,18,18,18
train,train_0218.jpg,36,10,4.0,4,16,2.0,기타,4,4,4,4
train,train_0219.jpg,19,5,7.25,8,29,2.0,문자·간판 읽기,8,7,7,7
train,train_0220.jpg,29,7,12.25,13,49,3.0,문자·간판 읽기,12,12,12,13
train,train_0221.jpg,34,9,10.25,18,41,1.5,문자·간판 읽기,4,18,9,10
train,train_0222.jpg,24,6,23.75,42,95,6.0,문자·간판 읽기,42,18,22,13
train,train_0223.jpg,43,12,3.0,3,12,1.0,기타,3,3,3,3
train,train_0224.jpg,28,7,2.75,4,11,1.0,인물·대상,2,2,4,3
train,train_0225.jpg,24,6,28.0,36,112,4.25,문자·간판 읽기,25,24,27,36
train,train_0226.jpg,22,6,2.5,3,10,1.0,문자·간판 읽기,3,2,2,3
train,train_0227.jpg,24,6,5.25,8,21,1.25,위치·방향,4,8,5,4
train,train_0228.jpg,54,10,3.0,3,12,1.0,색상,3,3,3,3
train,train_0229.jpg,33,5,7.5,9,30,2.25,메뉴·상품,9,6,8,7
train,train_0230.jpg,22,6,5.75,6,23,1.0,문자·간판 읽기,6,6,5,6
train,train_0231.jpg,21,6,13.0,17,52,2.75,문자·간판 읽기,17,13,8,14
train,train_0232.jpg,16,4,6.25,8,25,1.75,문자·간판 읽기,7,8,4,6
train,train_0233.jpg,52,13,13.0,13,52,4.0,기타,13,13,13,13
train,train_0234.jpg,20,5,10.5,11,42,2.0,문자·간판 읽기,11,9,11,11
train,train_0235.jpg,58,13,9.0,9,36,2.0,가격·금액,9,9,9,9
train,train_0236.jpg,41,11,11.5,12,46,3.0,가격·금액,10,12,12,12
train,train_0237.jpg,39,9,6.5,8,26,1.75,기타,6,5,8,7
train,train_0238.jpg,23,6,9.75,12,39,3.0,문자·간판 읽기,11,12,10,6
train,train_0239.jpg,19,5,11.75,14,47,3.25,위치·방향,14,10,9,14
train,train_0240.jpg,23,6,10.5,17,42,2.25,문자·간판 읽기,12,17,9,4
train,train_0241.jpg,39,7,22.0,22,88,5.0,날짜·시간,22,22,22,22
train,train_0242.jpg,33,7,2.25,3,9,1.0,메뉴·상품,2,2,2,3
train,train_0243.jpg,19,4,10.0,13,40,1.0,전화번호,8,11,13,8
train,train_0244.jpg,22,6,5.0,7,20,1.5,기타,4,7,6,3
train,train_0245.jpg,29,8,11.0,21,44,2.5,색상,10,4,21,9
train,train_0246.jpg,29,7,4.75,8,19,1.5,문자·간판 읽기,8,6,3,2
train,train_0247.jpg,42,8,16.0,20,64,3.0,가격·금액,18,11,15,20
train,train_0248.jpg,26,6,9.0,13,36,2.5,기타,13,6,11,6
train,train_0249.jpg,21,5,4.0,4,16,1.0,가격·금액,4,4,4,4
train,train_0250.jpg,22,5,11.5,13,46,1.0,전화번호,12,8,13,13
train,train_0251.jpg,23,6,4.0,4,16,1.0,메뉴·상품,4,4,4,4
train,train_0252.jpg,35,9,11.0,11,44,1.0,날짜·시간,11,11,11,11
train,train_0253.jpg,37,9,34.25,51,137,6.25,기타,28,26,32,51
train,train_0254.jpg,26,7,6.0,8,24,2.0,문자·간판 읽기,5,8,4,7
train,train_0255.jpg,24,6,6.75,8,27,2.25,문자·간판 읽기,6,6,8,7
train,train_0256.jpg,28,7,4.0,5,16,1.0,문자·간판 읽기,2,5,5,4
train,train_0257.jpg,21,6,29.0,31,116,5.5,문자·간판 읽기,28,27,31,30
train,train_0258.jpg,35,10,28.25,46,113,7.0,위치·방향,16,46,32,19
train,train_0259.jpg,31,7,6.5,7,26,1.0,가격·금액,7,7,6,6
train,train_0260.jpg,30,7,7.0,8,28,2.0,위치·방향,6,6,8,8
train,train_0261.jpg,53,12,5.75,7,23,1.0,위치·방향,7,5,6,5
train,train_0262.jpg,27,7,5.75,6,23,1.0,위치·방향,6,5,6,6
train,train_0263.jpg,15,4,12.0,12,48,3.0,가격·금액,12,12,12,12
train,train_0264.jpg,35,9,10.75,11,43,2.0,메뉴·상품,10,11,11,11
train,train_0265.jpg,53,14,10.0,11,40,2.5,문자·간판 읽기,11,10,10,9
train,train_0266.jpg,31,9,5.75,7,23,1.0,위치·방향,7,5,5,6
train,train_0267.jpg,42,10,19.5,22,78,5.5,날짜·시간,17,22,18,21
train,train_0268.jpg,24,6,7.0,8,28,2.0,문자·간판 읽기,7,7,8,6
train,train_0269.jpg,31,8,6.25,8,25,1.0,문자·간판 읽기,7,5,5,8
train,train_0270.jpg,40,11,16.75,26,67,4.0,기타,26,11,15,15
train,train_0271.jpg,27,6,6.75,10,27,1.25,위치·방향,10,5,6,6
train,train_0272.jpg,39,9,18.75,25,75,4.25,기타,18,18,25,14
train,train_0273.jpg,35,10,4.0,4,16,1.0,가격·금액,4,4,4,4
train,train_0274.jpg,32,7,7.0,10,28,1.5,날짜·시간,10,4,10,4
train,train_0275.jpg,37,9,6.75,7,27,1.0,가격·금액,7,7,7,6
train,train_0276.jpg,26,7,24.0,26,96,4.0,문자·간판 읽기,26,24,24,22
train,train_0277.jpg,17,4,13.0,19,52,1.25,문자·간판 읽기,12,10,19,11
train,train_0278.jpg,39,9,3.25,4,13,1.0,가격·금액,4,3,3,3
train,train_0279.jpg,27,7,4.0,4,16,1.0,문자·간판 읽기,4,4,4,4
train,train_0280.jpg,20,5,3.0,3,12,1.0,가격·금액,3,3,3,3
train,train_0281.jpg,43,9,9.0,15,36,2.25,위치·방향,7,6,8,15
train,train_0282.jpg,26,5,3.0,3,12,1.0,가격·금액,3,3,3,3
train,train_0283.jpg,25,7,6.0,6,24,1.0,기타,6,6,6,6
train,train_0284.jpg,47,11,10.75,13,43,1.0,전화번호,13,9,9,12
train,train_0285.jpg,30,8,3.25,4,13,1.0,문자·간판 읽기,4,3,2,4
train,train_0286.jpg,34,9,2.75,4,11,1.0,문자·간판 읽기,3,2,4,2
train,train_0287.jpg,33,8,18.0,24,72,3.75,메뉴·상품,24,14,17,17
train,train_0288.jpg,23,5,4.5,6,18,1.25,색상,4,4,6,4
train,train_0289.jpg,33,9,13.0,19,52,3.0,색상,19,11,10,12
train,train_0290.jpg,21,6,13.25,17,53,2.5,위치·방향,9,15,17,12
train,train_0291.jpg,28,6,3.0,3,12,1.0,가격·금액,3,3,3,3
train,train_0292.jpg,41,10,14.5,16,58,3.0,위치·방향,14,16,16,12
train,train_0293.jpg,31,7,2.0,2,8,1.0,기타,2,2,2,2
train,train_0294.jpg,32,8,5.75,7,23,1.0,기타,6,5,5,7
train,train_0295.jpg,39,10,9.75,15,39,3.0,기타,10,15,5,9
train,train_0296.jpg,27,7,15.0,15,60,2.0,메뉴·상품,15,15,15,15
train,train_0297.jpg,30,7,2.25,3,9,1.0,수량·계수,2,2,2,3
train,train_0298.jpg,49,13,21.0,28,84,5.5,색상,19,28,17,20
train,train_0299.jpg,45,12,14.0,15,56,4.25,인물·대상,15,14,14,13
train,train_0300.jpg,26,7,5.5,9,22,1.5,문자·간판 읽기,5,9,4,4
train,train_0301.jpg,25,6,4.0,4,16,1.0,가격·금액,4,4,4,4
train,train_0302.jpg,23,6,5.75,8,23,1.0,문자·간판 읽기,5,8,6,4
train,train_0303.jpg,25,7,3.0,3,12,1.0,가격·금액,3,3,3,3
train,train_0304.jpg,34,7,13.0,23,52,3.0,전화번호,8,3,23,18
train,train_0305.jpg,24,7,14.0,16,56,2.5,문자·간판 읽기,14,15,11,16
train,train_0306.jpg,29,8,16.25,18,65,4.5,문자·간판 읽기,16,14,18,17
train,train_0307.jpg,25,7,7.0,7,28,1.0,가격·금액,7,7,7,7
train,train_0308.jpg,43,11,13.0,15,52,4.25,문자·간판 읽기,9,15,13,15
train,train_0309.jpg,40,11,3.0,4,12,1.0,문자·간판 읽기,3,2,4,3
train,train_0310.jpg,24,6,11.5,15,46,4.25,기타,15,14,12,5
train,train_0311.jpg,27,7,8.0,9,32,2.0,문자·간판 읽기,9,7,7,9
train,train_0312.jpg,83,14,47.5,57,190,7.75,날짜·시간,51,36,46,57
train,train_0313.jpg,29,7,4.0,4,16,1.0,문자·간판 읽기,4,4,4,4
train,train_0314.jpg,35,7,11.75,17,47,3.25,문자·간판 읽기,8,9,17,13
train,train_0315.jpg,22,5,9.25,10,37,3.0,문자·간판 읽기,9,10,9,9
train,train_0316.jpg,62,15,12.5,23,50,3.5,문자·간판 읽기,10,7,10,23
train,train_0317.jpg,28,7,7.5,12,30,2.0,위치·방향,6,5,12,7
train,train_0318.jpg,25,6,3.0,4,12,1.0,문자·간판 읽기,4,3,3,2
train,train_0319.jpg,16,4,6.0,11,24,1.25,문자·간판 읽기,6,11,4,3
train,train_0320.jpg,22,6,7.5,9,30,2.25,문자·간판 읽기,7,6,9,8
train,train_0321.jpg,21,6,10.75,17,43,4.0,문자·간판 읽기,9,9,8,17
train,train_0322.jpg,23,6,7.5,13,30,2.0,위치·방향,13,8,3,6
train,train_0323.jpg,44,9,4.0,4,16,1.0,가격·금액,4,4,4,4
train,train_0324.jpg,26,7,10.75,14,43,3.0,위치·방향,14,12,8,9
train,train_0325.jpg,27,7,4.0,6,16,1.25,문자·간판 읽기,6,4,3,3
train,train_0326.jpg,42,9,23.0,23,92,3.0,날짜·시간,23,23,23,23
train,train_0327.jpg,46,13,5.75,6,23,2.0,기타,6,5,6,6
train,train_0328.jpg,32,9,10.0,11,40,2.0,색상,11,10,9,10
train,train_0329.jpg,37,10,9.75,12,39,2.5,기타,9,9,12,9
train,train_0330.jpg,40,8,2.25,3,9,1.0,위치·방향,2,3,2,2
train,train_0331.jpg,16,4,8.0,8,32,2.0,문자·간판 읽기,8,8,8,8
train,train_0332.jpg,34,10,8.0,8,32,2.75,문자·간판 읽기,8,8,8,8
train,train_0333.jpg,27,8,21.0,21,84,4.0,문자·간판 읽기,21,21,21,21
train,train_0334.jpg,33,8,8.0,16,32,2.25,색상,7,4,5,16
train,train_0335.jpg,30,7,4.75,5,19,1.0,가격·금액,5,5,5,4
train,train_0336.jpg,31,8,8.5,11,34,1.75,문자·간판 읽기,9,7,11,7
train,train_0337.jpg,23,6,3.25,4,13,1.0,문자·간판 읽기,3,4,3,3
train,train_0338.jpg,22,6,4.5,5,18,1.0,문자·간판 읽기,4,5,4,5
train,train_0339.jpg,51,10,33.25,34,133,8.0,날짜·시간,33,33,33,34
train,train_0340.jpg,22,5,5.0,5,20,1.0,색상,5,5,5,5
train,train_0341.jpg,35,9,8.0,9,32,2.75,전화번호,9,5,9,9
train,train_0342.jpg,20,5,5.0,5,20,1.0,가격·금액,5,5,5,5
train,train_0343.jpg,26,6,5.0,5,20,2.0,위치·방향,5,5,5,5
train,train_0344.jpg,25,7,10.0,10,40,2.0,문자·간판 읽기,10,10,10,10
train,train_0345.jpg,43,10,22.25,24,89,5.75,가격·금액,22,21,24,22
train,train_0346.jpg,27,7,11.5,13,46,3.0,문자·간판 읽기,10,13,11,12
train,train_0347.jpg,25,5,2.5,3,10,1.0,위치·방향,3,2,3,2
train,train_0348.jpg,58,16,6.0,6,24,2.0,가격·금액,6,6,6,6
train,train_0349.jpg,29,6,8.75,10,35,2.0,메뉴·상품,7,10,10,8
train,train_0350.jpg,16,4,3.75,5,15,1.0,문자·간판 읽기,5,4,3,3
train,train_0351.jpg,16,4,6.0,6,24,1.0,가격·금액,6,6,6,6
train,train_0352.jpg,34,9,4.25,5,17,1.0,문자·간판 읽기,4,5,5,3
train,train_0353.jpg,23,5,13.0,13,52,1.0,전화번호,13,13,13,13
train,train_0354.jpg,43,10,2.0,2,8,1.0,위치·방향,2,2,2,2
train,train_0355.jpg,16,4,10.75,12,43,2.0,문자·간판 읽기,11,9,11,12
train,train_0356.jpg,47,12,6.75,7,27,2.0,인물·대상,7,6,7,7
train,train_0357.jpg,19,4,9.5,11,38,2.75,문자·간판 읽기,11,7,10,10
train,train_0358.jpg,46,12,2.25,3,9,1.0,문자·간판 읽기,2,3,2,2
train,train_0359.jpg,40,9,6.0,11,24,2.5,기타,11,5,4,4
train,train_0360.jpg,32,7,6.0,6,24,2.0,문자·간판 읽기,6,6,6,6
train,train_0361.jpg,16,4,15.25,18,61,4.25,문자·간판 읽기,16,14,13,18
train,train_0362.jpg,24,6,7.75,8,31,1.0,문자·간판 읽기,8,8,7,8
train,train_0363.jpg,30,8,6.0,6,24,2.0,전화번호,6,6,6,6
train,train_0364.jpg,27,7,8.75,9,35,3.0,가격·금액,9,9,8,9
train,train_0365.jpg,59,16,22.75,25,91,5.5,기타,19,23,25,24
train,train_0366.jpg,36,9,3.75,4,15,1.0,가격·금액,4,4,4,3
train,train_0367.jpg,17,4,3.75,4,15,1.0,메뉴·상품,4,4,3,4
train,train_0368.jpg,24,6,6.5,8,26,1.5,위치·방향,3,8,8,7
train,train_0369.jpg,24,5,13.75,14,55,3.0,가격·금액,14,14,14,13
train,train_0370.jpg,16,4,8.5,14,34,1.25,문자·간판 읽기,14,7,8,5
train,train_0371.jpg,29,8,17.5,20,70,2.75,메뉴·상품,15,17,20,18
train,train_0372.jpg,41,12,7.0,10,28,2.5,위치·방향,5,5,10,8
train,train_0373.jpg,28,8,3.0,4,12,1.0,색상,2,3,4,3
train,train_0374.jpg,33,8,12.5,13,50,3.0,기타,13,12,13,12
train,train_0375.jpg,21,5,36.75,39,147,5.25,메뉴·상품,37,32,39,39
train,train_0376.jpg,30,8,4.0,4,16,1.0,가격·금액,4,4,4,4
train,train_0377.jpg,34,9,3.0,4,12,1.0,문자·간판 읽기,2,4,3,3
train,train_0378.jpg,17,4,11.0,13,44,2.5,문자·간판 읽기,9,13,12,10
train,train_0379.jpg,15,4,9.25,12,37,2.5,기타,12,8,7,10
train,train_0380.jpg,17,4,4.5,8,18,1.5,문자·간판 읽기,2,5,8,3
train,train_0381.jpg,29,8,6.75,9,27,1.0,위치·방향,5,7,9,6
train,train_0382.jpg,26,6,15.5,17,62,3.0,문자·간판 읽기,15,15,15,17
train,train_0383.jpg,35,10,8.25,11,33,1.25,기타,6,11,7,9
train,train_0384.jpg,57,10,20.25,21,81,6.0,날짜·시간,20,20,20,21
train,train_0385.jpg,19,5,9.75,16,39,2.0,문자·간판 읽기,6,16,8,9
train,train_0386.jpg,32,8,4.0,5,16,1.0,색상,5,2,5,4
train,train_0387.jpg,24,5,17.0,19,68,3.0,문자·간판 읽기,16,19,17,16
train,train_0388.jpg,57,16,6.5,11,26,1.5,문자·간판 읽기,8,3,4,11
train,train_0389.jpg,23,6,11.5,13,46,2.0,문자·간판 읽기,13,10,12,11
train,train_0390.jpg,16,4,5.25,6,21,2.0,문자·간판 읽기,6,5,5,5
train,train_0391.jpg,34,9,6.0,6,24,1.0,가격·금액,6,6,6,6
train,train_0392.jpg,26,7,5.75,6,23,2.0,날짜·시간,6,5,6,6
train,train_0393.jpg,30,9,4.0,4,16,1.0,가격·금액,4,4,4,4
train,train_0394.jpg,43,11,19.25,22,77,5.0,메뉴·상품,18,18,19,22
train,train_0395.jpg,27,8,3.0,3,12,1.0,문자·간판 읽기,3,3,3,3
train,train_0396.jpg,27,7,10.5,19,42,1.5,문자·간판 읽기,19,5,13,5
train,train_0397.jpg,27,8,8.0,13,32,2.5,메뉴·상품,13,7,8,4
train,train_0398.jpg,34,9,8.25,11,33,2.0,기타,10,8,11,4
train,train_0399.jpg,27,8,10.75,11,43,2.0,문자·간판 읽기,11,10,11,11
train,train_0400.jpg,18,5,4.75,6,19,1.0,문자·간판 읽기,6,5,4,4
train,train_0401.jpg,43,11,12.25,13,49,2.0,인물·대상,13,12,12,12
train,train_0402.jpg,18,4,10.25,14,41,1.0,기타,10,8,14,9
train,train_0403.jpg,37,9,17.25,26,69,3.75,위치·방향,15,17,26,11
train,train_0404.jpg,15,4,3.25,4,13,1.0,기타,3,4,3,3
train,train_0405.jpg,52,12,17.25,21,69,3.25,가격·금액,18,12,18,21
train,train_0406.jpg,40,10,33.0,50,132,5.75,문자·간판 읽기,24,25,33,50
train,train_0407.jpg,62,12,24.5,36,98,3.0,메뉴·상품,36,25,17,20
train,train_0408.jpg,24,6,5.75,9,23,1.25,문자·간판 읽기,9,4,6,4
train,train_0409.jpg,26,7,2.5,3,10,1.0,기타,3,2,2,3
train,train_0410.jpg,23,6,4.5,7,18,1.0,메뉴·상품,7,4,2,5
train,train_0411.jpg,29,8,11.5,12,46,2.0,문자·간판 읽기,12,10,12,12
train,train_0412.jpg,36,7,28.75,31,115,4.75,기타,31,30,29,25
train,train_0413.jpg,34,7,12.75,13,51,1.0,전화번호,13,13,13,12
train,train_0414.jpg,33,7,12.25,20,49,3.0,메뉴·상품,8,10,20,11
train,train_0415.jpg,37,9,10.0,10,40,1.0,전화번호,10,10,10,10
train,train_0416.jpg,39,10,3.75,6,15,1.25,문자·간판 읽기,3,3,6,3
train,train_0417.jpg,37,7,6.0,6,24,1.0,가격·금액,6,6,6,6
train,train_0418.jpg,25,6,4.5,5,18,2.0,문자·간판 읽기,4,5,4,5
train,train_0419.jpg,35,8,2.25,3,9,1.0,위치·방향,2,3,2,2
train,train_0420.jpg,22,6,4.0,4,16,1.0,날짜·시간,4,4,4,4
train,train_0421.jpg,25,7,12.0,14,48,2.0,문자·간판 읽기,12,11,11,14
train,train_0422.jpg,31,8,10.75,16,43,2.5,메뉴·상품,16,10,8,9
train,train_0423.jpg,37,8,13.0,13,52,2.0,전화번호,13,13,13,13
train,train_0424.jpg,26,7,6.0,6,24,2.0,문자·간판 읽기,6,6,6,6
train,train_0425.jpg,32,9,9.0,9,36,3.0,기타,9,9,9,9
train,train_0426.jpg,24,6,4.5,5,18,1.0,문자·간판 읽기,5,4,5,4
train,train_0427.jpg,16,4,12.0,14,48,2.25,문자·간판 읽기,7,13,14,14
train,train_0428.jpg,29,8,11.0,14,44,3.25,메뉴·상품,10,14,10,10
train,train_0429.jpg,44,10,24.0,25,96,6.0,위치·방향,25,23,25,23
train,train_0430.jpg,38,9,4.25,6,17,1.0,기타,4,4,3,6
train,train_0431.jpg,34,9,5.0,5,20,1.0,전화번호,5,5,5,5
train,train_0432.jpg,31,8,18.75,23,75,3.0,문자·간판 읽기,20,23,17,15
train,train_0433.jpg,39,11,6.0,9,24,2.25,문자·간판 읽기,9,5,5,5
train,train_0434.jpg,23,6,6.75,9,27,1.75,문자·간판 읽기,7,7,4,9
train,train_0435.jpg,38,9,10.25,15,41,2.75,날짜·시간,10,12,15,4
train,train_0436.jpg,35,9,6.0,6,24,1.0,가격·금액,6,6,6,6
train,train_0437.jpg,22,6,6.25,7,25,2.0,문자·간판 읽기,6,7,5,7
train,train_0438.jpg,36,8,7.25,16,29,1.75,가격·금액,5,4,16,4
train,train_0439.jpg,24,6,5.0,5,20,1.0,가격·금액,5,5,5,5
train,train_0440.jpg,26,7,4.5,6,18,1.25,메뉴·상품,6,3,4,5
train,train_0441.jpg,55,15,4.0,4,16,2.0,기타,4,4,4,4
train,train_0442.jpg,23,6,5.75,6,23,1.0,문자·간판 읽기,6,6,6,5
train,train_0443.jpg,27,7,6.25,13,25,1.25,색상,4,4,4,13
train,train_0444.jpg,17,4,3.75,5,15,1.0,메뉴·상품,3,4,3,5
train,train_0445.jpg,26,6,8.25,9,33,2.0,메뉴·상품,7,9,9,8
train,train_0446.jpg,45,11,20.25,29,81,5.5,기타,29,18,17,17
train,train_0447.jpg,27,7,6.25,8,25,1.75,위치·방향,6,7,4,8
train,train_0448.jpg,36,9,1.75,2,7,1.0,기타,2,2,1,2
train,train_0449.jpg,30,8,18.25,26,73,4.5,문자·간판 읽기,26,15,19,13
train,train_0450.jpg,31,7,10.0,13,40,1.0,전화번호,13,8,8,11
train,train_0451.jpg,31,8,11.0,13,44,2.5,문자·간판 읽기,9,13,13,9
train,train_0452.jpg,31,7,4.75,5,19,1.0,가격·금액,4,5,5,5
train,train_0453.jpg,42,8,16.0,21,64,4.25,기타,21,15,11,17
train,train_0454.jpg,37,9,6.0,6,24,1.0,가격·금액,6,6,6,6
train,train_0455.jpg,47,9,2.75,3,11,1.0,기타,2,3,3,3
train,train_0456.jpg,37,10,7.0,7,28,1.0,가격·금액,7,7,7,7
train,train_0457.jpg,46,11,16.0,16,64,3.0,문자·간판 읽기,16,16,16,16
train,train_0458.jpg,26,6,11.0,13,44,1.0,전화번호,13,9,12,10
train,train_0459.jpg,35,7,5.0,8,20,1.5,기타,3,6,3,8
train,train_0460.jpg,27,7,5.5,7,22,1.0,문자·간판 읽기,6,5,4,7
train,train_0461.jpg,38,10,14.25,18,57,2.25,문자·간판 읽기,13,18,13,13
train,train_0462.jpg,47,13,6.0,6,24,2.0,가격·금액,6,6,6,6
train,train_0463.jpg,39,8,2.5,3,10,1.0,위치·방향,3,2,3,2
train,train_0464.jpg,27,6,13.25,26,53,3.5,메뉴·상품,10,26,11,6
train,train_0465.jpg,28,7,3.5,4,14,1.0,메뉴·상품,4,4,3,3
train,train_0466.jpg,52,11,10.75,14,43,4.25,기타,14,10,10,9
train,train_0467.jpg,40,11,5.75,6,23,1.0,색상,6,6,5,6
train,train_0468.jpg,52,12,14.75,22,59,4.0,기타,12,12,13,22
train,train_0469.jpg,43,13,12.25,14,49,3.5,문자·간판 읽기,11,14,10,14
train,train_0470.jpg,36,9,5.0,5,20,1.0,날짜·시간,5,5,5,5
train,train_0471.jpg,31,8,2.0,2,8,1.0,가격·금액,2,2,2,2
train,train_0472.jpg,48,11,12.25,16,49,4.25,문자·간판 읽기,10,11,12,16
train,train_0473.jpg,27,7,5.0,5,20,2.0,전화번호,5,5,5,5
train,train_0474.jpg,19,4,10.0,10,40,2.0,기타,10,10,10,10
train,train_0475.jpg,26,7,6.0,6,24,1.0,가격·금액,6,6,6,6
train,train_0476.jpg,35,10,7.0,12,28,1.5,위치·방향,12,7,6,3
train,train_0477.jpg,26,7,3.75,5,15,1.25,메뉴·상품,3,3,4,5
train,train_0478.jpg,15,4,10.75,13,43,2.75,기타,13,9,10,11
train,train_0479.jpg,29,7,6.0,6,24,2.0,기타,6,6,6,6
train,train_0480.jpg,48,12,5.5,7,22,1.75,기타,7,5,3,7
train,train_0481.jpg,16,4,6.25,8,25,1.0,문자·간판 읽기,6,8,5,6
train,train_0482.jpg,56,13,14.5,21,58,3.75,기타,8,21,14,15
train,train_0483.jpg,17,4,6.0,12,24,1.25,문자·간판 읽기,12,3,5,4
train,train_0484.jpg,32,9,3.0,3,12,1.0,전화번호,3,3,3,3
train,train_0485.jpg,28,5,6.75,7,27,1.0,가격·금액,7,7,6,7
train,train_0486.jpg,19,4,10.0,12,40,1.0,전화번호,12,12,8,8
train,train_0487.jpg,36,8,9.0,9,36,1.0,전화번호,9,9,9,9
train,train_0488.jpg,24,7,15.75,18,63,5.25,문자·간판 읽기,15,15,15,18
train,train_0489.jpg,25,6,12.25,14,49,5.25,기타,14,11,13,11
train,train_0490.jpg,33,10,8.25,10,33,1.75,문자·간판 읽기,10,9,5,9
train,train_0491.jpg,31,7,7.75,12,31,2.75,문자·간판 읽기,12,6,5,8
train,train_0492.jpg,41,9,27.0,27,108,4.0,날짜·시간,27,27,27,27
train,train_0493.jpg,27,7,6.25,12,25,1.75,문자·간판 읽기,4,12,3,6
train,train_0494.jpg,35,10,4.5,7,18,1.0,문자·간판 읽기,4,7,2,5
train,train_0495.jpg,37,10,4.0,4,16,1.0,가격·금액,4,4,4,4
train,train_0496.jpg,45,11,8.0,12,32,2.5,위치·방향,9,12,6,5
train,train_0497.jpg,35,8,8.0,8,32,1.0,전화번호,8,8,8,8
train,train_0498.jpg,51,10,28.75,30,115,4.0,수량·계수,30,29,29,27
train,train_0499.jpg,42,10,17.5,18,70,4.0,문자·간판 읽기,18,18,17,17
train,train_0500.jpg,21,6,3.25,4,13,1.0,문자·간판 읽기,2,4,3,4
train,train_0501.jpg,26,7,14.75,19,59,2.0,기타,8,19,17,15
train,train_0502.jpg,25,6,6.0,6,24,2.0,날짜·시간,6,6,6,6
train,train_0503.jpg,26,7,3.0,3,12,1.0,위치·방향,3,3,3,3
train,train_0504.jpg,16,4,4.0,4,16,1.0,문자·간판 읽기,4,4,4,4
train,train_0505.jpg,30,7,3.5,4,14,1.0,기타,4,4,3,3
train,train_0506.jpg,33,8,22.25,32,89,4.0,위치·방향,22,16,19,32
train,train_0507.jpg,29,8,6.5,9,26,2.0,기타,5,5,7,9
train,train_0508.jpg,41,9,12.0,16,48,2.75,가격·금액,9,16,10,13
train,train_0509.jpg,37,8,17.0,17,68,4.0,가격·금액,17,17,17,17
train,train_0510.jpg,24,6,11.0,11,44,2.0,문자·간판 읽기,11,11,11,11
train,train_0511.jpg,24,6,8.0,8,32,1.0,전화번호,8,8,8,8
train,train_0512.jpg,29,5,6.0,6,24,1.0,가격·금액,6,6,6,6
train,train_0513.jpg,31,7,23.0,28,92,6.25,기타,28,21,22,21
train,train_0514.jpg,24,7,3.75,4,15,1.0,위치·방향,4,4,3,4
train,train_0515.jpg,21,5,9.5,11,38,3.0,문자·간판 읽기,8,10,9,11
train,train_0516.jpg,35,5,15.0,15,60,2.0,날짜·시간,15,15,15,15
train,train_0517.jpg,26,6,4.0,4,16,1.0,기타,4,4,4,4
train,train_0518.jpg,29,6,19.75,20,79,4.0,기타,20,20,19,20
train,train_0519.jpg,16,4,13.0,17,52,2.25,문자·간판 읽기,10,12,13,17
train,train_0520.jpg,19,5,4.25,8,17,1.0,전화번호,3,8,4,2
train,train_0521.jpg,17,4,3.75,4,15,1.0,문자·간판 읽기,4,4,3,4
train,train_0522.jpg,26,7,6.0,11,24,1.5,문자·간판 읽기,5,4,4,11
train,train_0523.jpg,28,7,6.0,6,24,2.0,문자·간판 읽기,6,6,6,6
train,train_0524.jpg,45,11,5.75,6,23,2.0,기타,6,5,6,6
train,train_0525.jpg,33,8,5.0,6,20,2.0,위치·방향,6,4,5,5
train,train_0526.jpg,34,9,9.75,18,39,1.75,기타,18,9,5,7
train,train_0527.jpg,23,6,10.75,12,43,2.25,문자·간판 읽기,12,9,10,12
train,train_0528.jpg,29,8,30.25,31,121,6.0,색상,29,31,31,30
train,train_0529.jpg,39,8,9.75,10,39,2.0,메뉴·상품,10,10,9,10
train,train_0530.jpg,32,8,9.25,11,37,2.25,문자·간판 읽기,7,10,9,11
train,train_0531.jpg,17,4,6.25,7,25,1.75,문자·간판 읽기,7,6,7,5
train,train_0532.jpg,61,15,7.0,7,28,2.0,날짜·시간,7,7,7,7
train,train_0533.jpg,72,17,22.25,25,89,5.5,문자·간판 읽기,16,25,24,24
train,train_0534.jpg,26,6,11.5,14,46,1.75,문자·간판 읽기,14,11,10,11
train,train_0535.jpg,32,7,3.75,4,15,1.0,가격·금액,4,4,4,3
train,train_0536.jpg,45,11,3.25,4,13,1.0,가격·금액,4,3,3,3
train,train_0537.jpg,30,8,9.75,12,39,2.75,색상,8,10,9,12
train,train_0538.jpg,38,10,4.5,8,18,1.25,문자·간판 읽기,8,3,4,3
train,train_0539.jpg,39,11,8.75,10,35,2.5,문자·간판 읽기,9,8,10,8
train,train_0540.jpg,27,8,5.0,5,20,2.0,날짜·시간,5,5,5,5
train,train_0541.jpg,23,5,12.25,14,49,2.0,문자·간판 읽기,12,14,11,12
train,train_0542.jpg,16,4,3.5,6,14,1.25,문자·간판 읽기,3,6,3,2
train,train_0543.jpg,28,6,6.0,6,24,1.0,가격·금액,6,6,6,6
train,train_0544.jpg,38,8,11.25,13,45,3.0,문자·간판 읽기,10,13,10,12
train,train_0545.jpg,30,7,17.0,17,68,4.0,가격·금액,17,17,17,17
train,train_0546.jpg,22,6,6.25,8,25,2.25,문자·간판 읽기,5,8,6,6
train,train_0547.jpg,27,8,3.25,4,13,1.0,메뉴·상품,4,3,2,4
train,train_0548.jpg,27,7,9.75,10,39,2.0,문자·간판 읽기,10,9,10,10
train,train_0549.jpg,12,3,8.75,17,35,2.75,위치·방향,6,5,17,7
train,train_0550.jpg,24,6,4.0,7,16,1.25,인물·대상,3,3,3,7
train,train_0551.jpg,24,6,12.0,14,48,3.5,문자·간판 읽기,9,14,13,12
train,train_0552.jpg,23,6,12.25,15,49,2.0,문자·간판 읽기,15,12,9,13
train,train_0553.jpg,33,7,7.75,10,31,1.75,기타,10,9,5,7
train,train_0554.jpg,26,6,6.0,6,24,1.0,가격·금액,6,6,6,6
train,train_0555.jpg,23,5,10.0,12,40,1.0,전화번호,10,7,11,12
train,train_0556.jpg,26,7,6.75,7,27,2.0,가격·금액,7,6,7,7
train,train_0557.jpg,33,9,7.0,12,28,1.5,위치·방향,12,5,5,6
train,train_0558.jpg,27,6,6.75,8,27,2.75,위치·방향,7,7,8,5
train,train_0559.jpg,36,11,8.25,12,33,2.25,문자·간판 읽기,12,5,8,8
train,train_0560.jpg,41,11,4.0,5,16,1.0,기타,5,4,3,4
train,train_0561.jpg,43,10,2.5,3,10,1.0,위치·방향,2,3,3,2
train,train_0562.jpg,32,6,7.0,7,28,1.0,가격·금액,7,7,7,7
train,train_0563.jpg,31,8,4.25,6,17,1.0,기타,3,4,4,6
train,train_0564.jpg,20,6,4.5,7,18,1.25,문자·간판 읽기,4,4,3,7
train,train_0565.jpg,33,9,10.5,12,42,2.0,문자·간판 읽기,12,11,11,8
train,train_0566.jpg,32,7,8.5,14,34,2.0,위치·방향,7,6,14,7
train,train_0567.jpg,16,4,4.25,7,17,1.0,문자·간판 읽기,3,7,3,4
train,train_0568.jpg,36,9,7.0,8,28,2.0,문자·간판 읽기,6,8,7,7
train,train_0569.jpg,23,6,4.0,4,16,1.0,문자·간판 읽기,4,4,4,4
train,train_0570.jpg,33,8,3.0,3,12,1.0,인물·대상,3,3,3,3
train,train_0571.jpg,35,9,10.0,11,40,1.5,문자·간판 읽기,8,10,11,11
train,train_0572.jpg,46,12,20.5,26,82,5.75,문자·간판 읽기,19,26,18,19
train,train_0573.jpg,21,5,11.5,15,46,3.0,색상,10,15,10,11
train,train_0574.jpg,23,5,5.0,5,20,2.0,날짜·시간,5,5,5,5
train,train_0575.jpg,18,4,15.75,16,63,4.0,위치·방향,15,16,16,16
train,train_0576.jpg,39,9,8.0,8,32,2.0,가격·금액,8,8,8,8
train,train_0577.jpg,30,8,6.75,9,27,2.0,위치·방향,9,6,6,6
train,train_0578.jpg,48,12,8.0,13,32,1.25,문자·간판 읽기,5,6,8,13
train,train_0579.jpg,28,5,6.0,8,24,1.0,전화번호,8,6,4,6
train,train_0580.jpg,26,7,3.25,6,13,1.25,기타,2,6,3,2
train,train_0581.jpg,26,6,19.5,24,78,4.25,문자·간판 읽기,24,19,19,16
train,train_0582.jpg,27,8,14.5,17,58,4.0,문자·간판 읽기,17,11,14,16
train,train_0583.jpg,40,11,20.25,25,81,5.25,문자·간판 읽기,19,21,16,25
train,train_0584.jpg,33,6,9.0,9,36,3.0,날짜·시간,9,9,9,9
train,train_0585.jpg,21,5,8.0,11,32,1.25,기타,7,7,11,7
train,train_0586.jpg,21,5,12.25,13,49,3.25,문자·간판 읽기,12,13,12,12
train,train_0587.jpg,17,4,3.25,4,13,1.0,문자·간판 읽기,4,3,3,3
train,train_0588.jpg,35,10,7.0,7,28,2.0,가격·금액,7,7,7,7
train,train_0589.jpg,45,12,4.0,4,16,1.0,기타,4,4,4,4
train,train_0590.jpg,35,9,10.0,12,40,2.75,기타,10,10,12,8
train,train_0591.jpg,35,10,5.0,8,20,1.0,문자·간판 읽기,8,5,4,3
train,train_0592.jpg,34,7,9.5,14,38,1.5,문자·간판 읽기,8,5,11,14
train,train_0593.jpg,47,12,12.75,13,51,1.0,전화번호,12,13,13,13
train,train_0594.jpg,23,5,16.0,16,64,4.0,위치·방향,16,16,16,16
train,train_0595.jpg,28,7,4.5,7,18,1.25,메뉴·상품,7,3,3,5
train,train_0596.jpg,18,4,9.0,12,36,1.0,전화번호,8,12,8,8
train,train_0597.jpg,31,7,4.75,5,19,1.0,기타,5,4,5,5
train,train_0598.jpg,31,7,2.0,2,8,1.0,전화번호,2,2,2,2
train,train_0599.jpg,27,6,9.25,11,37,2.75,문자·간판 읽기,10,9,7,11
train,train_0600.jpg,25,5,6.0,6,24,1.0,가격·금액,6,6,6,6
train,train_0601.jpg,43,10,10.75,19,43,1.5,전화번호,8,8,8,19
train,train_0602.jpg,16,4,6.0,6,24,1.0,가격·금액,6,6,6,6
train,train_0603.jpg,43,12,19.75,21,79,4.0,문자·간판 읽기,21,19,20,19
train,train_0604.jpg,32,6,5.25,6,21,2.0,메뉴·상품,5,5,5,6
train,train_0605.jpg,28,8,5.5,7,22,1.0,문자·간판 읽기,6,5,7,4
train,train_0606.jpg,27,7,7.5,11,30,1.75,위치·방향,11,7,9,3
train,train_0607.jpg,34,9,8.5,9,34,2.0,날짜·시간,9,9,8,8
train,train_0608.jpg,26,7,4.75,6,19,1.75,문자·간판 읽기,5,5,3,6
train,train_0609.jpg,28,6,17.25,22,69,6.0,날짜·시간,9,20,22,18
train,train_0610.jpg,34,9,6.0,10,24,1.0,문자·간판 읽기,10,6,4,4
train,train_0611.jpg,31,8,5.5,8,22,1.0,문자·간판 읽기,8,2,8,4
train,train_0612.jpg,16,4,6.0,7,24,2.0,문자·간판 읽기,7,5,6,6
train,train_0613.jpg,24,6,3.75,5,15,1.0,기타,3,3,5,4
train,train_0614.jpg,16,4,8.25,10,33,2.5,문자·간판 읽기,8,9,6,10
train,train_0615.jpg,29,8,6.25,8,25,2.0,인물·대상,6,8,5,6
train,train_0616.jpg,28,6,17.25,21,69,3.75,메뉴·상품,16,18,14,21
train,train_0617.jpg,52,14,4.75,7,19,1.0,위치·방향,4,4,4,7
train,train_0618.jpg,16,4,11.0,11,44,3.0,위치·방향,11,11,11,11
train,train_0619.jpg,15,4,9.0,13,36,3.0,기타,9,13,7,7
train,train_0620.jpg,25,7,4.0,4,16,1.0,전화번호,4,4,4,4
train,train_0621.jpg,47,11,2.75,3,11,1.0,메뉴·상품,3,3,2,3
train,train_0622.jpg,40,9,12.0,16,48,3.75,기타,10,16,13,9
train,train_0623.jpg,24,5,12.75,15,51,1.0,전화번호,12,13,15,11
train,train_0624.jpg,34,8,10.75,14,43,3.0,메뉴·상품,9,10,10,14
train,train_0625.jpg,32,10,9.0,9,36,3.0,날짜·시간,9,9,9,9
train,train_0626.jpg,23,5,6.5,7,26,1.0,가격·금액,7,7,6,6
train,train_0627.jpg,34,7,8.0,8,32,2.0,가격·금액,8,8,8,8
train,train_0628.jpg,16,4,11.75,21,47,3.25,문자·간판 읽기,7,11,21,8
train,train_0629.jpg,41,11,21.75,28,87,4.75,문자·간판 읽기,25,28,16,18
train,train_0630.jpg,20,5,8.25,9,33,2.75,문자·간판 읽기,9,8,7,9
train,train_0631.jpg,16,4,3.75,6,15,1.25,문자·간판 읽기,3,6,4,2
train,train_0632.jpg,20,4,12.0,12,48,1.0,날짜·시간,12,12,12,12
train,train_0633.jpg,28,6,6.0,6,24,1.0,가격·금액,6,6,6,6
train,train_0634.jpg,24,5,9.0,12,36,1.5,전화번호,11,10,3,12
train,train_0635.jpg,49,12,10.75,14,43,3.25,문자·간판 읽기,11,14,7,11
train,train_0636.jpg,29,8,3.75,5,15,1.0,메뉴·상품,5,4,4,2
train,train_0637.jpg,38,10,10.75,15,43,2.25,기타,6,13,15,9
train,train_0638.jpg,27,7,6.25,14,25,2.0,가격·금액,4,3,4,14
train,train_0639.jpg,47,13,13.0,13,52,1.0,전화번호,13,13,13,13
train,train_0640.jpg,33,8,2.5,3,10,1.0,위치·방향,3,2,2,3
train,train_0641.jpg,28,5,17.75,20,71,4.5,날짜·시간,16,16,19,20
train,train_0642.jpg,26,7,13.5,14,54,4.0,문자·간판 읽기,14,14,13,13
train,train_0643.jpg,24,6,4.0,4,16,1.0,문자·간판 읽기,4,4,4,4
train,train_0644.jpg,19,5,8.0,9,32,2.0,문자·간판 읽기,7,8,9,8
train,train_0645.jpg,24,6,12.25,13,49,1.0,전화번호,13,12,12,12
train,train_0646.jpg,31,9,3.75,5,15,1.0,문자·간판 읽기,3,4,5,3
train,train_0647.jpg,21,5,5.75,9,23,1.5,문자·간판 읽기,4,9,6,4
train,train_0648.jpg,30,8,5.25,6,21,2.0,메뉴·상품,6,5,5,5
train,train_0649.jpg,25,5,14.25,15,57,4.0,가격·금액,14,14,15,14
train,train_0650.jpg,34,6,6.0,6,24,1.0,가격·금액,6,6,6,6
train,train_0651.jpg,31,9,20.25,21,81,5.0,기타,20,20,21,20
train,train_0652.jpg,22,6,4.0,4,16,1.0,문자·간판 읽기,4,4,4,4
train,train_0653.jpg,48,12,10.0,15,40,2.75,문자·간판 읽기,5,13,7,15
train,train_0654.jpg,39,9,34.75,52,139,9.25,메뉴·상품,52,28,31,28
train,train_0655.jpg,24,6,5.5,8,22,1.5,메뉴·상품,6,2,6,8
train,train_0656.jpg,26,6,6.0,8,24,1.5,문자·간판 읽기,2,8,6,8
train,train_0657.jpg,50,12,6.0,6,24,2.0,가격·금액,6,6,6,6
train,train_0658.jpg,47,13,10.0,13,40,3.0,위치·방향,10,8,9,13
train,train_0659.jpg,41,9,11.5,14,46,2.0,위치·방향,9,14,12,11
train,train_0660.jpg,42,9,17.25,18,69,4.0,날짜·시간,18,16,17,18
train,train_0661.jpg,22,6,5.0,5,20,1.0,문자·간판 읽기,5,5,5,5
train,train_0662.jpg,16,4,3.5,5,14,1.0,문자·간판 읽기,5,3,3,3
train,train_0663.jpg,34,8,12.75,16,51,3.5,기타,11,11,13,16
train,train_0664.jpg,29,7,13.25,14,53,3.25,메뉴·상품,13,13,14,13
train,train_0665.jpg,32,9,3.0,4,12,1.0,문자·간판 읽기,2,3,3,4
train,train_0666.jpg,15,4,9.0,10,36,3.0,기타,9,8,9,10
train,train_0667.jpg,23,6,15.75,29,63,2.75,문자·간판 읽기,18,29,7,9
train,train_0668.jpg,39,8,7.0,7,28,1.0,가격·금액,7,7,7,7
train,train_0669.jpg,26,7,13.75,19,55,2.5,문자·간판 읽기,19,10,15,11
train,train_0670.jpg,67,11,5.75,6,23,1.0,전화번호,6,6,6,5
train,train_0671.jpg,31,9,4.75,6,19,1.5,문자·간판 읽기,4,6,6,3
train,train_0672.jpg,23,6,4.5,6,18,1.0,문자·간판 읽기,4,3,6,5
train,train_0673.jpg,54,12,5.0,8,20,1.5,문자·간판 읽기,8,3,3,6
train,train_0674.jpg,43,9,13.0,16,52,3.25,문자·간판 읽기,16,9,14,13
train,train_0675.jpg,30,8,4.0,4,16,1.0,가격·금액,4,4,4,4
train,train_0676.jpg,30,8,1.0,1,4,1.0,전화번호,1,1,1,1
train,train_0677.jpg,27,7,13.0,14,52,4.0,문자·간판 읽기,12,14,12,14
train,train_0678.jpg,38,9,15.5,16,62,2.0,날짜·시간,16,16,15,15
train,train_0679.jpg,29,8,11.25,12,45,2.0,문자·간판 읽기,10,11,12,12
train,train_0680.jpg,44,10,2.25,3,9,1.0,기타,3,2,2,2
train,train_0681.jpg,27,6,15.5,22,62,3.25,기타,14,11,15,22
train,train_0682.jpg,25,7,9.75,12,39,2.75,문자·간판 읽기,5,12,12,10
train,train_0683.jpg,32,5,20.25,32,81,5.25,날짜·시간,17,14,32,18
train,train_0684.jpg,34,10,5.75,8,23,1.0,문자·간판 읽기,8,6,4,5
train,train_0685.jpg,50,11,8.5,22,34,1.5,위치·방향,1,22,7,4
train,train_0686.jpg,26,7,10.0,11,40,2.75,문자·간판 읽기,10,9,10,11
train,train_0687.jpg,29,8,3.75,6,15,1.0,문자·간판 읽기,3,4,6,2
train,train_0688.jpg,32,6,2.0,2,8,1.0,위치·방향,2,2,2,2
train,train_0689.jpg,23,6,11.25,14,45,2.25,문자·간판 읽기,9,11,11,14
train,train_0690.jpg,46,11,2.5,3,10,1.0,기타,3,3,2,2
train,train_0691.jpg,40,9,16.5,23,66,4.5,문자·간판 읽기,12,23,18,13
train,train_0692.jpg,47,11,38.5,79,154,5.25,기타,79,32,17,26
train,train_0693.jpg,24,5,4.0,7,16,1.0,위치·방향,3,7,3,3
train,train_0694.jpg,28,6,4.5,9,18,1.5,가격·금액,3,9,3,3
train,train_0695.jpg,37,8,4.0,4,16,1.0,날짜·시간,4,4,4,4
train,train_0696.jpg,39,10,6.5,17,26,1.5,인물·대상,17,3,3,3
train,train_0697.jpg,33,9,12.5,15,50,2.0,기타,12,14,15,9
train,train_0698.jpg,41,10,17.0,19,68,2.5,위치·방향,19,18,14,17
train,train_0699.jpg,47,13,5.5,7,22,2.0,색상,5,5,5,7
train,train_0700.jpg,26,6,26.25,41,105,5.0,기타,41,19,26,19
train,train_0701.jpg,60,13,7.0,14,28,2.25,메뉴·상품,5,4,14,5
train,train_0702.jpg,40,10,12.25,14,49,3.75,메뉴·상품,10,12,14,13
train,train_0703.jpg,26,7,7.0,8,28,1.75,문자·간판 읽기,8,8,8,4
train,train_0704.jpg,49,12,14.0,16,56,4.0,기타,13,16,15,12
train,train_0705.jpg,29,7,6.5,8,26,2.25,문자·간판 읽기,6,5,8,7
train,train_0706.jpg,19,5,4.75,5,19,1.0,날짜·시간,4,5,5,5
train,train_0707.jpg,19,5,31.75,33,127,7.75,날짜·시간,33,29,33,32
train,train_0708.jpg,45,12,5.0,6,20,2.0,문자·간판 읽기,6,5,4,5
train,train_0709.jpg,21,5,10.5,11,42,1.0,전화번호,11,10,10,11
train,train_0710.jpg,35,9,2.0,2,8,1.0,가격·금액,2,2,2,2
train,train_0711.jpg,31,7,12.25,14,49,3.0,메뉴·상품,11,11,13,14
train,train_0712.jpg,25,7,16.75,22,67,4.5,문자·간판 읽기,15,10,20,22
train,train_0713.jpg,35,8,10.25,11,41,3.0,날짜·시간,10,10,10,11
train,train_0714.jpg,52,13,32.5,35,130,10.25,색상,35,35,28,32
train,train_0715.jpg,36,9,4.25,5,17,1.0,위치·방향,4,5,4,4
train,train_0716.jpg,31,7,4.0,4,16,1.0,가격·금액,4,4,4,4
train,train_0717.jpg,64,12,6.75,9,27,1.25,문자·간판 읽기,5,7,6,9
train,train_0718.jpg,24,6,4.75,7,19,1.5,문자·간판 읽기,7,3,5,4
train,train_0719.jpg,26,7,5.0,8,20,1.5,문자·간판 읽기,3,6,8,3
train,train_0720.jpg,38,8,5.5,11,22,1.25,기타,3,4,11,4
train,train_0721.jpg,35,10,7.25,8,29,3.0,색상,7,7,7,8
train,train_0722.jpg,66,13,13.25,28,53,2.0,문자·간판 읽기,8,9,8,28
train,train_0723.jpg,31,9,14.75,18,59,2.0,문자·간판 읽기,9,18,17,15
train,train_0724.jpg,31,8,7.75,16,31,1.25,위치·방향,5,6,4,16
train,train_0725.jpg,33,8,8.5,10,34,1.25,문자·간판 읽기,10,5,10,9
train,train_0726.jpg,27,7,19.75,24,79,3.25,문자·간판 읽기,18,24,17,20
train,train_0727.jpg,23,5,12.0,15,48,1.25,전화번호,10,9,15,14
train,train_0728.jpg,48,12,5.5,9,22,1.75,기타,2,6,9,5
train,train_0729.jpg,35,8,12.0,12,48,4.0,인물·대상,12,12,12,12
train,train_0730.jpg,19,5,4.25,7,17,1.5,메뉴·상품,4,7,3,3
train,train_0731.jpg,21,5,4.25,5,17,1.0,문자·간판 읽기,4,5,5,3
train,train_0732.jpg,30,8,5.5,6,22,1.0,기타,6,6,5,5
train,train_0733.jpg,61,17,4.25,7,17,1.5,문자·간판 읽기,2,2,6,7
train,train_0734.jpg,27,7,17.0,21,68,4.0,문자·간판 읽기,14,17,21,16
train,train_0735.jpg,55,11,27.0,30,108,6.25,기타,19,30,30,29
train,train_0736.jpg,33,7,13.25,14,53,3.0,가격·금액,14,13,13,13
train,train_0737.jpg,44,9,11.0,11,44,1.0,날짜·시간,11,11,11,11
train,train_0738.jpg,32,8,7.5,8,30,2.0,가격·금액,8,8,7,7
train,train_0739.jpg,30,9,17.0,17,68,4.0,문자·간판 읽기,17,17,17,17
train,train_0740.jpg,26,6,4.0,5,16,1.0,메뉴·상품,5,5,3,3
train,train_0741.jpg,21,5,6.75,7,27,1.0,문자·간판 읽기,7,7,6,7
train,train_0742.jpg,43,12,7.5,13,30,1.25,메뉴·상품,4,7,6,13
train,train_0743.jpg,28,7,4.0,4,16,1.0,가격·금액,4,4,4,4
train,train_0744.jpg,24,5,7.0,7,28,1.0,가격·금액,7,7,7,7
train,train_0745.jpg,28,6,9.0,12,36,1.0,전화번호,8,8,8,12
train,train_0746.jpg,39,11,14.75,16,59,3.0,기타,16,14,15,14
train,train_0747.jpg,25,5,5.25,7,21,1.5,위치·방향,7,3,7,4
train,train_0748.jpg,45,12,17.25,22,69,5.75,기타,14,22,17,16
train,train_0749.jpg,31,8,9.75,13,39,3.0,색상,13,7,6,13
train,train_0750.jpg,24,6,6.0,6,24,1.0,문자·간판 읽기,6,6,6,6
train,train_0751.jpg,31,6,3.25,4,13,1.0,메뉴·상품,4,3,3,3
train,train_0752.jpg,65,17,3.25,5,13,1.0,문자·간판 읽기,3,3,2,5
train,train_0753.jpg,28,7,5.5,7,22,1.5,문자·간판 읽기,4,6,7,5
train,train_0754.jpg,23,6,6.75,7,27,2.0,가격·금액,7,7,6,7
train,train_0755.jpg,35,7,6.0,6,24,1.0,가격·금액,6,6,6,6
train,train_0756.jpg,34,7,2.25,3,9,1.0,위치·방향,2,2,3,2
train,train_0757.jpg,29,8,7.75,9,31,2.0,메뉴·상품,7,7,9,8
train,train_0758.jpg,50,11,8.5,17,34,2.5,기타,8,4,5,17
train,train_0759.jpg,30,8,2.25,3,9,1.0,문자·간판 읽기,2,2,3,2
train,train_0760.jpg,21,5,6.5,7,26,1.0,가격·금액,6,7,7,6
train,train_0761.jpg,19,4,3.0,3,12,1.0,인물·대상,3,3,3,3
train,train_0762.jpg,29,7,4.5,6,18,1.5,인물·대상,6,5,3,4
train,train_0763.jpg,29,8,4.75,8,19,1.0,문자·간판 읽기,8,4,4,3
train,train_0764.jpg,38,10,10.0,11,40,3.0,위치·방향,10,9,10,11
train,train_0765.jpg,58,16,9.5,10,38,2.0,수량·계수,9,9,10,10
train,train_0766.jpg,28,7,15.75,20,63,2.25,문자·간판 읽기,20,16,12,15
train,train_0767.jpg,26,7,4.0,5,16,1.0,가격·금액,3,5,3,5
train,train_0768.jpg,39,8,8.75,10,35,3.0,메뉴·상품,8,8,10,9
train,train_0769.jpg,33,9,2.75,5,11,1.25,수량·계수,5,2,2,2
train,train_0770.jpg,23,6,6.75,9,27,1.5,문자·간판 읽기,8,4,9,6
train,train_0771.jpg,35,10,9.75,20,39,2.25,위치·방향,5,5,20,9
train,train_0772.jpg,19,6,3.25,4,13,1.0,문자·간판 읽기,3,3,4,3
train,train_0773.jpg,47,12,13.75,14,55,4.0,색상,14,13,14,14
train,train_0774.jpg,74,17,6.0,6,24,2.0,문자·간판 읽기,6,6,6,6
train,train_0775.jpg,45,9,4.0,4,16,1.0,가격·금액,4,4,4,4
train,train_0776.jpg,25,5,8.0,10,32,1.5,위치·방향,3,10,9,10
train,train_0777.jpg,25,7,8.0,9,32,2.25,문자·간판 읽기,8,9,8,7
train,train_0778.jpg,41,9,21.75,27,87,6.0,기타,22,27,18,20
train,train_0779.jpg,20,5,11.25,15,45,3.25,문자·간판 읽기,15,11,9,10
train,train_0780.jpg,28,5,6.0,7,24,1.0,가격·금액,7,7,3,7
train,train_0781.jpg,19,5,3.0,3,12,1.0,문자·간판 읽기,3,3,3,3
train,train_0782.jpg,20,5,3.0,3,12,1.0,전화번호,3,3,3,3
train,train_0783.jpg,41,8,2.0,3,8,1.0,문자·간판 읽기,2,2,3,1
train,train_0784.jpg,36,7,15.25,16,61,3.0,날짜·시간,16,15,15,15
train,train_0785.jpg,41,8,8.0,8,32,1.0,전화번호,8,8,8,8
train,train_0786.jpg,29,8,8.0,8,32,2.0,인물·대상,8,8,8,8
train,train_0787.jpg,19,5,19.5,23,78,4.0,문자·간판 읽기,16,23,20,19
train,train_0788.jpg,32,9,3.0,3,12,1.0,문자·간판 읽기,3,3,3,3
train,train_0789.jpg,51,11,7.0,7,28,2.0,가격·금액,7,7,7,7
train,train_0790.jpg,30,8,8.75,12,35,2.75,색상,12,8,6,9
train,train_0791.jpg,22,5,3.0,3,12,1.0,문자·간판 읽기,3,3,3,3
train,train_0792.jpg,16,4,4.0,5,16,1.0,문자·간판 읽기,5,4,4,3
train,train_0793.jpg,31,7,3.0,3,12,1.0,가격·금액,3,3,3,3
train,train_0794.jpg,21,6,7.0,7,28,2.0,문자·간판 읽기,7,7,7,7
train,train_0795.jpg,33,6,3.0,3,12,1.0,가격·금액,3,3,3,3
train,train_0796.jpg,24,6,5.5,6,22,2.0,메뉴·상품,6,5,6,5
train,train_0797.jpg,41,12,15.25,16,61,3.0,문자·간판 읽기,15,15,16,15
train,train_0798.jpg,25,7,6.0,10,24,1.75,문자·간판 읽기,10,3,3,8
train,train_0799.jpg,17,4,15.25,16,61,4.0,문자·간판 읽기,16,14,15,16
train,train_0800.jpg,54,11,3.5,5,14,1.0,전화번호,2,5,5,2
train,train_0801.jpg,28,7,6.25,7,25,1.0,가격·금액,6,6,6,7
train,train_0802.jpg,28,8,6.5,7,26,2.0,문자·간판 읽기,6,7,7,6
train,train_0803.jpg,22,6,3.25,4,13,1.0,기타,3,3,3,4
train,train_0804.jpg,31,7,13.5,15,54,3.5,날짜·시간,13,15,15,11
train,train_0805.jpg,19,5,2.5,3,10,1.0,위치·방향,2,2,3,3
train,train_0806.jpg,20,5,4.75,5,19,1.0,문자·간판 읽기,5,4,5,5
train,train_0807.jpg,25,7,7.75,8,31,2.0,가격·금액,7,8,8,8
train,train_0808.jpg,26,7,5.5,13,22,1.5,기타,3,3,13,3
train,train_0809.jpg,32,9,10.75,21,43,2.5,문자·간판 읽기,8,9,5,21
train,train_0810.jpg,28,6,3.5,7,14,1.0,기타,2,7,2,3
train,train_0811.jpg,28,7,4.25,6,17,1.75,기타,3,6,6,2
train,train_0812.jpg,14,3,9.0,17,36,2.75,위치·방향,5,8,6,17
train,train_0813.jpg,38,9,8.75,12,35,1.0,전화번호,11,9,3,12
train,train_0814.jpg,22,5,5.0,5,20,2.0,가격·금액,5,5,5,5
train,train_0815.jpg,41,9,6.0,6,24,1.0,가격·금액,6,6,6,6
train,train_0816.jpg,29,8,7.5,9,30,1.75,색상,7,7,9,7
train,train_0817.jpg,18,4,7.5,11,30,1.25,문자·간판 읽기,7,9,3,11
train,train_0818.jpg,46,12,3.25,4,13,1.0,수량·계수,4,3,3,3
train,train_0819.jpg,12,3,6.25,9,25,1.5,위치·방향,7,6,3,9
train,train_0820.jpg,44,11,10.75,20,43,3.0,날짜·시간,20,16,3,4
train,train_0821.jpg,33,7,5.25,7,21,1.5,문자·간판 읽기,5,7,6,3
train,train_0822.jpg,29,9,9.0,12,36,2.5,기타,12,6,7,11
train,train_0823.jpg,42,9,5.5,6,22,2.0,문자·간판 읽기,5,6,5,6
train,train_0824.jpg,22,6,4.75,6,19,1.25,문자·간판 읽기,4,6,5,4
train,train_0825.jpg,33,9,7.25,15,29,1.75,기타,4,7,15,3
train,train_0826.jpg,31,9,14.5,15,58,4.0,문자·간판 읽기,14,15,14,15
train,train_0827.jpg,36,8,4.0,4,16,1.0,가격·금액,4,4,4,4
train,train_0828.jpg,42,11,5.0,5,20,2.0,문자·간판 읽기,5,5,5,5
train,train_0829.jpg,40,10,12.5,13,50,1.0,전화번호,12,13,13,12
train,train_0830.jpg,21,5,8.25,11,33,2.25,문자·간판 읽기,6,8,8,11
train,train_0831.jpg,25,6,5.25,14,21,1.5,기타,14,2,3,2
train,train_0832.jpg,32,8,14.25,19,57,3.0,메뉴·상품,19,12,16,10
train,train_0833.jpg,39,11,10.75,12,43,3.5,기타,10,12,9,12
train,train_0834.jpg,22,6,5.5,6,22,1.0,문자·간판 읽기,6,6,5,5
train,train_0835.jpg,16,4,7.0,12,28,1.5,문자·간판 읽기,7,3,12,6
train,train_0836.jpg,33,9,11.0,15,44,3.25,문자·간판 읽기,7,10,12,15
train,train_0837.jpg,35,9,14.5,16,58,4.0,문자·간판 읽기,16,14,13,15
train,train_0838.jpg,36,9,11.0,16,44,3.5,기타,9,16,11,8
train,train_0839.jpg,37,10,3.75,5,15,1.25,메뉴·상품,4,3,3,5
train,train_0840.jpg,33,7,3.25,4,13,1.0,기타,4,3,3,3
train,train_0841.jpg,41,12,8.25,10,33,2.0,메뉴·상품,9,7,7,10
train,train_0842.jpg,37,10,6.0,6,24,1.0,기타,6,6,6,6
train,train_0843.jpg,53,14,11.0,13,44,3.5,기타,13,9,10,12
train,train_0844.jpg,35,9,8.75,10,35,2.75,기타,9,10,9,7
train,train_0845.jpg,27,6,13.0,13,52,4.0,위치·방향,13,13,13,13
train,train_0846.jpg,20,5,4.75,5,19,1.0,문자·간판 읽기,5,5,4,5
train,train_0847.jpg,57,13,18.0,24,72,4.5,메뉴·상품,24,16,18,14
train,train_0848.jpg,30,8,2.5,3,10,1.0,메뉴·상품,3,3,2,2
train,train_0849.jpg,20,5,2.0,2,8,1.0,가격·금액,2,2,2,2
train,train_0850.jpg,25,5,2.5,3,10,1.0,위치·방향,2,3,2,3
train,train_0851.jpg,35,6,12.75,22,51,1.5,문자·간판 읽기,11,4,14,22
train,train_0852.jpg,22,5,21.5,24,86,3.75,문자·간판 읽기,21,20,24,21
train,train_0853.jpg,16,4,7.5,8,30,1.0,문자·간판 읽기,8,8,7,7
train,train_0854.jpg,56,15,25.75,43,103,6.75,문자·간판 읽기,22,43,18,20
train,train_0855.jpg,30,7,14.25,16,57,4.25,문자·간판 읽기,16,13,14,14
train,train_0856.jpg,46,11,25.5,29,102,6.75,문자·간판 읽기,29,24,24,25
train,train_0857.jpg,35,8,4.0,5,16,1.0,문자·간판 읽기,5,3,5,3
train,train_0858.jpg,29,8,11.0,13,44,3.0,문자·간판 읽기,9,9,13,13
train,train_0859.jpg,24,6,7.25,8,29,2.75,문자·간판 읽기,5,8,8,8
train,train_0860.jpg,32,8,12.5,18,50,3.0,문자·간판 읽기,11,9,18,12
train,train_0861.jpg,15,4,6.5,7,26,2.0,문자·간판 읽기,6,7,7,6
train,train_0862.jpg,37,10,51.75,87,207,9.0,색상,34,16,87,70
train,train_0863.jpg,35,8,11.0,11,44,1.0,가격·금액,11,11,11,11
train,train_0864.jpg,35,9,23.75,24,95,6.0,문자·간판 읽기,24,24,23,24
train,train_0865.jpg,50,13,7.5,12,30,2.25,메뉴·상품,8,7,3,12
train,train_0866.jpg,34,10,7.25,9,29,1.0,위치·방향,8,7,5,9
train,train_0867.jpg,32,8,6.0,6,24,1.0,가격·금액,6,6,6,6
train,train_0868.jpg,39,10,7.5,10,30,2.5,문자·간판 읽기,10,10,5,5
train,train_0869.jpg,15,4,7.5,10,30,1.0,위치·방향,4,8,10,8
train,train_0870.jpg,36,9,10.5,12,42,3.5,색상,10,9,11,12
train,train_0871.jpg,45,11,5.0,8,20,1.25,인물·대상,8,2,8,2
train,train_0872.jpg,35,8,11.25,15,45,2.75,가격·금액,9,15,10,11
train,train_0873.jpg,30,6,6.0,6,24,1.0,가격·금액,6,6,6,6
train,train_0874.jpg,22,5,3.75,5,15,1.0,색상,3,5,3,4
train,train_0875.jpg,27,7,2.0,2,8,1.0,수량·계수,2,2,2,2
train,train_0876.jpg,50,14,12.75,14,51,3.75,기타,14,11,13,13
train,train_0877.jpg,26,7,12.5,14,50,2.0,문자·간판 읽기,12,13,11,14
train,train_0878.jpg,35,9,5.75,6,23,2.0,메뉴·상품,6,6,6,5
train,train_0879.jpg,30,8,8.0,9,32,1.0,문자·간판 읽기,7,8,9,8
train,train_0880.jpg,35,8,8.75,14,35,1.75,문자·간판 읽기,14,13,4,4
train,train_0881.jpg,29,8,13.5,15,54,2.75,문자·간판 읽기,15,15,13,11
train,train_0882.jpg,49,12,3.0,3,12,1.0,기타,3,3,3,3
train,train_0883.jpg,26,6,5.5,6,22,2.0,문자·간판 읽기,6,6,5,5
train,train_0884.jpg,50,11,23.25,32,93,4.0,위치·방향,32,14,22,25
train,train_0885.jpg,26,7,6.5,7,26,2.0,기타,6,7,6,7
train,train_0886.jpg,27,7,5.0,5,20,1.0,메뉴·상품,5,5,5,5
train,train_0887.jpg,37,10,6.75,8,27,2.0,기타,8,6,8,5
train,train_0888.jpg,36,10,3.75,5,15,1.25,메뉴·상품,3,3,5,4
train,train_0889.jpg,37,8,13.0,17,52,3.0,위치·방향,14,12,17,9
train,train_0890.jpg,16,4,9.0,9,36,1.0,문자·간판 읽기,9,9,9,9
train,train_0891.jpg,34,8,5.0,5,20,2.0,날짜·시간,5,5,5,5
train,train_0892.jpg,27,7,3.0,4,12,1.0,문자·간판 읽기,2,4,2,4
train,train_0893.jpg,35,11,11.25,14,45,3.0,문자·간판 읽기,10,14,11,10
train,train_0894.jpg,46,12,7.25,15,29,2.0,문자·간판 읽기,3,9,15,2
train,train_0895.jpg,34,10,7.5,8,30,1.0,문자·간판 읽기,8,7,7,8
train,train_0896.jpg,28,7,22.5,37,90,3.5,위치·방향,37,13,35,5
train,train_0897.jpg,26,7,4.0,7,16,1.25,기타,2,3,4,7
train,train_0898.jpg,46,10,3.5,5,14,1.0,가격·금액,3,3,5,3
train,train_0899.jpg,25,7,2.75,3,11,1.0,문자·간판 읽기,3,2,3,3
train,train_0900.jpg,24,5,19.75,31,79,4.5,메뉴·상품,21,12,15,31
train,train_0901.jpg,17,4,15.75,18,63,2.75,문자·간판 읽기,18,17,12,16
train,train_0902.jpg,39,9,4.25,5,17,1.0,메뉴·상품,3,4,5,5
train,train_0903.jpg,27,8,8.0,10,32,2.25,문자·간판 읽기,8,10,7,7
train,train_0904.jpg,28,7,6.5,9,26,1.0,기타,5,9,8,4
train,train_0905.jpg,16,4,9.5,10,38,2.75,문자·간판 읽기,10,10,8,10
train,train_0906.jpg,40,10,6.25,8,25,1.25,문자·간판 읽기,5,8,5,7
train,train_0907.jpg,15,4,5.25,8,21,2.25,메뉴·상품,8,4,4,5
train,train_0908.jpg,37,10,13.5,14,54,4.0,메뉴·상품,14,13,14,13
train,train_0909.jpg,32,7,13.0,13,52,2.0,전화번호,13,13,13,13
train,train_0910.jpg,42,11,5.0,5,20,1.0,날짜·시간,5,5,5,5
train,train_0911.jpg,25,6,4.0,4,16,1.0,가격·금액,4,4,4,4
train,train_0912.jpg,39,10,9.75,11,39,2.5,문자·간판 읽기,10,8,11,10
train,train_0913.jpg,39,9,3.75,4,15,1.0,위치·방향,3,4,4,4
train,train_0914.jpg,46,12,5.5,6,22,2.0,가격·금액,5,6,5,6
train,train_0915.jpg,40,10,4.75,5,19,1.75,메뉴·상품,5,4,5,5
train,train_0916.jpg,32,7,9.25,10,37,3.0,문자·간판 읽기,9,9,10,9
train,train_0917.jpg,31,9,5.0,7,20,1.0,문자·간판 읽기,7,4,4,5
train,train_0918.jpg,41,11,4.75,6,19,1.75,기타,6,5,5,3
train,train_0919.jpg,39,8,9.25,10,37,3.0,기타,9,9,10,9
train,train_0920.jpg,45,11,24.25,28,97,6.5,가격·금액,20,21,28,28
train,train_0921.jpg,30,9,13.5,17,54,4.0,문자·간판 읽기,17,10,17,10
train,train_0922.jpg,15,4,7.75,9,31,2.0,기타,8,7,7,9
train,train_0923.jpg,30,7,6.75,9,27,1.75,문자·간판 읽기,9,8,5,5
train,train_0924.jpg,62,16,5.75,7,23,1.75,날짜·시간,7,7,7,2
train,train_0925.jpg,30,7,6.5,10,26,1.5,가격·금액,10,5,7,4
train,train_0926.jpg,22,6,3.0,3,12,1.0,색상,3,3,3,3
train,train_0927.jpg,62,15,5.5,6,22,2.0,위치·방향,6,6,5,5
train,train_0928.jpg,39,10,7.5,10,30,2.75,위치·방향,8,5,10,7
train,train_0929.jpg,19,5,7.0,12,28,2.5,기타,5,3,8,12
train,train_0930.jpg,49,12,16.0,20,64,4.5,기타,20,15,11,18
train,train_0931.jpg,19,5,6.0,6,24,2.0,위치·방향,6,6,6,6
train,train_0932.jpg,40,8,6.25,10,25,1.75,기타,5,10,3,7
train,train_0933.jpg,49,14,2.0,2,8,1.0,기타,2,2,2,2
train,train_0934.jpg,16,4,8.0,8,32,2.0,문자·간판 읽기,8,8,8,8
train,train_0935.jpg,43,7,7.0,7,28,1.0,날짜·시간,7,7,7,7
train,train_0936.jpg,42,10,6.25,7,25,1.0,가격·금액,7,6,6,6
train,train_0937.jpg,16,4,3.5,4,14,1.0,문자·간판 읽기,3,4,4,3
train,train_0938.jpg,38,10,6.25,11,25,1.0,문자·간판 읽기,4,6,11,4
train,train_0939.jpg,27,7,3.75,6,15,1.0,위치·방향,2,4,6,3
train,train_0940.jpg,30,7,7.5,8,30,2.0,가격·금액,7,8,7,8
train,train_0941.jpg,51,12,5.25,9,21,1.0,문자·간판 읽기,9,4,4,4
train,train_0942.jpg,15,4,7.0,8,28,2.25,문자·간판 읽기,8,6,7,7
train,train_0943.jpg,31,7,6.0,6,24,1.0,가격·금액,6,6,6,6
train,train_0944.jpg,24,6,6.75,10,27,1.75,위치·방향,4,7,10,6
train,train_0945.jpg,31,7,11.0,11,44,1.0,날짜·시간,11,11,11,11
train,train_0946.jpg,52,14,6.75,7,27,2.0,가격·금액,7,7,6,7
train,train_0947.jpg,24,6,5.25,6,21,2.0,메뉴·상품,5,5,5,6
train,train_0948.jpg,28,8,14.25,15,57,2.0,문자·간판 읽기,14,14,15,14
train,train_0949.jpg,22,6,17.25,21,69,2.5,문자·간판 읽기,11,18,19,21
train,train_0950.jpg,25,6,16.0,16,64,4.0,가격·금액,16,16,16,16
train,train_0951.jpg,31,7,5.5,6,22,1.0,가격·금액,6,6,6,4
train,train_0952.jpg,85,20,55.0,87,220,12.5,문자·간판 읽기,49,87,45,39
train,train_0953.jpg,25,7,5.25,9,21,1.25,문자·간판 읽기,4,9,4,4
train,train_0954.jpg,17,4,10.5,12,42,1.0,기타,10,10,10,12
train,train_0955.jpg,36,10,4.0,7,16,1.25,문자·간판 읽기,7,3,4,2
train,train_0956.jpg,18,4,8.0,8,32,1.0,문자·간판 읽기,8,8,8,8
train,train_0957.jpg,22,5,4.0,4,16,1.0,문자·간판 읽기,4,4,4,4
train,train_0958.jpg,29,6,8.0,10,32,1.0,전화번호,10,6,6,10
train,train_0959.jpg,28,7,10.25,14,41,2.25,위치·방향,14,10,6,11
train,train_0960.jpg,27,7,12.0,12,48,1.0,전화번호,12,12,12,12
train,train_0961.jpg,38,11,3.75,5,15,1.25,위치·방향,5,4,3,3
train,train_0962.jpg,27,8,4.5,7,18,1.25,문자·간판 읽기,3,7,5,3
train,train_0963.jpg,25,7,23.0,26,92,4.0,메뉴·상품,24,20,26,22
train,train_0964.jpg,26,7,6.0,12,24,1.0,위치·방향,4,12,5,3
train,train_0965.jpg,28,7,2.25,3,9,1.0,색상,2,2,2,3
train,train_0966.jpg,25,5,5.25,6,21,2.0,날짜·시간,5,5,5,6
train,train_0967.jpg,24,6,3.5,4,14,1.0,문자·간판 읽기,4,4,4,2
train,train_0968.jpg,37,11,7.5,13,30,1.75,기타,9,4,4,13
train,train_0969.jpg,41,8,6.5,9,26,2.25,기타,5,6,9,6
train,train_0970.jpg,29,9,9.5,11,38,2.75,문자·간판 읽기,8,9,10,11
train,train_0971.jpg,24,5,9.75,10,39,1.0,전화번호,10,10,9,10
train,train_0972.jpg,39,10,17.25,19,69,4.25,문자·간판 읽기,16,18,16,19
train,train_0973.jpg,17,3,7.0,7,28,1.0,가격·금액,7,7,7,7
train,train_0974.jpg,41,10,6.0,6,24,1.0,가격·금액,6,6,6,6
train,train_0975.jpg,30,8,3.5,4,14,1.0,수량·계수,3,3,4,4
train,train_0976.jpg,18,4,23.0,24,92,8.0,날짜·시간,23,22,24,23
train,train_0977.jpg,47,10,3.5,7,14,1.25,위치·방향,7,2,2,3
train,train_0978.jpg,38,10,41.75,46,167,10.5,메뉴·상품,44,37,40,46
train,train_0979.jpg,15,4,3.25,6,13,1.0,문자·간판 읽기,3,2,6,2
train,train_0980.jpg,21,5,7.75,16,31,2.0,위치·방향,6,16,6,3
train,train_0981.jpg,24,6,24.75,31,99,4.0,인물·대상,22,20,26,31
train,train_0982.jpg,22,6,8.0,9,32,1.0,문자·간판 읽기,8,8,9,7
train,train_0983.jpg,25,6,5.0,5,20,1.0,날짜·시간,5,5,5,5
train,train_0984.jpg,29,7,8.75,10,35,2.0,문자·간판 읽기,8,9,8,10
train,train_0985.jpg,41,9,10.75,12,43,3.5,위치·방향,12,11,10,10
train,train_0986.jpg,42,12,5.75,8,23,2.25,기타,5,6,8,4
train,train_0987.jpg,33,8,9.0,10,36,3.0,기타,10,8,9,9
train,train_0988.jpg,33,10,9.0,14,36,3.0,기타,8,9,14,5
train,train_0989.jpg,45,13,10.25,18,41,3.0,기타,7,7,18,9
train,train_0990.jpg,30,9,9.25,11,37,2.75,기타,11,9,6,11
train,train_0991.jpg,25,7,5.5,8,22,1.75,메뉴·상품,4,6,4,8
train,train_0992.jpg,16,4,4.5,7,18,1.5,문자·간판 읽기,3,4,4,7
train,train_0993.jpg,34,9,12.75,15,51,2.25,위치·방향,10,15,12,14
train,train_0994.jpg,22,5,4.0,4,16,1.0,문자·간판 읽기,4,4,4,4
train,train_0995.jpg,31,8,6.75,12,27,1.75,색상,3,6,12,6
train,train_0996.jpg,27,8,20.0,20,80,4.0,가격·금액,20,20,20,20
train,train_0997.jpg,35,8,11.25,23,45,3.75,문자·간판 읽기,23,10,6,6
train,train_0998.jpg,16,4,33.25,41,133,7.25,문자·간판 읽기,41,30,28,34
train,train_0999.jpg,51,14,4.5,6,18,1.75,기타,5,6,2,5
train,train_1000.jpg,25,7,9.75,11,39,3.0,문자·간판 읽기,9,9,10,11
train,train_1001.jpg,18,5,4.75,6,19,1.25,문자·간판 읽기,5,6,3,5
train,train_1002.jpg,29,8,3.25,5,13,1.0,메뉴·상품,2,2,5,4
train,train_1003.jpg,17,4,7.75,10,31,2.0,문자·간판 읽기,7,7,7,10
train,train_1004.jpg,39,12,3.5,4,14,1.0,메뉴·상품,3,4,3,4
train,train_1005.jpg,30,8,7.0,8,28,2.25,문자·간판 읽기,8,6,7,7
train,train_1006.jpg,27,5,8.5,9,34,2.5,기타,9,9,8,8
train,train_1007.jpg,31,8,2.25,3,9,1.0,위치·방향,2,3,2,2
train,train_1008.jpg,57,15,10.5,14,42,2.25,인물·대상,14,10,8,10
train,train_1009.jpg,46,11,3.5,6,14,1.25,기타,3,3,6,2
train,train_1010.jpg,20,5,10.0,10,40,1.0,날짜·시간,10,10,10,10
train,train_1011.jpg,38,9,12.75,14,51,3.0,색상,13,12,12,14
train,train_1012.jpg,27,7,8.0,9,32,2.5,색상,9,8,8,7
train,train_1013.jpg,24,6,4.0,4,16,1.0,문자·간판 읽기,4,4,4,4
train,train_1014.jpg,25,7,20.5,26,82,4.5,색상,26,16,16,24
train,train_1015.jpg,15,4,3.25,5,13,1.25,기타,2,3,5,3
train,train_1016.jpg,32,8,7.25,10,29,2.0,위치·방향,7,6,6,10
train,train_1017.jpg,25,7,6.25,7,25,1.0,기타,6,7,6,6
train,train_1018.jpg,27,7,5.0,6,20,1.0,위치·방향,6,4,5,5
train,train_1019.jpg,24,6,7.25,9,29,2.25,기타,8,6,6,9
train,train_1020.jpg,25,6,4.75,8,19,1.5,메뉴·상품,4,5,2,8
train,train_1021.jpg,18,4,4.0,4,16,1.0,문자·간판 읽기,4,4,4,4
train,train_1022.jpg,19,5,5.0,5,20,1.0,날짜·시간,5,5,5,5
train,train_1023.jpg,37,8,6.0,6,24,1.0,가격·금액,6,6,6,6
train,train_1024.jpg,23,6,7.75,10,31,2.25,문자·간판 읽기,9,6,10,6
train,train_1025.jpg,29,8,11.0,12,44,1.0,문자·간판 읽기,10,11,12,11
train,train_1026.jpg,28,6,10.0,10,40,1.0,날짜·시간,10,10,10,10
train,train_1027.jpg,22,5,28.25,30,113,7.0,위치·방향,30,28,28,27
train,train_1028.jpg,21,5,19.75,23,79,4.25,기타,23,17,21,18
train,train_1029.jpg,31,8,14.0,15,56,5.0,기타,14,13,15,14
train,train_1030.jpg,37,11,10.5,12,42,2.0,기타,12,10,9,11
train,train_1031.jpg,31,9,31.25,34,125,5.25,문자·간판 읽기,31,31,29,34
train,train_1032.jpg,27,5,2.75,3,11,1.0,가격·금액,2,3,3,3
train,train_1033.jpg,36,9,9.25,12,37,3.25,문자·간판 읽기,12,8,9,8
train,train_1034.jpg,30,8,8.0,8,32,2.0,가격·금액,8,8,8,8
train,train_1035.jpg,44,12,13.75,32,55,2.25,메뉴·상품,32,10,10,3
train,train_1036.jpg,33,9,7.25,12,29,1.25,색상,12,6,6,5
train,train_1037.jpg,23,6,14.75,18,59,4.5,가격·금액,16,18,11,14
train,train_1038.jpg,28,8,4.5,5,18,1.0,문자·간판 읽기,4,4,5,5
train,train_1039.jpg,40,11,5.5,8,22,1.0,위치·방향,5,4,8,5
train,train_1040.jpg,29,7,13.5,18,54,2.25,문자·간판 읽기,12,18,12,12
train,train_1041.jpg,15,4,3.0,3,12,1.0,문자·간판 읽기,3,3,3,3
train,train_1042.jpg,24,6,7.0,7,28,2.0,문자·간판 읽기,7,7,7,7
train,train_1043.jpg,24,6,7.0,8,28,2.0,문자·간판 읽기,6,8,7,7
train,train_1044.jpg,18,4,7.0,9,28,1.25,문자·간판 읽기,9,5,9,5
train,train_1045.jpg,38,10,8.5,9,34,1.0,메뉴·상품,9,7,9,9
train,train_1046.jpg,34,7,3.0,3,12,1.0,가격·금액,3,3,3,3
train,train_1047.jpg,27,7,11.75,13,47,1.0,전화번호,11,13,12,11
train,train_1048.jpg,37,9,15.25,16,61,4.0,가격·금액,15,15,16,15
train,train_1049.jpg,29,5,16.25,17,65,4.0,날짜·시간,17,16,17,15
train,train_1050.jpg,27,6,9.0,13,36,3.0,기타,13,5,9,9
train,train_1051.jpg,38,8,5.0,5,20,1.0,날짜·시간,5,5,5,5
train,train_1052.jpg,25,7,5.0,5,20,2.0,문자·간판 읽기,5,5,5,5
train,train_1053.jpg,16,4,10.0,10,40,1.0,가격·금액,10,10,10,10
train,train_1054.jpg,35,9,12.0,12,48,1.0,전화번호,12,12,12,12
train,train_1055.jpg,24,7,8.75,9,35,1.0,위치·방향,9,9,9,8
train,train_1056.jpg,26,7,4.75,6,19,1.5,문자·간판 읽기,4,5,6,4
train,train_1057.jpg,60,15,18.25,27,73,4.5,기타,22,13,11,27
train,train_1058.jpg,17,5,8.0,15,32,1.25,문자·간판 읽기,15,6,6,5
train,train_1059.jpg,22,6,18.25,28,73,5.25,문자·간판 읽기,15,17,13,28
train,train_1060.jpg,22,6,20.75,27,83,3.5,문자·간판 읽기,27,23,18,15
train,train_1061.jpg,28,9,10.25,11,41,3.0,색상,11,11,9,10
train,train_1062.jpg,24,6,4.75,6,19,1.0,기타,5,4,6,4
train,train_1063.jpg,22,6,6.0,8,24,1.25,위치·방향,4,4,8,8
train,train_1064.jpg,21,6,4.0,4,16,2.0,기타,4,4,4,4
train,train_1065.jpg,34,9,8.0,9,32,1.0,위치·방향,8,9,7,8
train,train_1066.jpg,38,9,5.5,8,22,1.5,메뉴·상품,8,4,3,7
train,train_1067.jpg,36,8,6.0,7,24,2.0,기타,5,7,5,7
train,train_1068.jpg,41,11,4.0,4,16,1.0,기타,4,4,4,4
train,train_1069.jpg,16,4,7.0,11,28,3.25,문자·간판 읽기,5,11,7,5
train,train_1070.jpg,26,7,6.0,9,24,1.5,문자·간판 읽기,4,7,4,9
train,train_1071.jpg,26,7,22.5,25,90,6.5,문자·간판 읽기,23,25,17,25
train,train_1072.jpg,37,10,10.25,15,41,3.25,날짜·시간,12,7,15,7
train,train_1073.jpg,37,8,6.0,6,24,1.0,가격·금액,6,6,6,6
train,train_1074.jpg,24,6,10.5,12,42,1.0,전화번호,12,11,11,8
train,train_1075.jpg,17,4,4.0,4,16,1.0,문자·간판 읽기,4,4,4,4
train,train_1076.jpg,26,7,15.25,23,61,2.25,문자·간판 읽기,12,17,9,23
train,train_1077.jpg,40,10,6.5,7,26,1.0,가격·금액,6,7,6,7
train,train_1078.jpg,37,8,4.5,8,18,1.25,색상,8,3,3,4
train,train_1079.jpg,29,7,26.25,27,105,4.25,문자·간판 읽기,26,27,26,26
train,train_1080.jpg,24,5,6.0,6,24,1.0,가격·금액,6,6,6,6
train,train_1081.jpg,26,6,9.5,11,38,2.5,날짜·시간,11,11,8,8
train,train_1082.jpg,42,8,2.0,2,8,1.0,메뉴·상품,2,2,2,2
train,train_1083.jpg,28,7,16.25,21,65,2.5,문자·간판 읽기,21,13,13,18
train,train_1084.jpg,42,11,2.0,2,8,1.0,수량·계수,2,2,2,2
train,train_1085.jpg,29,8,7.0,7,28,2.0,가격·금액,7,7,7,7
train,train_1086.jpg,39,11,15.25,17,61,2.0,문자·간판 읽기,17,14,16,14
train,train_1087.jpg,37,7,10.5,12,42,3.0,메뉴·상품,12,11,10,9
train,train_1088.jpg,43,12,16.25,22,65,3.75,기타,15,22,16,12
train,train_1089.jpg,31,8,5.0,6,20,1.0,가격·금액,6,6,6,2
train,train_1090.jpg,30,8,4.75,5,19,1.0,문자·간판 읽기,4,5,5,5
train,train_1091.jpg,31,8,8.0,9,32,1.0,문자·간판 읽기,9,9,7,7
train,train_1092.jpg,53,14,4.5,10,18,1.25,위치·방향,3,3,10,2
train,train_1093.jpg,25,7,8.0,8,32,1.0,문자·간판 읽기,8,8,8,8
train,train_1094.jpg,25,6,3.0,4,12,1.0,전화번호,3,3,4,2
train,train_1095.jpg,55,15,17.0,36,68,3.25,문자·간판 읽기,8,11,36,13
train,train_1096.jpg,25,6,3.75,5,15,1.0,메뉴·상품,2,5,4,4
train,train_1097.jpg,26,7,3.5,5,14,1.0,메뉴·상품,3,5,3,3
train,train_1098.jpg,16,4,11.75,17,47,2.0,문자·간판 읽기,11,12,7,17
train,train_1099.jpg,48,11,5.0,5,20,1.0,가격·금액,5,5,5,5
train,train_1100.jpg,22,6,5.0,7,20,1.0,문자·간판 읽기,2,7,4,7
train,train_1101.jpg,33,9,2.75,3,11,1.0,문자·간판 읽기,3,3,2,3
train,train_1102.jpg,21,5,6.75,8,27,1.0,기타,7,5,8,7
train,train_1103.jpg,16,4,11.25,12,45,2.0,기타,11,11,11,12
train,train_1104.jpg,26,7,12.25,13,49,3.75,인물·대상,12,12,13,12
train,train_1105.jpg,26,7,13.0,13,52,4.0,문자·간판 읽기,13,13,13,13
train,train_1106.jpg,25,7,5.25,8,21,1.0,문자·간판 읽기,3,5,5,8
train,train_1107.jpg,57,13,7.75,8,31,2.0,가격·금액,8,8,7,8
train,train_1108.jpg,35,9,31.0,31,124,6.0,가격·금액,31,31,31,31
train,train_1109.jpg,16,4,4.75,6,19,1.0,메뉴·상품,6,4,5,4
train,train_1110.jpg,40,11,6.0,8,24,1.0,색상,5,8,6,5
train,train_1111.jpg,48,11,15.75,17,63,3.0,문자·간판 읽기,17,15,15,16
train,train_1112.jpg,31,8,4.5,7,18,1.0,문자·간판 읽기,4,5,7,2
train,train_1113.jpg,26,7,4.0,5,16,1.0,문자·간판 읽기,4,5,3,4
train,train_1114.jpg,25,5,6.25,7,25,1.0,가격·금액,7,6,6,6
train,train_1115.jpg,30,7,5.0,5,20,1.0,가격·금액,5,5,5,5
train,train_1116.jpg,42,11,5.75,6,23,2.0,메뉴·상품,6,6,5,6
train,train_1117.jpg,46,10,20.75,29,83,4.5,인물·대상,20,29,15,19
train,train_1118.jpg,40,8,11.75,12,47,3.0,날짜·시간,11,12,12,12
train,train_1119.jpg,42,10,12.25,13,49,1.0,전화번호,13,12,13,11
train,train_1120.jpg,48,10,3.75,4,15,1.0,가격·금액,4,4,3,4
train,train_1121.jpg,34,9,7.5,10,30,1.75,문자·간판 읽기,6,10,4,10
train,train_1122.jpg,31,9,11.5,13,46,2.0,문자·간판 읽기,10,13,13,10
train,train_1123.jpg,31,8,5.0,6,20,1.25,날짜·시간,6,5,6,3
train,train_1124.jpg,50,12,8.25,9,33,3.0,인물·대상,8,8,8,9
train,train_1125.jpg,39,9,3.25,5,13,1.0,메뉴·상품,5,3,3,2
train,train_1126.jpg,24,6,6.0,6,24,1.0,기타,6,6,6,6
train,train_1127.jpg,16,4,10.0,10,40,2.0,기타,10,10,10,10
train,train_1128.jpg,25,7,13.75,15,55,3.75,문자·간판 읽기,11,14,15,15
train,train_1129.jpg,48,11,35.5,36,142,5.0,날짜·시간,36,34,36,36
train,train_1130.jpg,35,7,7.0,7,28,1.0,가격·금액,7,7,7,7
train,train_1131.jpg,18,4,13.0,15,52,3.75,문자·간판 읽기,14,14,9,15
train,train_1132.jpg,62,17,5.75,6,23,2.0,색상,6,6,6,5
train,train_1133.jpg,24,6,6.75,14,27,1.5,색상,5,3,5,14
train,train_1134.jpg,43,11,30.0,33,120,7.0,문자·간판 읽기,30,30,27,33
train,train_1135.jpg,42,12,17.5,20,70,5.0,기타,15,17,18,20
train,train_1136.jpg,43,12,7.5,9,30,2.75,기타,8,8,5,9
train,train_1137.jpg,36,10,5.5,6,22,1.0,가격·금액,6,6,4,6
train,train_1138.jpg,54,10,3.0,3,12,1.0,위치·방향,3,3,3,3
train,train_1139.jpg,34,9,16.75,25,67,2.75,메뉴·상품,25,18,11,13
train,train_1140.jpg,42,10,22.5,24,90,4.0,문자·간판 읽기,22,23,21,24
train,train_1141.jpg,46,12,19.75,25,79,4.75,기타,18,16,25,20
train,train_1142.jpg,44,12,22.25,25,89,5.75,기타,20,22,25,22
train,train_1143.jpg,53,13,8.0,18,32,1.5,기타,5,5,18,4
train,train_1144.jpg,44,11,6.25,9,25,1.0,위치·방향,8,4,9,4
train,train_1145.jpg,40,8,18.0,18,72,4.0,가격·금액,18,18,18,18
train,train_1146.jpg,48,12,33.0,48,132,8.0,기타,29,32,23,48
train,train_1147.jpg,34,8,6.25,13,25,2.0,기타,4,13,6,2
train,train_1148.jpg,26,7,10.25,17,41,3.5,문자·간판 읽기,17,6,6,12
train,train_1149.jpg,24,6,10.25,11,41,2.75,기타,10,9,11,11
train,train_1150.jpg,50,14,3.75,4,15,1.0,가격·금액,4,4,4,3
train,train_1151.jpg,23,6,13.75,16,55,3.25,기타,16,10,13,16
train,train_1152.jpg,51,14,5.0,5,20,1.0,문자·간판 읽기,5,5,5,5
train,train_1153.jpg,49,13,7.5,8,30,2.25,메뉴·상품,8,7,7,8
train,train_1154.jpg,23,6,7.5,8,30,2.0,기타,7,8,8,7
train,train_1155.jpg,43,10,11.0,13,44,3.25,기타,13,8,10,13
train,train_1156.jpg,28,7,20.75,22,83,3.0,문자·간판 읽기,22,17,22,22
train,train_1157.jpg,45,13,11.0,13,44,3.0,문자·간판 읽기,12,10,13,9
train,train_1158.jpg,27,6,6.0,7,24,1.0,기타,5,7,5,7
train,train_1159.jpg,26,7,6.0,7,24,2.0,메뉴·상품,6,6,7,5
train,train_1160.jpg,33,6,14.5,15,58,5.0,날짜·시간,15,15,15,13
train,train_1161.jpg,31,6,7.0,7,28,1.0,가격·금액,7,7,7,7
train,train_1162.jpg,31,6,33.0,34,132,5.75,기타,33,34,33,32
train,train_1163.jpg,36,8,7.0,11,28,1.75,메뉴·상품,11,9,6,2
train,train_1164.jpg,24,6,13.0,13,52,3.0,날짜·시간,13,13,13,13
train,train_1165.jpg,33,8,6.5,7,26,2.0,메뉴·상품,7,6,7,6
train,train_1166.jpg,32,9,7.75,11,31,2.75,색상,7,11,4,9
train,train_1167.jpg,42,10,3.0,3,12,1.0,색상,3,3,3,3
train,train_1168.jpg,28,8,6.5,9,26,1.0,기타,9,6,7,4
train,train_1169.jpg,27,7,11.5,14,46,4.0,기타,14,14,9,9
train,train_1170.jpg,26,7,3.75,5,15,1.0,문자·간판 읽기,4,4,5,2
train,train_1171.jpg,24,6,6.75,8,27,1.0,문자·간판 읽기,5,6,8,8
train,train_1172.jpg,31,9,13.75,17,55,2.5,문자·간판 읽기,9,17,12,17
train,train_1173.jpg,34,8,4.75,7,19,1.0,가격·금액,6,7,3,3
train,train_1174.jpg,51,11,8.0,8,32,2.0,가격·금액,8,8,8,8
train,train_1175.jpg,41,11,4.25,5,17,1.0,메뉴·상품,5,4,4,4
train,train_1176.jpg,38,10,3.25,4,13,1.0,문자·간판 읽기,3,3,3,4
train,train_1177.jpg,26,7,2.0,2,8,1.0,가격·금액,2,2,2,2
train,train_1178.jpg,43,10,15.25,22,61,3.5,위치·방향,7,15,17,22
train,train_1179.jpg,37,10,15.75,21,63,3.75,문자·간판 읽기,13,21,13,16
train,train_1180.jpg,21,5,12.5,13,50,3.0,위치·방향,13,13,13,11
train,train_1181.jpg,28,8,4.0,4,16,1.0,문자·간판 읽기,4,4,4,4
train,train_1182.jpg,48,10,3.25,6,13,1.0,문자·간판 읽기,6,2,3,2
train,train_1183.jpg,48,12,3.0,3,12,1.0,기타,3,3,3,3
train,train_1184.jpg,41,9,6.0,6,24,2.0,가격·금액,6,6,6,6
train,train_1185.jpg,65,10,7.25,9,29,1.0,문자·간판 읽기,5,7,9,8
train,train_1186.jpg,47,10,3.75,4,15,1.0,가격·금액,4,4,3,4
train,train_1187.jpg,36,10,8.0,9,32,1.75,문자·간판 읽기,7,9,9,7
train,train_1188.jpg,48,12,12.5,13,50,4.0,색상,12,13,12,13
train,train_1189.jpg,34,9,3.0,3,12,1.0,가격·금액,3,3,3,3
train,train_1190.jpg,16,4,14.0,20,56,3.75,메뉴·상품,20,12,10,14
train,train_1191.jpg,41,9,5.75,8,23,2.0,기타,8,5,5,5
train,train_1192.jpg,35,9,7.0,7,28,1.0,문자·간판 읽기,7,7,7,7
train,train_1193.jpg,36,9,6.5,7,26,1.0,가격·금액,7,6,7,6
train,train_1194.jpg,30,9,38.25,39,153,7.0,문자·간판 읽기,39,38,38,38
train,train_1195.jpg,47,12,2.5,3,10,1.0,수량·계수,2,2,3,3
train,train_1196.jpg,25,6,8.0,8,32,1.0,전화번호,8,8,8,8
train,train_1197.jpg,16,4,6.0,6,24,2.0,문자·간판 읽기,6,6,6,6
train,train_1198.jpg,25,6,4.0,4,16,1.0,문자·간판 읽기,4,4,4,4
train,train_1199.jpg,30,8,5.75,7,23,1.0,문자·간판 읽기,6,5,5,7
train,train_1200.jpg,20,4,6.5,7,26,1.0,가격·금액,6,7,7,6
train,train_1201.jpg,23,5,5.5,6,22,1.0,가격·금액,6,6,4,6
train,train_1202.jpg,28,7,3.75,7,15,1.25,기타,2,3,3,7
train,train_1203.jpg,34,8,3.0,3,12,1.0,문자·간판 읽기,3,3,3,3
train,train_1204.jpg,35,9,6.0,8,24,1.75,기타,8,8,5,3
train,train_1205.jpg,34,9,9.0,9,36,2.0,인물·대상,9,9,9,9
train,train_1206.jpg,16,4,4.75,6,19,1.0,문자·간판 읽기,6,4,4,5
train,train_1207.jpg,28,8,9.0,10,36,2.75,문자·간판 읽기,10,9,9,8
train,train_1208.jpg,24,6,10.75,12,43,3.0,인물·대상,11,10,10,12
train,train_1209.jpg,43,8,15.25,16,61,3.0,날짜·시간,15,15,16,15
train,train_1210.jpg,23,6,3.75,4,15,1.0,메뉴·상품,4,4,4,3
train,train_1211.jpg,16,4,3.0,4,12,1.0,메뉴·상품,3,4,2,3
train,train_1212.jpg,42,10,8.75,11,35,2.0,가격·금액,7,9,11,8
train,train_1213.jpg,25,6,7.75,11,31,1.25,메뉴·상품,7,10,3,11
train,train_1214.jpg,26,7,8.5,16,34,1.75,위치·방향,6,16,5,7
train,train_1215.jpg,30,7,2.5,3,10,1.0,가격·금액,2,3,3,2
train,train_1216.jpg,15,4,14.75,23,59,2.25,기타,13,14,23,9
train,train_1217.jpg,42,10,5.0,5,20,2.0,기타,5,5,5,5
train,train_1218.jpg,32,7,13.0,13,52,1.0,전화번호,13,13,13,13
train,train_1219.jpg,32,6,6.0,6,24,1.0,가격·금액,6,6,6,6
train,train_1220.jpg,26,7,5.25,8,21,1.0,문자·간판 읽기,5,5,3,8
train,train_1221.jpg,30,9,2.25,3,9,1.0,문자·간판 읽기,3,2,2,2
train,train_1222.jpg,45,12,15.5,19,62,4.75,기타,14,14,19,15
train,train_1223.jpg,15,4,4.5,5,18,2.0,기타,5,5,4,4
train,train_1224.jpg,30,7,5.0,6,20,1.0,색상,6,5,5,4
train,train_1225.jpg,31,9,8.5,9,34,3.0,가격·금액,9,8,9,8
train,train_1226.jpg,26,7,5.5,8,22,1.25,위치·방향,8,4,6,4
train,train_1227.jpg,21,5,6.0,8,24,1.0,메뉴·상품,5,5,6,8
train,train_1228.jpg,33,8,30.25,33,121,7.5,기타,32,27,33,29
train,train_1229.jpg,27,6,7.5,9,30,1.0,기타,7,9,7,7
train,train_1230.jpg,21,6,9.0,16,36,3.0,문자·간판 읽기,16,6,6,8
train,train_1231.jpg,24,7,4.5,6,18,1.75,문자·간판 읽기,5,6,2,5
train,train_1232.jpg,28,7,21.5,32,86,6.75,기타,28,32,15,11
train,train_1233.jpg,45,12,11.5,13,46,3.25,메뉴·상품,10,11,13,12
train,train_1234.jpg,22,6,5.5,6,22,1.0,위치·방향,5,6,6,5
train,train_1235.jpg,33,8,1.0,1,4,1.0,문자·간판 읽기,1,1,1,1
train,train_1236.jpg,42,10,14.25,18,57,4.25,기타,15,10,18,14
train,train_1237.jpg,23,6,8.75,16,35,2.0,문자·간판 읽기,16,9,7,3
train,train_1238.jpg,22,5,11.0,12,44,1.0,전화번호,11,12,11,10
train,train_1239.jpg,36,9,2.5,3,10,1.0,위치·방향,3,2,3,2
train,train_1240.jpg,16,4,7.0,8,28,1.0,가격·금액,7,6,7,8
train,train_1241.jpg,26,7,4.25,6,17,1.0,기타,4,4,3,6
train,train_1242.jpg,27,7,6.25,11,25,2.25,문자·간판 읽기,6,5,11,3
train,train_1243.jpg,33,6,7.0,11,28,2.25,기타,7,5,11,5
train,train_1244.jpg,38,9,6.5,7,26,1.0,가격·금액,6,7,6,7
train,train_1245.jpg,26,7,7.5,8,30,1.5,문자·간판 읽기,8,8,8,6
train,train_1246.jpg,28,7,3.25,5,13,1.0,문자·간판 읽기,3,3,2,5
train,train_1247.jpg,20,3,4.75,5,19,1.0,가격·금액,5,4,5,5
train,train_1248.jpg,52,13,3.5,4,14,1.0,메뉴·상품,4,4,3,3
train,train_1249.jpg,31,8,10.0,10,40,3.0,위치·방향,10,10,10,10
train,train_1250.jpg,16,4,4.5,6,18,1.0,문자·간판 읽기,4,6,4,4
train,train_1251.jpg,34,9,3.0,4,12,1.0,기타,3,3,2,4
train,train_1252.jpg,35,8,2.0,2,8,1.0,수량·계수,2,2,2,2
train,train_1253.jpg,33,9,10.25,11,41,1.0,문자·간판 읽기,9,11,11,10
train,train_1254.jpg,39,9,17.5,22,70,4.5,기타,12,20,16,22
train,train_1255.jpg,24,6,3.0,3,12,1.0,문자·간판 읽기,3,3,3,3
train,train_1256.jpg,16,4,8.0,17,32,2.25,문자·간판 읽기,3,17,6,6
train,train_1257.jpg,38,10,6.25,8,25,2.0,문자·간판 읽기,6,8,5,6
train,train_1258.jpg,28,7,20.5,37,82,3.5,문자·간판 읽기,37,19,10,16
train,train_1259.jpg,45,11,10.0,10,40,3.0,가격·금액,10,10,10,10
train,train_1260.jpg,25,7,5.75,8,23,2.0,문자·간판 읽기,5,5,8,5
train,train_1261.jpg,36,10,13.0,15,52,2.0,문자·간판 읽기,12,13,12,15
train,train_1262.jpg,23,6,3.5,4,14,1.0,메뉴·상품,3,3,4,4
train,train_1263.jpg,23,6,11.0,17,44,1.75,문자·간판 읽기,7,8,17,12
train,train_1264.jpg,22,5,3.75,7,15,1.25,문자·간판 읽기,7,2,3,3
train,train_1265.jpg,28,8,23.0,31,92,4.75,기타,20,19,22,31
train,train_1266.jpg,21,5,6.0,7,24,1.75,문자·간판 읽기,6,5,7,6
train,train_1267.jpg,32,9,5.25,7,21,1.0,문자·간판 읽기,4,4,6,7
train,train_1268.jpg,48,13,4.5,5,18,1.25,메뉴·상품,5,5,5,3
train,train_1269.jpg,30,8,5.5,12,22,1.75,인물·대상,3,12,3,4
train,train_1270.jpg,27,7,6.25,9,25,1.5,문자·간판 읽기,9,5,6,5
train,train_1271.jpg,24,6,12.25,15,49,2.0,문자·간판 읽기,12,9,13,15
train,train_1272.jpg,22,6,6.0,6,24,2.0,날짜·시간,6,6,6,6
train,train_1273.jpg,47,12,2.25,3,9,1.0,수량·계수,3,2,2,2
train,train_1274.jpg,20,5,4.5,6,18,1.0,문자·간판 읽기,4,4,4,6
train,train_1275.jpg,17,4,6.75,9,27,2.0,문자·간판 읽기,6,5,9,7
train,train_1276.jpg,26,7,5.0,5,20,2.0,수량·계수,5,5,5,5
train,train_1277.jpg,45,13,10.25,11,41,3.0,위치·방향,10,11,9,11
train,train_1278.jpg,33,9,12.75,21,51,3.25,전화번호,11,11,21,8
train,train_1279.jpg,54,13,11.0,13,44,3.5,기타,8,12,13,11
train,train_1280.jpg,34,9,8.5,11,34,2.0,위치·방향,11,10,6,7
train,train_1281.jpg,16,4,7.0,8,28,2.0,문자·간판 읽기,6,7,8,7
train,train_1282.jpg,27,6,3.0,3,12,1.0,가격·금액,3,3,3,3
train,train_1283.jpg,29,4,6.0,8,24,2.25,기타,5,6,8,5
train,train_1284.jpg,31,9,21.25,25,85,3.0,문자·간판 읽기,25,20,20,20
train,train_1285.jpg,50,10,8.0,8,32,1.0,가격·금액,8,8,8,8
train,train_1286.jpg,46,11,7.5,8,30,1.0,가격·금액,8,7,7,8
train,train_1287.jpg,44,13,15.25,22,61,4.5,기타,13,22,18,8
train,train_1288.jpg,29,8,12.25,15,49,2.0,문자·간판 읽기,10,12,12,15
train,train_1289.jpg,20,5,2.75,4,11,1.0,문자·간판 읽기,2,2,3,4
train,train_1290.jpg,30,5,3.0,3,12,1.0,가격·금액,3,3,3,3
train,train_1291.jpg,27,6,6.75,7,27,1.0,전화번호,7,6,7,7
train,train_1292.jpg,33,10,4.0,4,16,1.0,메뉴·상품,4,4,4,4
train,train_1293.jpg,15,4,11.5,13,46,3.5,기타,12,13,9,12
train,train_1294.jpg,30,7,9.5,11,38,3.25,기타,8,10,11,9
train,train_1295.jpg,32,8,7.0,7,28,1.0,가격·금액,7,7,7,7
train,train_1296.jpg,16,4,6.0,10,24,1.5,문자·간판 읽기,5,6,10,3
train,train_1297.jpg,25,7,2.0,2,8,1.0,전화번호,2,2,2,2
train,train_1298.jpg,29,7,8.0,14,32,2.0,문자·간판 읽기,6,7,14,5
train,train_1299.jpg,25,6,3.0,3,12,1.0,문자·간판 읽기,3,3,3,3
train,train_1300.jpg,16,4,8.0,12,32,2.5,문자·간판 읽기,12,5,9,6
train,train_1301.jpg,48,11,26.25,30,105,7.0,메뉴·상품,30,26,28,21
train,train_1302.jpg,15,4,15.25,24,61,3.75,기타,16,11,24,10
train,train_1303.jpg,25,7,8.25,11,33,2.5,문자·간판 읽기,11,8,8,6
train,train_1304.jpg,43,9,3.0,3,12,1.0,문자·간판 읽기,3,3,3,3
train,train_1305.jpg,46,11,11.25,12,45,4.0,전화번호,11,11,11,12
train,train_1306.jpg,32,9,3.5,4,14,1.0,문자·간판 읽기,4,3,4,3
train,train_1307.jpg,58,13,10.5,12,42,2.0,가격·금액,9,11,10,12
train,train_1308.jpg,31,7,3.5,4,14,1.0,기타,4,3,3,4
train,train_1309.jpg,55,12,11.0,13,44,2.0,메뉴·상품,13,9,12,10
train,train_1310.jpg,39,10,7.0,7,28,1.0,가격·금액,7,7,7,7
train,train_1311.jpg,27,7,10.0,10,40,1.0,문자·간판 읽기,10,10,10,10
train,train_1312.jpg,37,10,9.0,9,36,1.0,전화번호,9,9,9,9
train,train_1313.jpg,30,7,6.0,6,24,1.0,가격·금액,6,6,6,6
train,train_1314.jpg,46,11,6.25,7,25,1.0,가격·금액,6,6,6,7
train,train_1315.jpg,25,7,4.75,7,19,1.75,메뉴·상품,7,3,3,6
train,train_1316.jpg,42,10,2.75,4,11,1.0,메뉴·상품,4,3,2,2
train,train_1317.jpg,34,9,6.25,12,25,1.25,기타,5,12,4,4
train,train_1318.jpg,31,7,13.0,13,52,3.0,날짜·시간,13,13,13,13
train,train_1319.jpg,25,7,6.25,7,25,2.0,문자·간판 읽기,7,6,5,7
train,train_1320.jpg,29,5,6.0,6,24,1.0,가격·금액,6,6,6,6
train,train_1321.jpg,41,11,2.5,3,10,1.0,기타,2,2,3,3
train,train_1322.jpg,35,9,5.25,7,21,1.25,문자·간판 읽기,7,4,7,3
train,train_1323.jpg,28,7,13.0,13,52,4.0,기타,13,13,13,13
train,train_1324.jpg,29,8,7.75,9,31,2.0,문자·간판 읽기,7,8,7,9
train,train_1325.jpg,16,4,6.0,6,24,1.0,가격·금액,6,6,6,6
train,train_1326.jpg,36,8,6.25,7,25,1.0,가격·금액,7,6,6,6
train,train_1327.jpg,38,9,8.75,10,35,2.0,문자·간판 읽기,9,10,8,8
train,train_1328.jpg,27,6,10.5,12,42,3.25,기타,10,12,11,9
train,train_1329.jpg,30,8,8.75,19,35,2.0,문자·간판 읽기,19,6,5,5
train,train_1330.jpg,37,8,3.0,4,12,1.0,가격·금액,4,3,2,3
train,train_1331.jpg,33,10,5.25,7,21,1.0,메뉴·상품,5,7,5,4
train,train_1332.jpg,17,4,4.0,4,16,1.0,문자·간판 읽기,4,4,4,4
train,train_1333.jpg,27,7,7.0,7,28,1.0,가격·금액,7,7,7,7
train,train_1334.jpg,23,5,12.0,12,48,1.0,메뉴·상품,12,12,12,12
train,train_1335.jpg,34,8,13.0,15,52,3.5,날짜·시간,15,15,14,8
train,train_1336.jpg,32,7,2.25,3,9,1.0,기타,2,2,2,3
train,train_1337.jpg,31,9,12.5,17,50,3.25,문자·간판 읽기,17,11,12,10
train,train_1338.jpg,58,15,32.0,35,128,5.0,인물·대상,34,30,29,35
train,train_1339.jpg,25,6,4.5,5,18,1.0,문자·간판 읽기,4,4,5,5
train,train_1340.jpg,56,10,10.75,13,43,2.25,메뉴·상품,10,11,9,13
train,train_1341.jpg,29,8,6.0,6,24,1.0,문자·간판 읽기,6,6,6,6
train,train_1342.jpg,43,11,4.0,4,16,1.0,위치·방향,4,4,4,4
train,train_1343.jpg,35,8,5.5,6,22,1.0,가격·금액,6,6,5,5
train,train_1344.jpg,32,8,6.5,7,26,2.0,가격·금액,7,6,7,6
train,train_1345.jpg,26,7,3.75,5,15,1.0,기타,3,4,3,5
train,train_1346.jpg,33,8,6.0,6,24,1.0,가격·금액,6,6,6,6
train,train_1347.jpg,24,5,5.0,8,20,1.5,문자·간판 읽기,4,4,8,4
train,train_1348.jpg,17,4,25.5,33,102,3.75,기타,21,33,25,23
train,train_1349.jpg,33,7,12.75,13,51,1.0,전화번호,13,12,13,13
train,train_1350.jpg,17,4,4.75,6,19,1.0,문자·간판 읽기,4,4,6,5
train,train_1351.jpg,29,8,8.25,10,33,1.5,문자·간판 읽기,5,9,9,10
train,train_1352.jpg,26,7,9.0,22,36,1.5,문자·간판 읽기,3,7,4,22
train,train_1353.jpg,38,9,18.0,24,72,5.0,기타,16,11,21,24
train,train_1354.jpg,45,10,10.25,11,41,3.0,날짜·시간,10,11,10,10
train,train_1355.jpg,30,7,23.0,32,92,3.5,날짜·시간,32,32,14,14
train,train_1356.jpg,28,7,3.25,4,13,1.0,문자·간판 읽기,3,3,4,3
train,train_1357.jpg,27,6,12.75,16,51,4.25,날짜·시간,12,16,12,11
train,train_1358.jpg,27,7,2.25,3,9,1.0,문자·간판 읽기,2,2,3,2
train,train_1359.jpg,22,5,2.5,3,10,1.0,가격·금액,2,3,2,3
train,train_1360.jpg,55,11,7.0,7,28,1.0,가격·금액,7,7,7,7
train,train_1361.jpg,22,5,20.0,20,80,4.0,가격·금액,20,20,20,20
train,train_1362.jpg,27,7,16.5,18,66,2.75,문자·간판 읽기,15,18,16,17
train,train_1363.jpg,40,8,11.75,12,47,3.0,날짜·시간,12,12,12,11
train,train_1364.jpg,17,4,7.0,7,28,2.0,문자·간판 읽기,7,7,7,7
train,train_1365.jpg,64,14,13.0,13,52,1.0,전화번호,13,13,13,13
train,train_1366.jpg,24,6,5.75,10,23,1.5,문자·간판 읽기,3,5,5,10
train,train_1367.jpg,59,14,11.75,13,47,3.0,기타,11,10,13,13
train,train_1368.jpg,36,9,18.5,22,74,4.75,메뉴·상품,17,22,16,19
train,train_1369.jpg,36,10,4.25,6,17,1.25,문자·간판 읽기,3,4,4,6
train,train_1370.jpg,29,8,7.25,10,29,2.0,메뉴·상품,6,10,8,5
train,train_1371.jpg,30,5,5.0,5,20,1.0,가격·금액,5,5,5,5
train,train_1372.jpg,19,4,6.0,6,24,1.0,가격·금액,6,6,6,6
train,train_1373.jpg,35,9,7.25,11,29,2.0,메뉴·상품,4,3,11,11
train,train_1374.jpg,46,11,8.25,10,33,1.0,문자·간판 읽기,7,10,9,7
train,train_1375.jpg,24,6,10.75,15,43,1.75,문자·간판 읽기,10,11,7,15
train,train_1376.jpg,34,8,27.75,40,111,7.25,기타,22,40,24,25
train,train_1377.jpg,23,6,5.0,6,20,1.25,문자·간판 읽기,6,6,2,6
train,train_1378.jpg,12,3,9.75,16,39,2.75,기타,7,16,7,9
train,train_1379.jpg,56,13,7.75,8,31,2.0,색상,8,7,8,8
train,train_1380.jpg,38,10,2.75,4,11,1.0,문자·간판 읽기,4,2,3,2
train,train_1381.jpg,20,4,2.0,2,8,1.0,기타,2,2,2,2
train,train_1382.jpg,33,7,16.0,16,64,4.0,날짜·시간,16,16,16,16
train,train_1383.jpg,41,10,2.0,2,8,1.0,수량·계수,2,2,2,2
train,train_1384.jpg,26,7,10.25,13,41,2.75,문자·간판 읽기,13,10,12,6
train,train_1385.jpg,34,10,12.25,15,49,2.0,문자·간판 읽기,15,12,11,11
train,train_1386.jpg,33,8,15.5,17,62,3.0,문자·간판 읽기,15,15,17,15
train,train_1387.jpg,45,13,17.0,17,68,5.0,위치·방향,17,17,17,17
train,train_1388.jpg,19,5,9.25,12,37,2.5,문자·간판 읽기,7,7,12,11
train,train_1389.jpg,25,7,7.75,8,31,2.0,가격·금액,8,8,8,7
train,train_1390.jpg,39,6,5.0,5,20,1.0,가격·금액,5,5,5,5
train,train_1391.jpg,15,4,12.75,14,51,2.0,문자·간판 읽기,12,11,14,14
train,train_1392.jpg,37,9,10.75,13,43,2.5,위치·방향,13,9,10,11
train,train_1393.jpg,35,9,5.0,6,20,1.0,색상,4,6,6,4
train,train_1394.jpg,28,7,20.25,26,81,6.0,위치·방향,26,16,14,25
train,train_1395.jpg,28,5,6.25,7,25,1.0,가격·금액,7,6,6,6
train,train_1396.jpg,32,8,12.5,18,50,3.25,기타,8,11,18,13
train,train_1397.jpg,34,8,23.5,28,94,4.0,기타,24,15,28,27
train,train_1398.jpg,39,12,17.0,20,68,2.75,메뉴·상품,13,20,16,19
train,train_1399.jpg,40,11,5.5,10,22,1.25,메뉴·상품,10,4,3,5
train,train_1400.jpg,49,10,6.0,6,24,2.0,가격·금액,6,6,6,6
train,train_1401.jpg,29,7,10.75,11,43,1.0,문자·간판 읽기,11,10,11,11
train,train_1402.jpg,26,7,12.5,19,50,2.25,문자·간판 읽기,11,19,10,10
train,train_1403.jpg,32,10,7.0,10,28,1.25,문자·간판 읽기,6,5,10,7
train,train_1404.jpg,26,7,11.5,13,46,2.0,문자·간판 읽기,11,11,11,13
train,train_1405.jpg,43,11,13.0,13,52,3.0,문자·간판 읽기,13,13,13,13
train,train_1406.jpg,25,6,5.5,6,22,2.0,문자·간판 읽기,6,5,5,6
train,train_1407.jpg,37,9,4.25,8,17,1.25,기타,8,2,3,4
train,train_1408.jpg,23,6,5.0,6,20,2.0,기타,5,4,6,5
train,train_1409.jpg,27,7,7.75,11,31,1.75,메뉴·상품,8,11,7,5
train,train_1410.jpg,30,8,7.75,10,31,1.75,문자·간판 읽기,8,4,10,9
train,train_1411.jpg,40,9,12.25,13,49,1.0,전화번호,12,13,11,13
train,train_1412.jpg,37,11,48.0,65,192,7.0,문자·간판 읽기,33,65,48,46
train,train_1413.jpg,49,12,3.75,5,15,1.0,기타,3,4,5,3
train,train_1414.jpg,40,10,6.0,6,24,1.0,가격·금액,6,6,6,6
train,train_1415.jpg,26,6,9.0,10,36,2.0,날짜·시간,8,8,10,10
train,train_1416.jpg,32,8,10.0,10,40,2.0,날짜·시간,10,10,10,10
train,train_1417.jpg,28,7,5.0,5,20,1.0,날짜·시간,5,5,5,5
train,train_1418.jpg,37,10,6.0,6,24,1.0,가격·금액,6,6,6,6
train,train_1419.jpg,19,5,12.75,15,51,3.5,문자·간판 읽기,14,11,15,11
train,train_1420.jpg,27,8,10.0,12,40,2.0,문자·간판 읽기,8,12,10,10
train,train_1421.jpg,16,4,5.75,6,23,1.0,가격·금액,6,6,6,5
train,train_1422.jpg,26,7,7.75,9,31,2.75,메뉴·상품,8,9,8,6
train,train_1423.jpg,42,12,8.0,9,32,1.75,위치·방향,8,9,9,6
train,train_1424.jpg,34,9,23.5,28,94,6.25,기타,28,21,25,20
train,train_1425.jpg,42,8,18.25,24,73,4.25,문자·간판 읽기,24,18,14,17
train,train_1426.jpg,19,5,3.0,3,12,1.0,문자·간판 읽기,3,3,3,3
train,train_1427.jpg,27,7,21.5,30,86,5.0,기타,30,15,22,19
train,train_1428.jpg,36,8,6.5,8,26,1.0,기타,8,4,6,8
train,train_1429.jpg,23,6,4.75,5,19,1.0,메뉴·상품,5,4,5,5
train,train_1430.jpg,39,10,11.5,15,46,3.25,문자·간판 읽기,10,11,10,15
train,train_1431.jpg,36,10,18.0,36,72,5.5,문자·간판 읽기,10,13,13,36
train,train_1432.jpg,20,4,12.0,12,48,1.0,날짜·시간,12,12,12,12
train,train_1433.jpg,57,14,5.75,9,23,1.0,메뉴·상품,9,4,5,5
train,train_1434.jpg,16,4,9.75,13,39,2.75,문자·간판 읽기,11,7,8,13
train,train_1435.jpg,16,4,11.5,16,46,3.25,기타,9,9,16,12
train,train_1436.jpg,30,8,7.0,7,28,1.0,문자·간판 읽기,7,7,7,7
train,train_1437.jpg,49,11,5.75,6,23,1.0,가격·금액,6,6,6,5
train,train_1438.jpg,22,6,3.0,3,12,1.0,문자·간판 읽기,3,3,3,3
train,train_1439.jpg,33,9,5.0,7,20,1.25,색상,4,3,6,7
train,train_1440.jpg,39,8,3.5,4,14,1.0,메뉴·상품,4,3,3,4
train,train_1441.jpg,31,8,3.75,5,15,1.0,문자·간판 읽기,3,3,4,5
train,train_1442.jpg,43,9,9.75,12,39,3.25,문자·간판 읽기,8,11,8,12
train,train_1443.jpg,29,8,22.75,27,91,5.0,기타,20,23,21,27
train,train_1444.jpg,28,8,10.0,14,40,2.5,위치·방향,14,10,6,10
train,train_1445.jpg,29,8,4.0,7,16,1.0,메뉴·상품,3,3,7,3
train,train_1446.jpg,48,11,8.0,8,32,1.0,전화번호,8,8,8,8
train,train_1447.jpg,46,7,11.0,11,44,3.0,가격·금액,11,11,11,11
train,train_1448.jpg,52,14,13.25,14,53,3.5,기타,12,14,14,13
train,train_1449.jpg,16,4,4.0,7,16,1.0,문자·간판 읽기,2,3,7,4
train,train_1450.jpg,24,6,17.75,31,71,4.5,문자·간판 읽기,12,17,31,11
train,train_1451.jpg,15,4,17.75,20,71,5.25,기타,17,17,20,17
train,train_1452.jpg,27,7,14.5,22,58,2.5,위치·방향,11,12,13,22
train,train_1453.jpg,72,16,8.5,11,34,2.25,위치·방향,9,11,7,7
train,train_1454.jpg,25,6,19.5,23,78,6.0,문자·간판 읽기,18,17,20,23
train,train_1455.jpg,46,11,5.5,7,22,1.0,가격·금액,2,7,6,7
train,train_1456.jpg,17,4,18.25,22,73,2.5,문자·간판 읽기,14,21,22,16
train,train_1457.jpg,37,8,17.25,22,69,3.75,기타,22,19,16,12
train,train_1458.jpg,36,9,11.0,15,44,3.25,기타,10,9,15,10
train,train_1459.jpg,47,12,8.0,8,32,1.0,전화번호,8,8,8,8
train,train_1460.jpg,38,11,13.0,13,52,3.0,문자·간판 읽기,13,13,13,13
train,train_1461.jpg,45,12,8.25,12,33,1.0,위치·방향,5,9,12,7
train,train_1462.jpg,35,8,6.5,7,26,1.0,가격·금액,6,7,6,7
train,train_1463.jpg,25,6,8.75,11,35,2.5,기타,11,8,6,10
train,train_1464.jpg,32,8,21.0,29,84,5.75,메뉴·상품,18,29,19,18
train,train_1465.jpg,38,10,13.75,19,55,4.75,기타,8,17,19,11
train,train_1466.jpg,20,5,7.75,8,31,2.0,기타,8,8,7,8
train,train_1467.jpg,35,10,13.0,13,52,1.0,전화번호,13,13,13,13
train,train_1468.jpg,22,4,6.0,6,24,1.0,가격·금액,6,6,6,6
train,train_1469.jpg,24,4,9.75,17,39,2.75,기타,6,7,17,9
train,train_1470.jpg,47,11,13.25,31,53,2.75,위치·방향,8,4,31,10
train,train_1471.jpg,28,8,25.0,29,100,4.25,메뉴·상품,23,21,29,27
train,train_1472.jpg,25,7,1.0,1,4,1.0,전화번호,1,1,1,1
train,train_1473.jpg,41,11,11.0,18,44,2.0,문자·간판 읽기,18,13,4,9
train,train_1474.jpg,37,9,5.0,7,20,1.5,메뉴·상품,6,4,7,3
train,train_1475.jpg,46,11,6.0,6,24,1.0,가격·금액,6,6,6,6
train,train_1476.jpg,25,6,9.5,15,38,1.75,문자·간판 읽기,9,9,5,15
train,train_1477.jpg,36,10,8.5,10,34,2.25,기타,6,8,10,10
train,train_1478.jpg,34,9,4.0,4,16,1.0,색상,4,4,4,4
train,train_1479.jpg,26,7,8.25,11,33,2.0,문자·간판 읽기,11,6,8,8
train,train_1480.jpg,42,13,4.25,8,17,1.25,기타,8,4,3,2
train,train_1481.jpg,22,6,4.5,6,18,1.0,가격·금액,4,4,6,4
train,train_1482.jpg,23,5,8.75,10,35,3.0,문자·간판 읽기,10,8,8,9
train,train_1483.jpg,32,6,10.25,13,41,3.25,문자·간판 읽기,8,13,11,9
train,train_1484.jpg,17,4,9.5,10,38,2.75,기타,10,8,10,10
train,train_1485.jpg,39,10,13.0,15,52,3.5,전화번호,12,14,15,11
train,train_1486.jpg,28,7,11.5,12,46,1.0,문자·간판 읽기,10,12,12,12
train,train_1487.jpg,23,6,9.75,10,39,3.0,문자·간판 읽기,10,10,9,10
train,train_1488.jpg,17,4,8.5,10,34,1.0,문자·간판 읽기,9,9,6,10
train,train_1489.jpg,53,13,19.0,23,76,5.5,문자·간판 읽기,17,23,17,19
train,train_1490.jpg,24,6,3.75,4,15,1.0,문자·간판 읽기,4,4,3,4
train,train_1491.jpg,19,5,5.25,6,21,1.75,문자·간판 읽기,4,6,5,6
train,train_1492.jpg,60,12,3.0,3,12,1.0,색상,3,3,3,3
train,train_1493.jpg,39,9,13.25,23,53,4.0,문자·간판 읽기,10,12,23,8
train,train_1494.jpg,51,12,11.0,14,44,3.75,기타,11,14,13,6
train,train_1495.jpg,25,7,12.25,14,49,2.0,문자·간판 읽기,10,12,14,13
train,train_1496.jpg,32,8,10.25,14,41,2.75,문자·간판 읽기,14,7,14,6
train,train_1497.jpg,23,6,8.5,9,34,2.0,문자·간판 읽기,8,9,9,8
train,train_1498.jpg,39,10,18.75,20,75,4.25,색상,19,19,17,20
train,train_1499.jpg,24,6,5.0,5,20,1.0,문자·간판 읽기,5,5,5,5
train,train_1500.jpg,16,4,6.0,6,24,2.0,문자·간판 읽기,6,6,6,6
train,train_1501.jpg,16,4,5.75,9,23,1.5,문자·간판 읽기,7,3,4,9
train,train_1502.jpg,16,4,7.75,8,31,1.0,가격·금액,7,8,8,8
train,train_1503.jpg,30,8,2.0,2,8,1.0,수량·계수,2,2,2,2
train,train_1504.jpg,32,9,4.5,7,18,1.0,전화번호,4,7,4,3
train,train_1505.jpg,51,10,20.5,21,82,6.0,기타,20,21,21,20
train,train_1506.jpg,29,8,6.5,8,26,1.25,기타,7,7,8,4
train,train_1507.jpg,22,6,10.75,15,43,3.75,기타,9,9,10,15
train,train_1508.jpg,27,7,5.25,9,21,1.25,기타,3,4,5,9
train,train_1509.jpg,39,10,15.5,17,62,5.5,기타,14,14,17,17
train,train_1510.jpg,25,7,15.75,17,63,3.0,문자·간판 읽기,17,16,15,15
train,train_1511.jpg,46,12,10.0,21,40,3.0,기타,21,6,5,8
train,train_1512.jpg,42,11,3.25,6,13,1.25,위치·방향,3,6,2,2
train,train_1513.jpg,38,9,6.0,9,24,1.75,가격·금액,9,8,4,3
train,train_1514.jpg,29,7,4.0,4,16,1.0,가격·금액,4,4,4,4
train,train_1515.jpg,24,7,17.0,26,68,2.75,문자·간판 읽기,26,15,17,10
train,train_1516.jpg,31,8,7.75,13,31,1.0,문자·간판 읽기,6,13,7,5
train,train_1517.jpg,40,8,14.75,17,59,2.25,기타,14,17,14,14
train,train_1518.jpg,19,5,3.0,3,12,1.0,기타,3,3,3,3
train,train_1519.jpg,24,6,4.0,4,16,1.0,문자·간판 읽기,4,4,4,4
train,train_1520.jpg,25,6,9.75,11,39,1.5,문자·간판 읽기,10,11,7,11
train,train_1521.jpg,20,5,15.0,22,60,2.25,메뉴·상품,16,12,22,10
train,train_1522.jpg,47,12,3.0,5,12,1.0,메뉴·상품,5,2,2,3
train,train_1523.jpg,28,6,7.75,9,31,3.0,메뉴·상품,7,7,8,9
train,train_1524.jpg,31,8,22.5,24,90,4.0,문자·간판 읽기,21,24,24,21
train,train_1525.jpg,22,6,6.0,6,24,2.0,문자·간판 읽기,6,6,6,6
train,train_1526.jpg,32,9,10.0,15,40,2.5,기타,15,7,8,10
train,train_1527.jpg,29,8,7.5,9,30,1.75,문자·간판 읽기,6,8,9,7
train,train_1528.jpg,30,9,8.25,16,33,1.5,문자·간판 읽기,4,5,8,16
train,train_1529.jpg,25,6,7.75,8,31,2.0,가격·금액,8,8,8,7
train,train_1530.jpg,18,5,9.75,14,39,2.5,문자·간판 읽기,14,9,9,7
train,train_1531.jpg,35,10,19.25,26,77,4.5,문자·간판 읽기,17,16,18,26
train,train_1532.jpg,26,7,5.5,8,22,1.0,문자·간판 읽기,3,6,8,5
train,train_1533.jpg,18,5,7.5,8,30,2.0,메뉴·상품,8,8,7,7
train,train_1534.jpg,34,8,7.0,10,28,2.25,기타,6,6,10,6
train,train_1535.jpg,54,14,6.0,6,24,1.0,가격·금액,6,6,6,6
train,train_1536.jpg,42,10,10.5,11,42,3.0,날짜·시간,11,11,9,11
train,train_1537.jpg,15,4,23.0,30,92,6.0,기타,30,19,25,18
train,train_1538.jpg,24,6,4.75,8,19,1.25,메뉴·상품,3,8,3,5
train,train_1539.jpg,22,6,29.5,30,118,9.0,문자·간판 읽기,30,29,29,30
train,train_1540.jpg,25,5,3.75,7,15,1.0,기타,7,2,4,2
train,train_1541.jpg,35,6,4.5,5,18,1.0,가격·금액,4,5,4,5
train,train_1542.jpg,35,8,6.0,6,24,1.0,가격·금액,6,6,6,6
train,train_1543.jpg,23,6,6.0,7,24,2.0,메뉴·상품,6,5,7,6
train,train_1544.jpg,19,5,11.0,15,44,2.25,문자·간판 읽기,10,9,15,10
train,train_1545.jpg,32,8,7.25,8,29,1.0,문자·간판 읽기,8,5,8,8
train,train_1546.jpg,42,10,12.5,16,50,3.0,가격·금액,16,13,8,13
train,train_1547.jpg,27,7,5.75,6,23,2.0,가격·금액,6,6,5,6
train,train_1548.jpg,31,8,3.0,3,12,1.0,문자·간판 읽기,3,3,3,3
train,train_1549.jpg,30,8,5.5,7,22,2.25,문자·간판 읽기,5,5,7,5
train,train_1550.jpg,45,12,12.5,13,50,1.0,전화번호,11,13,13,13
train,train_1551.jpg,43,9,6.0,6,24,1.0,가격·금액,6,6,6,6
train,train_1552.jpg,51,12,14.0,15,56,2.0,메뉴·상품,14,13,14,15
train,train_1553.jpg,30,7,7.75,13,31,1.5,기타,10,3,13,5
train,train_1554.jpg,16,4,4.5,7,18,1.5,문자·간판 읽기,4,2,5,7
train,train_1555.jpg,28,7,16.25,18,65,3.0,문자·간판 읽기,18,15,15,17
train,train_1556.jpg,31,8,11.75,12,47,2.0,문자·간판 읽기,12,12,12,11
train,train_1557.jpg,30,8,6.75,9,27,1.75,문자·간판 읽기,9,4,9,5
train,train_1558.jpg,24,6,5.5,6,22,2.0,기타,5,5,6,6
train,train_1559.jpg,24,6,15.25,17,61,1.0,문자·간판 읽기,15,17,14,15
train,train_1560.jpg,27,7,14.0,18,56,4.5,위치·방향,12,18,17,9
train,train_1561.jpg,33,8,12.25,13,49,1.0,전화번호,12,13,11,13
train,train_1562.jpg,37,9,10.0,13,40,1.0,전화번호,8,8,13,11
train,train_1563.jpg,27,7,7.75,9,31,1.0,문자·간판 읽기,9,8,7,7
train,train_1564.jpg,42,8,5.0,5,20,1.0,날짜·시간,5,5,5,5
train,train_1565.jpg,37,9,11.75,13,47,2.75,메뉴·상품,13,12,13,9
train,train_1566.jpg,37,10,7.25,10,29,1.25,인물·대상,10,8,6,5
train,train_1567.jpg,32,8,3.0,3,12,1.0,가격·금액,3,3,3,3
train,train_1568.jpg,33,8,2.75,3,11,1.0,메뉴·상품,2,3,3,3
train,train_1569.jpg,18,4,3.0,3,12,1.0,문자·간판 읽기,3,3,3,3
train,train_1570.jpg,20,5,4.75,5,19,1.0,문자·간판 읽기,5,4,5,5
train,train_1571.jpg,49,13,5.0,9,20,1.25,메뉴·상품,9,3,4,4
train,train_1572.jpg,57,10,36.75,62,147,9.25,기타,62,27,32,26
train,train_1573.jpg,22,6,3.25,4,13,1.0,메뉴·상품,3,3,3,4
train,train_1574.jpg,16,4,4.5,5,18,1.0,문자·간판 읽기,5,4,5,4
train,train_1575.jpg,34,10,6.0,7,24,1.0,문자·간판 읽기,7,5,7,5
train,train_1576.jpg,33,8,5.25,6,21,1.0,기타,5,5,5,6
train,train_1577.jpg,27,7,5.25,6,21,1.25,문자·간판 읽기,6,4,5,6
train,train_1578.jpg,19,6,3.25,4,13,1.0,문자·간판 읽기,3,3,3,4
train,train_1579.jpg,20,5,6.25,7,25,1.0,가격·금액,7,6,6,6
train,train_1580.jpg,44,10,16.25,18,65,4.25,문자·간판 읽기,18,14,17,16
train,train_1581.jpg,15,4,2.75,3,11,1.0,문자·간판 읽기,2,3,3,3
train,train_1582.jpg,39,9,20.5,22,82,5.0,기타,21,19,22,20
train,train_1583.jpg,35,8,10.0,13,40,3.0,기타,13,8,8,11
train,train_1584.jpg,32,9,12.5,16,50,3.5,기타,7,16,11,16
train,train_1585.jpg,21,6,15.0,21,60,2.5,문자·간판 읽기,11,19,21,9
train,train_1586.jpg,28,6,6.25,7,25,2.0,메뉴·상품,6,6,7,6
train,train_1587.jpg,17,4,14.0,18,56,3.25,기타,14,13,18,11
train,train_1588.jpg,31,8,3.0,4,12,1.0,문자·간판 읽기,3,3,4,2
train,train_1589.jpg,33,9,4.5,8,18,1.25,문자·간판 읽기,8,4,3,3
train,train_1590.jpg,46,11,6.0,6,24,2.0,가격·금액,6,6,6,6
train,train_1591.jpg,24,7,5.0,5,20,1.0,날짜·시간,5,5,5,5
train,train_1592.jpg,58,11,59.5,72,238,7.75,기타,72,60,43,63
train,train_1593.jpg,40,12,20.5,23,82,5.0,기타,23,19,23,17
train,train_1594.jpg,31,7,6.25,7,25,1.75,기타,6,6,6,7
train,train_1595.jpg,57,13,13.25,15,53,3.5,위치·방향,13,12,13,15
train,train_1596.jpg,20,4,11.0,11,44,1.0,날짜·시간,11,11,11,11
train,train_1597.jpg,20,6,5.75,6,23,2.0,수량·계수,6,6,5,6
train,train_1598.jpg,36,10,3.0,3,12,1.0,전화번호,3,3,3,3
train,train_1599.jpg,61,16,10.25,12,41,3.0,문자·간판 읽기,9,11,12,9
train,train_1600.jpg,43,11,9.25,12,37,1.75,가격·금액,11,12,8,6
train,train_1601.jpg,26,6,4.25,5,17,1.0,문자·간판 읽기,5,4,3,5
train,train_1602.jpg,55,13,4.0,4,16,2.0,수량·계수,4,4,4,4
train,train_1603.jpg,33,9,11.75,13,47,3.25,문자·간판 읽기,13,11,11,12
train,train_1604.jpg,24,6,11.75,15,47,2.0,인물·대상,11,15,10,11
train,train_1605.jpg,16,4,6.5,11,26,1.5,문자·간판 읽기,4,4,11,7
train,train_1606.jpg,37,11,4.5,5,18,1.0,문자·간판 읽기,4,5,4,5
train,train_1607.jpg,26,7,4.0,4,16,1.0,문자·간판 읽기,4,4,4,4
train,train_1608.jpg,45,12,2.25,3,9,1.0,메뉴·상품,2,2,3,2
train,train_1609.jpg,16,4,4.25,5,17,1.75,문자·간판 읽기,5,2,5,5
train,train_1610.jpg,51,13,10.0,10,40,1.0,전화번호,10,10,10,10
train,train_1611.jpg,24,6,12.5,13,50,1.5,전화번호,12,12,13,13
train,train_1612.jpg,21,5,10.5,11,42,3.0,색상,11,11,10,10
train,train_1613.jpg,34,8,10.25,22,41,3.25,기타,5,9,22,5
train,train_1614.jpg,52,12,5.75,8,23,1.75,날짜·시간,6,3,8,6
train,train_1615.jpg,18,4,6.0,7,24,2.25,문자·간판 읽기,6,7,5,6
train,train_1616.jpg,35,8,16.75,20,67,2.0,문자·간판 읽기,20,17,15,15
train,train_1617.jpg,27,7,22.75,23,91,5.0,문자·간판 읽기,22,23,23,23
train,train_1618.jpg,43,9,24.25,32,97,7.0,문자·간판 읽기,32,22,19,24
train,train_1619.jpg,29,8,6.0,6,24,1.0,가격·금액,6,6,6,6
train,train_1620.jpg,22,5,2.0,2,8,1.0,전화번호,2,2,2,2
train,train_1621.jpg,31,7,5.75,6,23,2.0,가격·금액,6,6,5,6
train,train_1622.jpg,16,4,2.75,3,11,1.0,기타,3,3,3,2
train,train_1623.jpg,25,7,7.25,13,29,2.0,위치·방향,6,6,13,4
train,train_1624.jpg,28,6,3.5,4,14,1.0,메뉴·상품,4,3,3,4
train,train_1625.jpg,34,10,8.75,11,35,2.25,기타,5,8,11,11
train,train_1626.jpg,36,8,2.25,3,9,1.0,위치·방향,2,3,2,2
train,train_1627.jpg,22,6,9.0,11,36,1.5,문자·간판 읽기,11,9,6,10
train,train_1628.jpg,45,10,8.0,11,32,2.75,문자·간판 읽기,11,6,5,10
train,train_1629.jpg,37,7,7.25,8,29,1.0,가격·금액,7,8,7,7
train,train_1630.jpg,35,10,17.5,19,70,4.0,문자·간판 읽기,18,16,17,19
train,train_1631.jpg,31,8,4.25,5,17,1.0,메뉴·상품,5,4,4,4
train,train_1632.jpg,27,7,9.5,11,38,2.5,색상,11,10,8,9
train,train_1633.jpg,35,7,4.0,4,16,1.0,문자·간판 읽기,4,4,4,4
train,train_1634.jpg,25,6,8.0,8,32,1.0,전화번호,8,8,8,8
train,train_1635.jpg,27,7,17.25,21,69,3.25,문자·간판 읽기,14,16,18,21
train,train_1636.jpg,24,7,4.0,4,16,1.0,위치·방향,4,4,4,4
train,train_1637.jpg,36,10,10.5,12,42,1.75,메뉴·상품,6,12,12,12
train,train_1638.jpg,20,5,18.0,18,72,5.0,문자·간판 읽기,18,18,18,18
train,train_1639.jpg,30,8,3.25,4,13,1.0,문자·간판 읽기,4,2,4,3
train,train_1640.jpg,42,12,3.25,4,13,1.0,문자·간판 읽기,3,4,3,3
train,train_1641.jpg,38,9,9.0,9,36,3.0,가격·금액,9,9,9,9
train,train_1642.jpg,35,9,4.0,5,16,1.0,위치·방향,2,5,5,4
train,train_1643.jpg,16,4,8.75,17,35,1.75,문자·간판 읽기,17,4,6,8
train,train_1644.jpg,17,4,4.5,6,18,1.0,문자·간판 읽기,3,6,5,4
train,train_1645.jpg,43,11,3.5,7,14,1.25,위치·방향,2,3,7,2
train,train_1646.jpg,22,6,4.0,4,16,1.0,인물·대상,4,4,4,4
train,train_1647.jpg,41,10,19.5,23,78,5.25,가격·금액,16,21,23,18
train,train_1648.jpg,48,12,11.75,15,47,2.75,기타,11,15,12,9
train,train_1649.jpg,34,7,4.25,5,17,1.5,기타,5,5,4,3
train,train_1650.jpg,28,8,5.5,6,22,1.0,문자·간판 읽기,4,6,6,6
train,train_1651.jpg,28,7,2.5,3,10,1.0,메뉴·상품,2,3,3,2
train,train_1652.jpg,37,10,6.5,7,26,1.75,위치·방향,7,7,7,5
train,train_1653.jpg,18,4,8.5,10,34,2.5,문자·간판 읽기,8,8,10,8
train,train_1654.jpg,26,6,3.5,4,14,1.0,메뉴·상품,3,4,3,4
train,train_1655.jpg,44,10,24.5,27,98,6.0,날짜·시간,23,25,27,23
train,train_1656.jpg,22,4,9.25,13,37,1.0,전화번호,13,8,8,8
train,train_1657.jpg,53,14,13.0,15,52,3.75,날짜·시간,15,11,14,12
train,train_1658.jpg,50,13,7.0,9,28,1.0,문자·간판 읽기,9,7,6,6
train,train_1659.jpg,40,10,12.5,17,50,3.5,문자·간판 읽기,12,17,12,9
train,train_1660.jpg,23,5,11.0,11,44,1.0,날짜·시간,11,11,11,11
train,train_1661.jpg,32,7,4.0,4,16,1.0,가격·금액,4,4,4,4
train,train_1662.jpg,26,7,10.75,20,43,1.75,위치·방향,20,12,6,5
train,train_1663.jpg,31,8,5.0,5,20,1.0,가격·금액,5,5,5,5
train,train_1664.jpg,42,10,6.0,7,24,1.0,전화번호,7,7,4,6
train,train_1665.jpg,16,4,5.25,7,21,1.0,메뉴·상품,5,7,5,4
train,train_1666.jpg,37,10,4.0,5,16,1.0,색상,4,5,4,3
train,train_1667.jpg,21,5,7.0,8,28,1.0,전화번호,8,4,8,8
train,train_1668.jpg,54,12,18.5,22,74,2.25,가격·금액,22,20,17,15
train,train_1669.jpg,26,6,8.5,13,34,2.25,메뉴·상품,13,6,7,8
train,train_1670.jpg,20,4,10.0,10,40,1.0,날짜·시간,10,10,10,10
train,train_1671.jpg,23,6,17.75,20,71,3.0,문자·간판 읽기,16,20,17,18
train,train_1672.jpg,42,10,2.75,3,11,1.0,색상,3,2,3,3
train,train_1673.jpg,15,4,6.75,8,27,2.0,기타,8,7,6,6
train,train_1674.jpg,24,7,16.25,17,65,3.0,문자·간판 읽기,16,16,17,16
train,train_1675.jpg,40,8,7.0,7,28,2.0,기타,7,7,7,7
train,train_1676.jpg,45,10,4.25,5,17,1.25,위치·방향,5,4,4,4
train,train_1677.jpg,28,8,22.5,23,90,6.0,문자·간판 읽기,22,22,23,23
train,train_1678.jpg,29,6,6.75,7,27,1.0,가격·금액,7,7,6,7
train,train_1679.jpg,32,9,6.5,9,26,1.5,메뉴·상품,9,7,4,6
train,train_1680.jpg,33,9,6.0,8,24,1.0,메뉴·상품,5,8,6,5
train,train_1681.jpg,36,7,9.25,10,37,3.0,기타,10,9,9,9
train,train_1682.jpg,54,12,4.75,5,19,1.0,메뉴·상품,5,4,5,5
train,train_1683.jpg,24,6,5.0,9,20,1.25,문자·간판 읽기,4,9,3,4
train,train_1684.jpg,33,8,5.0,5,20,1.0,가격·금액,5,5,5,5
train,train_1685.jpg,40,10,5.5,7,22,1.0,위치·방향,6,5,7,4
train,train_1686.jpg,35,10,16.5,19,66,4.0,문자·간판 읽기,18,13,16,19
train,train_1687.jpg,40,9,31.75,33,127,5.0,문자·간판 읽기,33,32,32,30
train,train_1688.jpg,27,6,7.5,8,30,1.0,기타,8,7,8,7
train,train_1689.jpg,50,9,6.75,7,27,2.0,기타,6,7,7,7
train,train_1690.jpg,20,5,10.0,12,40,2.0,위치·방향,9,12,9,10
train,train_1691.jpg,38,7,18.5,23,74,2.75,기타,15,23,18,18
train,train_1692.jpg,44,12,4.0,4,16,1.0,기타,4,4,4,4
train,train_1693.jpg,15,4,10.75,15,43,2.75,기타,7,15,10,11
train,train_1694.jpg,43,10,4.75,10,19,1.5,가격·금액,10,3,3,3
train,train_1695.jpg,49,12,6.25,8,25,1.75,날짜·시간,8,4,5,8
train,train_1696.jpg,37,8,19.0,19,76,3.0,날짜·시간,19,19,19,19
train,train_1697.jpg,31,8,15.0,19,60,2.0,위치·방향,12,16,19,13
train,train_1698.jpg,18,4,6.75,7,27,1.0,가격·금액,6,7,7,7
train,train_1699.jpg,25,7,4.0,4,16,1.0,문자·간판 읽기,4,4,4,4
train,train_1700.jpg,34,7,20.75,23,83,4.25,문자·간판 읽기,21,17,22,23
train,train_1701.jpg,27,7,12.0,15,48,3.5,기타,10,12,15,11
train,train_1702.jpg,38,9,6.75,9,27,1.75,메뉴·상품,5,8,5,9
train,train_1703.jpg,34,10,14.5,15,58,2.0,문자·간판 읽기,14,15,14,15
train,train_1704.jpg,16,4,11.5,23,46,3.25,문자·간판 읽기,8,23,10,5
train,train_1705.jpg,25,7,3.75,4,15,1.0,메뉴·상품,3,4,4,4
train,train_1706.jpg,24,6,15.25,16,61,3.75,위치·방향,15,15,16,15
train,train_1707.jpg,39,11,5.25,6,21,1.25,기타,5,6,5,5
train,train_1708.jpg,27,7,3.0,3,12,1.0,위치·방향,3,3,3,3
train,train_1709.jpg,23,6,19.75,22,79,3.5,문자·간판 읽기,19,17,21,22
train,train_1710.jpg,55,15,4.25,5,17,1.25,위치·방향,5,4,5,3
train,train_1711.jpg,37,9,5.75,8,23,1.25,메뉴·상품,8,7,2,6
train,train_1712.jpg,30,8,11.0,14,44,2.5,문자·간판 읽기,14,10,10,10
train,train_1713.jpg,29,7,4.0,5,16,1.0,메뉴·상품,4,5,3,4
train,train_1714.jpg,35,9,24.0,27,96,6.75,기타,25,25,19,27
train,train_1715.jpg,48,13,6.0,7,24,1.0,기타,5,7,5,7
train,train_1716.jpg,21,6,10.5,15,42,2.5,문자·간판 읽기,12,9,6,15
train,train_1717.jpg,40,9,6.5,7,26,1.0,가격·금액,6,7,6,7
train,train_1718.jpg,50,13,5.75,7,23,1.0,메뉴·상품,7,5,6,5
train,train_1719.jpg,25,6,6.25,11,25,1.75,메뉴·상품,6,11,4,4
train,train_1720.jpg,26,6,10.0,12,40,2.0,문자·간판 읽기,10,11,7,12
train,train_1721.jpg,38,8,11.0,11,44,1.0,날짜·시간,11,11,11,11
train,train_1722.jpg,31,8,14.0,24,56,4.0,기타,10,11,11,24
train,train_1723.jpg,33,8,13.25,31,53,3.5,위치·방향,8,6,31,8
train,train_1724.jpg,29,8,5.25,7,21,1.5,색상,7,4,4,6
train,train_1725.jpg,28,7,9.25,13,37,1.0,전화번호,8,13,8,8
train,train_1726.jpg,31,6,6.0,6,24,1.0,가격·금액,6,6,6,6
train,train_1727.jpg,49,12,17.0,17,68,5.0,위치·방향,17,17,17,17
train,train_1728.jpg,25,7,5.5,7,22,1.5,문자·간판 읽기,7,4,5,6
train,train_1729.jpg,16,4,8.0,8,32,2.0,기타,8,8,8,8
train,train_1730.jpg,31,8,6.0,7,24,2.0,전화번호,7,6,5,6
train,train_1731.jpg,27,7,3.75,4,15,1.0,문자·간판 읽기,4,3,4,4
train,train_1732.jpg,29,7,7.0,7,28,1.0,가격·금액,7,7,7,7
train,train_1733.jpg,34,9,8.0,8,32,1.0,전화번호,8,8,8,8
train,train_1734.jpg,34,10,6.5,9,26,1.75,문자·간판 읽기,3,9,9,5
train,train_1735.jpg,30,7,5.75,9,23,1.5,문자·간판 읽기,3,7,9,4
train,train_1736.jpg,24,6,8.0,8,32,1.0,전화번호,8,8,8,8
train,train_1737.jpg,35,9,4.25,5,17,1.0,날짜·시간,3,5,5,4
train,train_1738.jpg,43,11,12.75,19,51,3.25,문자·간판 읽기,12,11,9,19
train,train_1739.jpg,69,13,29.25,30,117,7.0,기타,30,30,30,27
train,train_1740.jpg,26,7,12.0,17,48,2.25,문자·간판 읽기,10,6,17,15
train,train_1741.jpg,24,6,13.0,14,52,2.0,문자·간판 읽기,12,13,13,14
train,train_1742.jpg,21,6,3.25,4,13,1.0,문자·간판 읽기,4,3,3,3
train,train_1743.jpg,32,8,4.75,6,19,1.0,위치·방향,5,4,4,6
train,train_1744.jpg,34,8,3.25,4,13,1.0,메뉴·상품,3,4,3,3
train,train_1745.jpg,41,9,7.0,7,28,1.0,가격·금액,7,7,7,7
train,train_1746.jpg,47,12,18.0,21,72,4.75,기타,17,21,14,20
train,train_1747.jpg,16,4,8.0,10,32,2.5,메뉴·상품,7,10,7,8
train,train_1748.jpg,23,5,5.75,9,23,2.25,기타,4,9,5,5
train,train_1749.jpg,33,8,6.0,6,24,1.0,가격·금액,6,6,6,6
train,train_1750.jpg,31,8,3.0,3,12,1.0,가격·금액,3,3,3,3
train,train_1751.jpg,16,4,10.0,19,40,2.25,문자·간판 읽기,3,12,19,6
train,train_1752.jpg,24,6,5.5,7,22,1.75,문자·간판 읽기,4,5,7,6
train,train_1753.jpg,39,9,7.25,8,29,2.0,메뉴·상품,8,8,6,7
train,train_1754.jpg,32,8,4.5,8,18,1.0,위치·방향,3,3,4,8
train,train_1755.jpg,49,12,10.0,13,40,3.0,문자·간판 읽기,12,8,7,13
train,train_1756.jpg,20,5,7.25,8,29,1.0,가격·금액,7,7,8,7
train,train_1757.jpg,23,6,3.5,4,14,1.0,가격·금액,3,4,4,3
train,train_1758.jpg,28,8,13.0,17,52,2.0,문자·간판 읽기,11,17,11,13
train,train_1759.jpg,16,4,4.75,6,19,1.0,문자·간판 읽기,4,4,6,5
train,train_1760.jpg,28,7,8.25,9,33,2.75,색상,9,9,6,9
train,train_1761.jpg,36,8,6.0,6,24,2.0,가격·금액,6,6,6,6
train,train_1762.jpg,38,8,6.25,7,25,1.0,가격·금액,6,6,7,6
train,train_1763.jpg,31,6,18.5,32,74,4.75,기타,14,14,14,32
train,train_1764.jpg,28,7,6.0,8,24,1.25,문자·간판 읽기,4,6,8,6
train,train_1765.jpg,46,10,5.25,6,21,1.0,문자·간판 읽기,5,5,5,6
train,train_1766.jpg,31,6,22.0,22,88,4.0,가격·금액,22,22,22,22
train,train_1767.jpg,64,12,5.25,6,21,2.0,가격·금액,5,6,5,5
train,train_1768.jpg,36,8,11.5,13,46,2.0,문자·간판 읽기,12,10,11,13
train,train_1769.jpg,20,5,6.0,6,24,2.0,문자·간판 읽기,6,6,6,6
train,train_1770.jpg,33,8,11.75,16,47,2.0,색상,9,16,11,11
train,train_1771.jpg,25,7,8.75,14,35,1.5,문자·간판 읽기,7,4,10,14
train,train_1772.jpg,46,9,13.5,14,54,2.0,기타,14,13,13,14
train,train_1773.jpg,39,9,17.5,22,70,3.75,기타,22,15,18,15
train,train_1774.jpg,51,14,10.75,19,43,3.0,날짜·시간,7,5,12,19
train,train_1775.jpg,24,6,12.75,13,51,1.0,전화번호,12,13,13,13
train,train_1776.jpg,35,9,9.5,13,38,3.75,기타,8,13,4,13
train,train_1777.jpg,38,10,17.5,31,70,4.75,문자·간판 읽기,5,22,31,12
train,train_1778.jpg,22,6,4.0,4,16,1.0,문자·간판 읽기,4,4,4,4
train,train_1779.jpg,38,8,14.75,18,59,3.75,기타,18,9,14,18
train,train_1780.jpg,44,10,21.25,29,85,5.25,기타,20,17,19,29
train,train_1781.jpg,17,4,4.25,5,17,2.0,가격·금액,4,4,5,4
train,train_1782.jpg,18,4,13.0,13,52,2.0,날짜·시간,13,13,13,13
train,train_1783.jpg,26,7,3.0,3,12,1.0,색상,3,3,3,3
train,train_1784.jpg,34,11,1.25,2,5,1.0,문자·간판 읽기,2,1,1,1
train,train_1785.jpg,42,12,2.25,3,9,1.0,문자·간판 읽기,2,3,2,2
train,train_1786.jpg,36,8,5.0,5,20,1.0,날짜·시간,5,5,5,5
train,train_1787.jpg,35,8,4.5,6,18,1.25,문자·간판 읽기,4,4,6,4
train,train_1788.jpg,48,11,9.0,9,36,2.0,문자·간판 읽기,9,9,9,9
train,train_1789.jpg,30,9,5.25,7,21,1.0,문자·간판 읽기,5,4,7,5
train,train_1790.jpg,16,4,6.0,9,24,1.0,문자·간판 읽기,6,9,5,4
train,train_1791.jpg,32,9,4.75,6,19,1.0,기타,4,6,5,4
train,train_1792.jpg,38,9,2.75,4,11,1.0,기타,3,2,2,4
train,train_1793.jpg,24,6,6.25,7,25,2.0,날짜·시간,6,7,7,5
train,train_1794.jpg,28,7,11.5,13,46,1.0,전화번호,12,13,13,8
train,train_1795.jpg,23,5,14.0,29,56,3.5,인물·대상,6,29,6,15
train,train_1796.jpg,24,6,6.75,9,27,1.0,색상,8,9,6,4
train,train_1797.jpg,23,6,4.75,8,19,1.25,문자·간판 읽기,4,4,8,3
train,train_1798.jpg,25,6,6.25,7,25,2.0,메뉴·상품,6,6,6,7
train,train_1799.jpg,27,7,6.25,7,25,1.25,문자·간판 읽기,7,6,6,6
train,train_1800.jpg,28,6,6.5,10,26,2.25,메뉴·상품,6,3,10,7
train,train_1801.jpg,36,6,9.75,12,39,1.0,전화번호,9,12,8,10
train,train_1802.jpg,27,7,6.25,11,25,1.25,문자·간판 읽기,4,6,4,11
train,train_1803.jpg,29,6,3.0,3,12,1.0,가격·금액,3,3,3,3
train,train_1804.jpg,29,7,5.5,6,22,2.0,날짜·시간,5,6,6,5
train,train_1805.jpg,36,10,2.0,2,8,1.0,문자·간판 읽기,2,2,2,2
train,train_1806.jpg,21,5,7.5,14,30,2.0,위치·방향,14,8,5,3
train,train_1807.jpg,40,11,2.25,3,9,1.0,기타,2,3,1,3
train,train_1808.jpg,29,8,6.75,8,27,2.0,가격·금액,7,8,6,6
train,train_1809.jpg,21,3,6.0,6,24,1.0,가격·금액,6,6,6,6
train,train_1810.jpg,35,8,6.0,6,24,1.0,가격·금액,6,6,6,6
train,train_1811.jpg,34,9,2.75,3,11,1.0,문자·간판 읽기,3,3,3,2
train,train_1812.jpg,32,9,12.75,17,51,3.0,문자·간판 읽기,11,17,13,10
train,train_1813.jpg,45,14,5.5,6,22,1.0,가격·금액,6,6,4,6
train,train_1814.jpg,35,10,27.5,28,110,4.0,문자·간판 읽기,27,27,28,28
train,train_1815.jpg,38,10,7.25,9,29,2.0,색상,6,6,8,9
train,train_1816.jpg,27,8,11.0,13,44,3.0,위치·방향,11,13,10,10
train,train_1817.jpg,19,5,7.25,9,29,2.5,메뉴·상품,7,6,9,7
train,train_1818.jpg,32,8,3.0,5,12,1.25,기타,2,3,2,5
train,train_1819.jpg,40,11,4.0,5,16,1.25,가격·금액,4,5,5,2
train,train_1820.jpg,23,6,5.75,6,23,2.0,기타,6,5,6,6
train,train_1821.jpg,22,5,4.5,6,18,1.0,문자·간판 읽기,6,4,5,3
train,train_1822.jpg,41,10,9.0,12,36,2.5,메뉴·상품,7,10,12,7
train,train_1823.jpg,44,11,12.0,15,48,1.75,메뉴·상품,15,11,12,10
train,train_1824.jpg,21,5,6.0,6,24,1.0,가격·금액,6,6,6,6
train,train_1825.jpg,33,7,4.0,6,16,1.0,기타,6,3,3,4
train,train_1826.jpg,29,8,5.5,6,22,1.0,위치·방향,6,6,6,4
train,train_1827.jpg,36,9,17.0,21,68,5.25,날짜·시간,21,13,13,21
train,train_1828.jpg,37,8,7.25,8,29,1.5,전화번호,7,7,7,8
train,train_1829.jpg,25,6,6.75,11,27,1.25,기타,6,5,11,5
train,train_1830.jpg,36,8,2.0,2,8,1.0,수량·계수,2,2,2,2
train,train_1831.jpg,46,12,7.0,10,28,2.25,날짜·시간,7,10,6,5
train,train_1832.jpg,24,6,12.75,23,51,2.75,메뉴·상품,4,11,23,13
train,train_1833.jpg,17,4,26.75,30,107,5.0,기타,26,22,30,29
train,train_1834.jpg,33,9,6.0,6,24,2.0,수량·계수,6,6,6,6
train,train_1835.jpg,35,9,3.0,3,12,1.0,가격·금액,3,3,3,3
train,train_1836.jpg,40,9,13.0,13,52,3.0,날짜·시간,13,13,13,13
train,train_1837.jpg,41,9,5.25,7,21,1.5,기타,6,3,5,7
train,train_1838.jpg,34,9,2.75,4,11,1.0,위치·방향,2,2,3,4
train,train_1839.jpg,16,4,5.75,7,23,1.0,메뉴·상품,7,6,5,5
train,train_1840.jpg,40,10,5.25,9,21,1.5,기타,9,4,4,4
train,train_1841.jpg,41,10,5.0,6,20,1.75,색상,6,5,3,6
train,train_1842.jpg,26,7,8.0,8,32,1.0,문자·간판 읽기,8,8,8,8
train,train_1843.jpg,30,7,12.75,15,51,2.5,기타,14,15,11,11
train,train_1844.jpg,18,5,6.5,8,26,2.0,위치·방향,8,6,6,6
train,train_1845.jpg,15,4,4.0,5,16,1.0,문자·간판 읽기,5,5,2,4
train,train_1846.jpg,23,6,7.0,7,28,1.0,가격·금액,7,7,7,7
train,train_1847.jpg,37,9,16.0,18,64,3.0,메뉴·상품,18,17,15,14
train,train_1848.jpg,25,7,8.5,15,34,2.5,기타,5,15,8,6
train,train_1849.jpg,28,6,2.0,2,8,1.0,가격·금액,2,2,2,2
train,train_1850.jpg,28,7,12.0,12,48,3.0,날짜·시간,12,12,12,12
train,train_1851.jpg,20,5,16.25,18,65,2.25,문자·간판 읽기,16,14,17,18
train,train_1852.jpg,23,6,17.5,19,70,4.0,기타,15,18,19,18
train,train_1853.jpg,29,8,16.0,33,64,2.75,문자·간판 읽기,11,9,33,11
train,train_1854.jpg,16,4,4.5,6,18,1.0,메뉴·상품,4,4,6,4
train,train_1855.jpg,22,6,5.5,6,22,2.0,위치·방향,5,6,6,5
train,train_1856.jpg,20,5,6.0,10,24,1.5,기타,10,4,4,6
train,train_1857.jpg,16,4,4.75,7,19,1.25,문자·간판 읽기,4,2,6,7
train,train_1858.jpg,18,5,13.0,13,52,3.0,날짜·시간,13,13,13,13
train,train_1859.jpg,26,5,8.0,8,32,1.0,전화번호,8,8,8,8
train,train_1860.jpg,58,12,3.5,4,14,1.0,메뉴·상품,4,3,3,4
train,train_1861.jpg,31,6,9.75,14,39,2.5,날짜·시간,5,14,6,14
train,train_1862.jpg,36,10,4.75,6,19,1.0,메뉴·상품,4,6,5,4
train,train_1863.jpg,34,10,15.5,24,62,3.5,문자·간판 읽기,24,16,11,11
train,train_1864.jpg,47,10,3.25,4,13,1.0,위치·방향,4,3,3,3
train,train_1865.jpg,33,8,7.0,7,28,1.0,가격·금액,7,7,7,7
train,train_1866.jpg,35,8,8.5,9,34,2.5,기타,9,8,9,8
train,train_1867.jpg,40,9,2.75,3,11,1.0,색상,2,3,3,3
train,train_1868.jpg,22,6,5.75,6,23,2.0,날짜·시간,6,6,6,5
train,train_1869.jpg,23,6,2.75,4,11,1.0,색상,2,4,2,3
train,train_1870.jpg,19,4,7.0,7,28,1.0,가격·금액,7,7,7,7
train,train_1871.jpg,47,13,10.75,13,43,3.25,인물·대상,8,10,13,12
train,train_1872.jpg,58,15,19.0,19,76,6.0,기타,19,19,19,19
train,train_1873.jpg,34,9,2.0,2,8,1.0,수량·계수,2,2,2,2
train,train_1874.jpg,60,10,15.5,19,62,2.75,기타,12,17,19,14
train,train_1875.jpg,44,13,4.25,5,17,1.0,위치·방향,4,4,5,4
train,train_1876.jpg,23,6,4.0,4,16,1.0,수량·계수,4,4,4,4
train,train_1877.jpg,34,8,6.0,7,24,2.0,위치·방향,5,7,6,6
train,train_1878.jpg,21,6,6.75,12,27,2.5,문자·간판 읽기,6,4,5,12
train,train_1879.jpg,46,12,7.0,7,28,2.0,수량·계수,7,7,7,7
train,train_1880.jpg,25,7,6.75,8,27,1.5,문자·간판 읽기,8,6,5,8
train,train_1881.jpg,33,9,6.0,6,24,1.0,가격·금액,6,6,6,6
train,train_1882.jpg,26,5,14.5,16,58,1.0,기타,16,15,15,12
train,train_1883.jpg,48,13,3.0,3,12,1.0,기타,3,3,3,3
train,train_1884.jpg,26,7,4.75,5,19,2.0,메뉴·상품,5,5,5,4
train,train_1885.jpg,40,9,6.0,6,24,1.0,가격·금액,6,6,6,6
train,train_1886.jpg,26,6,5.75,7,23,1.0,문자·간판 읽기,7,6,4,6
train,train_1887.jpg,38,9,14.0,20,56,3.5,인물·대상,12,13,11,20
train,train_1888.jpg,50,11,13.25,19,53,4.0,기타,11,19,10,13
train,train_1889.jpg,53,12,13.5,16,54,4.25,날짜·시간,16,13,9,16
train,train_1890.jpg,21,6,17.25,24,69,4.0,문자·간판 읽기,24,18,14,13
train,train_1891.jpg,25,6,3.0,3,12,1.0,기타,3,3,3,3
train,train_1892.jpg,24,6,6.5,9,26,1.5,문자·간판 읽기,9,4,9,4
train,train_1893.jpg,30,8,7.0,7,28,1.0,문자·간판 읽기,7,7,7,7
train,train_1894.jpg,30,8,7.5,11,30,1.25,문자·간판 읽기,6,6,7,11
train,train_1895.jpg,42,10,8.75,11,35,2.5,위치·방향,7,11,7,10
train,train_1896.jpg,25,6,6.75,9,27,2.0,기타,6,5,9,7
train,train_1897.jpg,23,6,5.25,6,21,1.0,문자·간판 읽기,6,5,4,6
train,train_1898.jpg,35,7,10.5,12,42,2.75,날짜·시간,12,6,12,12
train,train_1899.jpg,24,6,6.0,7,24,1.75,문자·간판 읽기,5,7,7,5
train,train_1900.jpg,39,8,8.0,9,32,2.75,기타,9,9,5,9
train,train_1901.jpg,38,9,18.5,20,74,4.75,기타,19,15,20,20
train,train_1902.jpg,46,10,8.0,10,32,2.25,기타,7,10,8,7
train,train_1903.jpg,20,6,6.5,7,26,2.0,문자·간판 읽기,7,6,6,7
train,train_1904.jpg,25,4,6.0,6,24,1.0,가격·금액,6,6,6,6
train,train_1905.jpg,21,5,12.75,13,51,1.0,전화번호,12,13,13,13
train,train_1906.jpg,34,8,11.25,12,45,3.75,기타,9,12,12,12
train,train_1907.jpg,24,7,6.0,6,24,1.0,문자·간판 읽기,6,6,6,6
train,train_1908.jpg,42,8,4.0,4,16,1.0,가격·금액,4,4,4,4
train,train_1909.jpg,25,6,11.0,13,44,1.0,전화번호,11,12,8,13
train,train_1910.jpg,37,10,9.5,13,38,2.0,위치·방향,11,6,13,8
train,train_1911.jpg,30,9,8.25,12,33,2.25,문자·간판 읽기,6,9,6,12
train,train_1912.jpg,26,7,9.0,10,36,2.25,위치·방향,10,10,6,10
train,train_1913.jpg,22,5,3.25,4,13,1.0,메뉴·상품,3,4,3,3
train,train_1914.jpg,33,8,9.5,12,38,1.75,문자·간판 읽기,10,10,12,6
train,train_1915.jpg,35,9,22.0,22,88,6.0,문자·간판 읽기,22,22,22,22
train,train_1916.jpg,47,9,20.5,26,82,5.25,위치·방향,18,19,19,26
train,train_1917.jpg,41,8,6.0,6,24,1.0,가격·금액,6,6,6,6
train,train_1918.jpg,16,4,11.0,11,44,2.0,메뉴·상품,11,11,11,11
train,train_1919.jpg,20,5,11.0,15,44,2.75,문자·간판 읽기,13,7,9,15
train,train_1920.jpg,47,12,8.0,8,32,1.0,전화번호,8,8,8,8
train,train_1921.jpg,31,7,8.0,8,32,2.0,가격·금액,8,8,8,8
train,train_1922.jpg,46,8,7.0,7,28,1.0,가격·금액,7,7,7,7
train,train_1923.jpg,19,4,4.0,4,16,1.0,전화번호,4,4,4,4
train,train_1924.jpg,36,10,7.25,11,29,2.25,기타,4,6,11,8
train,train_1925.jpg,33,9,5.0,9,20,1.0,위치·방향,3,2,9,6
train,train_1926.jpg,52,12,13.75,15,55,3.0,메뉴·상품,14,15,12,14
train,train_1927.jpg,21,5,5.25,8,21,1.0,문자·간판 읽기,8,7,2,4
train,train_1928.jpg,31,9,7.0,8,28,2.0,문자·간판 읽기,7,8,7,6
train,train_1929.jpg,52,11,28.0,28,112,5.0,날짜·시간,28,28,28,28
train,train_1930.jpg,20,5,9.25,10,37,2.0,가격·금액,9,8,10,10
train,train_1931.jpg,17,4,7.25,8,29,1.0,문자·간판 읽기,7,7,8,7
train,train_1932.jpg,31,8,6.5,7,26,3.0,기타,7,6,6,7
train,train_1933.jpg,31,8,20.0,30,80,5.5,색상,21,30,19,10
train,train_1934.jpg,18,5,13.0,14,52,4.0,기타,12,13,14,13
train,train_1935.jpg,33,5,4.25,5,17,1.0,가격·금액,4,5,4,4
train,train_1936.jpg,41,12,11.0,12,44,3.0,메뉴·상품,10,10,12,12
train,train_1937.jpg,38,10,6.75,10,27,1.0,위치·방향,7,4,6,10
train,train_1938.jpg,26,7,13.75,15,55,3.75,기타,13,13,15,14
train,train_1939.jpg,43,9,20.25,23,81,4.5,문자·간판 읽기,23,19,17,22
train,train_1940.jpg,37,10,29.5,38,118,7.0,색상,38,28,21,31
train,train_1941.jpg,36,9,6.75,7,27,1.0,가격·금액,7,7,6,7
train,train_1942.jpg,24,6,13.5,27,54,2.5,문자·간판 읽기,27,3,11,13
train,train_1943.jpg,24,7,30.75,70,123,6.25,문자·간판 읽기,9,21,23,70
train,train_1944.jpg,31,7,4.25,5,17,1.0,기타,3,5,4,5
train,train_1945.jpg,19,5,7.0,9,28,1.0,문자·간판 읽기,6,5,9,8
train,train_1946.jpg,45,10,5.75,8,23,1.75,문자·간판 읽기,5,4,6,8
train,train_1947.jpg,27,7,5.25,6,21,1.0,문자·간판 읽기,5,5,5,6
train,train_1948.jpg,26,8,7.0,8,28,2.25,문자·간판 읽기,8,8,7,5
train,train_1949.jpg,20,5,7.0,8,28,2.25,기타,5,7,8,8
train,train_1950.jpg,29,7,6.75,7,27,2.0,가격·금액,6,7,7,7
train,train_1951.jpg,48,12,6.75,7,27,1.0,가격·금액,7,7,6,7
train,train_1952.jpg,28,7,5.0,5,20,1.0,위치·방향,5,5,5,5
train,train_1953.jpg,18,4,5.75,7,23,2.0,메뉴·상품,5,5,6,7
train,train_1954.jpg,34,7,11.75,14,47,3.5,기타,11,10,12,14
train,train_1955.jpg,28,7,10.75,14,43,3.0,메뉴·상품,8,13,8,14
train,train_1956.jpg,39,10,3.0,3,12,1.0,색상,3,3,3,3
train,train_1957.jpg,30,6,5.0,5,20,1.0,가격·금액,5,5,5,5
train,train_1958.jpg,22,6,4.25,5,17,1.0,문자·간판 읽기,4,5,4,4
train,train_1959.jpg,41,10,9.0,14,36,1.25,문자·간판 읽기,14,7,8,7
train,train_1960.jpg,22,6,4.0,4,16,1.0,문자·간판 읽기,4,4,4,4
train,train_1961.jpg,23,5,6.5,9,26,2.25,위치·방향,7,5,5,9
train,train_1962.jpg,29,9,11.25,14,45,3.0,메뉴·상품,14,12,11,8
train,train_1963.jpg,27,7,4.25,5,17,1.0,메뉴·상품,4,5,4,4
train,train_1964.jpg,16,4,5.0,5,20,1.0,문자·간판 읽기,5,5,5,5
train,train_1965.jpg,27,7,11.0,12,44,2.0,문자·간판 읽기,9,12,11,12
train,train_1966.jpg,51,12,8.0,10,32,2.5,기타,7,6,10,9
train,train_1967.jpg,37,10,13.25,15,53,3.0,문자·간판 읽기,13,13,12,15
train,train_1968.jpg,16,4,14.25,17,57,2.25,문자·간판 읽기,13,12,15,17
train,train_1969.jpg,24,6,4.75,6,19,1.0,문자·간판 읽기,4,4,5,6
train,train_1970.jpg,16,4,6.5,9,26,1.25,기타,9,3,6,8
train,train_1971.jpg,20,5,21.5,22,86,4.0,문자·간판 읽기,22,22,21,21
train,train_1972.jpg,43,11,5.0,6,20,2.0,메뉴·상품,5,5,6,4
train,train_1973.jpg,43,11,6.5,8,26,2.25,위치·방향,7,7,4,8
train,train_1974.jpg,46,12,21.25,39,85,3.75,위치·방향,15,39,10,21
train,train_1975.jpg,24,7,12.5,13,50,3.0,문자·간판 읽기,13,12,13,12
train,train_1976.jpg,30,7,3.0,3,12,1.0,가격·금액,3,3,3,3
train,train_1977.jpg,43,12,12.75,13,51,1.0,전화번호,12,13,13,13
train,train_1978.jpg,24,6,6.75,13,27,1.25,메뉴·상품,3,5,6,13
train,train_1979.jpg,25,7,10.0,12,40,2.25,메뉴·상품,9,12,9,10
train,train_1980.jpg,25,6,11.5,17,46,2.25,문자·간판 읽기,12,17,6,11
train,train_1981.jpg,34,8,10.5,11,42,2.75,문자·간판 읽기,11,9,11,11
train,train_1982.jpg,50,9,12.25,14,49,4.5,기타,11,13,14,11
train,train_1983.jpg,40,8,6.0,6,24,1.0,가격·금액,6,6,6,6
train,train_1984.jpg,20,5,5.5,7,22,2.0,문자·간판 읽기,5,7,5,5
train,train_1985.jpg,27,7,9.5,14,38,1.25,문자·간판 읽기,8,14,6,10
train,train_1986.jpg,39,10,3.0,3,12,1.0,색상,3,3,3,3
train,train_1987.jpg,24,6,15.75,23,63,4.5,위치·방향,13,14,13,23
train,train_1988.jpg,30,7,7.25,8,29,1.75,문자·간판 읽기,8,8,6,7
train,train_1989.jpg,25,6,3.0,3,12,1.0,인물·대상,3,3,3,3
train,train_1990.jpg,42,9,3.0,4,12,1.0,기타,3,4,3,2
train,train_1991.jpg,51,14,7.0,8,28,2.0,기타,7,6,7,8
train,train_1992.jpg,34,8,17.25,19,69,4.5,위치·방향,19,16,18,16
train,train_1993.jpg,42,11,15.0,18,60,2.25,위치·방향,11,15,16,18
train,train_1994.jpg,37,9,10.0,10,40,1.0,날짜·시간,10,10,10,10
train,train_1995.jpg,38,9,5.5,6,22,1.0,가격·금액,6,6,6,4
train,train_1996.jpg,32,7,5.5,6,22,2.0,메뉴·상품,5,6,5,6
train,train_1997.jpg,28,8,4.25,7,17,1.0,문자·간판 읽기,7,6,2,2
train,train_1998.jpg,51,13,7.5,11,30,1.5,메뉴·상품,11,6,8,5
train,train_1999.jpg,34,9,11.5,17,46,3.0,날짜·시간,14,17,8,7
train,train_2000.jpg,27,8,5.0,6,20,2.0,기타,5,6,5,4
train,train_2001.jpg,24,5,6.0,6,24,1.0,가격·금액,6,6,6,6
train,train_2002.jpg,22,6,5.5,6,22,1.0,가격·금액,6,6,4,6
train,train_2003.jpg,16,4,16.75,21,67,2.75,문자·간판 읽기,21,13,20,13
train,train_2004.jpg,32,9,31.0,31,124,5.0,문자·간판 읽기,31,31,31,31
train,train_2005.jpg,39,9,4.5,6,18,1.25,날짜·시간,4,6,4,4
train,train_2006.jpg,38,9,10.0,10,40,1.0,날짜·시간,10,10,10,10
train,train_2007.jpg,28,8,5.75,6,23,2.0,메뉴·상품,5,6,6,6
train,train_2008.jpg,37,10,3.0,3,12,1.0,수량·계수,3,3,3,3
train,train_2009.jpg,39,11,9.0,10,36,2.25,문자·간판 읽기,9,10,9,8
train,train_2010.jpg,42,12,7.5,9,30,2.5,문자·간판 읽기,6,9,7,8
train,train_2011.jpg,16,4,6.0,6,24,1.0,가격·금액,6,6,6,6
train,train_2012.jpg,26,6,8.25,14,33,2.25,기타,7,6,14,6
train,train_2013.jpg,26,6,5.25,6,21,2.0,문자·간판 읽기,5,5,5,6
train,train_2014.jpg,31,7,7.5,11,30,1.0,문자·간판 읽기,11,3,6,10
train,train_2015.jpg,34,10,9.0,13,36,2.25,문자·간판 읽기,13,8,12,3
train,train_2016.jpg,43,10,15.0,16,60,2.0,기타,12,16,16,16
train,train_2017.jpg,34,10,59.5,61,238,11.0,문자·간판 읽기,59,60,61,58
train,train_2018.jpg,32,10,7.25,8,29,1.25,문자·간판 읽기,7,7,7,8
train,train_2019.jpg,20,5,6.0,6,24,1.0,가격·금액,6,6,6,6
train,train_2020.jpg,16,4,2.0,2,8,1.0,기타,2,2,2,2
train,train_2021.jpg,33,8,5.0,7,20,1.25,위치·방향,3,7,4,6
train,train_2022.jpg,33,8,6.25,7,25,2.0,기타,6,7,6,6
train,train_2023.jpg,20,5,5.0,5,20,1.0,가격·금액,5,5,5,5
train,train_2024.jpg,41,11,5.0,5,20,1.0,날짜·시간,5,5,5,5
train,train_2025.jpg,36,8,9.25,10,37,2.0,색상,10,9,9,9
train,train_2026.jpg,29,8,3.5,4,14,1.0,위치·방향,3,3,4,4
train,train_2027.jpg,21,5,17.0,18,68,3.0,위치·방향,18,17,15,18
train,train_2028.jpg,25,6,5.75,9,23,1.5,메뉴·상품,4,9,6,4
train,train_2029.jpg,20,5,4.75,7,19,1.0,문자·간판 읽기,4,4,7,4
train,train_2030.jpg,19,5,15.0,16,60,3.0,문자·간판 읽기,15,16,14,15
train,train_2031.jpg,36,8,6.0,6,24,1.0,가격·금액,6,6,6,6
train,train_2032.jpg,40,10,10.0,10,40,1.0,날짜·시간,10,10,10,10
train,train_2033.jpg,26,7,14.5,17,58,2.75,위치·방향,17,13,17,11
train,train_2034.jpg,23,6,15.75,19,63,2.0,문자·간판 읽기,19,14,14,16
train,train_2035.jpg,29,9,7.75,8,31,2.0,문자·간판 읽기,8,8,8,7
train,train_2036.jpg,22,6,5.75,8,23,1.5,문자·간판 읽기,4,4,7,8
train,train_2037.jpg,45,11,4.0,4,16,1.0,가격·금액,4,4,4,4
train,train_2038.jpg,32,9,3.75,4,15,1.0,문자·간판 읽기,4,4,4,3
train,train_2039.jpg,23,6,6.0,10,24,2.0,문자·간판 읽기,3,5,10,6
train,train_2040.jpg,22,5,5.75,6,23,1.0,가격·금액,5,6,6,6
train,train_2041.jpg,23,6,5.75,7,23,2.0,문자·간판 읽기,7,5,6,5
train,train_2042.jpg,34,8,7.0,8,28,1.75,위치·방향,7,8,5,8
train,train_2043.jpg,23,6,25.5,36,102,5.0,위치·방향,36,24,22,20
train,train_2044.jpg,42,10,4.5,5,18,1.0,전화번호,5,4,5,4
train,train_2045.jpg,38,8,2.0,2,8,1.0,수량·계수,2,2,2,2
train,train_2046.jpg,34,7,14.25,15,57,1.0,날짜·시간,15,13,15,14
train,train_2047.jpg,30,8,7.0,8,28,2.0,전화번호,8,7,6,7
train,train_2048.jpg,42,9,12.5,13,50,3.0,가격·금액,13,13,12,12
train,train_2049.jpg,28,8,9.75,18,39,1.75,문자·간판 읽기,3,6,18,12
train,train_2050.jpg,30,7,3.5,5,14,1.25,색상,3,5,3,3
train,train_2051.jpg,36,9,6.75,9,27,2.0,문자·간판 읽기,9,4,6,8
train,train_2052.jpg,23,4,5.75,7,23,2.0,날짜·시간,5,5,7,6
train,train_2053.jpg,32,7,11.75,12,47,1.0,전화번호,12,12,12,11
train,train_2054.jpg,41,10,23.25,26,93,6.75,기타,19,25,26,23
train,train_2055.jpg,35,9,6.25,7,25,1.0,문자·간판 읽기,6,7,6,6
train,train_2056.jpg,15,4,3.0,3,12,1.0,문자·간판 읽기,3,3,3,3
train,train_2057.jpg,35,9,6.75,8,27,1.5,위치·방향,6,6,7,8
train,train_2058.jpg,23,6,10.25,13,41,1.5,문자·간판 읽기,11,13,8,9
train,train_2059.jpg,17,4,8.5,9,34,3.0,문자·간판 읽기,8,8,9,9
train,train_2060.jpg,35,8,6.0,9,24,1.0,전화번호,2,4,9,9
train,train_2061.jpg,28,8,16.5,18,66,3.25,문자·간판 읽기,16,15,17,18
train,train_2062.jpg,38,10,6.0,6,24,1.0,색상,6,6,6,6
train,train_2063.jpg,50,12,7.5,8,30,2.0,수량·계수,8,7,8,7
train,train_2064.jpg,27,6,7.0,7,28,1.0,가격·금액,7,7,7,7
train,train_2065.jpg,60,15,6.0,6,24,2.0,수량·계수,6,6,6,6
train,train_2066.jpg,20,5,8.0,9,32,2.25,위치·방향,9,8,7,8
train,train_2067.jpg,21,6,6.25,8,25,2.0,기타,8,6,6,5
train,train_2068.jpg,44,12,13.75,19,55,2.75,문자·간판 읽기,19,11,10,15
train,train_2069.jpg,31,8,5.0,8,20,1.25,기타,3,5,4,8
train,train_2070.jpg,38,11,2.0,2,8,1.0,기타,2,2,2,2
train,train_2071.jpg,24,6,5.5,7,22,1.75,메뉴·상품,6,7,3,6
train,train_2072.jpg,30,8,6.25,7,25,1.0,가격·금액,7,6,6,6
train,train_2073.jpg,27,8,20.0,20,80,5.0,문자·간판 읽기,20,20,20,20
train,train_2074.jpg,28,8,10.0,10,40,1.0,날짜·시간,10,10,10,10
train,train_2075.jpg,47,13,20.25,28,81,5.75,기타,20,14,28,19
train,train_2076.jpg,22,6,9.5,11,38,2.0,문자·간판 읽기,11,10,9,8
train,train_2077.jpg,25,6,10.0,13,40,2.25,기타,10,8,9,13
train,train_2078.jpg,31,8,9.5,10,38,2.0,문자·간판 읽기,10,10,9,9
train,train_2079.jpg,31,8,6.0,6,24,1.0,가격·금액,6,6,6,6
train,train_2080.jpg,39,7,4.0,4,16,1.0,가격·금액,4,4,4,4
train,train_2081.jpg,36,8,7.0,7,28,2.0,날짜·시간,7,7,7,7
train,train_2082.jpg,48,11,33.5,42,134,5.25,기타,32,27,33,42
train,train_2083.jpg,33,8,2.5,3,10,1.0,기타,2,2,3,3
train,train_2084.jpg,30,7,5.0,5,20,1.0,메뉴·상품,5,5,5,5
train,train_2085.jpg,32,9,8.5,14,34,1.25,문자·간판 읽기,9,4,14,7
train,train_2086.jpg,41,12,9.25,10,37,2.5,문자·간판 읽기,10,8,10,9
train,train_2087.jpg,24,5,10.0,11,40,1.0,전화번호,11,10,9,10
train,train_2088.jpg,42,8,6.25,7,25,1.0,가격·금액,6,6,6,7
train,train_2089.jpg,41,10,3.25,4,13,1.0,가격·금액,3,3,3,4
train,train_2090.jpg,26,6,19.25,21,77,2.75,기타,18,21,17,21
train,train_2091.jpg,16,4,5.25,9,21,1.25,문자·간판 읽기,4,9,4,4
train,train_2092.jpg,33,8,8.75,16,35,2.25,메뉴·상품,16,6,6,7
train,train_2093.jpg,31,8,4.75,6,19,1.75,기타,5,6,5,3
train,train_2094.jpg,20,5,11.75,13,47,2.0,문자·간판 읽기,13,11,12,11
train,train_2095.jpg,33,8,33.75,34,135,6.0,문자·간판 읽기,34,34,34,33
train,train_2096.jpg,45,13,9.0,10,36,1.0,위치·방향,9,9,8,10
train,train_2097.jpg,29,6,7.0,7,28,1.0,가격·금액,7,7,7,7
train,train_2098.jpg,45,12,5.25,12,21,1.5,문자·간판 읽기,5,2,2,12
train,train_2099.jpg,31,9,14.25,17,57,2.25,문자·간판 읽기,11,17,17,12
train,train_2100.jpg,33,6,11.0,11,44,3.0,가격·금액,11,11,11,11
train,train_2101.jpg,18,4,9.0,11,36,1.0,전화번호,9,11,8,8
train,train_2102.jpg,15,4,4.5,8,18,1.0,기타,3,3,4,8
train,train_2103.jpg,41,11,22.75,28,91,5.0,문자·간판 읽기,18,24,28,21
train,train_2104.jpg,34,10,3.5,4,14,1.0,메뉴·상품,4,4,3,3
train,train_2105.jpg,40,9,15.0,19,60,4.0,문자·간판 읽기,13,15,19,13
train,train_2106.jpg,29,7,4.75,6,19,1.0,메뉴·상품,5,6,4,4
train,train_2107.jpg,25,6,6.0,6,24,1.0,가격·금액,6,6,6,6
train,train_2108.jpg,32,8,6.75,9,27,2.25,인물·대상,6,9,6,6
train,train_2109.jpg,33,7,12.75,15,51,4.0,문자·간판 읽기,15,10,12,14
train,train_2110.jpg,18,4,8.0,8,32,1.0,전화번호,8,8,8,8
train,train_2111.jpg,45,11,10.75,13,43,3.25,문자·간판 읽기,13,10,9,11
train,train_2112.jpg,32,8,8.0,8,32,3.0,기타,8,8,8,8
train,train_2113.jpg,30,6,11.0,11,44,4.0,기타,11,11,11,11
train,train_2114.jpg,51,12,3.0,6,12,1.0,문자·간판 읽기,6,2,2,2
train,train_2115.jpg,28,8,12.25,14,49,2.0,문자·간판 읽기,12,14,9,14
train,train_2116.jpg,59,16,3.0,3,12,1.0,기타,3,3,3,3
train,train_2117.jpg,16,4,10.25,14,41,2.0,문자·간판 읽기,7,11,9,14
train,train_2118.jpg,39,10,2.0,2,8,1.0,전화번호,2,2,2,2
train,train_2119.jpg,38,9,4.0,4,16,2.0,가격·금액,4,4,4,4
train,train_2120.jpg,27,7,7.0,7,28,2.0,전화번호,7,7,7,7
train,train_2121.jpg,61,17,12.5,13,50,1.0,전화번호,13,12,12,13
train,train_2122.jpg,32,9,4.75,5,19,1.0,가격·금액,4,5,5,5
train,train_2123.jpg,39,10,15.75,16,63,4.0,가격·금액,16,16,15,16
train,train_2124.jpg,26,6,3.0,3,12,1.0,인물·대상,3,3,3,3
train,train_2125.jpg,40,12,13.0,17,52,2.75,날짜·시간,12,13,17,10
train,train_2126.jpg,23,6,5.25,8,21,1.25,기타,6,3,8,4
train,train_2127.jpg,29,7,25.0,25,100,6.0,날짜·시간,25,25,25,25
train,train_2128.jpg,30,6,5.5,6,22,1.0,가격·금액,6,6,6,4
train,train_2129.jpg,26,7,5.75,7,23,1.5,문자·간판 읽기,6,5,5,7
train,train_2130.jpg,44,13,10.75,13,43,1.25,색상,11,10,13,9
train,train_2131.jpg,24,6,4.75,6,19,1.5,문자·간판 읽기,4,3,6,6
train,train_2132.jpg,30,7,5.5,7,22,2.0,기타,4,4,7,7
train,train_2133.jpg,37,10,7.0,10,28,2.25,위치·방향,10,6,6,6
train,train_2134.jpg,23,6,6.5,8,26,1.25,문자·간판 읽기,8,6,6,6
train,train_2135.jpg,24,4,6.0,6,24,2.0,날짜·시간,6,6,6,6
train,train_2136.jpg,51,10,26.0,39,104,4.25,메뉴·상품,39,26,30,9
train,train_2137.jpg,38,9,5.75,7,23,2.0,문자·간판 읽기,6,5,7,5
train,train_2138.jpg,53,12,7.0,7,28,1.0,가격·금액,7,7,7,7
train,train_2139.jpg,50,11,5.5,6,22,1.0,가격·금액,6,5,6,5
train,train_2140.jpg,31,9,3.25,5,13,1.0,문자·간판 읽기,5,3,2,3
train,train_2141.jpg,26,7,6.75,9,27,2.25,기타,5,9,8,5
train,train_2142.jpg,40,10,5.75,7,23,2.0,문자·간판 읽기,5,7,6,5
train,train_2143.jpg,39,11,16.75,18,67,4.25,날짜·시간,18,15,16,18
train,train_2144.jpg,25,6,5.0,5,20,1.0,가격·금액,5,5,5,5
train,train_2145.jpg,56,11,7.0,7,28,2.0,색상,7,7,7,7
train,train_2146.jpg,36,9,4.25,5,17,1.0,색상,4,3,5,5
train,train_2147.jpg,44,9,10.75,13,43,4.5,색상,9,13,9,12
train,train_2148.jpg,29,7,7.75,16,31,2.75,문자·간판 읽기,6,16,3,6
train,train_2149.jpg,21,5,5.0,5,20,1.0,가격·금액,5,5,5,5
train,train_2150.jpg,24,6,3.5,4,14,1.0,문자·간판 읽기,3,3,4,4
train,train_2151.jpg,25,6,2.75,4,11,1.0,메뉴·상품,2,3,2,4
train,train_2152.jpg,25,8,8.0,13,32,2.5,문자·간판 읽기,8,2,9,13
train,train_2153.jpg,45,14,2.5,3,10,1.0,색상,2,2,3,3
train,train_2154.jpg,22,6,10.25,14,41,2.0,문자·간판 읽기,11,14,5,11
train,train_2155.jpg,28,8,1.0,1,4,1.0,전화번호,1,1,1,1
train,train_2156.jpg,39,9,7.75,10,31,2.5,가격·금액,9,5,10,7
train,train_2157.jpg,42,11,3.25,4,13,1.0,메뉴·상품,3,4,3,3
train,train_2158.jpg,32,6,4.75,6,19,1.0,기타,4,6,4,5
train,train_2159.jpg,24,6,15.5,16,62,4.0,문자·간판 읽기,15,16,16,15
train,train_2160.jpg,58,15,8.75,14,35,2.25,문자·간판 읽기,7,14,6,8
train,train_2161.jpg,24,6,2.25,3,9,1.0,메뉴·상품,2,2,2,3
train,train_2162.jpg,22,6,4.0,8,16,1.25,기타,2,3,8,3
train,train_2163.jpg,31,8,4.75,5,19,1.0,문자·간판 읽기,4,5,5,5
train,train_2164.jpg,27,6,3.25,6,13,1.25,가격·금액,2,3,2,6
train,train_2165.jpg,39,9,4.75,5,19,1.0,가격·금액,5,5,4,5
train,train_2166.jpg,17,4,8.0,15,32,1.5,문자·간판 읽기,8,4,5,15
train,train_2167.jpg,27,7,7.25,8,29,2.0,메뉴·상품,6,8,7,8
train,train_2168.jpg,32,8,18.5,22,74,5.0,문자·간판 읽기,14,19,19,22
train,train_2169.jpg,27,8,11.0,12,44,2.0,문자·간판 읽기,11,12,11,10
train,train_2170.jpg,41,10,24.0,26,96,4.0,메뉴·상품,23,24,26,23
train,train_2171.jpg,24,6,3.5,4,14,1.0,색상,4,3,4,3
train,train_2172.jpg,31,8,11.25,14,45,2.25,전화번호,10,11,10,14
train,train_2173.jpg,39,10,10.0,11,40,3.0,문자·간판 읽기,9,9,11,11
train,train_2174.jpg,31,8,7.0,7,28,1.0,가격·금액,7,7,7,7
train,train_2175.jpg,20,5,11.75,13,47,3.0,기타,13,11,12,11
train,train_2176.jpg,36,9,6.75,7,27,1.0,가격·금액,7,6,7,7
train,train_2177.jpg,26,6,9.5,18,38,2.0,기타,18,5,5,10
train,train_2178.jpg,40,11,5.5,6,22,1.75,색상,6,6,5,5
train,train_2179.jpg,53,12,18.25,19,73,4.0,위치·방향,18,18,18,19
train,train_2180.jpg,35,7,11.75,15,47,3.0,메뉴·상품,15,13,9,10
train,train_2181.jpg,29,8,16.0,17,64,5.0,문자·간판 읽기,17,16,16,15
train,train_2182.jpg,34,10,7.0,9,28,1.25,문자·간판 읽기,7,9,7,5
train,train_2183.jpg,51,13,10.75,13,43,2.0,위치·방향,11,9,10,13
train,train_2184.jpg,24,6,5.5,7,22,1.5,문자·간판 읽기,4,7,6,5
train,train_2185.jpg,41,10,11.75,17,47,3.75,인물·대상,17,11,10,9
train,train_2186.jpg,65,15,12.0,18,48,3.25,위치·방향,10,13,7,18
train,train_2187.jpg,40,11,23.75,35,95,6.0,기타,20,18,22,35
train,train_2188.jpg,46,12,11.0,14,44,3.25,기타,12,14,8,10
train,train_2189.jpg,34,8,6.0,6,24,1.0,가격·금액,6,6,6,6
train,train_2190.jpg,15,4,9.0,9,36,3.0,기타,9,9,9,9
train,train_2191.jpg,47,13,17.5,20,70,6.0,기타,14,20,19,17
train,train_2192.jpg,57,14,9.75,12,39,2.0,전화번호,10,12,9,8
train,train_2193.jpg,27,7,7.5,11,30,1.5,문자·간판 읽기,11,7,8,4
train,train_2194.jpg,26,7,8.75,10,35,2.5,문자·간판 읽기,8,10,10,7
train,train_2195.jpg,34,9,6.5,7,26,1.0,문자·간판 읽기,6,7,7,6
train,train_2196.jpg,23,6,7.0,8,28,1.0,기타,6,7,8,7
train,train_2197.jpg,38,7,5.25,6,21,1.0,가격·금액,6,5,5,5
train,train_2198.jpg,56,11,11.0,11,44,1.0,날짜·시간,11,11,11,11
train,train_2199.jpg,19,5,13.25,15,53,2.25,문자·간판 읽기,14,13,15,11
train,train_2200.jpg,27,7,4.0,4,16,1.0,가격·금액,4,4,4,4
train,train_2201.jpg,34,10,5.25,8,21,1.25,위치·방향,8,4,5,4
train,train_2202.jpg,37,10,10.0,10,40,1.0,전화번호,10,10,10,10
train,train_2203.jpg,28,7,3.0,3,12,1.0,가격·금액,3,3,3,3
train,train_2204.jpg,49,11,20.25,21,81,5.0,가격·금액,20,21,21,19
train,train_2205.jpg,29,6,13.75,30,55,2.75,메뉴·상품,30,10,8,7
train,train_2206.jpg,33,6,6.75,7,27,1.0,가격·금액,7,7,6,7
train,train_2207.jpg,34,9,2.0,2,8,1.0,수량·계수,2,2,2,2
train,train_2208.jpg,24,6,5.75,13,23,1.5,메뉴·상품,3,13,4,3
train,train_2209.jpg,15,4,6.25,11,25,1.25,기타,4,11,5,5
train,train_2210.jpg,26,6,13.75,19,55,4.0,기타,11,19,15,10
train,train_2211.jpg,38,11,8.0,13,32,2.5,가격·금액,7,13,6,6
train,train_2212.jpg,27,7,6.0,6,24,2.0,메뉴·상품,6,6,6,6
train,train_2213.jpg,36,9,11.0,14,44,1.5,위치·방향,11,9,10,14
train,train_2214.jpg,28,7,6.0,6,24,1.0,가격·금액,6,6,6,6
train,train_2215.jpg,35,9,6.5,8,26,1.0,전화번호,8,8,8,2
train,train_2216.jpg,28,7,6.0,6,24,1.0,가격·금액,6,6,6,6
train,train_2217.jpg,64,13,29.25,33,117,6.0,기타,33,30,28,26
train,train_2218.jpg,37,10,24.75,34,99,3.75,위치·방향,20,24,21,34
train,train_2219.jpg,25,6,5.25,10,21,1.5,메뉴·상품,10,4,3,4
train,train_2220.jpg,77,17,6.75,8,27,2.0,인물·대상,7,5,8,7
train,train_2221.jpg,35,8,10.75,13,43,3.5,기타,12,9,13,9
train,train_2222.jpg,33,8,7.0,7,28,1.0,전화번호,7,7,7,7
train,train_2223.jpg,37,10,5.5,12,22,1.75,문자·간판 읽기,3,2,5,12
train,train_2224.jpg,40,10,3.75,6,15,1.25,메뉴·상품,4,3,2,6
train,train_2225.jpg,48,14,9.25,10,37,2.0,문자·간판 읽기,9,9,9,10
train,train_2226.jpg,27,7,6.0,7,24,1.25,위치·방향,5,7,6,6
train,train_2227.jpg,24,7,11.25,13,45,2.0,문자·간판 읽기,13,10,12,10
train,train_2228.jpg,17,4,4.0,4,16,1.0,문자·간판 읽기,4,4,4,4
train,train_2229.jpg,29,8,12.5,16,50,4.0,기타,16,11,13,10
train,train_2230.jpg,35,7,7.0,7,28,1.0,가격·금액,7,7,7,7
train,train_2231.jpg,16,4,4.25,5,17,1.0,가격·금액,5,5,2,5
train,train_2232.jpg,32,9,18.5,20,74,3.25,색상,20,19,18,17
train,train_2233.jpg,30,8,6.25,10,25,1.5,문자·간판 읽기,3,4,8,10
train,train_2234.jpg,36,9,11.0,19,44,2.5,기타,9,8,19,8
train,train_2235.jpg,30,7,2.5,3,10,1.0,메뉴·상품,2,2,3,3
train,train_2236.jpg,28,6,15.5,17,62,4.5,문자·간판 읽기,13,16,17,16
train,train_2237.jpg,26,7,7.25,8,29,2.0,문자·간판 읽기,7,8,6,8
train,train_2238.jpg,24,6,1.0,1,4,1.0,문자·간판 읽기,1,1,1,1
train,train_2239.jpg,39,7,3.0,3,12,1.0,가격·금액,3,3,3,3
train,train_2240.jpg,30,6,4.0,4,16,1.0,가격·금액,4,4,4,4
train,train_2241.jpg,87,22,5.0,5,20,1.0,위치·방향,5,5,5,5
train,train_2242.jpg,35,9,7.5,9,30,2.0,기타,8,6,9,7
train,train_2243.jpg,23,6,20.25,23,81,4.75,문자·간판 읽기,23,19,20,19
train,train_2244.jpg,22,6,14.0,22,56,2.75,문자·간판 읽기,22,11,10,13
train,train_2245.jpg,36,8,2.75,5,11,1.0,위치·방향,2,2,2,5
train,train_2246.jpg,32,9,12.0,15,48,4.0,가격·금액,12,12,9,15
train,train_2247.jpg,31,9,16.75,17,67,4.0,날짜·시간,17,16,17,17
train,train_2248.jpg,38,9,14.75,18,59,3.75,문자·간판 읽기,18,15,10,16
train,train_2249.jpg,29,8,9.5,11,38,3.25,문자·간판 읽기,10,11,9,8
train,train_2250.jpg,30,9,7.0,9,28,1.75,위치·방향,5,7,9,7
train,train_2251.jpg,17,4,5.5,8,22,1.0,문자·간판 읽기,4,5,8,5
train,train_2252.jpg,32,10,2.0,2,8,1.0,메뉴·상품,2,2,2,2
train,train_2253.jpg,27,6,6.0,6,24,1.0,가격·금액,6,6,6,6
train,train_2254.jpg,39,9,6.0,8,24,2.0,메뉴·상품,5,8,5,6
train,train_2255.jpg,61,15,5.25,9,21,1.0,문자·간판 읽기,4,9,5,3
train,train_2256.jpg,24,6,23.0,26,92,5.0,문자·간판 읽기,22,26,22,22
train,train_2257.jpg,41,10,14.5,29,58,3.75,기타,29,7,8,14
train,train_2258.jpg,26,7,2.75,3,11,1.0,문자·간판 읽기,3,3,3,2
train,train_2259.jpg,28,8,4.5,5,18,1.0,문자·간판 읽기,5,4,4,5
train,train_2260.jpg,25,5,3.0,3,12,1.0,가격·금액,3,3,3,3
train,train_2261.jpg,40,11,3.25,4,13,1.0,메뉴·상품,4,3,3,3
train,train_2262.jpg,19,5,6.0,6,24,2.0,메뉴·상품,6,6,6,6
train,train_2263.jpg,36,10,5.0,5,20,2.0,문자·간판 읽기,5,5,5,5
train,train_2264.jpg,44,9,10.5,13,42,2.0,기타,13,10,10,9
train,train_2265.jpg,25,7,10.5,12,42,3.25,문자·간판 읽기,11,9,10,12
train,train_2266.jpg,24,6,12.25,17,49,1.5,문자·간판 읽기,14,9,9,17
train,train_2267.jpg,37,9,6.0,6,24,1.0,가격·금액,6,6,6,6
train,train_2268.jpg,30,6,10.0,10,40,1.0,전화번호,10,10,10,10
train,train_2269.jpg,32,9,12.75,19,51,2.0,문자·간판 읽기,10,11,11,19
train,train_2270.jpg,37,10,6.0,9,24,1.0,문자·간판 읽기,5,4,9,6
train,train_2271.jpg,45,11,16.5,21,66,4.0,메뉴·상품,18,21,13,14
train,train_2272.jpg,31,7,16.0,17,64,4.0,문자·간판 읽기,15,17,16,16
train,train_2273.jpg,29,7,7.0,7,28,1.0,가격·금액,7,7,7,7
train,train_2274.jpg,31,8,10.75,12,43,2.5,문자·간판 읽기,10,12,10,11
train,train_2275.jpg,40,10,10.5,11,42,3.0,메뉴·상품,11,11,9,11
train,train_2276.jpg,28,7,4.0,4,16,1.0,문자·간판 읽기,4,4,4,4
train,train_2277.jpg,16,4,5.0,6,20,1.0,문자·간판 읽기,4,6,4,6
train,train_2278.jpg,42,8,3.0,3,12,1.0,가격·금액,3,3,3,3
train,train_2279.jpg,16,4,6.25,7,25,1.0,문자·간판 읽기,6,6,7,6
train,train_2280.jpg,44,11,12.75,13,51,1.0,전화번호,13,13,13,12
train,train_2281.jpg,31,8,12.25,36,49,2.25,문자·간판 읽기,6,3,36,4
train,train_2282.jpg,16,4,1.0,1,4,1.0,문자·간판 읽기,1,1,1,1
train,train_2283.jpg,27,7,8.25,12,33,2.5,인물·대상,10,6,5,12
train,train_2284.jpg,28,7,11.25,12,45,3.0,가격·금액,12,10,11,12
train,train_2285.jpg,49,12,3.25,6,13,1.25,기타,2,3,2,6
train,train_2286.jpg,28,8,7.75,11,31,1.75,문자·간판 읽기,11,7,6,7
train,train_2287.jpg,32,9,6.0,6,24,1.0,가격·금액,6,6,6,6
train,train_2288.jpg,44,11,17.25,21,69,2.75,색상,21,12,16,20
train,train_2289.jpg,19,5,4.25,6,17,1.25,위치·방향,3,6,2,6
train,train_2290.jpg,29,8,12.5,15,50,3.5,문자·간판 읽기,15,15,10,10
train,train_2291.jpg,22,6,10.25,13,41,3.5,문자·간판 읽기,10,13,9,9
train,train_2292.jpg,38,10,3.25,4,13,1.0,수량·계수,4,3,3,3
train,train_2293.jpg,29,8,4.5,6,18,1.5,기타,6,4,3,5
train,train_2294.jpg,35,9,6.0,6,24,1.0,가격·금액,6,6,6,6
train,train_2295.jpg,28,6,10.25,14,41,2.5,기타,14,12,6,9
train,train_2296.jpg,51,12,3.0,3,12,1.0,가격·금액,3,3,3,3
train,train_2297.jpg,46,12,4.75,5,19,2.0,가격·금액,5,4,5,5
train,train_2298.jpg,34,8,14.0,19,56,4.5,색상,11,11,19,15
train,train_2299.jpg,25,5,4.0,4,16,1.0,기타,4,4,4,4
train,train_2300.jpg,49,12,12.0,12,48,2.0,가격·금액,12,12,12,12
train,train_2301.jpg,29,7,7.0,9,28,1.5,문자·간판 읽기,9,9,5,5
train,train_2302.jpg,27,7,4.75,6,19,1.0,문자·간판 읽기,5,3,6,5
train,train_2303.jpg,23,5,12.0,17,48,4.25,문자·간판 읽기,11,11,17,9
train,train_2304.jpg,62,13,24.5,27,98,6.25,위치·방향,21,24,26,27
train,train_2305.jpg,25,6,10.25,12,41,2.0,위치·방향,12,9,11,9
train,train_2306.jpg,21,5,6.25,7,25,1.0,가격·금액,6,6,6,7
train,train_2307.jpg,37,9,12.5,14,50,3.0,위치·방향,12,11,13,14
train,train_2308.jpg,37,8,7.5,9,30,2.0,문자·간판 읽기,8,6,9,7
train,train_2309.jpg,23,6,7.75,10,31,1.5,문자·간판 읽기,10,9,6,6
train,train_2310.jpg,40,10,4.5,10,18,1.25,문자·간판 읽기,3,3,10,2
train,train_2311.jpg,19,5,14.0,14,56,4.0,메뉴·상품,14,14,14,14
train,train_2312.jpg,52,13,10.25,11,41,2.0,기타,10,9,11,11
train,train_2313.jpg,32,10,7.25,8,29,2.0,문자·간판 읽기,7,7,7,8
train,train_2314.jpg,37,8,3.75,5,15,1.0,가격·금액,3,4,5,3
train,train_2315.jpg,34,8,5.0,6,20,1.0,색상,4,6,6,4
train,train_2316.jpg,43,11,3.0,3,12,1.0,수량·계수,3,3,3,3
train,train_2317.jpg,39,10,2.25,3,9,1.0,위치·방향,2,2,3,2
train,train_2318.jpg,34,10,4.25,6,17,1.25,문자·간판 읽기,4,6,4,3
train,train_2319.jpg,36,9,8.0,12,32,2.75,문자·간판 읽기,5,12,5,10
train,train_2320.jpg,28,8,17.5,21,70,4.5,문자·간판 읽기,21,15,15,19
train,train_2321.jpg,20,5,9.0,9,36,3.0,문자·간판 읽기,9,9,9,9
train,train_2322.jpg,31,8,4.75,5,19,1.0,색상,4,5,5,5
train,train_2323.jpg,30,7,11.75,15,47,2.25,문자·간판 읽기,11,11,15,10
train,train_2324.jpg,24,6,15.25,17,61,2.0,문자·간판 읽기,17,16,16,12
train,train_2325.jpg,35,7,6.0,6,24,1.0,가격·금액,6,6,6,6
train,train_2326.jpg,44,12,7.25,8,29,2.0,문자·간판 읽기,7,7,7,8
train,train_2327.jpg,50,10,22.25,23,89,4.0,날짜·시간,23,22,22,22
train,train_2328.jpg,19,4,2.0,2,8,1.0,수량·계수,2,2,2,2
train,train_2329.jpg,36,9,6.0,6,24,2.0,가격·금액,6,6,6,6
train,train_2330.jpg,16,4,6.0,6,24,1.0,가격·금액,6,6,6,6
train,train_2331.jpg,22,6,2.0,2,8,1.0,문자·간판 읽기,2,2,2,2
train,train_2332.jpg,45,10,8.25,14,33,1.25,기타,7,3,9,14
train,train_2333.jpg,39,10,14.0,25,56,3.75,가격·금액,25,11,11,9
train,train_2334.jpg,29,6,2.25,3,9,1.0,가격·금액,2,2,2,3
train,train_2335.jpg,47,12,2.0,3,8,1.0,위치·방향,1,3,2,2
train,train_2336.jpg,26,7,8.5,10,34,2.5,문자·간판 읽기,8,8,8,10
train,train_2337.jpg,20,5,4.75,7,19,1.25,문자·간판 읽기,7,4,4,4
train,train_2338.jpg,21,4,6.0,6,24,1.0,가격·금액,6,6,6,6
train,train_2339.jpg,55,13,5.25,6,21,2.0,기타,6,5,5,5
train,train_2340.jpg,23,5,7.75,8,31,2.5,문자·간판 읽기,8,7,8,8
train,train_2341.jpg,33,9,4.0,4,16,1.0,색상,4,4,4,4
train,train_2342.jpg,18,5,4.25,5,17,1.0,가격·금액,5,5,2,5
train,train_2343.jpg,26,7,7.0,8,28,2.0,기타,7,8,7,6
train,train_2344.jpg,29,5,13.0,13,52,3.0,날짜·시간,13,13,13,13
train,train_2345.jpg,16,4,14.5,38,58,3.75,문자·간판 읽기,5,10,5,38
train,train_2346.jpg,17,4,4.5,7,18,1.0,문자·간판 읽기,4,4,3,7
train,train_2347.jpg,35,9,11.0,19,44,4.0,기타,19,8,9,8
train,train_2348.jpg,35,8,7.0,9,28,2.25,전화번호,7,9,7,5
train,train_2349.jpg,29,7,2.0,2,8,1.0,위치·방향,2,2,2,2
train,train_2350.jpg,28,7,5.5,8,22,1.0,기타,4,8,8,2
train,train_2351.jpg,25,7,8.5,13,34,2.25,문자·간판 읽기,5,13,10,6
train,train_2352.jpg,22,6,5.5,6,22,2.0,날짜·시간,6,5,5,6
train,train_2353.jpg,40,9,13.0,13,52,3.0,날짜·시간,13,13,13,13
train,train_2354.jpg,17,4,6.5,7,26,2.0,문자·간판 읽기,7,6,7,6
train,train_2355.jpg,44,9,1.75,3,7,1.0,문자·간판 읽기,1,2,3,1
train,train_2356.jpg,40,9,19.0,22,76,5.25,위치·방향,18,22,18,18
train,train_2357.jpg,34,8,10.75,14,43,3.75,기타,11,14,9,9
train,train_2358.jpg,39,11,13.0,19,52,4.25,문자·간판 읽기,19,8,13,12
train,train_2359.jpg,41,10,8.0,8,32,2.0,가격·금액,8,8,8,8
train,train_2360.jpg,29,7,4.5,5,18,1.0,메뉴·상품,4,4,5,5
train,train_2361.jpg,44,12,9.75,12,39,2.5,색상,12,11,9,7
train,train_2362.jpg,30,8,3.75,5,15,1.0,기타,4,2,5,4
train,train_2363.jpg,28,8,18.5,19,74,4.75,기타,19,18,18,19
train,train_2364.jpg,64,12,19.5,26,78,5.25,기타,26,20,19,13
train,train_2365.jpg,41,10,3.0,3,12,1.0,가격·금액,3,3,3,3
train,train_2366.jpg,31,8,9.0,12,36,2.25,위치·방향,12,9,10,5
train,train_2367.jpg,29,7,17.5,28,70,5.0,색상,14,14,28,14
train,train_2368.jpg,34,9,11.75,13,47,3.0,전화번호,12,11,13,11
train,train_2369.jpg,29,8,2.25,3,9,1.0,전화번호,2,2,3,2
train,train_2370.jpg,22,5,12.25,20,49,1.75,기타,10,8,11,20
train,train_2371.jpg,42,11,3.0,4,12,1.0,위치·방향,2,3,4,3
train,train_2372.jpg,21,6,8.75,17,35,2.5,기타,2,6,17,10
train,train_2373.jpg,32,9,5.5,6,22,2.0,날짜·시간,6,5,5,6
train,train_2374.jpg,25,5,17.25,20,69,4.25,날짜·시간,20,17,15,17
train,train_2375.jpg,46,10,5.0,5,20,2.0,기타,5,5,5,5
train,train_2376.jpg,30,7,16.5,17,66,4.0,날짜·시간,17,16,16,17
train,train_2377.jpg,25,7,5.25,7,21,1.25,문자·간판 읽기,6,4,7,4
train,train_2378.jpg,27,7,26.0,32,104,6.5,기타,21,26,25,32
train,train_2379.jpg,34,8,22.75,23,91,6.0,날짜·시간,23,22,23,23
train,train_2380.jpg,32,8,8.0,8,32,2.0,문자·간판 읽기,8,8,8,8
train,train_2381.jpg,23,6,9.5,14,38,2.25,문자·간판 읽기,9,14,8,7
train,train_2382.jpg,58,11,11.5,15,46,3.5,기타,8,15,13,10
train,train_2383.jpg,26,7,6.0,6,24,2.0,문자·간판 읽기,6,6,6,6
train,train_2384.jpg,30,6,11.5,15,46,2.75,기타,9,15,11,11
train,train_2385.jpg,34,9,5.0,8,20,1.0,문자·간판 읽기,5,8,3,4
train,train_2386.jpg,27,7,5.0,7,20,1.75,색상,3,7,5,5
train,train_2387.jpg,39,9,10.5,13,42,1.0,전화번호,13,8,13,8
train,train_2388.jpg,37,8,5.75,6,23,2.0,날짜·시간,6,5,6,6
train,train_2389.jpg,29,8,4.25,5,17,1.0,색상,4,5,4,4
train,train_2390.jpg,24,7,10.75,11,43,3.0,문자·간판 읽기,11,10,11,11
train,train_2391.jpg,29,8,3.0,3,12,1.0,색상,3,3,3,3
train,train_2392.jpg,27,7,6.75,9,27,2.0,메뉴·상품,6,5,7,9
train,train_2393.jpg,39,10,2.0,2,8,1.0,위치·방향,2,2,2,2
train,train_2394.jpg,45,12,8.75,13,35,2.75,가격·금액,8,13,9,5
train,train_2395.jpg,16,4,4.25,5,17,1.0,가격·금액,5,5,5,2
train,train_2396.jpg,37,8,6.0,6,24,1.0,가격·금액,6,6,6,6
train,train_2397.jpg,25,7,3.0,3,12,1.0,가격·금액,3,3,3,3
train,train_2398.jpg,31,7,5.75,6,23,2.0,날짜·시간,5,6,6,6
train,train_2399.jpg,39,10,6.0,6,24,2.0,기타,6,6,6,6
train,train_2400.jpg,34,9,3.25,4,13,1.0,문자·간판 읽기,3,4,2,4
train,train_2401.jpg,18,4,4.75,8,19,1.0,문자·간판 읽기,8,5,4,2
train,train_2402.jpg,22,6,2.5,4,10,1.0,문자·간판 읽기,2,2,4,2
train,train_2403.jpg,30,9,8.25,9,33,2.5,메뉴·상품,7,8,9,9
train,train_2404.jpg,32,7,6.0,6,24,1.0,가격·금액,6,6,6,6
train,train_2405.jpg,57,15,2.25,3,9,1.0,문자·간판 읽기,2,3,2,2
train,train_2406.jpg,27,7,9.25,17,37,2.5,문자·간판 읽기,17,7,4,9
train,train_2407.jpg,37,9,6.0,6,24,1.0,가격·금액,6,6,6,6
train,train_2408.jpg,30,9,10.75,15,43,3.0,날짜·시간,15,15,6,7
train,train_2409.jpg,23,6,6.5,8,26,1.5,문자·간판 읽기,4,8,6,8
train,train_2410.jpg,21,5,12.0,14,48,4.25,날짜·시간,12,12,10,14
train,train_2411.jpg,23,6,6.75,8,27,1.25,위치·방향,7,8,8,4
train,train_2412.jpg,40,11,6.75,7,27,2.0,메뉴·상품,7,6,7,7
train,train_2413.jpg,28,7,4.25,5,17,1.0,기타,5,5,5,2
train,train_2414.jpg,36,8,5.5,6,22,1.0,가격·금액,6,6,4,6
train,train_2415.jpg,34,8,36.75,42,147,5.75,색상,31,38,42,36
train,train_2416.jpg,16,4,22.0,34,88,3.0,메뉴·상품,18,20,34,16
train,train_2417.jpg,16,4,4.0,4,16,1.0,문자·간판 읽기,4,4,4,4
train,train_2418.jpg,23,5,12.5,13,50,1.0,전화번호,13,12,13,12
train,train_2419.jpg,49,12,3.75,5,15,1.0,메뉴·상품,2,4,5,4
train,train_2420.jpg,16,4,3.5,5,14,1.0,문자·간판 읽기,3,3,3,5
train,train_2421.jpg,17,5,14.5,26,58,3.5,기타,10,26,12,10
train,train_2422.jpg,36,8,4.75,5,19,1.0,가격·금액,5,4,5,5
train,train_2423.jpg,36,9,14.25,25,57,4.0,기타,25,12,10,10
train,train_2424.jpg,24,6,23.0,23,92,5.0,메뉴·상품,23,23,23,23
train,train_2425.jpg,28,6,10.0,19,40,3.25,색상,6,19,6,9
train,train_2426.jpg,35,9,4.0,4,16,1.0,기타,4,4,4,4
train,train_2427.jpg,32,8,7.25,11,29,1.5,메뉴·상품,10,11,4,4
train,train_2428.jpg,28,7,16.5,20,66,4.5,메뉴·상품,20,17,15,14
train,train_2429.jpg,31,9,5.5,9,22,1.25,위치·방향,6,4,3,9
train,train_2430.jpg,42,9,10.5,18,42,3.0,기타,7,8,18,9
train,train_2431.jpg,30,9,2.0,2,8,1.0,수량·계수,2,2,2,2
train,train_2432.jpg,25,7,4.75,7,19,1.5,위치·방향,7,3,5,4
train,train_2433.jpg,39,11,7.5,8,30,1.0,색상,7,8,7,8
train,train_2434.jpg,29,8,4.75,7,19,1.0,색상,7,4,4,4
train,train_2435.jpg,40,9,3.25,6,13,1.25,위치·방향,6,3,2,2
train,train_2436.jpg,17,4,16.0,26,64,2.75,문자·간판 읽기,16,9,26,13
train,train_2437.jpg,38,10,18.75,25,75,4.0,색상,16,17,17,25
train,train_2438.jpg,26,6,3.75,5,15,1.0,기타,4,3,5,3
train,train_2439.jpg,36,10,12.0,12,48,3.0,메뉴·상품,12,12,12,12
train,train_2440.jpg,19,5,15.0,16,60,4.0,문자·간판 읽기,16,14,15,15
train,train_2441.jpg,26,7,9.25,13,37,3.0,메뉴·상품,6,13,7,11
train,train_2442.jpg,28,7,3.75,4,15,1.0,가격·금액,4,3,4,4
train,train_2443.jpg,31,9,10.5,13,42,3.0,문자·간판 읽기,8,12,13,9
train,train_2444.jpg,15,4,19.25,22,77,3.25,문자·간판 읽기,21,22,17,17
train,train_2445.jpg,34,9,8.5,20,34,1.5,문자·간판 읽기,4,6,4,20
train,train_2446.jpg,26,6,6.75,7,27,1.0,가격·금액,7,7,6,7
train,train_2447.jpg,35,8,5.5,7,22,2.0,기타,5,5,5,7
train,train_2448.jpg,43,9,7.0,9,28,2.0,인물·대상,9,6,6,7
train,train_2449.jpg,34,8,5.0,5,20,1.0,기타,5,5,5,5
train,train_2450.jpg,24,6,13.0,13,52,1.0,전화번호,13,13,13,13
train,train_2451.jpg,16,4,5.25,6,21,1.0,문자·간판 읽기,6,5,5,5
train,train_2452.jpg,42,11,8.5,9,34,2.25,위치·방향,9,9,9,7
train,train_2453.jpg,27,6,2.5,4,10,1.0,문자·간판 읽기,2,2,2,4
train,train_2454.jpg,24,6,13.25,14,53,2.0,전화번호,13,13,13,14
train,train_2455.jpg,41,9,4.0,6,16,1.25,메뉴·상품,2,4,6,4
train,train_2456.jpg,41,11,20.75,22,83,5.0,기타,22,20,21,20
train,train_2457.jpg,27,7,9.25,13,37,1.5,위치·방향,10,3,13,11
train,train_2458.jpg,31,8,20.0,20,80,3.0,위치·방향,20,20,20,20
train,train_2459.jpg,19,5,12.75,15,51,4.0,위치·방향,11,11,15,14
train,train_2460.jpg,35,9,3.0,3,12,1.0,기타,3,3,3,3
train,train_2461.jpg,29,9,11.75,14,47,3.25,문자·간판 읽기,11,10,12,14
train,train_2462.jpg,27,7,8.5,14,34,1.25,기타,6,7,14,7
train,train_2463.jpg,29,6,2.25,3,9,1.0,가격·금액,2,2,2,3
train,train_2464.jpg,26,7,5.0,6,20,2.0,기타,5,4,5,6
train,train_2465.jpg,45,12,13.25,18,53,3.5,문자·간판 읽기,10,16,18,9
train,train_2466.jpg,27,7,4.0,4,16,1.0,색상,4,4,4,4
train,train_2467.jpg,44,11,14.0,14,56,1.0,전화번호,14,14,14,14
train,train_2468.jpg,33,9,11.5,12,46,2.0,문자·간판 읽기,10,12,12,12
train,train_2469.jpg,20,5,6.0,6,24,2.0,문자·간판 읽기,6,6,6,6
train,train_2470.jpg,35,7,13.0,19,52,3.5,문자·간판 읽기,11,11,19,11
train,train_2471.jpg,38,8,9.0,10,36,1.75,문자·간판 읽기,9,10,8,9
train,train_2472.jpg,26,5,6.0,6,24,1.0,가격·금액,6,6,6,6
train,train_2473.jpg,27,7,5.0,5,20,2.0,색상,5,5,5,5
train,train_2474.jpg,23,6,6.0,6,24,1.0,가격·금액,6,6,6,6
train,train_2475.jpg,16,4,16.5,19,66,2.75,문자·간판 읽기,19,18,17,12
train,train_2476.jpg,29,7,2.5,3,10,1.0,메뉴·상품,2,2,3,3
train,train_2477.jpg,28,7,7.0,12,28,2.0,문자·간판 읽기,7,12,6,3
train,train_2478.jpg,39,10,6.0,6,24,1.0,가격·금액,6,6,6,6
train,train_2479.jpg,36,9,15.5,16,62,4.25,기타,16,15,16,15
train,train_2480.jpg,28,8,6.5,12,26,2.0,색상,4,5,12,5
train,train_2481.jpg,24,7,6.75,8,27,2.25,문자·간판 읽기,8,6,7,6
train,train_2482.jpg,23,5,16.75,20,67,4.5,문자·간판 읽기,18,15,20,14
train,train_2483.jpg,26,6,3.25,4,13,1.25,메뉴·상품,3,3,4,3
train,train_2484.jpg,27,7,6.75,8,27,1.5,위치·방향,8,7,8,4
train,train_2485.jpg,20,5,2.75,3,11,1.0,문자·간판 읽기,3,3,3,2
train,train_2486.jpg,24,6,4.0,5,16,1.0,색상,3,4,4,5
train,train_2487.jpg,27,6,5.0,5,20,1.0,가격·금액,5,5,5,5
train,train_2488.jpg,40,8,20.0,20,80,6.0,날짜·시간,20,20,20,20
train,train_2489.jpg,37,8,2.0,3,8,1.0,위치·방향,3,1,2,2
train,train_2490.jpg,37,9,4.0,4,16,1.0,날짜·시간,4,4,4,4
train,train_2491.jpg,26,7,20.5,27,82,3.0,위치·방향,27,14,19,22
train,train_2492.jpg,16,4,5.0,5,20,1.0,문자·간판 읽기,5,5,5,5
train,train_2493.jpg,31,5,5.0,5,20,1.0,기타,5,5,5,5
train,train_2494.jpg,40,12,17.0,21,68,4.25,메뉴·상품,21,15,14,18
train,train_2495.jpg,32,7,18.75,26,75,3.25,문자·간판 읽기,17,26,17,15
train,train_2496.jpg,40,12,15.25,17,61,4.5,기타,11,16,17,17
train,train_2497.jpg,19,5,7.25,8,29,1.0,가격·금액,7,8,7,7
train,train_2498.jpg,41,8,6.0,6,24,1.0,가격·금액,6,6,6,6
train,train_2499.jpg,26,6,7.75,9,31,3.0,메뉴·상품,9,7,8,7
train,train_2500.jpg,25,6,4.75,6,19,1.5,기타,6,4,6,3
train,train_2501.jpg,16,4,19.5,35,78,4.25,문자·간판 읽기,11,35,6,26
train,train_2502.jpg,19,5,5.0,11,20,1.25,문자·간판 읽기,3,11,3,3
train,train_2503.jpg,29,9,2.25,3,9,1.0,날짜·시간,2,3,2,2
train,train_2504.jpg,44,11,4.5,6,18,1.75,위치·방향,5,5,2,6
train,train_2505.jpg,59,13,14.5,16,58,5.0,날짜·시간,14,14,14,16
train,train_2506.jpg,39,12,5.25,6,21,2.0,색상,5,5,5,6
train,train_2507.jpg,48,14,3.0,3,12,1.0,색상,3,3,3,3
train,train_2508.jpg,19,5,6.0,6,24,1.0,가격·금액,6,6,6,6
train,train_2509.jpg,37,8,11.5,13,46,1.0,전화번호,13,12,13,8
train,train_2510.jpg,25,7,5.0,6,20,2.0,기타,5,5,4,6
train,train_2511.jpg,20,5,9.75,10,39,2.75,위치·방향,10,10,9,10
train,train_2512.jpg,21,5,12.0,18,48,3.0,메뉴·상품,18,8,11,11
train,train_2513.jpg,37,9,13.0,13,52,1.0,전화번호,13,13,13,13
train,train_2514.jpg,29,7,8.25,15,33,2.0,기타,9,15,3,6
train,train_2515.jpg,20,5,7.0,8,28,2.25,메뉴·상품,8,6,7,7
train,train_2516.jpg,21,5,9.0,9,36,3.0,문자·간판 읽기,9,9,9,9
train,train_2517.jpg,35,10,9.5,12,38,1.75,인물·대상,10,5,11,12
train,train_2518.jpg,29,7,6.5,7,26,1.0,가격·금액,6,6,7,7
train,train_2519.jpg,36,9,14.25,15,57,6.0,위치·방향,14,14,15,14
train,train_2520.jpg,33,9,4.5,6,18,1.25,색상,6,4,4,4
train,train_2521.jpg,26,7,5.75,8,23,1.0,문자·간판 읽기,4,4,7,8
train,train_2522.jpg,42,10,11.25,23,45,3.25,위치·방향,6,7,9,23
train,train_2523.jpg,20,5,7.0,7,28,1.0,가격·금액,7,7,7,7
train,train_2524.jpg,28,9,6.0,6,24,2.0,날짜·시간,6,6,6,6
train,train_2525.jpg,32,8,4.0,4,16,1.0,가격·금액,4,4,4,4
train,train_2526.jpg,34,9,7.0,11,28,1.25,문자·간판 읽기,8,5,11,4
train,train_2527.jpg,33,5,11.25,18,45,3.25,기타,18,8,10,9
train,train_2528.jpg,31,9,3.5,5,14,1.0,메뉴·상품,5,4,2,3
train,train_2529.jpg,22,5,8.0,8,32,2.0,가격·금액,8,8,8,8
train,train_2530.jpg,38,9,6.5,11,26,2.25,날짜·시간,11,5,5,5
train,train_2531.jpg,24,6,6.25,7,25,2.0,문자·간판 읽기,6,6,6,7
train,train_2532.jpg,36,8,7.5,9,30,2.0,기타,7,8,6,9
train,train_2533.jpg,32,9,3.0,3,12,1.0,전화번호,3,3,3,3
train,train_2534.jpg,32,9,4.0,5,16,1.0,문자·간판 읽기,5,5,2,4
train,train_2535.jpg,33,9,4.5,5,18,1.0,문자·간판 읽기,4,5,4,5
train,train_2536.jpg,41,11,11.0,12,44,3.75,메뉴·상품,12,12,11,9
train,train_2537.jpg,26,7,4.25,5,17,1.0,메뉴·상품,5,3,5,4
train,train_2538.jpg,26,6,11.0,12,44,1.0,전화번호,12,12,12,8
train,train_2539.jpg,31,8,5.75,6,23,2.0,전화번호,5,6,6,6
train,train_2540.jpg,25,6,4.75,8,19,1.0,문자·간판 읽기,4,8,5,2
train,train_2541.jpg,38,10,2.5,3,10,1.0,위치·방향,2,3,3,2
train,train_2542.jpg,36,9,2.0,2,8,1.0,위치·방향,2,2,2,2
train,train_2543.jpg,35,9,5.0,6,20,2.0,위치·방향,5,6,5,4
train,train_2544.jpg,25,7,5.5,6,22,1.25,문자·간판 읽기,6,5,6,5
train,train_2545.jpg,60,14,13.25,18,53,3.25,위치·방향,10,17,18,8
train,train_2546.jpg,24,6,8.0,8,32,2.0,전화번호,8,8,8,8
train,train_2547.jpg,47,11,4.75,5,19,2.0,기타,4,5,5,5
train,train_2548.jpg,32,9,4.25,5,17,1.0,기타,4,4,4,5
train,train_2549.jpg,31,8,8.0,8,32,2.0,문자·간판 읽기,8,8,8,8
train,train_2550.jpg,55,14,16.0,17,64,5.0,날짜·시간,15,17,16,16
train,train_2551.jpg,30,7,9.5,13,38,2.5,문자·간판 읽기,4,13,10,11
train,train_2552.jpg,43,11,13.75,16,55,3.5,전화번호,13,13,16,13
train,train_2553.jpg,30,8,6.0,6,24,1.0,문자·간판 읽기,6,6,6,6
train,train_2554.jpg,16,4,6.0,7,24,1.0,문자·간판 읽기,5,7,6,6
train,train_2555.jpg,40,10,3.5,5,14,1.0,기타,3,3,5,3
train,train_2556.jpg,29,6,6.25,7,25,1.0,가격·금액,6,6,6,7
train,train_2557.jpg,29,9,6.75,13,27,1.75,문자·간판 읽기,4,13,3,7
train,train_2558.jpg,25,7,4.25,5,17,1.0,문자·간판 읽기,5,4,5,3
train,train_2559.jpg,38,8,5.0,5,20,1.0,가격·금액,5,5,5,5
train,train_2560.jpg,17,4,5.0,5,20,1.0,가격·금액,5,5,5,5
train,train_2561.jpg,23,6,11.0,16,44,3.25,문자·간판 읽기,6,13,16,9
train,train_2562.jpg,39,7,15.0,15,60,2.0,날짜·시간,15,15,15,15
train,train_2563.jpg,50,11,6.0,6,24,2.0,가격·금액,6,6,6,6
train,train_2564.jpg,23,5,8.25,10,33,2.5,문자·간판 읽기,8,9,10,6
train,train_2565.jpg,28,7,6.75,7,27,2.0,전화번호,6,7,7,7
train,train_2566.jpg,37,10,7.25,15,29,1.75,위치·방향,4,15,6,4
train,train_2567.jpg,34,8,39.5,40,158,7.0,위치·방향,39,40,40,39
train,train_2568.jpg,34,10,5.5,6,22,1.75,문자·간판 읽기,6,6,4,6
train,train_2569.jpg,24,6,7.0,7,28,2.0,문자·간판 읽기,7,7,7,7
train,train_2570.jpg,41,11,14.0,17,56,4.0,기타,17,15,13,11
train,train_2571.jpg,22,5,5.0,6,20,1.0,메뉴·상품,5,4,5,6
train,train_2572.jpg,30,5,11.75,14,47,3.5,기타,11,10,12,14
train,train_2573.jpg,20,6,4.5,5,18,1.0,문자·간판 읽기,4,5,5,4
train,train_2574.jpg,17,4,9.0,17,36,2.0,문자·간판 읽기,17,4,11,4
train,train_2575.jpg,28,7,7.0,10,28,1.5,위치·방향,10,4,7,7
train,train_2576.jpg,64,14,3.0,3,12,1.0,기타,3,3,3,3
train,train_2577.jpg,17,4,7.0,9,28,1.0,메뉴·상품,9,5,8,6
train,train_2578.jpg,39,9,3.0,3,12,1.0,가격·금액,3,3,3,3
train,train_2579.jpg,26,7,4.75,6,19,1.75,색상,5,5,6,3
train,train_2580.jpg,46,10,10.0,13,40,1.75,기타,12,5,13,10
train,train_2581.jpg,16,4,9.5,10,38,2.0,메뉴·상품,9,9,10,10
train,train_2582.jpg,38,9,2.25,3,9,1.0,위치·방향,2,3,2,2
train,train_2583.jpg,17,4,4.5,7,18,1.0,문자·간판 읽기,4,4,3,7
train,train_2584.jpg,32,8,3.0,3,12,1.0,기타,3,3,3,3
train,train_2585.jpg,20,5,3.25,4,13,1.0,문자·간판 읽기,4,4,3,2
train,train_2586.jpg,47,12,6.75,8,27,1.5,위치·방향,6,8,6,7
train,train_2587.jpg,31,8,5.0,7,20,1.25,문자·간판 읽기,5,5,7,3
train,train_2588.jpg,28,8,5.0,5,20,1.0,날짜·시간,5,5,5,5
train,train_2589.jpg,27,7,6.5,7,26,1.0,가격·금액,7,6,7,6
train,train_2590.jpg,27,7,12.25,17,49,3.25,색상,11,11,17,10
train,train_2591.jpg,32,10,21.0,29,84,6.0,기타,17,29,26,12
train,train_2592.jpg,24,6,8.25,10,33,2.5,문자·간판 읽기,8,10,7,8
train,train_2593.jpg,30,8,3.75,5,15,1.0,문자·간판 읽기,4,5,4,2
train,train_2594.jpg,33,8,3.0,3,12,1.0,수량·계수,3,3,3,3
train,train_2595.jpg,39,10,4.5,7,18,1.5,기타,3,5,7,3
train,train_2596.jpg,28,8,5.75,8,23,1.0,문자·간판 읽기,4,5,8,6
train,train_2597.jpg,53,14,15.75,22,63,4.75,문자·간판 읽기,22,16,12,13
train,train_2598.jpg,36,8,3.5,5,14,1.25,문자·간판 읽기,2,4,5,3
train,train_2599.jpg,18,4,8.0,8,32,1.0,전화번호,8,8,8,8
train,train_2600.jpg,17,5,5.75,7,23,1.75,기타,7,7,3,6
train,train_2601.jpg,16,4,5.25,6,21,2.0,기타,6,5,5,5
train,train_2602.jpg,36,9,17.75,26,71,4.25,기타,17,14,14,26
train,train_2603.jpg,27,5,3.5,4,14,1.0,가격·금액,4,3,4,3
train,train_2604.jpg,23,6,5.25,6,21,1.0,문자·간판 읽기,6,5,5,5
train,train_2605.jpg,29,6,2.0,2,8,1.0,기타,2,2,2,2
train,train_2606.jpg,37,10,26.0,31,104,7.0,위치·방향,26,20,27,31
train,train_2607.jpg,33,7,12.25,14,49,3.25,가격·금액,12,14,12,11
train,train_2608.jpg,17,5,2.75,3,11,1.0,인물·대상,3,3,2,3
train,train_2609.jpg,41,12,9.0,9,36,2.0,가격·금액,9,9,9,9
train,train_2610.jpg,42,8,12.5,17,50,3.75,문자·간판 읽기,17,10,11,12
train,train_2611.jpg,36,7,9.25,10,37,3.0,문자·간판 읽기,10,8,9,10
train,train_2612.jpg,27,7,3.75,5,15,1.0,위치·방향,4,2,5,4
train,train_2613.jpg,16,4,4.0,4,16,1.0,문자·간판 읽기,4,4,4,4
train,train_2614.jpg,31,9,3.0,4,12,1.0,메뉴·상품,4,2,4,2
train,train_2615.jpg,29,8,12.75,21,51,3.75,색상,10,21,8,12
train,train_2616.jpg,21,6,2.5,4,10,1.0,기타,4,2,2,2
train,train_2617.jpg,39,11,4.75,7,19,1.25,문자·간판 읽기,3,7,4,5
train,train_2618.jpg,35,10,8.5,9,34,2.0,위치·방향,8,8,9,9
train,train_2619.jpg,45,10,8.25,11,33,2.5,가격·금액,11,6,6,10
train,train_2620.jpg,25,7,7.5,9,30,2.75,위치·방향,7,7,9,7
train,train_2621.jpg,36,9,4.25,5,17,1.0,기타,5,4,4,4
train,train_2622.jpg,33,9,16.25,17,65,5.25,문자·간판 읽기,17,15,16,17
train,train_2623.jpg,33,8,2.25,3,9,1.0,위치·방향,3,2,2,2
train,train_2624.jpg,40,10,6.0,6,24,1.0,가격·금액,6,6,6,6
train,train_2625.jpg,50,12,15.75,21,63,2.75,문자·간판 읽기,13,14,21,15
train,train_2626.jpg,17,5,5.0,5,20,2.0,가격·금액,5,5,5,5
train,train_2627.jpg,40,7,1.75,3,7,1.0,위치·방향,2,1,3,1
train,train_2628.jpg,24,6,11.25,16,45,2.75,날짜·시간,11,9,9,16
train,train_2629.jpg,83,14,7.0,7,28,1.0,가격·금액,7,7,7,7
train,train_2630.jpg,47,11,2.0,2,8,1.0,문자·간판 읽기,2,2,2,2
train,train_2631.jpg,17,4,4.25,5,17,1.0,문자·간판 읽기,4,4,4,5
train,train_2632.jpg,36,9,6.75,7,27,1.0,가격·금액,7,7,6,7
train,train_2633.jpg,15,4,14.0,15,56,4.0,기타,14,14,15,13
train,train_2634.jpg,34,8,6.0,6,24,2.0,날짜·시간,6,6,6,6
train,train_2635.jpg,28,8,4.25,6,17,1.25,메뉴·상품,6,4,4,3
train,train_2636.jpg,26,7,7.25,8,29,1.75,문자·간판 읽기,7,7,7,8
train,train_2637.jpg,16,4,9.0,9,36,2.0,문자·간판 읽기,9,9,9,9
train,train_2638.jpg,31,9,7.0,7,28,2.0,가격·금액,7,7,7,7
train,train_2639.jpg,30,6,7.0,14,28,1.75,메뉴·상품,4,6,4,14
train,train_2640.jpg,20,5,13.5,14,54,3.5,문자·간판 읽기,14,14,13,13
train,train_2641.jpg,31,8,18.75,19,75,5.0,날짜·시간,18,19,19,19
train,train_2642.jpg,16,4,9.75,16,39,2.5,문자·간판 읽기,8,9,16,6
train,train_2643.jpg,41,10,7.5,8,30,1.0,가격·금액,7,7,8,8
train,train_2644.jpg,21,6,13.25,15,53,1.5,문자·간판 읽기,12,15,14,12
train,train_2645.jpg,22,6,20.0,22,80,3.75,문자·간판 읽기,18,22,18,22
train,train_2646.jpg,15,4,17.25,20,69,3.5,기타,18,16,15,20
train,train_2647.jpg,33,7,2.25,3,9,1.0,문자·간판 읽기,2,3,2,2
train,train_2648.jpg,19,5,5.5,8,22,1.0,문자·간판 읽기,8,2,4,8
train,train_2649.jpg,31,7,6.5,8,26,2.75,기타,8,4,7,7
train,train_2650.jpg,30,7,6.75,7,27,1.0,가격·금액,7,7,6,7
train,train_2651.jpg,26,6,10.0,14,40,1.0,문자·간판 읽기,11,8,14,7
train,train_2652.jpg,31,5,10.5,11,42,3.0,날짜·시간,11,10,11,10
train,train_2653.jpg,30,8,8.0,17,32,1.25,색상,6,5,4,17
train,train_2654.jpg,28,5,6.0,6,24,2.0,위치·방향,6,6,6,6
train,train_2655.jpg,55,14,6.75,8,27,2.0,날짜·시간,8,5,6,8
train,train_2656.jpg,25,6,7.0,7,28,1.0,전화번호,7,7,7,7
train,train_2657.jpg,34,8,3.0,3,12,1.0,전화번호,3,3,3,3
train,train_2658.jpg,27,7,10.25,12,41,1.5,문자·간판 읽기,12,10,11,8
train,train_2659.jpg,34,9,17.75,20,71,3.0,문자·간판 읽기,20,15,18,18
train,train_2660.jpg,53,11,8.25,9,33,2.0,날짜·시간,8,8,8,9
train,train_2661.jpg,26,7,7.0,8,28,2.0,메뉴·상품,8,7,6,7
train,train_2662.jpg,28,7,5.0,5,20,1.0,가격·금액,5,5,5,5
train,train_2663.jpg,29,6,11.5,14,46,1.0,전화번호,14,14,8,10
train,train_2664.jpg,15,4,15.25,24,61,4.25,기타,18,3,16,24
train,train_2665.jpg,20,6,7.25,8,29,2.0,문자·간판 읽기,7,7,8,7
train,train_2666.jpg,41,11,10.75,12,43,3.5,기타,10,11,10,12
train,train_2667.jpg,28,6,4.0,7,16,1.0,가격·금액,3,7,3,3
train,train_2668.jpg,25,6,3.25,4,13,1.0,문자·간판 읽기,3,3,3,4
train,train_2669.jpg,24,6,6.75,10,27,1.75,문자·간판 읽기,7,10,5,5
train,train_2670.jpg,31,9,2.5,3,10,1.0,메뉴·상품,3,2,2,3
train,train_2671.jpg,27,7,6.0,9,24,1.25,문자·간판 읽기,8,9,2,5
train,train_2672.jpg,31,8,6.0,6,24,1.0,문자·간판 읽기,6,6,6,6
train,train_2673.jpg,25,7,4.75,5,19,2.0,문자·간판 읽기,5,4,5,5
train,train_2674.jpg,61,14,4.25,5,17,1.0,가격·금액,4,4,5,4
train,train_2675.jpg,35,9,11.25,13,45,3.0,위치·방향,10,11,11,13
train,train_2676.jpg,53,12,14.75,18,59,4.0,기타,11,18,12,18
train,train_2677.jpg,46,9,3.0,3,12,1.0,인물·대상,3,3,3,3
train,train_2678.jpg,29,9,4.75,6,19,1.75,기타,5,4,6,4
train,train_2679.jpg,34,8,12.75,21,51,3.25,문자·간판 읽기,8,11,21,11
train,train_2680.jpg,29,7,7.0,13,28,1.25,메뉴·상품,5,5,13,5
train,train_2681.jpg,24,5,10.75,13,43,1.0,전화번호,9,12,13,9
train,train_2682.jpg,23,6,6.5,11,26,2.0,문자·간판 읽기,5,6,4,11
train,train_2683.jpg,19,5,12.5,19,50,3.75,문자·간판 읽기,9,11,11,19
train,train_2684.jpg,30,6,5.25,6,21,1.75,문자·간판 읽기,4,6,6,5
train,train_2685.jpg,41,9,3.25,4,13,1.0,기타,3,3,3,4
train,train_2686.jpg,22,6,3.25,4,13,1.0,문자·간판 읽기,3,3,3,4
train,train_2687.jpg,19,5,4.25,5,17,1.0,문자·간판 읽기,4,5,4,4
train,train_2688.jpg,39,11,16.75,21,67,3.0,문자·간판 읽기,16,15,15,21
train,train_2689.jpg,55,11,2.75,3,11,1.0,인물·대상,3,2,3,3
train,train_2690.jpg,37,10,9.25,11,37,2.25,가격·금액,9,8,9,11
train,train_2691.jpg,29,8,21.75,33,87,4.25,문자·간판 읽기,19,19,16,33
train,train_2692.jpg,22,5,9.5,13,38,2.0,위치·방향,7,6,12,13
train,train_2693.jpg,45,12,17.75,20,71,4.25,기타,17,20,17,17
train,train_2694.jpg,52,12,26.5,33,106,7.5,기타,27,17,29,33
train,train_2695.jpg,32,8,2.25,3,9,1.0,메뉴·상품,3,2,2,2
train,train_2696.jpg,36,10,11.5,13,46,2.0,문자·간판 읽기,10,13,10,13
train,train_2697.jpg,31,9,4.5,6,18,1.0,문자·간판 읽기,4,4,6,4
train,train_2698.jpg,20,5,7.0,7,28,2.0,가격·금액,7,7,7,7
train,train_2699.jpg,27,7,8.5,13,34,2.5,메뉴·상품,6,6,9,13
train,train_2700.jpg,37,10,12.25,14,49,3.0,메뉴·상품,12,11,14,12
train,train_2701.jpg,26,7,2.0,2,8,1.0,수량·계수,2,2,2,2
train,train_2702.jpg,19,5,11.25,15,45,2.25,문자·간판 읽기,12,9,9,15
train,train_2703.jpg,41,9,11.0,11,44,1.0,전화번호,11,11,11,11
train,train_2704.jpg,32,7,6.5,9,26,2.25,위치·방향,9,5,6,6
train,train_2705.jpg,35,7,6.25,15,25,1.75,날짜·시간,4,3,3,15
train,train_2706.jpg,23,6,8.5,9,34,2.75,기타,9,7,9,9
train,train_2707.jpg,59,12,6.5,9,26,2.25,날짜·시간,6,9,5,6
train,train_2708.jpg,36,8,2.25,3,9,1.0,위치·방향,2,3,2,2
train,train_2709.jpg,29,7,13.0,19,52,2.25,문자·간판 읽기,13,19,5,15
train,train_2710.jpg,34,8,16.25,35,65,4.75,기타,14,8,35,8
train,train_2711.jpg,29,6,9.25,13,37,1.0,전화번호,8,8,8,13
train,train_2712.jpg,28,6,18.75,24,75,1.0,메뉴·상품,24,5,22,24
train,train_2713.jpg,32,9,21.5,25,86,4.5,전화번호,24,19,18,25
train,train_2714.jpg,28,7,6.0,6,24,1.0,가격·금액,6,6,6,6
train,train_2715.jpg,38,8,5.0,7,20,2.0,메뉴·상품,4,7,5,4
train,train_2716.jpg,31,6,5.25,6,21,2.0,기타,6,5,5,5
train,train_2717.jpg,48,10,19.0,19,76,4.0,문자·간판 읽기,19,19,19,19
train,train_2718.jpg,27,6,6.25,8,25,2.25,메뉴·상품,5,7,5,8
train,train_2719.jpg,39,10,2.0,2,8,1.0,문자·간판 읽기,2,2,2,2
train,train_2720.jpg,23,5,6.0,6,24,1.0,가격·금액,6,6,6,6
train,train_2721.jpg,32,7,7.0,7,28,1.0,가격·금액,7,7,7,7
train,train_2722.jpg,41,10,13.0,13,52,3.0,날짜·시간,13,13,13,13
train,train_2723.jpg,48,11,5.25,7,21,1.0,문자·간판 읽기,2,7,7,5
train,train_2724.jpg,40,11,14.25,18,57,3.0,문자·간판 읽기,18,15,10,14
train,train_2725.jpg,43,9,6.0,6,24,1.0,가격·금액,6,6,6,6
train,train_2726.jpg,22,6,6.75,9,27,2.25,문자·간판 읽기,5,5,9,8
train,train_2727.jpg,29,7,4.0,5,16,1.0,문자·간판 읽기,3,4,5,4
train,train_2728.jpg,41,11,23.5,26,94,6.75,기타,21,23,26,24
train,train_2729.jpg,44,12,14.0,23,56,3.75,기타,10,10,23,13
train,train_2730.jpg,23,6,8.75,9,35,2.75,메뉴·상품,8,9,9,9
train,train_2731.jpg,30,9,5.75,7,23,2.0,문자·간판 읽기,7,4,5,7
train,train_2732.jpg,34,8,3.75,7,15,1.5,메뉴·상품,1,7,5,2
train,train_2733.jpg,44,12,8.0,8,32,1.0,기타,8,8,8,8
train,train_2734.jpg,32,9,17.0,23,68,5.0,기타,23,13,10,22
train,train_2735.jpg,42,11,25.5,30,102,7.0,기타,21,30,30,21
train,train_2736.jpg,39,11,6.0,13,24,1.25,기타,13,4,3,4
train,train_2737.jpg,23,6,9.5,10,38,3.25,기타,10,10,8,10
train,train_2738.jpg,32,7,15.0,19,60,3.75,인물·대상,15,19,13,13
train,train_2739.jpg,35,9,2.5,3,10,1.0,기타,3,2,3,2
train,train_2740.jpg,48,12,31.25,33,125,5.75,문자·간판 읽기,33,33,31,28
train,train_2741.jpg,34,6,13.75,19,55,3.5,기타,10,16,19,10
train,train_2742.jpg,39,8,12.0,13,48,3.0,날짜·시간,11,13,12,12
train,train_2743.jpg,34,9,6.75,7,27,1.0,가격·금액,7,7,6,7
train,train_2744.jpg,36,9,6.0,6,24,2.0,가격·금액,6,6,6,6
train,train_2745.jpg,30,7,13.75,15,55,4.75,위치·방향,14,14,15,12
train,train_2746.jpg,26,7,3.0,3,12,1.0,날짜·시간,3,3,3,3
train,train_2747.jpg,22,6,7.75,9,31,2.5,기타,5,9,8,9
train,train_2748.jpg,19,5,10.5,11,42,2.0,문자·간판 읽기,10,11,10,11
train,train_2749.jpg,25,6,6.5,8,26,2.0,색상,6,8,6,6
train,train_2750.jpg,29,8,37.0,39,148,6.5,문자·간판 읽기,39,35,39,35
train,train_2751.jpg,17,4,8.5,13,34,1.5,문자·간판 읽기,13,10,5,6
train,train_2752.jpg,35,10,2.25,3,9,1.0,메뉴·상품,2,3,3,1
train,train_2753.jpg,25,7,5.25,6,21,1.0,문자·간판 읽기,5,5,6,5
train,train_2754.jpg,21,5,5.5,8,22,1.0,문자·간판 읽기,8,4,5,5
train,train_2755.jpg,64,17,8.0,8,32,2.0,수량·계수,8,8,8,8
train,train_2756.jpg,22,6,5.0,5,20,1.0,날짜·시간,5,5,5,5
train,train_2757.jpg,29,8,10.0,14,40,1.75,기타,10,14,8,8
train,train_2758.jpg,22,6,17.25,20,69,3.25,문자·간판 읽기,20,17,12,20
train,train_2759.jpg,24,6,4.0,4,16,1.0,문자·간판 읽기,4,4,4,4
train,train_2760.jpg,46,12,15.25,16,61,3.0,문자·간판 읽기,16,15,15,15
train,train_2761.jpg,32,9,10.25,11,41,2.0,색상,11,10,11,9
train,train_2762.jpg,31,7,8.0,9,32,2.0,문자·간판 읽기,7,7,9,9
train,train_2763.jpg,23,6,2.75,4,11,1.0,문자·간판 읽기,2,2,3,4
train,train_2764.jpg,33,9,17.0,22,68,4.0,가격·금액,14,19,13,22
train,train_2765.jpg,54,11,8.25,10,33,2.0,기타,7,10,8,8
train,train_2766.jpg,31,8,3.75,4,15,1.0,날짜·시간,4,4,3,4
train,train_2767.jpg,33,8,3.25,5,13,1.0,기타,3,3,5,2
train,train_2768.jpg,17,4,8.75,10,35,2.0,기타,7,9,9,10
train,train_2769.jpg,42,12,9.25,11,37,1.75,위치·방향,11,8,8,10
train,train_2770.jpg,23,6,4.0,4,16,1.0,문자·간판 읽기,4,4,4,4
train,train_2771.jpg,58,13,33.5,37,134,9.0,문자·간판 읽기,37,36,25,36
train,train_2772.jpg,23,6,4.5,5,18,1.0,문자·간판 읽기,4,5,4,5
train,train_2773.jpg,35,9,4.0,5,16,1.0,문자·간판 읽기,3,5,5,3
train,train_2774.jpg,54,12,6.0,8,24,1.5,위치·방향,5,8,8,3
train,train_2775.jpg,27,7,9.5,12,38,1.5,문자·간판 읽기,9,7,12,10
train,train_2776.jpg,38,8,21.75,27,87,1.0,문자·간판 읽기,24,27,19,17
train,train_2777.jpg,18,4,5.25,9,21,1.25,메뉴·상품,3,9,4,5
train,train_2778.jpg,33,8,6.0,6,24,1.0,가격·금액,6,6,6,6
train,train_2779.jpg,32,8,14.25,18,57,2.0,전화번호,13,18,13,13
train,train_2780.jpg,24,6,10.25,12,41,2.0,문자·간판 읽기,10,9,12,10
train,train_2781.jpg,34,10,6.75,8,27,1.25,위치·방향,6,8,7,6
train,train_2782.jpg,23,6,7.25,8,29,2.0,문자·간판 읽기,7,8,7,7
train,train_2783.jpg,27,7,5.0,8,20,1.25,문자·간판 읽기,4,8,4,4
train,train_2784.jpg,18,4,3.75,4,15,1.0,문자·간판 읽기,4,4,4,3
train,train_2785.jpg,16,4,16.0,17,64,2.75,문자·간판 읽기,17,15,16,16
train,train_2786.jpg,44,12,4.75,7,19,1.25,문자·간판 읽기,7,7,3,2
train,train_2787.jpg,15,4,9.5,11,38,3.0,메뉴·상품,8,10,11,9
train,train_2788.jpg,18,4,14.75,15,59,1.0,기타,14,15,15,15
train,train_2789.jpg,35,10,5.25,7,21,1.0,색상,5,7,3,6
train,train_2790.jpg,32,8,5.25,6,21,2.0,날짜·시간,6,5,5,5
train,train_2791.jpg,34,7,8.0,8,32,1.0,가격·금액,8,8,8,8
train,train_2792.jpg,22,6,4.5,5,18,2.0,문자·간판 읽기,5,4,4,5
train,train_2793.jpg,36,9,8.75,19,35,1.25,위치·방향,19,3,7,6
train,train_2794.jpg,33,9,3.5,4,14,1.0,문자·간판 읽기,4,3,3,4
train,train_2795.jpg,26,7,18.5,19,74,3.0,날짜·시간,17,19,19,19
train,train_2796.jpg,53,13,5.75,9,23,1.5,인물·대상,8,3,3,9
train,train_2797.jpg,24,6,6.5,8,26,1.75,문자·간판 읽기,8,6,7,5
train,train_2798.jpg,36,11,10.5,11,42,1.0,문자·간판 읽기,11,11,10,10
train,train_2799.jpg,31,8,4.25,6,17,1.25,인물·대상,6,5,2,4
train,train_2800.jpg,25,6,5.5,6,22,1.0,문자·간판 읽기,6,5,5,6
train,train_2801.jpg,40,11,3.0,4,12,1.0,메뉴·상품,2,3,4,3
train,train_2802.jpg,32,7,5.25,6,21,2.0,기타,5,6,5,5
train,train_2803.jpg,51,11,8.0,9,32,2.75,날짜·시간,8,8,7,9
train,train_2804.jpg,22,5,3.0,3,12,1.0,위치·방향,3,3,3,3
train,train_2805.jpg,39,10,9.75,12,39,2.0,기타,6,12,9,12
train,train_2806.jpg,31,7,7.0,7,28,3.0,기타,7,7,7,7
train,train_2807.jpg,48,12,29.0,29,116,11.0,기타,29,29,29,29
train,train_2808.jpg,35,9,5.25,12,21,1.5,메뉴·상품,2,4,12,3
train,train_2809.jpg,31,9,12.0,21,48,3.5,메뉴·상품,11,21,10,6
train,train_2810.jpg,32,9,45.75,48,183,7.0,가격·금액,45,44,46,48
train,train_2811.jpg,24,6,4.25,5,17,1.0,문자·간판 읽기,4,4,4,5
train,train_2812.jpg,40,11,15.75,22,63,4.5,위치·방향,22,12,13,16
train,train_2813.jpg,19,5,4.5,6,18,1.0,문자·간판 읽기,4,4,4,6
train,train_2814.jpg,50,13,7.0,7,28,2.0,문자·간판 읽기,7,7,7,7
train,train_2815.jpg,24,6,6.75,12,27,1.25,색상,5,12,4,6
train,train_2816.jpg,19,5,22.0,22,88,6.0,날짜·시간,22,22,22,22
train,train_2817.jpg,42,8,12.25,13,49,3.0,날짜·시간,12,12,12,13
train,train_2818.jpg,25,6,10.0,19,40,2.0,기타,7,9,5,19
train,train_2819.jpg,17,4,3.5,4,14,1.0,문자·간판 읽기,3,4,4,3
train,train_2820.jpg,27,7,7.0,9,28,2.0,위치·방향,3,7,9,9
train,train_2821.jpg,27,7,31.75,35,127,6.0,문자·간판 읽기,35,32,27,33
train,train_2822.jpg,24,6,5.5,7,22,1.0,위치·방향,7,6,5,4
train,train_2823.jpg,33,7,6.25,7,25,1.0,가격·금액,7,6,6,6
train,train_2824.jpg,41,10,5.0,6,20,1.5,문자·간판 읽기,4,5,5,6
train,train_2825.jpg,42,9,14.0,19,56,3.75,기타,15,19,11,11
train,train_2826.jpg,41,7,26.0,27,104,4.0,날짜·시간,27,27,25,25
train,train_2827.jpg,28,8,4.5,5,18,1.0,문자·간판 읽기,5,5,4,4
train,train_2828.jpg,31,8,64.0,66,256,12.0,색상,64,64,66,62
train,train_2829.jpg,35,8,4.0,4,16,1.0,전화번호,4,4,4,4
train,train_2830.jpg,29,7,3.25,4,13,1.0,가격·금액,3,4,3,3
train,train_2831.jpg,36,9,6.5,12,26,2.0,메뉴·상품,5,6,12,3
train,train_2832.jpg,41,8,6.75,7,27,1.0,가격·금액,7,7,6,7
train,train_2833.jpg,24,6,8.25,17,33,2.0,위치·방향,6,3,7,17
train,train_2834.jpg,48,10,5.5,7,22,1.5,위치·방향,4,7,4,7
train,train_2835.jpg,37,7,17.0,21,68,5.5,기타,14,15,18,21
train,train_2836.jpg,25,7,9.5,11,38,2.0,메뉴·상품,11,9,9,9
train,train_2837.jpg,42,10,27.75,33,111,4.0,기타,33,27,25,26
train,train_2838.jpg,50,13,12.5,24,50,2.75,메뉴·상품,8,11,7,24
train,train_2839.jpg,34,8,11.0,11,44,1.0,날짜·시간,11,11,11,11
train,train_2840.jpg,31,6,13.0,13,52,3.0,날짜·시간,13,13,13,13
train,train_2841.jpg,31,8,6.75,9,27,2.0,색상,4,7,9,7
train,train_2842.jpg,42,6,8.75,12,35,2.75,기타,6,10,12,7
train,train_2843.jpg,20,5,7.0,7,28,2.0,문자·간판 읽기,7,7,7,7
train,train_2844.jpg,39,7,21.75,33,87,3.5,날짜·시간,18,18,33,18
train,train_2845.jpg,28,7,3.0,4,12,1.0,메뉴·상품,3,2,3,4
train,train_2846.jpg,40,8,4.0,4,16,1.0,기타,4,4,4,4
train,train_2847.jpg,57,14,7.0,10,28,2.25,문자·간판 읽기,10,6,7,5
train,train_2848.jpg,25,6,19.5,24,78,3.25,인물·대상,15,18,24,21
train,train_2849.jpg,32,9,6.0,6,24,2.0,가격·금액,6,6,6,6
train,train_2850.jpg,33,9,4.5,7,18,1.0,문자·간판 읽기,3,4,7,4
train,train_2851.jpg,31,8,10.25,16,41,2.0,색상,8,16,10,7
train,train_2852.jpg,41,11,3.75,5,15,1.0,가격·금액,3,4,3,5
train,train_2853.jpg,32,8,11.75,19,47,2.0,문자·간판 읽기,19,10,6,12
train,train_2854.jpg,43,10,10.5,14,42,3.0,문자·간판 읽기,13,8,14,7
train,train_2855.jpg,26,7,8.0,9,32,3.0,문자·간판 읽기,8,9,8,7
train,train_2856.jpg,42,13,11.5,13,46,3.75,위치·방향,12,9,12,13
train,train_2857.jpg,25,6,11.75,14,47,3.0,문자·간판 읽기,14,11,11,11
train,train_2858.jpg,24,6,3.5,4,14,1.0,문자·간판 읽기,4,2,4,4
train,train_2859.jpg,28,6,3.75,4,15,1.0,가격·금액,3,4,4,4
train,train_2860.jpg,32,9,4.75,5,19,2.0,색상,5,4,5,5
train,train_2861.jpg,37,8,5.75,6,23,1.0,색상,6,6,5,6
train,train_2862.jpg,48,12,15.5,17,62,4.0,색상,14,14,17,17
train,train_2863.jpg,24,6,8.0,13,32,2.5,위치·방향,5,7,7,13
train,train_2864.jpg,25,7,12.5,14,50,3.0,문자·간판 읽기,14,11,13,12
train,train_2865.jpg,24,6,2.25,3,9,1.0,문자·간판 읽기,2,3,2,2
train,train_2866.jpg,36,9,3.25,4,13,1.0,가격·금액,4,4,3,2
train,train_2867.jpg,30,9,12.5,15,50,2.25,문자·간판 읽기,11,15,13,11
train,train_2868.jpg,30,8,5.25,6,21,2.0,위치·방향,5,5,6,5
train,train_2869.jpg,22,5,6.0,6,24,2.0,전화번호,6,6,6,6
train,train_2870.jpg,34,8,7.0,7,28,1.0,가격·금액,7,7,7,7
train,train_2871.jpg,27,6,5.0,5,20,1.0,가격·금액,5,5,5,5
train,train_2872.jpg,16,4,15.0,17,60,4.5,기타,17,13,14,16
train,train_2873.jpg,44,9,6.25,8,25,2.25,메뉴·상품,5,8,6,6
train,train_2874.jpg,36,7,7.0,7,28,1.0,가격·금액,7,7,7,7
train,train_2875.jpg,37,10,5.75,8,23,1.75,메뉴·상품,3,8,6,6
train,train_2876.jpg,41,12,9.75,11,39,2.75,문자·간판 읽기,9,11,9,10
train,train_2877.jpg,36,10,26.5,40,106,6.25,문자·간판 읽기,23,40,22,21
train,train_2878.jpg,22,6,2.75,3,11,1.0,문자·간판 읽기,3,3,3,2
train,train_2879.jpg,41,11,6.0,9,24,2.0,색상,6,3,9,6
train,train_2880.jpg,34,7,6.5,9,26,1.0,가격·금액,6,9,6,5
train,train_2881.jpg,21,5,4.0,4,16,1.0,가격·금액,4,4,4,4
train,train_2882.jpg,27,8,5.75,8,23,1.0,문자·간판 읽기,4,8,6,5
train,train_2883.jpg,26,6,6.5,9,26,1.0,문자·간판 읽기,7,4,9,6
train,train_2884.jpg,44,11,6.5,8,26,1.0,문자·간판 읽기,7,8,5,6
train,train_2885.jpg,24,6,3.75,4,15,1.0,문자·간판 읽기,4,4,3,4
train,train_2886.jpg,25,7,5.0,6,20,2.0,기타,6,4,5,5
train,train_2887.jpg,23,6,18.25,25,73,2.75,문자·간판 읽기,25,15,17,16
train,train_2888.jpg,29,8,4.5,6,18,1.5,기타,4,4,4,6
train,train_2889.jpg,37,10,7.0,7,28,1.0,전화번호,7,7,7,7
train,train_2890.jpg,23,6,9.75,12,39,1.0,문자·간판 읽기,12,9,10,8
train,train_2891.jpg,22,6,3.25,6,13,1.25,기타,2,2,3,6
train,train_2892.jpg,36,9,6.0,6,24,1.0,가격·금액,6,6,6,6
train,train_2893.jpg,48,13,3.0,3,12,1.0,위치·방향,3,3,3,3
train,train_2894.jpg,27,6,6.0,6,24,1.0,가격·금액,6,6,6,6
train,train_2895.jpg,30,8,7.75,13,31,2.25,색상,5,6,13,7
train,train_2896.jpg,30,8,10.5,12,42,4.0,메뉴·상품,8,12,10,12
train,train_2897.jpg,19,5,5.25,6,21,1.0,문자·간판 읽기,5,6,6,4
train,train_2898.jpg,20,5,3.0,3,12,1.0,가격·금액,3,3,3,3
train,train_2899.jpg,40,10,16.75,19,67,4.5,날짜·시간,19,19,10,19
train,train_2900.jpg,45,11,12.25,13,49,3.0,날짜·시간,13,12,12,12
train,train_2901.jpg,16,4,4.0,4,16,1.0,가격·금액,4,4,4,4
train,train_2902.jpg,36,9,26.0,26,104,5.0,색상,26,26,26,26
train,train_2903.jpg,27,7,17.25,18,69,4.0,날짜·시간,17,17,17,18
train,train_2904.jpg,30,8,9.75,11,39,2.0,색상,9,10,11,9
train,train_2905.jpg,21,5,6.25,7,25,1.0,가격·금액,6,6,6,7
train,train_2906.jpg,27,5,5.25,6,21,2.0,가격·금액,6,5,4,6
train,train_2907.jpg,24,6,6.0,7,24,2.0,문자·간판 읽기,6,5,6,7
train,train_2908.jpg,26,7,6.0,7,24,2.0,위치·방향,7,5,6,6
train,train_2909.jpg,16,4,6.0,7,24,2.0,문자·간판 읽기,5,6,7,6
train,train_2910.jpg,26,7,7.0,11,28,1.5,문자·간판 읽기,8,5,11,4
train,train_2911.jpg,28,8,3.0,3,12,1.0,가격·금액,3,3,3,3
train,train_2912.jpg,26,5,3.75,4,15,1.0,문자·간판 읽기,4,4,4,3
train,train_2913.jpg,41,9,8.75,12,35,1.0,전화번호,12,3,9,11
train,train_2914.jpg,24,6,3.0,4,12,1.0,기타,2,2,4,4
train,train_2915.jpg,31,8,13.5,15,54,3.5,메뉴·상품,12,12,15,15
train,train_2916.jpg,25,6,12.25,15,49,3.25,기타,11,15,13,10
train,train_2917.jpg,33,10,24.0,26,96,4.0,문자·간판 읽기,24,26,22,24
train,train_2918.jpg,63,13,4.0,4,16,1.0,가격·금액,4,4,4,4
train,train_2919.jpg,36,8,14.0,19,56,2.75,문자·간판 읽기,19,12,11,14
train,train_2920.jpg,28,8,4.75,5,19,1.0,색상,5,5,5,4
train,train_2921.jpg,44,8,2.25,3,9,1.0,위치·방향,2,3,2,2
train,train_2922.jpg,31,8,7.0,7,28,1.0,가격·금액,7,7,7,7
train,train_2923.jpg,22,5,13.75,18,55,3.75,문자·간판 읽기,18,11,11,15
train,train_2924.jpg,32,8,8.0,13,32,1.75,메뉴·상품,13,9,6,4
train,train_2925.jpg,37,10,13.25,26,53,2.25,문자·간판 읽기,10,9,26,8
train,train_2926.jpg,47,11,15.0,18,60,3.75,문자·간판 읽기,12,15,18,15
train,train_2927.jpg,23,7,27.25,36,109,5.25,문자·간판 읽기,19,26,36,28
train,train_2928.jpg,34,8,8.0,8,32,1.0,전화번호,8,8,8,8
train,train_2929.jpg,16,4,7.75,9,31,2.0,문자·간판 읽기,9,7,8,7
train,train_2930.jpg,32,7,11.25,12,45,3.0,날짜·시간,11,12,11,11
train,train_2931.jpg,22,5,10.0,12,40,2.0,색상,10,9,9,12
train,train_2932.jpg,27,7,8.5,9,34,2.25,색상,9,9,7,9
train,train_2933.jpg,40,10,5.0,6,20,1.0,가격·금액,4,6,6,4
train,train_2934.jpg,38,11,3.5,4,14,1.0,가격·금액,3,4,4,3
train,train_2935.jpg,24,5,5.0,5,20,1.0,가격·금액,5,5,5,5
train,train_2936.jpg,29,8,9.5,12,38,2.5,색상,12,4,11,11
train,train_2937.jpg,36,8,4.75,6,19,1.75,기타,5,4,6,4
train,train_2938.jpg,39,9,6.0,6,24,1.0,가격·금액,6,6,6,6
train,train_2939.jpg,51,10,4.5,5,18,1.25,전화번호,5,4,4,5
train,train_2940.jpg,19,4,2.75,5,11,1.25,메뉴·상품,2,2,2,5
train,train_2941.jpg,66,12,20.25,21,81,6.0,날짜·시간,20,20,20,21
train,train_2942.jpg,24,6,4.0,4,16,1.0,전화번호,4,4,4,4
train,train_2943.jpg,46,10,5.75,7,23,1.75,기타,7,7,2,7
train,train_2944.jpg,44,10,2.0,2,8,1.0,위치·방향,2,2,2,2
train,train_2945.jpg,36,9,5.75,8,23,1.75,인물·대상,6,2,8,7
train,train_2946.jpg,22,5,6.25,11,25,1.0,문자·간판 읽기,3,11,7,4
train,train_2947.jpg,20,5,5.25,7,21,1.25,문자·간판 읽기,4,4,7,6
train,train_2948.jpg,16,4,3.75,5,15,1.0,문자·간판 읽기,5,4,3,3
train,train_2949.jpg,16,4,8.0,9,32,2.0,문자·간판 읽기,8,9,7,8
train,train_2950.jpg,26,6,6.0,6,24,1.0,가격·금액,6,6,6,6
train,train_2951.jpg,16,4,6.0,9,24,1.75,문자·간판 읽기,9,3,6,6
train,train_2952.jpg,38,10,6.0,7,24,1.0,가격·금액,7,6,5,6
train,train_2953.jpg,47,11,5.0,5,20,1.0,가격·금액,5,5,5,5
train,train_2954.jpg,34,9,5.0,5,20,1.0,가격·금액,5,5,5,5
train,train_2955.jpg,46,10,10.0,13,40,2.5,메뉴·상품,8,12,13,7
train,train_2956.jpg,22,6,10.5,11,42,2.0,문자·간판 읽기,10,11,11,10
train,train_2957.jpg,28,7,4.75,6,19,1.0,문자·간판 읽기,4,6,4,5
train,train_2958.jpg,22,6,3.0,3,12,1.0,문자·간판 읽기,3,3,3,3
train,train_2959.jpg,23,7,3.5,5,14,1.0,문자·간판 읽기,3,5,3,3
train,train_2960.jpg,42,11,3.0,3,12,1.0,가격·금액,3,3,3,3
train,train_2961.jpg,22,6,6.0,6,24,1.0,문자·간판 읽기,6,6,6,6
train,train_2962.jpg,29,5,7.0,7,28,1.0,가격·금액,7,7,7,7
train,train_2963.jpg,36,8,11.5,23,46,3.25,문자·간판 읽기,8,23,6,9
train,train_2964.jpg,25,7,13.0,16,52,2.25,기타,13,12,16,11
train,train_2965.jpg,34,9,3.5,4,14,1.0,메뉴·상품,4,4,3,3
train,train_2966.jpg,49,13,6.75,7,27,2.0,가격·금액,7,7,7,6
train,train_2967.jpg,34,7,11.75,13,47,1.0,전화번호,11,11,13,12
train,train_2968.jpg,22,6,8.5,9,34,1.0,문자·간판 읽기,8,9,9,8
train,train_2969.jpg,26,8,17.0,17,68,4.0,문자·간판 읽기,17,17,17,17
train,train_2970.jpg,48,12,6.75,10,27,2.0,문자·간판 읽기,4,5,10,8
train,train_2971.jpg,32,8,10.75,18,43,2.0,문자·간판 읽기,7,12,6,18
train,train_2972.jpg,40,9,14.25,16,57,2.0,전화번호,15,15,16,11
train,train_2973.jpg,36,10,13.75,16,55,3.0,문자·간판 읽기,13,16,14,12
train,train_2974.jpg,50,12,3.0,3,12,1.0,문자·간판 읽기,3,3,3,3
train,train_2975.jpg,49,12,18.75,23,75,3.5,메뉴·상품,16,20,23,16
train,train_2976.jpg,39,11,5.75,7,23,1.5,문자·간판 읽기,6,4,6,7
train,train_2977.jpg,31,9,9.5,14,38,3.0,기타,14,7,9,8
train,train_2978.jpg,30,8,10.5,16,42,2.75,문자·간판 읽기,3,15,16,8
train,train_2979.jpg,26,7,9.75,13,39,2.0,문자·간판 읽기,8,11,13,7
train,train_2980.jpg,44,10,6.5,9,26,1.75,메뉴·상품,4,9,8,5
train,train_2981.jpg,31,7,9.5,10,38,4.0,색상,10,10,9,9
train,train_2982.jpg,33,9,5.0,5,20,2.0,기타,5,5,5,5
train,train_2983.jpg,33,8,4.0,6,16,1.25,메뉴·상품,3,3,4,6
train,train_2984.jpg,27,6,9.0,10,36,2.0,위치·방향,8,8,10,10
train,train_2985.jpg,38,10,15.0,15,60,4.0,색상,15,15,15,15
train,train_2986.jpg,28,9,14.0,15,56,2.0,메뉴·상품,13,13,15,15
train,train_2987.jpg,23,6,17.25,20,69,3.5,문자·간판 읽기,18,16,20,15
train,train_2988.jpg,45,13,8.75,11,35,2.75,문자·간판 읽기,8,9,11,7
train,train_2989.jpg,25,7,7.0,7,28,2.0,문자·간판 읽기,7,7,7,7
train,train_2990.jpg,28,6,15.5,16,62,5.0,날짜·시간,16,16,15,15
train,train_2991.jpg,25,6,5.5,6,22,1.0,가격·금액,6,6,4,6
train,train_2992.jpg,29,7,16.75,24,67,4.0,색상,17,24,11,15
train,train_2993.jpg,18,4,7.0,8,28,2.0,문자·간판 읽기,8,5,8,7
train,train_2994.jpg,24,5,2.75,4,11,1.0,메뉴·상품,4,3,2,2
train,train_2995.jpg,18,5,12.0,15,48,2.0,문자·간판 읽기,15,11,13,9
train,train_2996.jpg,23,6,11.25,20,45,2.25,문자·간판 읽기,2,17,6,20
train,train_2997.jpg,51,11,2.5,3,10,1.0,위치·방향,3,3,2,2
train,train_2998.jpg,35,9,21.25,25,85,4.5,기타,19,25,20,21
train,train_2999.jpg,26,7,3.25,4,13,1.0,메뉴·상품,3,2,4,4
train,train_3000.jpg,26,7,11.25,12,45,2.0,문자·간판 읽기,11,12,11,11
train,train_3001.jpg,23,6,7.0,9,28,1.75,문자·간판 읽기,9,8,4,7
train,train_3002.jpg,49,11,9.0,12,36,3.0,기타,8,10,6,12
train,train_3003.jpg,63,14,6.0,6,24,1.0,가격·금액,6,6,6,6
train,train_3004.jpg,27,7,3.75,6,15,1.25,메뉴·상품,6,5,2,2
train,train_3005.jpg,20,5,3.0,3,12,1.0,전화번호,3,3,3,3
train,train_3006.jpg,32,9,5.75,7,23,1.0,문자·간판 읽기,5,7,6,5
train,train_3007.jpg,40,10,15.5,17,62,4.75,위치·방향,17,16,13,16
train,train_3008.jpg,36,10,6.0,6,24,1.0,가격·금액,6,6,6,6
train,train_3009.jpg,37,8,30.5,40,122,7.0,기타,40,24,31,27
train,train_3010.jpg,16,4,8.25,10,33,2.25,메뉴·상품,8,10,7,8
train,train_3011.jpg,37,10,15.25,17,61,3.5,기타,17,11,17,16
train,train_3012.jpg,31,8,19.25,23,77,4.75,문자·간판 읽기,14,19,21,23
train,train_3013.jpg,34,9,2.0,2,8,1.0,위치·방향,2,2,2,2
train,train_3014.jpg,35,10,6.5,8,26,2.0,가격·금액,6,8,6,6
train,train_3015.jpg,25,5,10.75,12,43,3.75,위치·방향,11,12,9,11
train,train_3016.jpg,16,4,5.5,10,22,1.25,기타,3,10,4,5
train,train_3017.jpg,16,4,12.0,16,48,2.5,문자·간판 읽기,16,9,9,14
train,train_3018.jpg,32,8,10.5,12,42,2.75,문자·간판 읽기,12,12,7,11
train,train_3019.jpg,32,9,4.75,8,19,1.5,기타,3,8,5,3
train,train_3020.jpg,29,7,6.75,10,27,2.0,색상,4,10,4,9
train,train_3021.jpg,33,9,5.75,6,23,1.0,가격·금액,5,6,6,6
train,train_3022.jpg,16,4,6.0,6,24,1.0,가격·금액,6,6,6,6
train,train_3023.jpg,23,6,8.75,12,35,2.25,문자·간판 읽기,8,7,12,8
train,train_3024.jpg,32,7,6.0,6,24,1.0,가격·금액,6,6,6,6
train,train_3025.jpg,32,8,3.75,4,15,1.0,문자·간판 읽기,3,4,4,4
train,train_3026.jpg,28,7,7.0,7,28,1.0,전화번호,7,7,7,7
train,train_3027.jpg,36,7,7.75,10,31,2.75,기타,10,7,8,6
train,train_3028.jpg,16,4,7.0,8,28,2.0,메뉴·상품,6,8,7,7
train,train_3029.jpg,30,7,6.75,8,27,2.5,기타,6,8,5,8
train,train_3030.jpg,44,12,12.5,19,50,3.25,색상,9,7,19,15
train,train_3031.jpg,35,8,38.0,38,152,9.0,날짜·시간,38,38,38,38
train,train_3032.jpg,40,10,29.5,42,118,6.25,문자·간판 읽기,42,27,27,22
train,train_3033.jpg,32,9,4.75,7,19,1.25,문자·간판 읽기,6,3,7,3
train,train_3034.jpg,29,7,10.25,11,41,3.0,위치·방향,10,10,11,10
train,train_3035.jpg,19,5,5.0,6,20,1.0,기타,6,4,6,4
train,train_3036.jpg,42,11,6.0,6,24,1.0,가격·금액,6,6,6,6
train,train_3037.jpg,33,8,6.0,6,24,1.0,가격·금액,6,6,6,6
train,train_3038.jpg,25,4,12.0,12,48,3.0,날짜·시간,12,12,12,12
train,train_3039.jpg,18,5,15.5,16,62,3.0,가격·금액,16,15,16,15
train,train_3040.jpg,17,5,24.5,30,98,4.5,기타,19,30,30,19
train,train_3041.jpg,24,6,4.0,4,16,1.0,문자·간판 읽기,4,4,4,4
train,train_3042.jpg,35,8,16.5,21,66,3.5,색상,21,14,19,12
train,train_3043.jpg,23,6,11.0,11,44,4.0,문자·간판 읽기,11,11,11,11
train,train_3044.jpg,27,8,7.0,9,28,2.25,문자·간판 읽기,3,9,7,9
train,train_3045.jpg,17,4,9.0,10,36,3.0,문자·간판 읽기,10,9,8,9
train,train_3046.jpg,19,5,12.0,12,48,4.0,메뉴·상품,12,12,12,12
train,train_3047.jpg,28,7,11.25,14,45,3.25,문자·간판 읽기,11,14,9,11
train,train_3048.jpg,24,6,7.25,8,29,1.0,전화번호,5,8,8,8
train,train_3049.jpg,32,7,6.5,8,26,2.5,메뉴·상품,8,8,5,5
train,train_3050.jpg,29,8,5.75,8,23,1.0,문자·간판 읽기,8,5,6,4
train,train_3051.jpg,37,11,2.75,5,11,1.0,기타,2,2,5,2
train,train_3052.jpg,23,6,3.0,3,12,1.0,메뉴·상품,3,3,3,3
train,train_3053.jpg,52,13,2.25,3,9,1.0,인물·대상,3,2,3,1
train,train_3054.jpg,24,7,4.25,5,17,1.0,위치·방향,4,4,5,4
train,train_3055.jpg,19,4,6.5,7,26,1.0,가격·금액,6,7,7,6
train,train_3056.jpg,25,7,4.75,7,19,1.0,문자·간판 읽기,7,4,4,4
train,train_3057.jpg,40,10,7.5,9,30,2.75,위치·방향,5,8,9,8
train,train_3058.jpg,29,8,17.0,29,68,5.25,문자·간판 읽기,11,29,13,15
train,train_3059.jpg,37,11,7.5,9,30,2.0,메뉴·상품,7,9,6,8
train,train_3060.jpg,23,6,9.75,18,39,1.25,문자·간판 읽기,5,5,11,18
train,train_3061.jpg,35,7,7.5,15,30,2.75,문자·간판 읽기,6,15,4,5
train,train_3062.jpg,22,6,11.75,14,47,3.5,문자·간판 읽기,11,9,13,14
train,train_3063.jpg,40,11,24.0,25,96,5.75,문자·간판 읽기,21,25,25,25
train,train_3064.jpg,27,7,10.0,13,40,3.0,기타,9,9,9,13
train,train_3065.jpg,36,9,8.5,13,34,2.5,메뉴·상품,10,4,7,13
train,train_3066.jpg,47,11,12.0,16,48,3.75,날짜·시간,8,8,16,16
train,train_3067.jpg,19,5,2.0,2,8,1.0,문자·간판 읽기,2,2,2,2
train,train_3068.jpg,28,8,13.75,14,55,4.0,문자·간판 읽기,14,14,14,13
train,train_3069.jpg,18,4,3.0,3,12,1.0,문자·간판 읽기,3,3,3,3
train,train_3070.jpg,35,9,26.5,45,106,7.0,메뉴·상품,22,45,21,18
train,train_3071.jpg,39,10,3.25,4,13,1.0,문자·간판 읽기,3,3,4,3
train,train_3072.jpg,26,7,4.75,7,19,1.0,문자·간판 읽기,6,2,4,7
train,train_3073.jpg,23,6,7.75,11,31,1.5,문자·간판 읽기,5,11,11,4
train,train_3074.jpg,35,10,8.5,12,34,2.25,문자·간판 읽기,5,12,11,6
train,train_3075.jpg,41,12,2.0,2,8,1.0,수량·계수,2,2,2,2
train,train_3076.jpg,14,4,2.5,3,10,1.0,문자·간판 읽기,3,2,3,2
train,train_3077.jpg,37,8,4.25,5,17,1.0,가격·금액,4,4,4,5
train,train_3078.jpg,15,4,7.5,11,30,2.25,메뉴·상품,7,6,6,11
train,train_3079.jpg,38,7,4.25,5,17,1.25,기타,4,4,4,5
train,train_3080.jpg,33,9,3.0,5,12,1.25,문자·간판 읽기,5,2,2,3
train,train_3081.jpg,30,7,8.0,22,32,1.75,문자·간판 읽기,4,3,22,3
train,train_3082.jpg,30,7,7.75,9,31,2.25,위치·방향,9,6,8,8
train,train_3083.jpg,36,9,3.0,3,12,1.0,기타,3,3,3,3
train,train_3084.jpg,32,7,4.0,4,16,1.0,가격·금액,4,4,4,4
train,train_3085.jpg,28,8,11.75,12,47,3.0,문자·간판 읽기,12,12,12,11
train,train_3086.jpg,26,7,2.25,3,9,1.0,문자·간판 읽기,2,3,2,2
train,train_3087.jpg,36,9,10.5,18,42,3.0,문자·간판 읽기,8,8,18,8
train,train_3088.jpg,57,14,8.25,9,33,3.0,기타,9,8,8,8
train,train_3089.jpg,34,9,18.25,32,73,5.5,기타,32,15,13,13
train,train_3090.jpg,38,9,24.75,36,99,6.0,기타,21,36,18,24
train,train_3091.jpg,23,6,6.5,12,26,1.5,문자·간판 읽기,5,3,12,6
train,train_3092.jpg,46,12,17.5,19,70,4.25,문자·간판 읽기,19,15,17,19
train,train_3093.jpg,15,4,12.0,20,48,3.0,기타,20,10,11,7
train,train_3094.jpg,36,9,11.25,13,45,3.25,기타,11,11,10,13
train,train_3095.jpg,29,8,4.5,7,18,1.25,기타,4,4,3,7
train,train_3096.jpg,27,7,2.0,2,8,1.0,문자·간판 읽기,2,2,2,2
train,train_3097.jpg,27,7,2.5,3,10,1.0,수량·계수,3,3,2,2
train,train_3098.jpg,24,6,4.0,6,16,1.0,메뉴·상품,2,4,4,6
train,train_3099.jpg,35,10,17.5,20,70,3.0,문자·간판 읽기,16,20,17,17
train,train_3100.jpg,42,10,2.75,3,11,1.0,기타,3,3,2,3
train,train_3101.jpg,36,9,4.0,6,16,1.25,날짜·시간,4,6,3,3
train,train_3102.jpg,29,7,8.5,13,34,2.5,기타,10,13,5,6
train,train_3103.jpg,38,7,26.5,37,106,6.0,인물·대상,24,21,24,37
train,train_3104.jpg,30,7,10.5,12,42,3.0,문자·간판 읽기,11,12,9,10
train,train_3105.jpg,30,7,14.5,22,58,4.0,기타,14,22,9,13
train,train_3106.jpg,22,5,6.0,6,24,1.0,가격·금액,6,6,6,6
train,train_3107.jpg,32,8,3.5,5,14,1.0,문자·간판 읽기,5,3,3,3
train,train_3108.jpg,46,9,12.5,14,50,3.5,메뉴·상품,11,14,13,12
train,train_3109.jpg,29,7,5.0,5,20,1.0,날짜·시간,5,5,5,5
train,train_3110.jpg,17,4,6.25,7,25,2.0,문자·간판 읽기,7,6,6,6
train,train_3111.jpg,46,11,4.25,7,17,1.0,기타,7,3,4,3
train,train_3112.jpg,17,4,4.25,5,17,1.0,문자·간판 읽기,4,4,5,4
train,train_3113.jpg,29,9,12.5,19,50,3.5,문자·간판 읽기,19,16,10,5
train,train_3114.jpg,32,8,7.75,10,31,2.0,기타,8,10,6,7
train,train_3115.jpg,46,12,30.0,35,120,3.0,위치·방향,35,29,28,28
train,train_3116.jpg,24,6,2.5,3,10,1.0,기타,3,3,2,2
train,train_3117.jpg,28,6,2.25,3,9,1.0,위치·방향,2,2,3,2
train,train_3118.jpg,34,9,11.25,16,45,4.0,기타,16,11,6,12
train,train_3119.jpg,32,9,5.0,7,20,1.25,메뉴·상품,4,7,4,5
train,train_3120.jpg,40,7,4.25,5,17,1.0,기타,4,4,5,4
train,train_3121.jpg,33,8,18.5,22,74,4.75,기타,16,17,19,22
train,train_3122.jpg,25,7,11.0,12,44,1.0,메뉴·상품,10,11,11,12
train,train_3123.jpg,53,13,10.25,16,41,3.25,색상,8,16,9,8
train,train_3124.jpg,36,10,6.0,8,24,1.0,메뉴·상품,6,5,8,5
train,train_3125.jpg,51,11,3.0,3,12,1.0,가격·금액,3,3,3,3
train,train_3126.jpg,30,8,14.0,17,56,3.25,문자·간판 읽기,14,17,12,13
train,train_3127.jpg,46,13,2.25,3,9,1.0,위치·방향,2,3,2,2
train,train_3128.jpg,22,6,5.0,5,20,1.0,문자·간판 읽기,5,5,5,5
train,train_3129.jpg,29,8,4.75,7,19,1.0,색상,7,6,2,4
train,train_3130.jpg,27,7,12.0,18,48,3.0,색상,7,18,5,18
train,train_3131.jpg,42,10,11.25,12,45,4.0,문자·간판 읽기,11,12,11,11
train,train_3132.jpg,45,12,7.0,8,28,1.0,문자·간판 읽기,6,6,8,8
train,train_3133.jpg,26,7,13.5,15,54,4.25,날짜·시간,13,15,11,15
train,train_3134.jpg,23,6,7.5,16,30,2.0,문자·간판 읽기,16,5,4,5
train,train_3135.jpg,31,9,15.5,16,62,3.0,위치·방향,14,16,16,16
train,train_3136.jpg,34,8,2.0,2,8,1.0,전화번호,2,2,2,2
train,train_3137.jpg,33,9,19.75,25,79,5.0,기타,25,22,13,19
train,train_3138.jpg,71,15,13.0,13,52,3.0,날짜·시간,13,13,13,13
train,train_3139.jpg,17,4,8.5,9,34,1.0,문자·간판 읽기,8,9,8,9
train,train_3140.jpg,31,8,8.25,9,33,2.0,위치·방향,8,8,8,9
train,train_3141.jpg,17,4,3.5,5,14,1.0,위치·방향,4,5,3,2
train,train_3142.jpg,28,8,9.75,12,39,3.0,색상,10,8,12,9
train,train_3143.jpg,40,12,4.0,4,16,1.0,문자·간판 읽기,4,4,4,4
train,train_3144.jpg,37,8,5.75,6,23,2.0,문자·간판 읽기,6,6,6,5
train,train_3145.jpg,37,9,7.0,8,28,1.25,가격·금액,8,8,7,5
train,train_3146.jpg,64,16,3.0,3,12,1.0,전화번호,3,3,3,3
train,train_3147.jpg,25,7,10.5,18,42,3.75,기타,11,8,18,5
train,train_3148.jpg,38,8,11.25,12,45,3.0,날짜·시간,11,12,11,11
train,train_3149.jpg,67,18,24.5,32,98,6.0,기타,18,24,32,24
train,train_3150.jpg,24,5,6.0,10,24,1.0,문자·간판 읽기,10,8,4,2
train,train_3151.jpg,53,14,32.0,46,128,7.5,날짜·시간,46,28,31,23
train,train_3152.jpg,27,8,4.5,5,18,1.0,문자·간판 읽기,4,5,5,4
train,train_3153.jpg,24,6,11.5,12,46,2.0,문자·간판 읽기,12,12,10,12
train,train_3154.jpg,36,10,6.25,10,25,2.0,기타,6,4,10,5
train,train_3155.jpg,44,10,4.5,6,18,1.0,가격·금액,4,6,4,4
train,train_3156.jpg,56,14,14.5,20,58,2.25,기타,20,12,11,15
train,train_3157.jpg,29,8,4.25,6,17,1.25,위치·방향,5,3,3,6
train,train_3158.jpg,33,9,7.25,10,29,1.5,문자·간판 읽기,5,10,10,4
train,train_3159.jpg,23,6,16.75,20,67,4.75,문자·간판 읽기,15,15,20,17
train,train_3160.jpg,23,6,5.0,5,20,1.0,문자·간판 읽기,5,5,5,5
train,train_3161.jpg,39,11,7.75,10,31,1.5,위치·방향,5,9,7,10
train,train_3162.jpg,29,8,8.25,13,33,2.5,메뉴·상품,6,13,9,5
train,train_3163.jpg,19,5,5.75,8,23,1.75,메뉴·상품,3,6,6,8
train,train_3164.jpg,33,8,2.25,3,9,1.0,위치·방향,2,3,2,2
train,train_3165.jpg,19,5,4.5,6,18,1.0,문자·간판 읽기,4,6,4,4
train,train_3166.jpg,34,10,12.0,13,48,3.75,색상,12,11,13,12
train,train_3167.jpg,33,8,2.25,3,9,1.0,색상,2,3,2,2
train,train_3168.jpg,50,9,3.5,5,14,1.25,메뉴·상품,5,3,3,3
train,train_3169.jpg,55,14,3.75,4,15,1.0,가격·금액,4,3,4,4
train,train_3170.jpg,27,7,4.5,6,18,1.5,메뉴·상품,3,5,4,6
train,train_3171.jpg,29,7,13.0,13,52,2.0,가격·금액,13,13,13,13
train,train_3172.jpg,34,10,18.75,24,75,3.0,메뉴·상품,13,14,24,24
train,train_3173.jpg,19,5,10.5,14,42,2.75,문자·간판 읽기,14,9,7,12
train,train_3174.jpg,33,8,13.0,13,52,1.0,전화번호,13,13,13,13
train,train_3175.jpg,58,9,5.0,5,20,1.0,가격·금액,5,5,5,5
train,train_3176.jpg,35,10,4.25,6,17,1.5,문자·간판 읽기,4,4,6,3
train,train_3177.jpg,26,7,3.0,3,12,1.0,문자·간판 읽기,3,3,3,3
train,train_3178.jpg,34,8,8.5,12,34,2.0,메뉴·상품,12,7,9,6
train,train_3179.jpg,34,9,8.5,17,34,1.25,문자·간판 읽기,17,7,4,6
train,train_3180.jpg,16,4,15.0,15,60,4.0,메뉴·상품,15,15,15,15
train,train_3181.jpg,31,8,3.75,5,15,1.0,메뉴·상품,2,5,3,5
train,train_3182.jpg,29,7,9.25,11,37,2.5,메뉴·상품,9,8,11,9
train,train_3183.jpg,55,14,3.0,3,12,1.0,날짜·시간,3,3,3,3
train,train_3184.jpg,30,8,4.0,4,16,1.0,가격·금액,4,4,4,4
train,train_3185.jpg,38,9,6.75,7,27,1.0,가격·금액,7,6,7,7
train,train_3186.jpg,23,6,4.75,6,19,2.0,기타,5,4,4,6
train,train_3187.jpg,29,8,4.75,6,19,1.25,기타,5,4,4,6
train,train_3188.jpg,29,8,17.75,27,71,4.25,기타,13,27,17,14
train,train_3189.jpg,42,9,7.5,8,30,1.0,가격·금액,8,7,8,7
train,train_3190.jpg,27,7,6.25,8,25,1.75,메뉴·상품,8,3,7,7
train,train_3191.jpg,50,11,4.25,5,17,1.0,위치·방향,4,4,5,4
train,train_3192.jpg,40,10,1.0,1,4,1.0,위치·방향,1,1,1,1
train,train_3193.jpg,32,7,3.25,5,13,1.25,메뉴·상품,5,2,3,3
train,train_3194.jpg,37,8,6.25,7,25,1.0,가격·금액,7,6,6,6
train,train_3195.jpg,29,8,6.75,9,27,1.5,문자·간판 읽기,4,5,9,9
train,train_3196.jpg,46,11,4.75,8,19,1.25,메뉴·상품,4,3,4,8
train,train_3197.jpg,19,5,17.0,17,68,5.0,문자·간판 읽기,17,17,17,17
train,train_3198.jpg,28,8,9.75,14,39,2.5,문자·간판 읽기,11,5,14,9
train,train_3199.jpg,19,5,54.5,109,218,6.75,기타,109,35,31,43
train,train_3200.jpg,26,7,6.0,10,24,1.25,문자·간판 읽기,3,6,5,10
train,train_3201.jpg,26,7,10.0,11,40,2.0,문자·간판 읽기,9,10,10,11
train,train_3202.jpg,28,8,5.75,9,23,1.5,문자·간판 읽기,4,9,4,6
train,train_3203.jpg,33,10,4.0,4,16,1.0,문자·간판 읽기,4,4,4,4
train,train_3204.jpg,37,9,5.75,8,23,2.25,기타,8,5,5,5
train,train_3205.jpg,16,4,5.25,6,21,1.25,메뉴·상품,5,6,6,4
train,train_3206.jpg,38,10,13.5,14,54,3.25,기타,12,14,14,14
train,train_3207.jpg,42,8,11.0,11,44,1.0,날짜·시간,11,11,11,11
train,train_3208.jpg,40,10,4.5,5,18,1.0,문자·간판 읽기,4,5,4,5
train,train_3209.jpg,33,8,4.5,6,18,1.25,색상,4,6,4,4
train,train_3210.jpg,35,8,9.25,11,37,3.0,인물·대상,9,9,8,11
train,train_3211.jpg,35,7,13.0,13,52,1.0,전화번호,13,13,13,13
train,train_3212.jpg,25,6,2.25,5,9,1.25,메뉴·상품,1,1,2,5
train,train_3213.jpg,24,6,5.5,8,22,1.5,위치·방향,8,5,3,6
train,train_3214.jpg,26,7,14.0,17,56,3.5,날짜·시간,16,16,17,7
train,train_3215.jpg,24,6,3.5,4,14,1.0,문자·간판 읽기,4,3,3,4
train,train_3216.jpg,35,10,7.0,10,28,1.25,문자·간판 읽기,10,6,7,5
train,train_3217.jpg,32,8,2.0,2,8,1.0,수량·계수,2,2,2,2
train,train_3218.jpg,43,11,3.0,3,12,1.0,색상,3,3,3,3
train,train_3219.jpg,35,10,15.0,15,60,3.0,메뉴·상품,15,15,15,15
train,train_3220.jpg,25,6,7.0,7,28,1.0,날짜·시간,7,7,7,7
train,train_3221.jpg,32,9,5.25,6,21,2.0,문자·간판 읽기,5,6,5,5
train,train_3222.jpg,27,6,6.0,6,24,1.0,가격·금액,6,6,6,6
train,train_3223.jpg,37,7,6.0,6,24,1.0,가격·금액,6,6,6,6
train,train_3224.jpg,29,8,3.75,4,15,1.0,메뉴·상품,4,4,4,3
train,train_3225.jpg,41,8,11.5,19,46,3.0,가격·금액,7,19,10,10
train,train_3226.jpg,55,15,7.25,16,29,2.5,기타,16,5,3,5
train,train_3227.jpg,60,12,6.75,7,27,1.0,가격·금액,6,7,7,7
train,train_3228.jpg,34,7,11.0,11,44,4.0,가격·금액,11,11,11,11
train,train_3229.jpg,30,8,19.0,32,76,5.0,문자·간판 읽기,32,14,11,19
train,train_3230.jpg,39,10,12.5,14,50,2.0,색상,13,14,12,11
train,train_3231.jpg,23,5,9.0,12,36,2.5,기타,6,6,12,12
train,train_3232.jpg,37,8,3.25,4,13,1.0,가격·금액,3,3,4,3
train,train_3233.jpg,44,11,3.75,5,15,1.0,위치·방향,3,4,5,3
train,train_3234.jpg,28,7,17.0,20,68,3.25,위치·방향,19,20,15,14
train,train_3235.jpg,19,5,10.5,11,42,2.0,위치·방향,11,11,11,9
train,train_3236.jpg,38,9,3.75,6,15,1.25,위치·방향,3,6,3,3
train,train_3237.jpg,25,7,5.5,10,22,1.25,문자·간판 읽기,4,4,4,10
train,train_3238.jpg,23,6,10.0,10,40,1.0,날짜·시간,10,10,10,10
train,train_3239.jpg,38,9,6.0,6,24,2.0,메뉴·상품,6,6,6,6
train,train_3240.jpg,17,4,13.5,18,54,3.5,기타,18,12,12,12
train,train_3241.jpg,25,7,3.75,6,15,1.5,기타,2,2,6,5
train,train_3242.jpg,25,7,7.5,10,30,2.0,문자·간판 읽기,9,7,10,4
train,train_3243.jpg,30,6,9.75,12,39,2.5,메뉴·상품,12,9,11,7
train,train_3244.jpg,29,8,6.25,7,25,1.0,가격·금액,6,6,6,7
train,train_3245.jpg,34,8,6.0,6,24,1.0,가격·금액,6,6,6,6
train,train_3246.jpg,22,6,8.75,9,35,2.0,문자·간판 읽기,9,9,9,8
train,train_3247.jpg,16,4,8.0,8,32,2.0,문자·간판 읽기,8,8,8,8
train,train_3248.jpg,45,11,9.0,9,36,1.0,가격·금액,9,9,9,9
train,train_3249.jpg,39,9,8.0,8,32,2.0,문자·간판 읽기,8,8,8,8
train,train_3250.jpg,25,6,5.75,10,23,1.0,위치·방향,3,10,6,4
train,train_3251.jpg,29,7,3.25,5,13,1.0,문자·간판 읽기,4,2,5,2
train,train_3252.jpg,31,9,7.25,9,29,1.0,문자·간판 읽기,6,7,9,7
train,train_3253.jpg,23,6,3.0,3,12,1.0,가격·금액,3,3,3,3
train,train_3254.jpg,49,13,5.0,5,20,2.0,전화번호,5,5,5,5
train,train_3255.jpg,45,10,9.25,12,37,2.75,기타,11,7,7,12
train,train_3256.jpg,34,9,2.25,3,9,1.0,기타,2,2,2,3
train,train_3257.jpg,34,6,6.0,6,24,1.0,가격·금액,6,6,6,6
train,train_3258.jpg,49,13,9.0,13,36,2.0,위치·방향,10,6,7,13
train,train_3259.jpg,44,10,2.25,3,9,1.0,위치·방향,3,2,2,2
train,train_3260.jpg,24,6,6.0,8,24,1.75,문자·간판 읽기,4,5,8,7
train,train_3261.jpg,37,9,8.75,13,35,2.75,메뉴·상품,6,13,8,8
train,train_3262.jpg,28,7,3.25,4,13,1.0,문자·간판 읽기,4,3,3,3
train,train_3263.jpg,32,8,13.0,13,52,4.0,기타,13,13,13,13
train,train_3264.jpg,30,7,6.0,8,24,1.5,문자·간판 읽기,8,5,4,7
train,train_3265.jpg,16,4,5.75,7,23,1.0,문자·간판 읽기,5,7,5,6
train,train_3266.jpg,38,10,12.25,13,49,4.0,가격·금액,11,13,12,13
train,train_3267.jpg,15,4,7.0,7,28,1.0,가격·금액,7,7,7,7
train,train_3268.jpg,34,10,5.0,5,20,1.0,가격·금액,5,5,5,5
train,train_3269.jpg,24,6,7.0,10,28,1.0,위치·방향,10,6,6,6
train,train_3270.jpg,22,6,8.0,8,32,2.0,문자·간판 읽기,8,8,8,8
train,train_3271.jpg,46,9,3.0,3,12,1.0,가격·금액,3,3,3,3
train,train_3272.jpg,20,5,13.0,13,52,3.0,날짜·시간,13,13,13,13
train,train_3273.jpg,32,9,7.75,9,31,1.0,문자·간판 읽기,9,8,7,7
train,train_3274.jpg,25,7,8.25,12,33,2.75,문자·간판 읽기,8,9,4,12
train,train_3275.jpg,48,13,3.5,5,14,1.0,메뉴·상품,4,2,3,5
train,train_3276.jpg,40,9,6.0,6,24,1.0,가격·금액,6,6,6,6
train,train_3277.jpg,25,5,8.0,12,32,1.0,전화번호,9,8,3,12
train,train_3278.jpg,22,6,5.5,7,22,2.0,문자·간판 읽기,5,7,5,5
train,train_3279.jpg,37,8,13.75,14,55,2.5,메뉴·상품,14,14,14,13
train,train_3280.jpg,31,9,15.5,23,62,2.75,문자·간판 읽기,17,23,14,8
train,train_3281.jpg,20,6,7.0,8,28,1.0,문자·간판 읽기,8,7,7,6
train,train_3282.jpg,48,11,9.75,14,39,3.0,위치·방향,9,11,5,14
train,train_3283.jpg,48,11,7.5,10,30,2.25,기타,10,6,6,8
train,train_3284.jpg,24,6,12.0,13,48,3.0,날짜·시간,12,11,12,13
train,train_3285.jpg,53,14,19.75,30,79,5.0,기타,30,19,14,16
train,train_3286.jpg,31,7,2.5,4,10,1.0,기타,2,2,4,2
train,train_3287.jpg,37,11,4.5,5,18,1.0,가격·금액,4,5,5,4
train,train_3288.jpg,33,8,4.0,5,16,1.0,인물·대상,3,5,5,3
train,train_3289.jpg,32,8,7.25,8,29,1.0,문자·간판 읽기,7,8,8,6
train,train_3290.jpg,18,4,12.75,14,51,2.0,문자·간판 읽기,12,12,13,14
train,train_3291.jpg,27,7,7.25,9,29,1.0,문자·간판 읽기,9,6,8,6
train,train_3292.jpg,42,11,12.5,13,50,1.0,전화번호,13,11,13,13
train,train_3293.jpg,24,5,4.5,5,18,1.0,문자·간판 읽기,3,5,5,5
train,train_3294.jpg,43,9,3.0,3,12,1.0,색상,3,3,3,3
train,train_3295.jpg,33,7,10.75,11,43,1.0,전화번호,11,11,11,10
train,train_3296.jpg,34,9,6.5,12,26,1.5,기타,5,3,6,12
train,train_3297.jpg,25,7,4.25,5,17,1.0,문자·간판 읽기,4,5,4,4
train,train_3298.jpg,28,6,12.0,12,48,1.0,전화번호,12,12,12,12
train,train_3299.jpg,31,7,10.0,10,40,1.0,날짜·시간,10,10,10,10
train,train_3300.jpg,43,13,15.5,19,62,4.5,기타,19,13,16,14
train,train_3301.jpg,32,8,15.5,20,62,3.75,색상,16,20,12,14
train,train_3302.jpg,39,8,6.0,6,24,2.0,가격·금액,6,6,6,6
train,train_3303.jpg,18,5,8.0,9,32,3.0,기타,9,8,8,7
train,train_3304.jpg,20,5,4.0,4,16,1.0,문자·간판 읽기,4,4,4,4
train,train_3305.jpg,15,4,5.75,6,23,1.0,문자·간판 읽기,6,5,6,6
train,train_3306.jpg,26,7,8.75,13,35,2.5,문자·간판 읽기,6,13,7,9
train,train_3307.jpg,62,15,13.5,18,54,4.0,기타,12,7,18,17
train,train_3308.jpg,25,6,6.0,9,24,1.5,메뉴·상품,9,6,4,5
train,train_3309.jpg,29,7,8.25,11,33,1.25,문자·간판 읽기,8,8,6,11
train,train_3310.jpg,64,16,76.75,81,307,14.75,인물·대상,72,76,81,78
train,train_3311.jpg,24,6,10.75,17,43,2.75,위치·방향,17,11,6,9
train,train_3312.jpg,35,7,9.75,12,39,1.0,전화번호,11,8,12,8
train,train_3313.jpg,40,10,40.0,60,160,10.5,기타,50,27,23,60
train,train_3314.jpg,36,10,14.75,16,59,2.0,가격·금액,15,14,16,14
train,train_3315.jpg,40,7,8.5,16,34,3.0,기타,6,6,16,6
train,train_3316.jpg,18,4,8.0,8,32,1.0,전화번호,8,8,8,8
train,train_3317.jpg,29,8,13.0,13,52,1.0,전화번호,13,13,13,13
train,train_3318.jpg,41,11,28.5,35,114,7.5,기타,30,35,21,28
train,train_3319.jpg,16,4,5.0,5,20,1.0,문자·간판 읽기,5,5,5,5
train,train_3320.jpg,40,9,12.5,16,50,4.0,메뉴·상품,16,11,11,12
train,train_3321.jpg,44,11,22.25,27,89,5.75,기타,22,15,27,25
train,train_3322.jpg,24,7,4.5,6,18,1.0,기타,4,6,4,4
train,train_3323.jpg,26,6,6.0,9,24,2.25,기타,5,9,5,5
train,train_3324.jpg,29,8,4.75,8,19,1.25,문자·간판 읽기,4,3,4,8
train,train_3325.jpg,37,10,10.5,13,42,3.0,문자·간판 읽기,10,13,7,12
train,train_3326.jpg,27,7,6.75,9,27,1.5,문자·간판 읽기,7,9,6,5
train,train_3327.jpg,27,6,6.0,8,24,2.25,기타,5,5,6,8
train,train_3328.jpg,49,13,2.5,3,10,1.0,전화번호,3,3,2,2
train,train_3329.jpg,43,10,8.0,8,32,1.0,전화번호,8,8,8,8
train,train_3330.jpg,19,4,11.75,13,47,1.0,전화번호,12,11,11,13
train,train_3331.jpg,39,10,16.0,25,64,3.75,기타,12,25,14,13
train,train_3332.jpg,35,9,4.75,8,19,1.25,문자·간판 읽기,4,8,4,3
train,train_3333.jpg,27,7,18.25,21,73,4.5,문자·간판 읽기,12,20,21,20
train,train_3334.jpg,42,11,3.25,4,13,1.0,문자·간판 읽기,4,3,3,3
train,train_3335.jpg,36,10,7.0,7,28,1.0,가격·금액,7,7,7,7
train,train_3336.jpg,47,10,4.5,5,18,1.0,가격·금액,5,5,5,3
train,train_3337.jpg,24,6,5.25,8,21,1.0,문자·간판 읽기,2,7,4,8
train,train_3338.jpg,27,8,7.0,7,28,2.0,문자·간판 읽기,7,7,7,7
train,train_3339.jpg,34,7,11.0,11,44,2.0,가격·금액,11,11,11,11
train,train_3340.jpg,32,8,2.5,4,10,1.0,메뉴·상품,2,2,4,2
train,train_3341.jpg,33,8,7.0,7,28,1.0,문자·간판 읽기,7,7,7,7
train,train_3342.jpg,25,7,6.75,7,27,1.0,가격·금액,7,7,7,6
train,train_3343.jpg,34,9,3.0,4,12,1.0,색상,4,2,3,3
train,train_3344.jpg,41,9,3.75,6,15,1.25,기타,4,2,3,6
train,train_3345.jpg,28,7,4.0,4,16,1.0,가격·금액,4,4,4,4
train,train_3346.jpg,37,9,4.0,4,16,1.0,기타,4,4,4,4
train,train_3347.jpg,32,10,4.5,5,18,1.75,기타,5,5,5,3
train,train_3348.jpg,16,4,10.25,18,41,2.5,문자·간판 읽기,18,6,6,11
train,train_3349.jpg,38,9,7.0,8,28,2.0,가격·금액,8,7,7,6
train,train_3350.jpg,28,7,4.25,6,17,1.0,메뉴·상품,6,4,4,3
train,train_3351.jpg,25,6,6.5,7,26,1.0,가격·금액,6,6,7,7
train,train_3352.jpg,28,6,6.75,9,27,1.25,문자·간판 읽기,6,6,9,6
train,train_3353.jpg,48,12,10.75,11,43,2.0,문자·간판 읽기,11,11,10,11
train,train_3354.jpg,27,8,2.0,2,8,1.0,수량·계수,2,2,2,2
train,train_3355.jpg,53,13,3.25,4,13,1.0,전화번호,3,4,4,2
train,train_3356.jpg,23,6,7.5,8,30,2.0,문자·간판 읽기,7,7,8,8
train,train_3357.jpg,24,6,2.0,2,8,1.0,전화번호,2,2,2,2
train,train_3358.jpg,38,10,1.0,1,4,1.0,색상,1,1,1,1
train,train_3359.jpg,37,10,10.5,12,42,2.0,색상,10,10,10,12
train,train_3360.jpg,32,8,11.25,12,45,2.0,가격·금액,11,10,12,12
train,train_3361.jpg,26,4,4.75,5,19,1.0,가격·금액,5,4,5,5
train,train_3362.jpg,29,7,2.5,3,10,1.0,가격·금액,3,3,2,2
train,train_3363.jpg,35,7,10.5,13,42,1.0,전화번호,8,13,8,13
train,train_3364.jpg,30,7,8.25,10,33,2.0,위치·방향,10,8,7,8
train,train_3365.jpg,26,7,4.0,5,16,1.0,문자·간판 읽기,5,4,5,2
train,train_3366.jpg,39,8,2.0,2,8,1.0,위치·방향,2,2,2,2
train,train_3367.jpg,25,6,13.75,17,55,2.0,문자·간판 읽기,11,17,10,17
train,train_3368.jpg,29,8,12.0,21,48,3.0,문자·간판 읽기,10,9,8,21
train,train_3369.jpg,35,5,7.5,9,30,1.0,가격·금액,9,7,7,7
train,train_3370.jpg,31,9,7.5,8,30,2.0,문자·간판 읽기,7,8,8,7
train,train_3371.jpg,34,9,2.0,2,8,1.0,수량·계수,2,2,2,2
train,train_3372.jpg,15,4,10.0,10,40,2.0,가격·금액,10,10,10,10
train,train_3373.jpg,35,10,9.25,14,37,2.5,문자·간판 읽기,14,8,8,7
train,train_3374.jpg,27,6,10.0,10,40,1.0,전화번호,10,10,10,10
train,train_3375.jpg,30,7,7.0,7,28,1.0,가격·금액,7,7,7,7
train,train_3376.jpg,16,4,8.0,12,32,3.0,문자·간판 읽기,4,7,12,9
train,train_3377.jpg,30,6,8.75,9,35,3.0,문자·간판 읽기,9,8,9,9
train,train_3378.jpg,37,10,8.0,11,32,2.0,기타,11,8,6,7
train,train_3379.jpg,26,6,7.0,7,28,1.0,가격·금액,7,7,7,7
train,train_3380.jpg,30,8,2.5,3,10,1.0,기타,3,3,2,2
train,train_3381.jpg,43,9,7.75,10,31,2.0,가격·금액,8,7,10,6
train,train_3382.jpg,29,7,6.0,8,24,1.5,기타,8,5,6,5
train,train_3383.jpg,33,8,4.75,8,19,1.0,문자·간판 읽기,8,3,4,4
train,train_3384.jpg,20,5,11.5,14,46,1.75,문자·간판 읽기,12,14,9,11
train,train_3385.jpg,29,6,7.0,7,28,1.0,가격·금액,7,7,7,7
train,train_3386.jpg,35,9,9.0,17,36,1.5,색상,9,5,5,17
train,train_3387.jpg,27,7,2.25,4,9,1.0,메뉴·상품,2,4,2,1
train,train_3388.jpg,32,9,15.75,21,63,3.0,문자·간판 읽기,19,13,10,21
train,train_3389.jpg,28,6,6.25,11,25,1.5,메뉴·상품,4,11,3,7
train,train_3390.jpg,29,8,7.25,9,29,2.25,색상,7,9,8,5
train,train_3391.jpg,32,7,15.25,21,61,4.5,문자·간판 읽기,13,9,21,18
train,train_3392.jpg,31,8,7.0,10,28,2.0,인물·대상,6,10,5,7
train,train_3393.jpg,24,6,6.75,8,27,2.25,색상,8,8,6,5
train,train_3394.jpg,24,6,17.75,20,71,4.5,문자·간판 읽기,20,19,15,17
train,train_3395.jpg,18,4,7.5,9,30,1.0,문자·간판 읽기,7,9,6,8
train,train_3396.jpg,29,7,3.25,4,13,1.0,가격·금액,3,3,3,4
train,train_3397.jpg,27,8,2.75,3,11,1.0,문자·간판 읽기,3,3,3,2
train,train_3398.jpg,35,8,7.0,7,28,1.0,가격·금액,7,7,7,7
train,train_3399.jpg,57,16,2.25,3,9,1.0,메뉴·상품,3,2,2,2
train,train_3400.jpg,20,5,8.5,12,34,1.25,문자·간판 읽기,6,9,7,12
train,train_3401.jpg,35,9,15.0,19,60,2.75,색상,16,7,19,18
train,train_3402.jpg,26,6,1.75,2,7,1.0,기타,2,2,2,1
train,train_3403.jpg,16,4,4.75,5,19,1.0,문자·간판 읽기,5,5,4,5
train,train_3404.jpg,28,7,10.0,10,40,1.0,색상,10,10,10,10
train,train_3405.jpg,38,9,8.5,10,34,3.0,위치·방향,10,10,7,7
train,train_3406.jpg,25,6,12.5,14,50,2.25,문자·간판 읽기,13,11,14,12
train,train_3407.jpg,39,9,2.25,3,9,1.25,기타,3,1,3,2
train,train_3408.jpg,43,11,3.0,3,12,1.0,날짜·시간,3,3,3,3
train,train_3409.jpg,26,7,5.25,7,21,1.0,문자·간판 읽기,4,4,7,6
train,train_3410.jpg,16,4,3.0,3,12,1.0,문자·간판 읽기,3,3,3,3
train,train_3411.jpg,30,8,6.0,6,24,1.0,가격·금액,6,6,6,6
train,train_3412.jpg,36,8,2.0,2,8,1.0,기타,2,2,2,2
train,train_3413.jpg,39,10,7.75,11,31,2.0,위치·방향,7,6,7,11
train,train_3414.jpg,41,11,3.0,3,12,1.0,기타,3,3,3,3
train,train_3415.jpg,46,11,16.5,21,66,5.0,기타,16,15,21,14
train,train_3416.jpg,28,7,11.0,13,44,1.75,문자·간판 읽기,13,9,11,11
train,train_3417.jpg,26,7,10.25,11,41,2.0,색상,10,11,10,10
train,train_3418.jpg,18,4,5.0,7,20,1.0,메뉴·상품,5,7,3,5
train,train_3419.jpg,38,9,6.0,6,24,1.0,가격·금액,6,6,6,6
train,train_3420.jpg,23,6,3.0,3,12,1.0,문자·간판 읽기,3,3,3,3
train,train_3421.jpg,28,8,8.25,9,33,3.0,색상,8,8,9,8
train,train_3422.jpg,24,6,4.25,6,17,1.0,위치·방향,3,4,6,4
train,train_3423.jpg,43,10,8.25,9,33,2.25,기타,8,9,9,7
train,train_3424.jpg,37,10,8.25,11,33,2.5,위치·방향,11,7,6,9
train,train_3425.jpg,19,5,11.5,14,46,2.0,문자·간판 읽기,14,9,11,12
train,train_3426.jpg,26,7,10.25,19,41,2.0,문자·간판 읽기,19,3,12,7
train,train_3427.jpg,44,10,3.0,3,12,1.0,문자·간판 읽기,3,3,3,3
train,train_3428.jpg,26,7,36.25,42,145,6.75,위치·방향,42,34,36,33
train,train_3429.jpg,39,8,12.5,14,50,3.25,문자·간판 읽기,14,10,14,12
train,train_3430.jpg,26,7,9.75,12,39,1.5,위치·방향,12,8,12,7
train,train_3431.jpg,17,4,4.75,5,19,1.0,문자·간판 읽기,5,4,5,5
train,train_3432.jpg,39,10,2.5,3,10,1.0,기타,3,2,2,3
train,train_3433.jpg,46,10,25.0,25,100,3.0,날짜·시간,25,25,25,25
train,train_3434.jpg,44,11,12.25,17,49,3.75,기타,12,11,9,17
train,train_3435.jpg,29,7,14.0,22,56,3.25,문자·간판 읽기,22,15,7,12
train,train_3436.jpg,25,5,3.0,3,12,1.0,메뉴·상품,3,3,3,3
train,train_3437.jpg,26,7,5.0,8,20,1.5,메뉴·상품,3,3,6,8
train,train_3438.jpg,27,7,4.5,6,18,1.25,문자·간판 읽기,4,6,4,4
train,train_3439.jpg,20,5,5.5,7,22,1.5,메뉴·상품,6,4,7,5
train,train_3440.jpg,24,7,8.5,10,34,2.0,문자·간판 읽기,7,10,7,10
train,train_3441.jpg,24,6,7.75,13,31,1.25,문자·간판 읽기,6,6,6,13
train,train_3442.jpg,46,10,10.25,11,41,3.0,문자·간판 읽기,10,11,10,10
train,train_3443.jpg,41,12,3.75,6,15,1.5,기타,5,2,6,2
train,train_3444.jpg,23,6,8.5,11,34,2.5,문자·간판 읽기,11,8,6,9
train,train_3445.jpg,24,6,6.5,7,26,1.0,메뉴·상품,7,5,7,7
train,train_3446.jpg,42,11,1.0,1,4,1.0,수량·계수,1,1,1,1
train,train_3447.jpg,41,12,6.75,9,27,1.5,색상,7,9,8,3
train,train_3448.jpg,42,11,16.25,30,65,5.0,색상,15,9,11,30
train,train_3449.jpg,44,12,8.0,11,32,1.5,기타,11,6,10,5
train,train_3450.jpg,29,5,18.75,22,75,5.25,날짜·시간,17,17,19,22
train,train_3451.jpg,29,6,26.75,41,107,6.5,기타,21,22,41,23
train,train_3452.jpg,21,5,1.0,1,4,1.0,전화번호,1,1,1,1
train,train_3453.jpg,39,10,4.75,7,19,1.75,가격·금액,7,2,5,5
train,train_3454.jpg,46,13,6.75,8,27,1.75,위치·방향,8,7,8,4
train,train_3455.jpg,19,4,2.75,5,11,1.25,메뉴·상품,2,2,2,5
train,train_3456.jpg,44,13,3.0,3,12,1.0,문자·간판 읽기,3,3,3,3
train,train_3457.jpg,24,6,3.0,3,12,1.0,날짜·시간,3,3,3,3
train,train_3458.jpg,22,4,7.25,8,29,1.0,가격·금액,7,8,7,7
train,train_3459.jpg,40,12,12.0,13,48,3.5,문자·간판 읽기,12,11,13,12
train,train_3460.jpg,18,4,8.0,8,32,1.0,전화번호,8,8,8,8
train,train_3461.jpg,50,11,12.25,14,49,4.0,기타,12,14,10,13
train,train_3462.jpg,35,7,4.75,5,19,1.0,위치·방향,5,5,4,5
train,train_3463.jpg,38,8,6.0,6,24,1.0,가격·금액,6,6,6,6
train,train_3464.jpg,23,6,4.25,5,17,1.0,문자·간판 읽기,5,3,5,4
train,train_3465.jpg,45,11,28.5,29,114,9.0,기타,28,28,29,29
train,train_3466.jpg,42,10,5.75,6,23,2.0,날짜·시간,5,6,6,6
train,train_3467.jpg,28,7,3.25,4,13,1.0,메뉴·상품,3,4,4,2
train,train_3468.jpg,39,11,6.5,8,26,2.0,메뉴·상품,6,6,8,6
train,train_3469.jpg,30,8,7.0,7,28,2.0,가격·금액,7,7,7,7
train,train_3470.jpg,32,8,7.0,7,28,1.0,가격·금액,7,7,7,7
train,train_3471.jpg,36,10,2.0,2,8,1.0,문자·간판 읽기,2,2,2,2
train,train_3472.jpg,20,5,6.75,10,27,1.5,문자·간판 읽기,4,7,6,10
train,train_3473.jpg,31,9,10.75,12,43,2.75,문자·간판 읽기,8,12,12,11
train,train_3474.jpg,30,6,6.0,6,24,1.0,가격·금액,6,6,6,6
train,train_3475.jpg,26,7,6.5,14,26,1.75,메뉴·상품,4,4,14,4
train,train_3476.jpg,24,6,4.5,6,18,1.0,기타,4,6,4,4
train,train_3477.jpg,27,6,12.0,13,48,1.0,전화번호,12,13,11,12
train,train_3478.jpg,21,5,4.25,6,17,1.25,문자·간판 읽기,4,6,3,4
train,train_3479.jpg,30,7,13.0,14,52,2.0,메뉴·상품,14,14,12,12
train,train_3480.jpg,31,8,10.5,11,42,2.5,문자·간판 읽기,11,10,11,10
train,train_3481.jpg,31,9,6.5,9,26,1.0,문자·간판 읽기,5,6,6,9
train,train_3482.jpg,31,8,2.0,2,8,1.0,색상,2,2,2,2
train,train_3483.jpg,26,7,6.5,7,26,2.0,문자·간판 읽기,6,6,7,7
train,train_3484.jpg,20,5,2.75,3,11,1.0,가격·금액,3,2,3,3
train,train_3485.jpg,34,10,18.5,27,74,3.75,문자·간판 읽기,15,14,27,18
train,train_3486.jpg,24,6,8.25,9,33,2.0,메뉴·상품,9,7,9,8
train,train_3487.jpg,31,9,18.5,26,74,3.5,문자·간판 읽기,16,16,26,16
train,train_3488.jpg,41,8,5.0,5,20,2.0,기타,5,5,5,5
train,train_3489.jpg,39,9,4.0,5,16,1.0,문자·간판 읽기,4,3,5,4
train,train_3490.jpg,27,7,16.25,28,65,3.25,기타,28,12,8,17
train,train_3491.jpg,24,6,5.25,6,21,1.75,문자·간판 읽기,5,6,5,5
train,train_3492.jpg,34,8,7.5,8,30,1.0,가격·금액,8,8,6,8
train,train_3493.jpg,25,7,6.25,7,25,1.0,메뉴·상품,6,6,7,6
train,train_3494.jpg,31,8,21.25,22,85,3.0,문자·간판 읽기,19,22,22,22
train,train_3495.jpg,25,7,7.75,9,31,2.0,문자·간판 읽기,9,7,7,8
train,train_3496.jpg,15,4,19.75,23,79,4.0,기타,19,19,23,18
train,train_3497.jpg,31,8,13.5,14,54,2.0,전화번호,13,13,14,14
train,train_3498.jpg,45,8,7.75,10,31,1.25,문자·간판 읽기,10,10,7,4
train,train_3499.jpg,68,16,5.0,5,20,2.0,기타,5,5,5,5
train,train_3500.jpg,45,12,10.75,14,43,2.75,문자·간판 읽기,7,11,11,14
train,train_3501.jpg,21,5,4.75,8,19,1.25,문자·간판 읽기,6,2,3,8
train,train_3502.jpg,47,11,28.25,29,113,5.0,메뉴·상품,28,28,28,29
train,train_3503.jpg,18,4,4.75,8,19,1.0,문자·간판 읽기,2,8,4,5
train,train_3504.jpg,38,10,45.25,60,181,8.5,문자·간판 읽기,46,60,34,41
train,train_3505.jpg,30,8,25.0,31,100,4.25,문자·간판 읽기,27,31,22,20
train,train_3506.jpg,24,6,12.25,16,49,3.5,메뉴·상품,16,13,11,9
train,train_3507.jpg,39,9,3.0,3,12,1.0,날짜·시간,3,3,3,3
train,train_3508.jpg,27,6,9.0,12,36,3.0,기타,12,7,5,12
train,train_3509.jpg,16,4,4.0,4,16,1.0,문자·간판 읽기,4,4,4,4
train,train_3510.jpg,33,9,1.75,3,7,1.0,문자·간판 읽기,1,3,2,1
train,train_3511.jpg,14,4,5.0,8,20,1.5,기타,4,3,5,8
train,train_3512.jpg,27,7,3.0,4,12,1.0,문자·간판 읽기,2,3,4,3
train,train_3513.jpg,58,15,15.25,18,61,4.75,문자·간판 읽기,14,17,18,12
train,train_3514.jpg,49,8,6.75,10,27,2.25,기타,10,7,5,5
train,train_3515.jpg,29,7,3.5,4,14,1.0,메뉴·상품,4,2,4,4
train,train_3516.jpg,21,5,10.0,12,40,1.0,전화번호,12,12,8,8
train,train_3517.jpg,39,12,10.75,22,43,2.5,문자·간판 읽기,6,22,5,10
train,train_3518.jpg,24,6,3.5,4,14,1.0,문자·간판 읽기,4,3,3,4
train,train_3519.jpg,43,11,13.25,15,53,3.75,기타,12,14,12,15
train,train_3520.jpg,27,7,2.25,3,9,1.0,수량·계수,2,2,2,3
train,train_3521.jpg,39,9,7.0,7,28,1.0,가격·금액,7,7,7,7
train,train_3522.jpg,26,6,5.0,7,20,1.5,기타,5,7,5,3
train,train_3523.jpg,31,8,5.0,5,20,1.0,전화번호,5,5,5,5
train,train_3524.jpg,22,6,4.25,6,17,1.25,메뉴·상품,3,6,3,5
train,train_3525.jpg,52,11,10.5,13,42,3.0,메뉴·상품,11,13,10,8
train,train_3526.jpg,41,9,5.25,6,21,1.0,메뉴·상품,4,6,6,5
train,train_3527.jpg,34,8,9.75,12,39,3.25,문자·간판 읽기,12,9,7,11
train,train_3528.jpg,45,11,3.0,3,12,1.0,가격·금액,3,3,3,3
train,train_3529.jpg,28,7,3.5,5,14,1.0,기타,3,5,3,3
train,train_3530.jpg,28,8,3.5,5,14,1.0,문자·간판 읽기,3,3,3,5
train,train_3531.jpg,32,7,10.5,11,42,3.0,날짜·시간,11,9,11,11
train,train_3532.jpg,54,14,7.5,8,30,2.0,색상,8,8,7,7
train,train_3533.jpg,18,5,4.75,5,19,1.0,문자·간판 읽기,4,5,5,5
train,train_3534.jpg,31,5,15.0,15,60,2.0,날짜·시간,15,15,15,15
train,train_3535.jpg,40,9,3.75,6,15,1.0,위치·방향,3,2,6,4
train,train_3536.jpg,29,5,11.25,12,45,3.0,날짜·시간,11,11,11,12
train,train_3537.jpg,41,9,11.5,18,46,3.5,전화번호,9,12,7,18
train,train_3538.jpg,31,7,3.5,4,14,1.0,문자·간판 읽기,3,4,4,3
train,train_3539.jpg,22,5,12.5,13,50,2.0,문자·간판 읽기,13,13,12,12
train,train_3540.jpg,36,9,2.0,2,8,1.0,수량·계수,2,2,2,2
train,train_3541.jpg,36,9,5.0,6,20,2.0,기타,5,6,5,4
train,train_3542.jpg,24,6,5.25,6,21,1.0,색상,5,6,5,5
train,train_3543.jpg,35,10,5.0,6,20,2.0,기타,6,5,4,5
train,train_3544.jpg,26,6,3.25,4,13,1.0,가격·금액,3,3,4,3
train,train_3545.jpg,38,8,6.0,6,24,1.0,가격·금액,6,6,6,6
train,train_3546.jpg,27,7,10.0,17,40,1.25,문자·간판 읽기,7,9,7,17
train,train_3547.jpg,61,16,10.25,14,41,3.0,기타,10,9,14,8
train,train_3548.jpg,61,12,4.0,4,16,1.0,가격·금액,4,4,4,4
train,train_3549.jpg,29,7,4.0,5,16,1.0,기타,3,4,5,4
train,train_3550.jpg,47,11,6.5,8,26,1.5,위치·방향,6,8,7,5
train,train_3551.jpg,27,7,9.25,12,37,2.0,위치·방향,6,10,12,9
train,train_3552.jpg,28,8,15.75,23,63,2.0,메뉴·상품,13,23,13,14
train,train_3553.jpg,47,11,11.5,13,46,2.0,메뉴·상품,13,12,11,10
train,train_3554.jpg,54,12,26.75,37,107,6.5,문자·간판 읽기,21,37,14,35
train,train_3555.jpg,22,6,10.0,12,40,1.75,기타,12,7,9,12
train,train_3556.jpg,16,4,6.0,7,24,1.0,문자·간판 읽기,5,7,7,5
train,train_3557.jpg,31,8,8.5,10,34,2.5,색상,6,9,10,9
train,train_3558.jpg,27,8,6.25,9,25,1.75,위치·방향,8,4,4,9
train,train_3559.jpg,38,8,16.0,18,64,4.75,가격·금액,13,18,18,15
train,train_3560.jpg,36,11,8.0,8,32,2.0,문자·간판 읽기,8,8,8,8
train,train_3561.jpg,42,10,7.5,9,30,2.0,기타,6,9,8,7
train,train_3562.jpg,59,13,16.5,23,66,3.75,인물·대상,18,6,23,19
train,train_3563.jpg,46,13,6.0,11,24,1.5,날짜·시간,3,4,6,11
train,train_3564.jpg,30,7,6.0,14,24,1.25,인물·대상,4,14,3,3
train,train_3565.jpg,28,7,5.5,8,22,1.0,위치·방향,2,4,8,8
train,train_3566.jpg,26,6,14.75,16,59,3.5,기타,14,16,16,13
train,train_3567.jpg,25,6,7.25,9,29,2.0,메뉴·상품,6,6,9,8
train,train_3568.jpg,30,7,16.0,20,64,4.0,기타,16,13,15,20
train,train_3569.jpg,39,10,5.75,8,23,1.5,기타,8,3,4,8
train,train_3570.jpg,51,12,17.25,22,69,4.5,위치·방향,21,13,22,13
train,train_3571.jpg,29,7,8.75,10,35,2.0,문자·간판 읽기,8,8,9,10
train,train_3572.jpg,33,8,7.0,10,28,1.75,위치·방향,10,5,8,5
train,train_3573.jpg,27,8,12.25,14,49,1.75,문자·간판 읽기,13,13,9,14
train,train_3574.jpg,48,12,19.0,19,76,4.0,문자·간판 읽기,19,19,19,19
train,train_3575.jpg,26,6,12.5,15,50,2.5,위치·방향,10,10,15,15
train,train_3576.jpg,42,8,6.0,6,24,1.0,가격·금액,6,6,6,6
train,train_3577.jpg,62,15,4.0,4,16,2.0,가격·금액,4,4,4,4
train,train_3578.jpg,27,7,4.75,6,19,1.0,메뉴·상품,6,4,4,5
train,train_3579.jpg,22,4,6.0,6,24,1.0,가격·금액,6,6,6,6
train,train_3580.jpg,36,9,5.25,9,21,1.0,문자·간판 읽기,9,5,2,5
train,train_3581.jpg,48,11,15.5,19,62,4.5,문자·간판 읽기,19,13,13,17
train,train_3582.jpg,37,8,5.0,5,20,1.0,문자·간판 읽기,5,5,5,5
train,train_3583.jpg,31,9,11.0,13,44,2.0,가격·금액,9,12,10,13
train,train_3584.jpg,38,9,8.0,8,32,2.0,가격·금액,8,8,8,8
train,train_3585.jpg,30,8,9.5,14,38,3.25,문자·간판 읽기,8,14,8,8
train,train_3586.jpg,40,10,6.25,7,25,2.0,메뉴·상품,5,7,6,7
train,train_3587.jpg,33,8,2.75,4,11,1.0,문자·간판 읽기,2,3,4,2
train,train_3588.jpg,29,7,4.25,6,17,1.25,메뉴·상품,4,6,4,3
train,train_3589.jpg,21,6,5.0,5,20,2.0,전화번호,5,5,5,5
train,train_3590.jpg,44,10,14.5,15,58,3.0,기타,15,15,14,14
train,train_3591.jpg,42,11,3.0,4,12,1.0,문자·간판 읽기,4,3,3,2
train,train_3592.jpg,24,6,21.25,27,85,4.25,기타,21,27,18,19
train,train_3593.jpg,28,6,6.75,9,27,1.0,전화번호,7,9,8,3
train,train_3594.jpg,18,4,6.0,6,24,2.0,날짜·시간,6,6,6,6
train,train_3595.jpg,24,5,6.5,7,26,1.0,가격·금액,6,7,6,7
train,train_3596.jpg,30,6,10.75,15,43,3.25,기타,10,9,15,9
train,train_3597.jpg,46,11,6.75,7,27,1.0,가격·금액,7,7,7,6
train,train_3598.jpg,29,7,4.25,7,17,1.0,문자·간판 읽기,7,4,2,4
train,train_3599.jpg,38,10,7.5,10,30,1.0,문자·간판 읽기,5,8,7,10
train,train_3600.jpg,25,5,13.0,13,52,2.0,전화번호,13,13,13,13
train,train_3601.jpg,28,7,7.0,7,28,1.0,가격·금액,7,7,7,7
train,train_3602.jpg,27,7,8.75,11,35,3.0,메뉴·상품,8,11,8,8
train,train_3603.jpg,27,5,8.5,10,34,1.0,가격·금액,8,8,10,8
train,train_3604.jpg,25,6,5.25,7,21,1.5,기타,2,7,5,7
train,train_3605.jpg,49,12,8.0,11,32,1.75,위치·방향,11,9,4,8
train,train_3606.jpg,66,14,5.5,11,22,1.5,기타,2,11,6,3
train,train_3607.jpg,34,8,7.25,9,29,1.0,위치·방향,6,6,8,9
train,train_3608.jpg,26,6,10.75,12,43,3.0,기타,10,11,12,10
train,train_3609.jpg,38,9,2.5,3,10,1.0,위치·방향,3,2,2,3
train,train_3610.jpg,18,3,4.25,5,17,1.0,전화번호,4,5,4,4
train,train_3611.jpg,31,8,3.0,3,12,1.0,기타,3,3,3,3
train,train_3612.jpg,18,5,11.0,16,44,3.25,메뉴·상품,10,7,16,11
train,train_3613.jpg,33,9,7.5,10,30,2.0,메뉴·상품,4,10,9,7
train,train_3614.jpg,27,6,6.5,8,26,1.5,가격·금액,5,5,8,8
train,train_3615.jpg,28,8,5.25,7,21,1.5,메뉴·상품,5,4,5,7
train,train_3616.jpg,30,8,15.0,21,60,3.5,기타,13,21,12,14
train,train_3617.jpg,34,9,8.5,9,34,3.0,색상,9,8,8,9
train,train_3618.jpg,16,4,7.0,8,28,1.0,문자·간판 읽기,6,8,7,7
train,train_3619.jpg,45,11,16.0,18,64,3.0,위치·방향,18,18,14,14
train,train_3620.jpg,58,15,20.25,24,81,3.25,문자·간판 읽기,24,20,16,21
train,train_3621.jpg,42,11,8.75,11,35,2.5,위치·방향,10,7,11,7
train,train_3622.jpg,37,8,8.0,8,32,1.0,전화번호,8,8,8,8
train,train_3623.jpg,53,11,12.75,18,51,4.0,기타,12,18,13,8
train,train_3624.jpg,33,9,2.75,5,11,1.25,수량·계수,2,5,2,2
train,train_3625.jpg,43,11,6.75,11,27,1.5,위치·방향,11,4,6,6
train,train_3626.jpg,29,8,2.0,2,8,1.0,문자·간판 읽기,2,2,2,2
train,train_3627.jpg,20,5,11.0,16,44,1.75,문자·간판 읽기,10,7,16,11
train,train_3628.jpg,36,9,4.0,4,16,1.0,메뉴·상품,4,4,4,4
train,train_3629.jpg,33,7,2.0,2,8,1.0,위치·방향,2,2,2,2
train,train_3630.jpg,16,4,10.0,11,40,2.0,문자·간판 읽기,9,9,11,11
train,train_3631.jpg,41,10,10.25,20,41,2.0,위치·방향,20,8,4,9
train,train_3632.jpg,18,4,4.25,6,17,1.0,위치·방향,4,4,6,3
train,train_3633.jpg,29,6,6.0,11,24,1.25,위치·방향,11,5,4,4
train,train_3634.jpg,54,12,10.0,12,40,3.0,기타,10,10,12,8
train,train_3635.jpg,47,12,4.75,5,19,1.0,가격·금액,5,4,5,5
train,train_3636.jpg,27,7,6.75,8,27,2.0,위치·방향,8,6,7,6
train,train_3637.jpg,16,4,11.75,15,47,3.75,기타,15,10,13,9
train,train_3638.jpg,32,9,5.0,5,20,2.0,가격·금액,5,5,5,5
train,train_3639.jpg,19,5,5.25,12,21,1.25,기타,12,2,2,5
train,train_3640.jpg,50,12,12.0,20,48,3.0,문자·간판 읽기,5,20,8,15
train,train_3641.jpg,25,7,5.0,7,20,1.0,문자·간판 읽기,7,2,4,7
train,train_3642.jpg,37,10,6.25,10,25,1.75,날짜·시간,8,4,10,3
train,train_3643.jpg,23,5,3.25,4,13,1.0,문자·간판 읽기,3,3,3,4
train,train_3644.jpg,39,9,5.25,6,21,2.0,위치·방향,5,6,5,5
train,train_3645.jpg,19,5,9.0,9,36,3.0,문자·간판 읽기,9,9,9,9
train,train_3646.jpg,35,8,10.0,13,40,1.0,전화번호,8,8,13,11
train,train_3647.jpg,29,5,6.0,6,24,1.0,가격·금액,6,6,6,6
train,train_3648.jpg,35,11,18.0,23,72,6.0,문자·간판 읽기,15,17,23,17
train,train_3649.jpg,31,7,20.0,27,80,5.0,기타,17,18,18,27
train,train_3650.jpg,36,8,5.0,5,20,1.0,기타,5,5,5,5
train,train_3651.jpg,15,4,3.0,3,12,1.0,문자·간판 읽기,3,3,3,3
train,train_3652.jpg,39,10,5.5,6,22,1.0,가격·금액,6,6,6,4
train,train_3653.jpg,29,8,3.25,4,13,1.0,메뉴·상품,3,3,4,3
train,train_3654.jpg,39,9,16.5,19,66,4.5,문자·간판 읽기,19,18,13,16
train,train_3655.jpg,37,10,15.5,20,62,3.5,문자·간판 읽기,16,15,20,11
train,train_3656.jpg,33,10,28.75,40,115,7.0,기타,29,23,23,40
train,train_3657.jpg,41,9,8.75,9,35,2.0,가격·금액,8,9,9,9
train,train_3658.jpg,16,4,6.75,9,27,1.0,문자·간판 읽기,5,9,7,6
train,train_3659.jpg,41,7,22.25,23,89,4.0,날짜·시간,22,22,23,22
train,train_3660.jpg,40,9,6.0,6,24,1.0,가격·금액,6,6,6,6
train,train_3661.jpg,25,6,3.0,3,12,1.0,문자·간판 읽기,3,3,3,3
train,train_3662.jpg,32,9,4.0,4,16,1.0,문자·간판 읽기,4,4,4,4
train,train_3663.jpg,16,4,3.75,6,15,1.25,문자·간판 읽기,3,3,3,6
train,train_3664.jpg,19,5,5.25,6,21,2.0,메뉴·상품,6,5,5,5
train,train_3665.jpg,32,7,4.0,4,16,1.0,가격·금액,4,4,4,4
train,train_3666.jpg,23,6,6.75,8,27,1.0,위치·방향,7,6,8,6
train,train_3667.jpg,26,6,10.75,13,43,1.0,전화번호,9,9,12,13
train,train_3668.jpg,39,9,2.5,4,10,1.0,가격·금액,1,4,1,4
train,train_3669.jpg,27,7,7.75,10,31,2.25,색상,7,6,8,10
train,train_3670.jpg,24,6,6.75,10,27,1.25,문자·간판 읽기,7,5,5,10
train,train_3671.jpg,25,5,14.75,15,59,2.0,날짜·시간,15,15,14,15
train,train_3672.jpg,45,11,14.0,15,56,2.0,메뉴·상품,13,13,15,15
train,train_3673.jpg,24,6,4.75,6,19,1.0,문자·간판 읽기,6,4,5,4
train,train_3674.jpg,16,4,5.5,6,22,2.0,문자·간판 읽기,6,6,5,5
train,train_3675.jpg,16,4,5.5,6,22,1.0,가격·금액,6,6,4,6
train,train_3676.jpg,37,8,5.0,5,20,1.0,가격·금액,5,5,5,5
train,train_3677.jpg,21,6,6.5,7,26,2.0,문자·간판 읽기,7,6,6,7
train,train_3678.jpg,34,9,9.75,11,39,2.25,기타,10,9,9,11
train,train_3679.jpg,15,4,7.25,8,29,1.0,문자·간판 읽기,8,6,7,8
train,train_3680.jpg,27,7,3.0,3,12,1.0,문자·간판 읽기,3,3,3,3
train,train_3681.jpg,17,4,22.75,29,91,3.5,문자·간판 읽기,22,29,17,23
train,train_3682.jpg,31,9,5.0,13,20,2.0,기타,13,1,1,5
train,train_3683.jpg,27,7,6.25,8,25,1.0,문자·간판 읽기,8,5,7,5
train,train_3684.jpg,30,5,5.0,5,20,2.0,전화번호,5,5,5,5
train,train_3685.jpg,34,7,15.0,15,60,3.0,날짜·시간,15,15,15,15
train,train_3686.jpg,28,6,6.5,7,26,2.0,기타,6,7,7,6
train,train_3687.jpg,16,4,8.0,11,32,2.25,메뉴·상품,11,8,6,7
train,train_3688.jpg,24,6,5.0,6,20,2.0,메뉴·상품,4,5,6,5
train,train_3689.jpg,32,9,6.25,7,25,1.0,색상,6,6,7,6
train,train_3690.jpg,25,6,3.5,4,14,1.0,문자·간판 읽기,4,4,2,4
train,train_3691.jpg,27,7,5.25,6,21,2.0,위치·방향,6,5,5,5
train,train_3692.jpg,48,12,17.25,19,69,4.0,위치·방향,19,19,15,16
train,train_3693.jpg,27,7,4.75,5,19,1.0,문자·간판 읽기,5,4,5,5
train,train_3694.jpg,27,7,5.0,6,20,1.75,문자·간판 읽기,6,4,5,5
train,train_3695.jpg,25,6,21.25,24,85,5.0,문자·간판 읽기,23,24,19,19
train,train_3696.jpg,42,9,3.75,4,15,1.0,가격·금액,4,3,4,4
train,train_3697.jpg,54,13,10.75,16,43,3.0,날짜·시간,16,7,5,15
train,train_3698.jpg,29,8,5.75,10,23,1.0,기타,4,3,6,10
train,train_3699.jpg,36,9,15.5,16,62,3.0,날짜·시간,16,14,16,16
train,train_3700.jpg,45,7,6.75,7,27,1.0,가격·금액,7,7,6,7
train,train_3701.jpg,30,7,15.5,16,62,3.0,기타,14,16,16,16
train,train_3702.jpg,43,13,10.0,16,40,1.75,기타,4,16,5,15
train,train_3703.jpg,28,7,9.75,12,39,1.0,문자·간판 읽기,9,10,8,12
train,train_3704.jpg,37,8,10.75,15,43,3.25,기타,9,15,9,10
train,train_3705.jpg,22,6,6.25,7,25,1.0,가격·금액,6,6,6,7
train,train_3706.jpg,31,7,15.0,23,60,5.25,기타,23,14,13,10
train,train_3707.jpg,36,9,19.0,19,76,3.0,날짜·시간,19,19,19,19
train,train_3708.jpg,16,4,3.0,4,12,1.0,문자·간판 읽기,3,4,2,3
train,train_3709.jpg,28,7,3.0,4,12,1.0,메뉴·상품,3,4,3,2
train,train_3710.jpg,47,12,7.0,7,28,1.0,가격·금액,7,7,7,7
train,train_3711.jpg,20,5,9.0,13,36,1.75,문자·간판 읽기,10,9,4,13
train,train_3712.jpg,33,7,12.75,15,51,1.0,전화번호,12,12,12,15
train,train_3713.jpg,31,8,5.75,8,23,1.25,위치·방향,4,8,6,5
train,train_3714.jpg,37,8,6.5,8,26,1.0,기타,8,6,6,6
train,train_3715.jpg,35,8,3.0,3,12,1.0,기타,3,3,3,3
train,train_3716.jpg,56,15,8.25,10,33,2.0,메뉴·상품,10,7,9,7
train,train_3717.jpg,30,8,3.75,5,15,1.0,색상,4,3,3,5
train,train_3718.jpg,45,10,20.5,24,82,5.75,위치·방향,18,19,24,21
train,train_3719.jpg,20,5,10.75,14,43,2.0,문자·간판 읽기,6,11,14,12
train,train_3720.jpg,15,4,4.5,10,18,1.75,기타,4,2,10,2
train,train_3721.jpg,31,7,6.0,6,24,1.0,가격·금액,6,6,6,6
train,train_3722.jpg,29,7,10.5,13,42,1.0,전화번호,13,8,13,8
train,train_3723.jpg,30,8,14.25,18,57,3.0,색상,18,15,11,13
train,train_3724.jpg,53,14,18.5,22,74,5.0,문자·간판 읽기,22,19,22,11
train,train_3725.jpg,43,9,4.25,6,17,1.25,위치·방향,4,6,3,4
train,train_3726.jpg,26,7,5.5,9,22,1.25,문자·간판 읽기,9,4,5,4
train,train_3727.jpg,36,9,5.0,6,20,2.0,기타,5,4,6,5
train,train_3728.jpg,28,7,3.0,3,12,1.0,가격·금액,3,3,3,3
train,train_3729.jpg,20,5,5.0,6,20,1.0,문자·간판 읽기,5,6,5,4
train,train_3730.jpg,39,11,7.25,9,29,2.75,문자·간판 읽기,9,5,8,7
train,train_3731.jpg,35,7,3.0,3,12,1.0,기타,3,3,3,3
train,train_3732.jpg,29,7,4.5,5,18,1.0,색상,5,4,5,4
train,train_3733.jpg,43,11,3.0,3,12,1.0,색상,3,3,3,3
train,train_3734.jpg,27,7,8.25,9,33,2.5,기타,9,7,8,9
train,train_3735.jpg,28,6,6.0,6,24,1.0,가격·금액,6,6,6,6
train,train_3736.jpg,30,8,4.5,6,18,1.0,문자·간판 읽기,4,4,4,6
train,train_3737.jpg,25,5,5.0,5,20,1.0,가격·금액,5,5,5,5
train,train_3738.jpg,49,12,5.25,7,21,1.0,위치·방향,7,4,6,4
train,train_3739.jpg,34,8,2.25,3,9,1.0,기타,2,2,2,3
train,train_3740.jpg,22,6,6.75,13,27,1.0,문자·간판 읽기,6,6,2,13
train,train_3741.jpg,26,7,2.0,2,8,1.0,수량·계수,2,2,2,2
train,train_3742.jpg,24,6,3.25,4,13,1.0,문자·간판 읽기,3,4,3,3
train,train_3743.jpg,29,7,6.0,6,24,1.0,가격·금액,6,6,6,6
train,train_3744.jpg,44,12,3.25,4,13,1.0,문자·간판 읽기,3,4,3,3
train,train_3745.jpg,30,10,3.5,5,14,1.0,문자·간판 읽기,3,3,5,3
train,train_3746.jpg,27,7,7.5,9,30,1.0,문자·간판 읽기,6,8,7,9
train,train_3747.jpg,33,9,18.25,25,73,4.25,기타,25,13,18,17
train,train_3748.jpg,39,9,9.0,9,36,2.0,날짜·시간,9,9,9,9
train,train_3749.jpg,35,9,3.5,5,14,1.0,가격·금액,4,5,2,3
train,train_3750.jpg,46,11,7.25,9,29,2.5,기타,7,8,5,9
train,train_3751.jpg,34,8,15.5,17,62,3.0,색상,17,17,14,14
train,train_3752.jpg,47,11,18.5,21,74,4.25,위치·방향,17,18,18,21
train,train_3753.jpg,25,7,5.0,7,20,1.0,문자·간판 읽기,4,5,7,4
train,train_3754.jpg,28,6,8.0,8,32,1.0,가격·금액,8,8,8,8
train,train_3755.jpg,29,8,7.5,13,30,1.75,문자·간판 읽기,13,8,4,5
train,train_3756.jpg,24,6,4.5,6,18,1.25,문자·간판 읽기,4,3,6,5
train,train_3757.jpg,27,7,41.75,62,167,7.5,색상,46,62,44,15
train,train_3758.jpg,54,13,14.25,20,57,4.0,기타,11,20,13,13
train,train_3759.jpg,25,7,5.5,10,22,1.5,문자·간판 읽기,5,4,10,3
train,train_3760.jpg,47,11,7.0,9,28,2.0,메뉴·상품,7,4,8,9
train,train_3761.jpg,42,11,9.75,15,39,2.5,기타,9,8,15,7
train,train_3762.jpg,49,14,5.75,8,23,2.25,문자·간판 읽기,5,8,5,5
train,train_3763.jpg,32,9,3.25,4,13,1.0,기타,3,3,4,3
train,train_3764.jpg,32,8,3.5,4,14,1.0,메뉴·상품,4,4,3,3
train,train_3765.jpg,59,15,5.5,10,22,1.0,문자·간판 읽기,5,4,3,10
train,train_3766.jpg,40,9,12.5,19,50,4.0,문자·간판 읽기,19,7,11,13
train,train_3767.jpg,32,8,8.25,9,33,2.0,문자·간판 읽기,8,8,8,9
train,train_3768.jpg,27,7,5.5,8,22,1.5,문자·간판 읽기,6,4,8,4
train,train_3769.jpg,18,5,5.25,6,21,1.0,문자·간판 읽기,5,5,5,6
train,train_3770.jpg,23,6,13.0,13,52,2.0,전화번호,13,13,13,13
train,train_3771.jpg,22,5,3.5,5,14,1.0,문자·간판 읽기,3,3,3,5
train,train_3772.jpg,107,21,9.5,11,38,1.75,문자·간판 읽기,7,10,10,11
train,train_3773.jpg,22,5,20.0,21,80,4.0,가격·금액,21,19,21,19
train,train_3774.jpg,21,6,3.5,4,14,1.0,문자·간판 읽기,3,4,3,4
train,train_3775.jpg,39,10,7.0,7,28,1.0,가격·금액,7,7,7,7
train,train_3776.jpg,30,8,11.0,16,44,1.75,문자·간판 읽기,10,5,13,16
train,train_3777.jpg,29,8,4.5,6,18,1.0,색상,4,3,6,5
train,train_3778.jpg,27,7,8.5,9,34,2.0,문자·간판 읽기,8,9,8,9
train,train_3779.jpg,29,8,7.75,14,31,1.25,기타,4,6,7,14
train,train_3780.jpg,32,9,6.5,8,26,2.0,문자·간판 읽기,8,6,6,6
train,train_3781.jpg,28,7,10.25,13,41,3.25,기타,6,10,13,12
train,train_3782.jpg,31,9,5.0,7,20,1.25,문자·간판 읽기,4,4,7,5
train,train_3783.jpg,23,6,4.75,7,19,1.0,메뉴·상품,6,2,7,4
train,train_3784.jpg,31,7,16.5,26,66,2.75,문자·간판 읽기,26,9,8,23
train,train_3785.jpg,26,7,7.5,8,30,2.0,색상,8,7,7,8
train,train_3786.jpg,54,13,8.25,12,33,1.0,기타,6,12,8,7
train,train_3787.jpg,46,12,17.0,20,68,3.0,기타,18,16,20,14
train,train_3788.jpg,50,7,3.0,3,12,1.0,가격·금액,3,3,3,3
train,train_3789.jpg,26,7,2.75,3,11,1.0,메뉴·상품,2,3,3,3
train,train_3790.jpg,22,6,8.0,10,32,1.0,문자·간판 읽기,6,8,8,10
train,train_3791.jpg,25,6,1.0,1,4,1.0,메뉴·상품,1,1,1,1
train,train_3792.jpg,34,8,20.25,36,81,3.0,가격·금액,36,8,18,19
train,train_3793.jpg,28,8,11.5,12,46,3.0,위치·방향,11,11,12,12
train,train_3794.jpg,28,7,3.5,4,14,1.0,메뉴·상품,4,2,4,4
train,train_3795.jpg,22,6,6.25,7,25,1.0,문자·간판 읽기,6,6,6,7
train,train_3796.jpg,23,6,17.5,22,70,3.25,문자·간판 읽기,17,22,16,15
train,train_3797.jpg,37,7,6.25,7,25,1.0,가격·금액,6,6,6,7
train,train_3798.jpg,46,10,2.25,3,9,1.0,위치·방향,2,3,2,2
train,train_3799.jpg,26,7,12.25,15,49,3.0,문자·간판 읽기,15,11,13,10
train,train_3800.jpg,35,9,4.0,7,16,1.25,위치·방향,7,2,3,4
train,train_3801.jpg,15,4,14.5,19,58,2.0,문자·간판 읽기,9,14,19,16
train,train_3802.jpg,25,6,5.0,5,20,1.0,문자·간판 읽기,5,5,5,5
train,train_3803.jpg,37,9,22.0,24,88,5.75,기타,22,21,21,24
train,train_3804.jpg,23,6,7.25,8,29,2.0,메뉴·상품,7,7,7,8
train,train_3805.jpg,26,7,6.5,7,26,1.0,메뉴·상품,6,6,7,7
train,train_3806.jpg,30,7,2.0,2,8,1.0,기타,2,2,2,2
train,train_3807.jpg,36,8,3.5,4,14,1.0,위치·방향,3,4,3,4
train,train_3808.jpg,55,11,17.5,22,70,3.5,기타,12,22,16,20
train,train_3809.jpg,43,9,5.5,7,22,1.25,메뉴·상품,5,3,7,7
train,train_3810.jpg,25,6,16.75,26,67,4.75,문자·간판 읽기,26,12,16,13
train,train_3811.jpg,33,7,16.75,20,67,2.0,기타,17,16,14,20
train,train_3812.jpg,21,6,11.0,11,44,2.0,문자·간판 읽기,11,11,11,11
train,train_3813.jpg,30,8,21.0,21,84,6.0,위치·방향,21,21,21,21
train,train_3814.jpg,49,12,14.5,16,58,4.0,문자·간판 읽기,16,14,13,15
train,train_3815.jpg,31,9,3.0,4,12,1.0,메뉴·상품,2,3,4,3
train,train_3816.jpg,37,10,4.5,10,18,1.25,메뉴·상품,2,10,3,3
train,train_3817.jpg,43,9,29.75,37,119,7.5,기타,27,37,26,29
train,train_3818.jpg,50,13,17.25,21,69,4.0,메뉴·상품,21,16,17,15
train,train_3819.jpg,53,15,3.75,4,15,1.0,위치·방향,4,4,3,4
train,train_3820.jpg,55,13,16.5,19,66,2.75,문자·간판 읽기,19,15,15,17
train,train_3821.jpg,73,15,10.75,13,43,2.0,문자·간판 읽기,13,11,10,9
train,train_3822.jpg,26,7,9.25,12,37,2.0,위치·방향,12,7,8,10
train,train_3823.jpg,18,4,13.75,18,55,2.5,메뉴·상품,10,13,18,14
train,train_3824.jpg,37,10,11.5,12,46,4.0,위치·방향,12,11,12,11
train,train_3825.jpg,24,7,8.25,9,33,3.0,문자·간판 읽기,8,8,8,9
train,train_3826.jpg,35,8,5.25,7,21,1.5,메뉴·상품,4,7,6,4
train,train_3827.jpg,26,8,19.25,21,77,4.0,문자·간판 읽기,21,20,18,18
train,train_3828.jpg,20,5,5.0,6,20,1.0,문자·간판 읽기,6,5,4,5
train,train_3829.jpg,34,9,2.0,2,8,1.0,수량·계수,2,2,2,2
train,train_3830.jpg,25,7,3.75,5,15,1.0,문자·간판 읽기,3,4,3,5
train,train_3831.jpg,42,10,20.5,23,82,4.5,기타,23,22,15,22
train,train_3832.jpg,38,9,19.0,19,76,4.0,문자·간판 읽기,19,19,19,19
train,train_3833.jpg,16,4,6.25,8,25,1.25,문자·간판 읽기,8,4,7,6
train,train_3834.jpg,47,11,20.25,21,81,4.0,위치·방향,20,21,20,20
train,train_3835.jpg,58,15,2.25,3,9,1.0,기타,2,1,3,3
train,train_3836.jpg,17,4,5.25,7,21,1.25,문자·간판 읽기,4,5,5,7
train,train_3837.jpg,25,6,6.75,7,27,2.0,가격·금액,7,7,6,7
train,train_3838.jpg,22,6,2.75,3,11,1.0,문자·간판 읽기,3,2,3,3
train,train_3839.jpg,29,7,6.75,9,27,2.25,문자·간판 읽기,5,6,7,9
train,train_3840.jpg,18,4,6.0,6,24,2.0,날짜·시간,6,6,6,6
train,train_3841.jpg,25,6,21.75,25,87,6.25,가격·금액,25,21,17,24
train,train_3842.jpg,32,8,8.0,8,32,2.0,문자·간판 읽기,8,8,8,8
train,train_3843.jpg,34,8,21.75,22,87,5.0,날짜·시간,21,22,22,22
train,train_3844.jpg,25,6,2.5,3,10,1.0,인물·대상,2,3,2,3
train,train_3845.jpg,48,10,7.25,11,29,2.25,위치·방향,5,11,4,9
train,train_3846.jpg,23,6,5.0,9,20,1.25,기타,4,4,9,3
train,train_3847.jpg,36,6,7.5,8,30,2.0,가격·금액,8,6,8,8
train,train_3848.jpg,26,7,8.0,10,32,2.0,가격·금액,6,8,8,10
train,train_3849.jpg,33,8,11.0,11,44,1.0,전화번호,11,11,11,11
train,train_3850.jpg,26,7,7.0,10,28,1.5,문자·간판 읽기,5,7,10,6
train,train_3851.jpg,18,4,9.25,11,37,1.75,문자·간판 읽기,8,11,7,11
train,train_3852.jpg,38,8,19.5,21,78,5.0,기타,21,20,17,20
train,train_3853.jpg,23,6,6.0,7,24,1.75,문자·간판 읽기,7,6,4,7
train,train_3854.jpg,21,6,5.75,8,23,1.0,문자·간판 읽기,8,5,5,5
train,train_3855.jpg,47,14,15.0,18,60,4.0,문자·간판 읽기,16,17,18,9
train,train_3856.jpg,22,6,11.0,11,44,2.0,메뉴·상품,11,11,11,11
train,train_3857.jpg,33,7,7.5,9,30,2.0,가격·금액,7,8,6,9
train,train_3858.jpg,26,6,5.25,8,21,1.5,문자·간판 읽기,6,4,8,3
train,train_3859.jpg,33,8,7.5,8,30,2.0,날짜·시간,7,7,8,8
train,train_3860.jpg,24,6,5.0,5,20,2.0,문자·간판 읽기,5,5,5,5
train,train_3861.jpg,44,11,7.5,16,30,2.25,메뉴·상품,16,5,3,6
train,train_3862.jpg,33,9,17.75,19,71,2.5,메뉴·상품,19,18,19,15
train,train_3863.jpg,25,6,3.5,5,14,1.0,기타,3,3,3,5
train,train_3864.jpg,25,7,2.0,2,8,1.0,수량·계수,2,2,2,2
train,train_3865.jpg,27,7,6.5,10,26,1.75,문자·간판 읽기,4,6,6,10
train,train_3866.jpg,33,9,6.25,7,25,2.0,기타,7,5,6,7
train,train_3867.jpg,30,9,7.5,18,30,1.75,문자·간판 읽기,4,4,18,4
train,train_3868.jpg,67,19,15.75,18,63,3.25,색상,18,13,15,17
train,train_3869.jpg,24,6,15.25,16,61,4.75,기타,16,16,16,13
train,train_3870.jpg,27,7,20.0,21,80,3.0,문자·간판 읽기,19,21,20,20
train,train_3871.jpg,40,10,5.75,8,23,1.75,문자·간판 읽기,6,4,8,5
train,train_3872.jpg,43,10,18.0,19,72,3.75,문자·간판 읽기,15,19,19,19
train,train_3873.jpg,33,7,6.0,6,24,1.0,가격·금액,6,6,6,6
train,train_3874.jpg,31,9,2.0,2,8,1.0,기타,2,2,2,2
train,train_3875.jpg,25,7,9.75,10,39,2.0,가격·금액,10,10,9,10
train,train_3876.jpg,29,6,12.75,17,51,2.75,메뉴·상품,12,11,11,17
train,train_3877.jpg,16,4,12.25,15,49,2.0,문자·간판 읽기,12,13,15,9
train,train_3878.jpg,56,14,5.25,6,21,1.0,문자·간판 읽기,5,6,6,4
train,train_3879.jpg,41,11,6.0,7,24,1.0,문자·간판 읽기,7,6,6,5
train,train_3880.jpg,17,4,6.75,8,27,1.0,문자·간판 읽기,6,7,8,6
train,train_3881.jpg,34,7,14.0,14,56,4.0,기타,14,14,14,14
train,train_3882.jpg,40,9,21.75,22,87,4.0,날짜·시간,22,22,21,22
train,train_3883.jpg,29,8,3.0,3,12,1.0,문자·간판 읽기,3,3,3,3
train,train_3884.jpg,43,10,8.5,10,34,2.0,메뉴·상품,8,7,10,9
train,train_3885.jpg,30,7,14.5,17,58,3.75,기타,12,14,17,15
train,train_3886.jpg,31,9,8.75,10,35,2.75,문자·간판 읽기,9,10,10,6
train,train_3887.jpg,21,5,13.25,14,53,3.25,위치·방향,13,13,13,14
train,train_3888.jpg,46,11,13.75,20,55,4.25,문자·간판 읽기,11,13,20,11
train,train_3889.jpg,23,6,5.0,6,20,1.5,문자·간판 읽기,6,6,4,4
train,train_3890.jpg,20,5,3.5,4,14,1.0,메뉴·상품,3,4,4,3
train,train_3891.jpg,34,9,9.5,10,38,3.0,문자·간판 읽기,10,9,9,10
train,train_3892.jpg,33,6,6.0,6,24,1.0,가격·금액,6,6,6,6
train,train_3893.jpg,45,11,6.0,6,24,2.0,날짜·시간,6,6,6,6
train,train_3894.jpg,25,6,8.0,8,32,1.0,전화번호,8,8,8,8
train,train_3895.jpg,50,9,11.0,11,44,3.0,가격·금액,11,11,11,11
train,train_3896.jpg,41,10,8.75,12,35,2.5,위치·방향,9,12,6,8
train,train_3897.jpg,26,7,6.25,7,25,2.0,문자·간판 읽기,6,7,6,6
train,train_3898.jpg,30,8,31.5,34,126,6.5,위치·방향,34,31,33,28
train,train_3899.jpg,33,8,6.25,8,25,2.0,색상,6,8,6,5
train,train_3900.jpg,37,11,18.5,23,74,4.5,문자·간판 읽기,23,21,9,21
train,train_3901.jpg,27,8,14.75,16,59,3.0,문자·간판 읽기,13,14,16,16
train,train_3902.jpg,55,14,12.0,15,48,4.0,기타,11,10,12,15
train,train_3903.jpg,33,9,5.25,8,21,1.25,문자·간판 읽기,6,3,4,8
train,train_3904.jpg,25,7,4.5,7,18,1.0,문자·간판 읽기,5,7,3,3
train,train_3905.jpg,33,7,9.0,9,36,2.0,문자·간판 읽기,9,9,9,9
train,train_3906.jpg,17,4,2.0,2,8,1.0,문자·간판 읽기,2,2,2,2
train,train_3907.jpg,21,6,3.0,3,12,1.0,색상,3,3,3,3
train,train_3908.jpg,34,9,12.0,22,48,2.5,색상,22,9,7,10
train,train_3909.jpg,42,13,10.5,16,42,2.75,기타,16,7,12,7
train,train_3910.jpg,50,10,2.0,2,8,1.0,가격·금액,2,2,2,2
train,train_3911.jpg,30,9,9.0,9,36,3.0,위치·방향,9,9,9,9
train,train_3912.jpg,20,5,1.25,2,5,1.0,전화번호,1,2,1,1
train,train_3913.jpg,47,11,9.0,9,36,2.0,가격·금액,9,9,9,9
train,train_3914.jpg,26,7,4.75,6,19,1.0,문자·간판 읽기,6,4,4,5
train,train_3915.jpg,39,10,11.0,14,44,3.5,기타,9,9,14,12
train,train_3916.jpg,17,4,3.75,4,15,1.0,문자·간판 읽기,3,4,4,4
train,train_3917.jpg,23,6,8.0,9,32,1.0,문자·간판 읽기,9,7,9,7
train,train_3918.jpg,32,8,7.0,7,28,1.0,가격·금액,7,7,7,7
train,train_3919.jpg,22,5,3.0,3,12,1.0,기타,3,3,3,3
train,train_3920.jpg,49,14,4.75,8,19,1.5,위치·방향,3,3,8,5
train,train_3921.jpg,25,7,3.75,4,15,1.0,문자·간판 읽기,4,4,4,3
train,train_3922.jpg,31,9,6.0,6,24,1.0,가격·금액,6,6,6,6
train,train_3923.jpg,26,5,3.0,3,12,1.0,가격·금액,3,3,3,3
train,train_3924.jpg,35,9,4.0,4,16,1.0,문자·간판 읽기,4,4,4,4
train,train_3925.jpg,24,6,2.0,2,8,1.0,수량·계수,2,2,2,2
train,train_3926.jpg,41,10,3.5,4,14,1.0,가격·금액,3,4,4,3
train,train_3927.jpg,35,8,4.5,6,18,1.0,기타,4,6,4,4
train,train_3928.jpg,39,11,3.0,6,12,1.25,기타,2,2,6,2
train,train_3929.jpg,22,5,16.25,18,65,3.75,문자·간판 읽기,17,14,16,18
train,train_3930.jpg,27,7,6.5,9,26,1.0,위치·방향,9,6,5,6
train,train_3931.jpg,24,6,1.25,2,5,1.0,전화번호,1,1,2,1
train,train_3932.jpg,24,6,5.25,7,21,1.0,문자·간판 읽기,7,5,5,4
train,train_3933.jpg,30,9,64.75,66,259,10.0,문자·간판 읽기,62,66,65,66
train,train_3934.jpg,30,7,2.5,3,10,1.0,기타,2,3,2,3
train,train_3935.jpg,39,11,16.0,16,64,4.0,문자·간판 읽기,16,16,16,16
train,train_3936.jpg,44,12,11.0,11,44,3.0,날짜·시간,11,11,11,11
train,train_3937.jpg,36,8,20.25,21,81,5.0,날짜·시간,20,21,20,20
train,train_3938.jpg,34,8,5.5,8,22,1.75,기타,4,8,5,5
train,train_3939.jpg,30,7,15.25,24,61,3.75,기타,13,24,11,13
train,train_3940.jpg,29,7,2.75,4,11,1.0,기타,4,3,2,2
train,train_3941.jpg,35,9,46.75,89,187,11.25,문자·간판 읽기,9,89,74,15
train,train_3942.jpg,32,9,13.5,14,54,3.0,문자·간판 읽기,13,13,14,14
train,train_3943.jpg,29,8,2.0,2,8,1.0,가격·금액,2,2,2,2
train,train_3944.jpg,33,9,9.75,15,39,2.0,기타,9,6,15,9
train,train_3945.jpg,26,7,12.75,15,51,3.25,위치·방향,12,12,12,15
train,train_3946.jpg,44,11,2.5,3,10,1.0,기타,2,2,3,3
train,train_3947.jpg,47,10,6.0,6,24,2.0,기타,6,6,6,6
train,train_3948.jpg,39,10,22.5,26,90,3.25,문자·간판 읽기,26,26,15,23
train,train_3949.jpg,35,9,4.75,6,19,1.0,문자·간판 읽기,3,6,6,4
train,train_3950.jpg,29,7,4.75,6,19,1.5,색상,5,6,5,3
train,train_3951.jpg,25,7,3.0,3,12,1.0,전화번호,3,3,3,3
train,train_3952.jpg,20,5,12.0,14,48,2.0,문자·간판 읽기,14,12,12,10
train,train_3953.jpg,67,11,3.75,6,15,1.25,인물·대상,3,3,3,6
train,train_3954.jpg,15,4,5.0,5,20,1.0,문자·간판 읽기,5,5,5,5
train,train_3955.jpg,45,11,2.5,3,10,1.75,날짜·시간,3,3,3,1
train,train_3956.jpg,26,7,5.75,9,23,2.0,문자·간판 읽기,1,6,9,7
train,train_3957.jpg,17,4,9.5,12,38,1.5,문자·간판 읽기,8,7,12,11
train,train_3958.jpg,30,8,9.25,13,37,1.5,기타,9,13,8,7
train,train_3959.jpg,47,10,20.0,25,80,4.5,인물·대상,19,25,18,18
train,train_3960.jpg,32,7,7.0,7,28,1.0,가격·금액,7,7,7,7
train,train_3961.jpg,26,7,6.25,7,25,2.0,문자·간판 읽기,6,6,7,6
train,train_3962.jpg,36,10,17.0,17,68,4.0,문자·간판 읽기,17,17,17,17
train,train_3963.jpg,23,5,5.75,10,23,1.0,기타,6,3,4,10
train,train_3964.jpg,28,7,3.75,4,15,1.0,가격·금액,4,4,4,3
train,train_3965.jpg,41,10,13.75,15,55,4.0,위치·방향,12,15,15,13
train,train_3966.jpg,45,11,13.0,16,52,3.75,색상,12,9,16,15
train,train_3967.jpg,44,12,11.75,21,47,3.0,기타,3,11,21,12
train,train_3968.jpg,22,6,2.0,2,8,1.0,기타,2,2,2,2
train,train_3969.jpg,15,4,4.5,5,18,2.0,메뉴·상품,4,4,5,5
train,train_3970.jpg,30,9,22.25,24,89,3.0,문자·간판 읽기,22,20,24,23
train,train_3971.jpg,48,11,8.0,8,32,2.0,기타,8,8,8,8
train,train_3972.jpg,23,5,7.25,12,29,2.5,기타,5,12,6,6
train,train_3973.jpg,35,8,2.0,3,8,1.0,위치·방향,1,2,3,2
train,train_3974.jpg,34,7,6.0,6,24,1.0,전화번호,6,6,6,6
train,train_3975.jpg,32,7,10.5,14,42,1.0,기타,14,11,6,11
train,train_3976.jpg,16,4,3.5,4,14,1.0,문자·간판 읽기,3,4,4,3
train,train_3977.jpg,48,12,15.0,15,60,4.0,문자·간판 읽기,15,15,15,15
train,train_3978.jpg,41,12,3.25,4,13,1.0,메뉴·상품,2,3,4,4
train,train_3979.jpg,33,8,17.5,19,70,3.0,날짜·시간,16,19,18,17
train,train_3980.jpg,33,9,3.0,3,12,1.0,문자·간판 읽기,3,3,3,3
train,train_3981.jpg,33,10,16.0,24,64,3.0,문자·간판 읽기,24,11,12,17
train,train_3982.jpg,25,6,18.75,22,75,5.25,날짜·시간,17,22,18,18
train,train_3983.jpg,20,5,12.0,16,48,3.5,기타,12,11,9,16
train,train_3984.jpg,37,10,8.25,9,33,2.25,메뉴·상품,6,9,9,9
train,train_3985.jpg,27,6,6.25,7,25,1.0,가격·금액,6,6,6,7
train,train_3986.jpg,38,10,5.5,10,22,1.5,가격·금액,4,4,4,10
train,train_3987.jpg,57,13,14.75,19,59,2.5,메뉴·상품,9,19,15,16
train,train_3988.jpg,20,5,10.25,14,41,2.0,메뉴·상품,14,9,10,8
train,train_3989.jpg,22,5,4.5,7,18,1.0,메뉴·상품,4,7,4,3
train,train_3990.jpg,39,10,5.0,5,20,2.0,위치·방향,5,5,5,5
train,train_3991.jpg,44,12,6.25,7,25,2.0,메뉴·상품,7,6,6,6
train,train_3992.jpg,44,12,9.0,9,36,3.0,가격·금액,9,9,9,9
train,train_3993.jpg,22,6,7.25,9,29,2.25,문자·간판 읽기,9,7,6,7
train,train_3994.jpg,31,8,25.5,27,102,5.0,문자·간판 읽기,27,24,24,27
train,train_3995.jpg,30,7,5.25,7,21,1.5,기타,4,4,6,7
train,train_3996.jpg,30,7,7.0,7,28,1.0,가격·금액,7,7,7,7
train,train_3997.jpg,26,7,10.75,13,43,3.0,위치·방향,13,7,11,12
train,train_3998.jpg,29,8,9.75,13,39,2.75,문자·간판 읽기,13,10,8,8
train,train_3999.jpg,34,9,10.0,10,40,1.0,날짜·시간,10,10,10,10
train,train_4000.jpg,27,6,4.5,5,18,1.0,위치·방향,4,5,4,5
train,train_4001.jpg,27,7,10.75,13,43,2.0,문자·간판 읽기,11,8,13,11
train,train_4002.jpg,53,12,3.0,3,12,1.0,문자·간판 읽기,3,3,3,3
train,train_4003.jpg,38,9,7.25,9,29,1.25,위치·방향,7,5,8,9
train,train_4004.jpg,26,7,4.75,5,19,1.0,문자·간판 읽기,4,5,5,5
train,train_4005.jpg,27,7,13.5,14,54,4.0,문자·간판 읽기,14,13,14,13
train,train_4006.jpg,43,12,13.75,19,55,5.0,문자·간판 읽기,12,19,12,12
train,train_4007.jpg,22,6,37.25,39,149,6.0,문자·간판 읽기,34,38,39,38
train,train_4008.jpg,21,5,8.25,10,33,2.0,위치·방향,8,10,6,9
train,train_4009.jpg,41,11,7.25,10,29,1.75,문자·간판 읽기,10,7,6,6
train,train_4010.jpg,20,5,3.5,4,14,1.0,기타,3,3,4,4
train,train_4011.jpg,24,6,5.75,6,23,1.0,문자·간판 읽기,5,6,6,6
train,train_4012.jpg,30,7,7.0,8,28,1.75,위치·방향,7,6,8,7
train,train_4013.jpg,24,5,19.75,31,79,4.5,메뉴·상품,15,31,12,21
train,train_4014.jpg,18,4,9.0,9,36,1.0,전화번호,9,9,9,9
train,train_4015.jpg,38,10,12.25,14,49,3.25,문자·간판 읽기,12,12,14,11
train,train_4016.jpg,55,12,4.0,5,16,1.0,가격·금액,4,3,5,4
train,train_4017.jpg,40,10,3.5,4,14,1.0,수량·계수,4,3,3,4
train,train_4018.jpg,33,8,18.5,29,74,5.25,기타,15,13,17,29
train,train_4019.jpg,17,4,16.75,17,67,3.0,날짜·시간,17,17,17,16
train,train_4020.jpg,23,6,22.0,22,88,5.0,문자·간판 읽기,22,22,22,22
train,train_4021.jpg,30,7,8.0,8,32,2.0,문자·간판 읽기,8,8,8,8
train,train_4022.jpg,37,10,2.25,3,9,1.0,인물·대상,3,1,2,3
train,train_4023.jpg,19,4,7.0,7,28,1.0,가격·금액,7,7,7,7
train,train_4024.jpg,23,6,11.75,13,47,2.0,문자·간판 읽기,11,12,13,11
train,train_4025.jpg,29,8,3.0,3,12,1.0,문자·간판 읽기,3,3,3,3
train,train_4026.jpg,34,6,7.0,7,28,1.0,가격·금액,7,7,7,7
train,train_4027.jpg,14,4,4.0,6,16,1.25,기타,6,3,3,4
train,train_4028.jpg,51,12,17.0,25,68,4.25,기타,14,25,14,15
train,train_4029.jpg,22,6,5.5,6,22,1.0,문자·간판 읽기,5,6,5,6
train,train_4030.jpg,28,7,6.0,8,24,1.5,위치·방향,7,4,5,8
train,train_4031.jpg,44,11,17.75,25,71,4.5,기타,17,17,12,25
train,train_4032.jpg,31,8,5.0,5,20,2.0,위치·방향,5,5,5,5
train,train_4033.jpg,17,4,6.75,9,27,1.75,위치·방향,7,9,6,5
train,train_4034.jpg,58,11,27.75,38,111,7.0,기타,33,17,38,23
train,train_4035.jpg,28,7,5.0,5,20,2.0,문자·간판 읽기,5,5,5,5
train,train_4036.jpg,61,15,8.5,28,34,2.5,문자·간판 읽기,3,28,1,2
train,train_4037.jpg,34,9,3.5,4,14,1.0,기타,3,3,4,4
train,train_4038.jpg,41,8,2.25,3,9,1.0,위치·방향,2,3,2,2
train,train_4039.jpg,19,5,3.75,5,15,1.0,메뉴·상품,3,3,5,4
train,train_4040.jpg,27,7,16.25,22,65,2.5,문자·간판 읽기,15,22,15,13
train,train_4041.jpg,42,11,12.0,15,48,3.5,메뉴·상품,15,8,12,13
train,train_4042.jpg,27,7,10.75,12,43,3.0,문자·간판 읽기,12,10,10,11
train,train_4043.jpg,37,8,6.75,7,27,1.0,가격·금액,6,7,7,7
train,train_4044.jpg,24,6,5.5,10,22,1.75,문자·간판 읽기,6,4,2,10
train,train_4045.jpg,23,6,5.0,6,20,1.0,위치·방향,6,6,4,4
train,train_4046.jpg,26,9,13.25,15,53,4.0,문자·간판 읽기,15,13,14,11
train,train_4047.jpg,20,4,10.75,18,43,2.5,문자·간판 읽기,8,10,7,18
train,train_4048.jpg,47,13,5.75,7,23,1.5,문자·간판 읽기,6,4,6,7
train,train_4049.jpg,20,5,7.25,10,29,1.0,문자·간판 읽기,7,8,4,10
train,train_4050.jpg,38,11,8.75,10,35,2.0,문자·간판 읽기,10,8,8,9
train,train_4051.jpg,25,7,5.75,9,23,1.75,기타,9,3,5,6
train,train_4052.jpg,54,16,10.75,15,43,3.25,인물·대상,10,9,9,15
train,train_4053.jpg,54,11,5.75,7,23,1.0,문자·간판 읽기,5,6,7,5
train,train_4054.jpg,40,10,6.25,9,25,1.0,기타,9,6,5,5
train,train_4055.jpg,27,8,8.0,8,32,1.0,문자·간판 읽기,8,8,8,8
train,train_4056.jpg,44,11,7.0,9,28,2.0,문자·간판 읽기,9,7,5,7
train,train_4057.jpg,25,6,5.75,6,23,1.0,문자·간판 읽기,6,6,5,6
train,train_4058.jpg,27,7,9.25,10,37,3.0,색상,10,9,9,9
train,train_4059.jpg,30,8,14.75,24,59,2.5,색상,12,14,9,24
train,train_4060.jpg,24,6,4.25,8,17,1.25,메뉴·상품,8,3,3,3
train,train_4061.jpg,24,7,13.0,16,52,2.0,문자·간판 읽기,11,12,16,13
train,train_4062.jpg,32,9,10.5,14,42,2.5,기타,9,10,9,14
train,train_4063.jpg,35,7,4.0,5,16,1.0,메뉴·상품,5,5,2,4
train,train_4064.jpg,23,6,6.75,8,27,1.0,위치·방향,7,5,7,8
train,train_4065.jpg,45,9,6.0,6,24,1.0,가격·금액,6,6,6,6
train,train_4066.jpg,32,8,5.5,7,22,1.5,위치·방향,7,6,4,5
train,train_4067.jpg,30,8,4.5,5,18,1.0,문자·간판 읽기,5,4,5,4
train,train_4068.jpg,32,8,6.0,6,24,2.0,문자·간판 읽기,6,6,6,6
train,train_4069.jpg,30,7,3.25,4,13,1.0,메뉴·상품,3,4,3,3
train,train_4070.jpg,46,13,3.75,5,15,1.0,기타,3,4,5,3
train,train_4071.jpg,35,8,15.5,19,62,3.25,문자·간판 읽기,15,17,19,11
train,train_4072.jpg,16,4,4.75,6,19,1.5,문자·간판 읽기,6,6,3,4
train,train_4073.jpg,27,7,4.5,5,18,2.0,기타,5,4,5,4
train,train_4074.jpg,42,10,2.25,3,9,1.0,위치·방향,2,3,2,2
train,train_4075.jpg,44,10,2.75,5,11,1.25,문자·간판 읽기,2,5,2,2
train,train_4076.jpg,24,6,5.75,7,23,2.0,위치·방향,5,7,5,6
train,train_4077.jpg,16,4,3.75,4,15,1.0,문자·간판 읽기,4,3,4,4
train,train_4078.jpg,18,5,15.5,21,62,2.75,문자·간판 읽기,15,21,17,9
train,train_4079.jpg,36,8,5.75,7,23,1.0,메뉴·상품,7,5,5,6
train,train_4080.jpg,47,9,2.5,3,10,1.0,기타,3,2,3,2
train,train_4081.jpg,44,11,12.75,13,51,1.0,전화번호,12,13,13,13
train,train_4082.jpg,36,8,3.25,4,13,1.0,가격·금액,3,3,4,3
train,train_4083.jpg,32,9,30.0,30,120,7.0,문자·간판 읽기,30,30,30,30
train,train_4084.jpg,22,6,3.0,3,12,1.0,기타,3,3,3,3
train,train_4085.jpg,29,8,5.25,8,21,1.25,메뉴·상품,4,3,8,6
train,train_4086.jpg,36,8,21.25,35,85,5.0,기타,20,15,35,15
train,train_4087.jpg,63,11,22.5,33,90,6.75,기타,17,19,33,21
train,train_4088.jpg,50,11,17.75,22,71,4.75,기타,21,16,12,22
train,train_4089.jpg,35,9,10.0,12,40,3.25,기타,12,8,11,9
train,train_4090.jpg,12,3,9.5,12,38,2.25,위치·방향,8,12,10,8
train,train_4091.jpg,35,9,3.0,3,12,1.0,문자·간판 읽기,3,3,3,3
train,train_4092.jpg,27,6,4.75,7,19,2.0,위치·방향,4,4,7,4
train,train_4093.jpg,47,12,19.0,21,76,2.0,위치·방향,18,19,21,18
train,train_4094.jpg,32,7,16.5,17,66,3.0,날짜·시간,17,17,17,15
train,train_4095.jpg,25,7,6.75,11,27,1.75,문자·간판 읽기,11,7,5,4
train,train_4096.jpg,25,6,4.5,5,18,1.75,기타,5,5,3,5
train,train_4097.jpg,32,9,23.75,36,95,5.25,기타,19,36,21,19
train,train_4098.jpg,20,5,9.0,17,36,1.75,위치·방향,17,9,8,2
train,train_4099.jpg,53,14,30.25,38,121,8.25,메뉴·상품,26,32,38,25
train,train_4100.jpg,16,4,11.5,12,46,1.0,메뉴·상품,12,10,12,12
train,train_4101.jpg,32,8,2.0,3,8,1.0,메뉴·상품,2,3,1,2
train,train_4102.jpg,40,9,10.0,11,40,3.25,기타,9,11,9,11
train,train_4103.jpg,39,10,9.75,12,39,2.5,메뉴·상품,12,8,9,10
train,train_4104.jpg,36,9,26.25,47,105,5.5,문자·간판 읽기,26,16,47,16
train,train_4105.jpg,16,4,6.25,7,25,2.0,메뉴·상품,6,6,6,7
train,train_4106.jpg,37,9,18.0,25,72,5.5,기타,25,16,13,18
train,train_4107.jpg,28,7,3.0,3,12,1.0,문자·간판 읽기,3,3,3,3
train,train_4108.jpg,31,8,8.75,9,35,3.0,기타,9,9,9,8
train,train_4109.jpg,16,4,4.0,4,16,1.0,문자·간판 읽기,4,4,4,4
train,train_4110.jpg,27,7,4.75,5,19,1.0,문자·간판 읽기,5,5,4,5
train,train_4111.jpg,51,10,4.25,5,17,1.0,가격·금액,4,4,5,4
train,train_4112.jpg,28,7,4.75,6,19,2.0,기타,5,4,6,4
train,train_4113.jpg,21,5,2.0,2,8,1.0,위치·방향,2,2,2,2
train,train_4114.jpg,31,6,8.0,8,32,1.0,전화번호,8,8,8,8
train,train_4115.jpg,49,14,5.75,9,23,1.25,위치·방향,9,5,3,6
train,train_4116.jpg,19,5,4.25,6,17,1.25,문자·간판 읽기,6,3,3,5
train,train_4117.jpg,40,10,2.25,3,9,1.0,기타,1,3,3,2
train,train_4118.jpg,45,11,10.0,15,40,3.25,인물·대상,12,7,15,6
train,train_4119.jpg,59,15,6.0,6,24,1.0,가격·금액,6,6,6,6
train,train_4120.jpg,40,8,4.25,8,17,1.0,기타,2,8,3,4
train,train_4121.jpg,24,6,6.5,8,26,1.75,문자·간판 읽기,8,4,6,8
train,train_4122.jpg,51,11,14.0,14,56,5.0,날짜·시간,14,14,14,14
train,train_4123.jpg,24,6,3.5,4,14,1.0,위치·방향,3,4,4,3
train,train_4124.jpg,40,8,9.25,10,37,3.0,기타,10,9,9,9
train,train_4125.jpg,32,9,5.0,6,20,1.0,문자·간판 읽기,4,5,5,6
train,train_4126.jpg,22,6,14.25,18,57,2.0,위치·방향,14,18,13,12
train,train_4127.jpg,22,6,8.0,9,32,1.75,문자·간판 읽기,6,9,9,8
train,train_4128.jpg,48,12,5.0,5,20,1.0,가격·금액,5,5,5,5
train,train_4129.jpg,37,8,6.75,7,27,1.0,가격·금액,7,7,6,7
train,train_4130.jpg,18,4,5.25,6,21,2.0,문자·간판 읽기,6,5,5,5
train,train_4131.jpg,26,7,6.25,7,25,1.5,위치·방향,7,5,7,6
train,train_4132.jpg,26,7,7.25,10,29,1.5,문자·간판 읽기,10,6,8,5
train,train_4133.jpg,42,9,9.75,12,39,2.25,메뉴·상품,12,10,7,10
train,train_4134.jpg,24,4,3.0,3,12,1.0,기타,3,3,3,3
train,train_4135.jpg,22,6,7.0,7,28,2.0,메뉴·상품,7,7,7,7
train,train_4136.jpg,23,6,6.5,9,26,2.0,문자·간판 읽기,7,6,4,9
train,train_4137.jpg,25,6,5.0,8,20,1.0,문자·간판 읽기,8,4,4,4
train,train_4138.jpg,28,6,2.75,4,11,1.0,색상,3,2,2,4
train,train_4139.jpg,36,10,5.75,7,23,1.0,기타,7,6,5,5
train,train_4140.jpg,32,8,6.25,8,25,1.5,기타,8,6,7,4
train,train_4141.jpg,29,7,15.0,15,60,1.0,날짜·시간,15,15,15,15
train,train_4142.jpg,23,5,6.5,7,26,1.0,가격·금액,7,6,7,6
train,train_4143.jpg,54,10,22.25,25,89,5.0,날짜·시간,20,23,21,25
train,train_4144.jpg,24,6,14.5,17,58,2.5,문자·간판 읽기,17,12,13,16
train,train_4145.jpg,24,5,7.5,8,30,3.0,위치·방향,8,7,8,7
train,train_4146.jpg,83,21,13.0,13,52,3.0,문자·간판 읽기,13,13,13,13
train,train_4147.jpg,84,21,13.0,13,52,4.0,인물·대상,13,13,13,13
train,train_4148.jpg,40,12,19.0,19,76,6.0,날짜·시간,19,19,19,19
train,train_4149.jpg,33,8,4.75,6,19,1.75,메뉴·상품,5,6,4,4
train,train_4150.jpg,24,7,6.0,6,24,2.0,가격·금액,6,6,6,6
train,train_4151.jpg,45,12,2.5,4,10,1.0,문자·간판 읽기,4,2,2,2
train,train_4152.jpg,27,8,4.25,5,17,1.0,위치·방향,4,4,4,5
train,train_4153.jpg,59,15,4.0,4,16,1.0,위치·방향,4,4,4,4
train,train_4154.jpg,33,9,6.25,7,25,1.0,가격·금액,6,6,6,7
train,train_4155.jpg,23,6,4.0,4,16,1.0,문자·간판 읽기,4,4,4,4
train,train_4156.jpg,39,9,1.25,2,5,1.0,전화번호,1,1,1,2
train,train_4157.jpg,33,9,3.0,3,12,1.0,문자·간판 읽기,3,3,3,3
train,train_4158.jpg,24,6,6.0,7,24,1.0,문자·간판 읽기,6,5,7,6
train,train_4159.jpg,27,7,4.0,4,16,1.0,색상,4,4,4,4
train,train_4160.jpg,34,8,2.5,3,10,1.0,위치·방향,2,3,2,3
train,train_4161.jpg,37,9,8.25,12,33,1.0,전화번호,5,12,8,8
train,train_4162.jpg,30,8,2.5,4,10,1.0,문자·간판 읽기,2,4,2,2
train,train_4163.jpg,42,10,6.0,6,24,1.0,가격·금액,6,6,6,6
train,train_4164.jpg,32,10,11.0,14,44,2.25,문자·간판 읽기,10,10,10,14
train,train_4165.jpg,17,4,6.75,10,27,2.75,문자·간판 읽기,5,10,7,5
train,train_4166.jpg,44,10,6.0,6,24,1.0,가격·금액,6,6,6,6
train,train_4167.jpg,39,9,6.0,6,24,1.0,가격·금액,6,6,6,6
train,train_4168.jpg,34,9,11.5,15,46,2.0,문자·간판 읽기,11,12,8,15
train,train_4169.jpg,27,7,8.75,9,35,2.75,문자·간판 읽기,9,8,9,9
train,train_4170.jpg,27,8,19.5,30,78,3.75,문자·간판 읽기,19,16,13,30
train,train_4171.jpg,27,7,6.75,8,27,1.75,위치·방향,8,7,4,8
train,train_4172.jpg,18,4,5.0,6,20,1.0,메뉴·상품,6,5,4,5
train,train_4173.jpg,22,5,12.0,12,48,4.0,기타,12,12,12,12
train,train_4174.jpg,30,8,20.75,28,83,3.25,문자·간판 읽기,18,18,19,28
train,train_4175.jpg,29,7,5.0,5,20,2.0,날짜·시간,5,5,5,5
train,train_4176.jpg,30,8,6.5,7,26,1.0,가격·금액,7,6,6,7
train,train_4177.jpg,31,7,6.5,7,26,1.0,가격·금액,6,7,7,6
train,train_4178.jpg,16,4,1.75,2,7,1.0,기타,2,2,1,2
train,train_4179.jpg,28,7,7.0,7,28,1.0,가격·금액,7,7,7,7
train,train_4180.jpg,39,7,40.0,60,160,6.0,위치·방향,46,22,32,60
train,train_4181.jpg,44,9,10.75,13,43,1.0,전화번호,9,8,13,13
train,train_4182.jpg,38,11,19.25,22,77,3.0,기타,22,16,21,18
train,train_4183.jpg,22,6,11.75,12,47,1.0,문자·간판 읽기,12,11,12,12
train,train_4184.jpg,30,6,6.5,7,26,1.0,가격·금액,7,7,6,6
train,train_4185.jpg,35,11,12.75,13,51,1.0,전화번호,13,12,13,13
train,train_4186.jpg,22,6,3.75,5,15,1.0,메뉴·상품,5,3,3,4
train,train_4187.jpg,36,10,24.5,28,98,6.75,색상,22,28,23,25
train,train_4188.jpg,29,8,9.5,10,38,2.25,문자·간판 읽기,9,10,9,10
train,train_4189.jpg,15,4,11.75,14,47,2.5,기타,7,13,13,14
train,train_4190.jpg,33,8,9.5,14,38,1.75,기타,6,10,8,14
train,train_4191.jpg,47,13,9.75,13,39,2.0,위치·방향,5,13,11,10
train,train_4192.jpg,55,16,14.25,16,57,4.25,기타,15,14,12,16
train,train_4193.jpg,44,12,11.0,11,44,3.0,기타,11,11,11,11
train,train_4194.jpg,37,9,5.25,7,21,2.25,기타,4,5,5,7
train,train_4195.jpg,39,8,11.5,18,46,2.0,기타,5,18,13,10
train,train_4196.jpg,36,10,11.5,14,46,3.25,색상,10,14,10,12
train,train_4197.jpg,40,11,24.75,27,99,5.0,색상,21,27,24,27
train,train_4198.jpg,36,9,5.5,8,22,1.0,문자·간판 읽기,4,8,6,4
train,train_4199.jpg,44,10,6.0,6,24,2.0,수량·계수,6,6,6,6
train,train_4200.jpg,42,11,4.25,5,17,1.0,위치·방향,5,4,3,5
train,train_4201.jpg,21,6,9.5,11,38,2.0,문자·간판 읽기,11,10,8,9
train,train_4202.jpg,51,13,2.0,2,8,1.0,문자·간판 읽기,2,2,2,2
train,train_4203.jpg,30,9,6.75,8,27,1.0,문자·간판 읽기,7,8,5,7
train,train_4204.jpg,43,13,2.0,2,8,1.0,수량·계수,2,2,2,2
train,train_4205.jpg,34,9,15.0,17,60,4.25,색상,13,13,17,17
train,train_4206.jpg,63,14,27.25,39,109,4.75,문자·간판 읽기,15,21,39,34
train,train_4207.jpg,43,8,15.0,16,60,4.0,인물·대상,15,16,15,14
train,train_4208.jpg,26,6,17.0,17,68,4.0,가격·금액,17,17,17,17
train,train_4209.jpg,38,7,9.75,11,39,3.0,문자·간판 읽기,10,11,10,8
train,train_4210.jpg,54,15,2.0,2,8,1.0,기타,2,2,2,2
train,train_4211.jpg,45,9,11.0,11,44,1.0,날짜·시간,11,11,11,11
train,train_4212.jpg,23,6,6.25,7,25,1.0,기타,6,6,7,6
train,train_4213.jpg,29,8,3.75,5,15,1.0,기타,5,3,3,4
train,train_4214.jpg,17,4,6.0,6,24,1.0,문자·간판 읽기,6,6,6,6
train,train_4215.jpg,33,9,5.0,5,20,1.0,색상,5,5,5,5
train,train_4216.jpg,26,6,13.25,19,53,3.0,메뉴·상품,19,12,12,10
train,train_4217.jpg,23,6,2.5,3,10,1.0,문자·간판 읽기,3,3,2,2
train,train_4218.jpg,52,13,12.0,15,48,3.5,날짜·시간,15,15,10,8
train,train_4219.jpg,34,10,3.75,5,15,1.0,위치·방향,3,5,3,4
train,train_4220.jpg,40,9,4.5,9,18,1.5,문자·간판 읽기,3,3,3,9
train,train_4221.jpg,28,6,12.0,12,48,1.0,전화번호,12,12,12,12
train,train_4222.jpg,21,5,2.0,2,8,1.0,전화번호,2,2,2,2
train,train_4223.jpg,26,6,12.0,17,48,3.75,문자·간판 읽기,9,17,12,10
train,train_4224.jpg,29,7,10.25,25,41,3.0,날짜·시간,25,5,6,5
train,train_4225.jpg,46,12,4.0,4,16,1.0,색상,4,4,4,4
train,train_4226.jpg,45,11,9.0,11,36,2.75,기타,7,11,11,7
train,train_4227.jpg,18,5,13.5,14,54,3.0,문자·간판 읽기,14,13,14,13
train,train_4228.jpg,20,5,6.5,15,26,1.25,문자·간판 읽기,5,15,5,1
train,train_4229.jpg,27,7,5.5,8,22,1.0,문자·간판 읽기,4,2,8,8
train,train_4230.jpg,26,7,4.5,6,18,1.0,문자·간판 읽기,6,4,4,4
train,train_4231.jpg,40,10,9.25,15,37,2.75,메뉴·상품,15,8,6,8
train,train_4232.jpg,23,6,6.0,6,24,1.0,가격·금액,6,6,6,6
train,train_4233.jpg,41,11,2.75,3,11,1.0,문자·간판 읽기,3,2,3,3
train,train_4234.jpg,22,6,3.0,3,12,1.0,문자·간판 읽기,3,3,3,3
train,train_4235.jpg,46,11,10.5,12,42,3.0,위치·방향,11,12,10,9
train,train_4236.jpg,27,7,17.5,22,70,5.0,메뉴·상품,14,22,18,16
train,train_4237.jpg,25,7,5.5,8,22,2.0,문자·간판 읽기,3,8,3,8
train,train_4238.jpg,38,11,5.25,7,21,1.0,문자·간판 읽기,3,7,5,6
train,train_4239.jpg,34,11,14.0,18,56,2.5,문자·간판 읽기,8,18,16,14
train,train_4240.jpg,32,9,23.75,37,95,6.5,기타,37,17,24,17
train,train_4241.jpg,28,7,4.5,5,18,1.0,색상,4,5,4,5
train,train_4242.jpg,19,5,4.25,6,17,1.0,메뉴·상품,6,3,4,4
train,train_4243.jpg,26,7,6.75,8,27,2.0,문자·간판 읽기,6,6,8,7
train,train_4244.jpg,38,9,12.5,13,50,1.0,전화번호,11,13,13,13
train,train_4245.jpg,42,7,6.75,7,27,1.0,가격·금액,7,7,6,7
train,train_4246.jpg,37,8,15.75,16,63,3.0,날짜·시간,15,16,16,16
train,train_4247.jpg,20,5,4.0,4,16,1.0,문자·간판 읽기,4,4,4,4
train,train_4248.jpg,24,7,4.0,6,16,1.25,위치·방향,3,5,2,6
train,train_4249.jpg,62,13,11.25,14,45,1.25,기타,14,8,10,13
train,train_4250.jpg,30,9,4.0,4,16,1.0,날짜·시간,4,4,4,4
train,train_4251.jpg,18,4,2.5,3,10,1.0,기타,3,2,3,2
train,train_4252.jpg,19,5,5.0,5,20,3.0,문자·간판 읽기,5,5,5,5
train,train_4253.jpg,25,5,3.75,4,15,1.0,가격·금액,4,4,3,4
train,train_4254.jpg,41,11,10.25,13,41,3.0,문자·간판 읽기,13,9,10,9
train,train_4255.jpg,27,7,2.5,3,10,1.0,가격·금액,3,2,3,2
train,train_4256.jpg,26,7,4.75,5,19,2.0,전화번호,5,5,5,4
train,train_4257.jpg,53,13,5.75,6,23,2.0,기타,5,6,6,6
train,train_4258.jpg,40,11,13.0,13,52,4.0,문자·간판 읽기,13,13,13,13
train,train_4259.jpg,45,11,13.25,16,53,2.25,가격·금액,16,11,13,13
train,train_4260.jpg,27,6,6.5,7,26,1.0,가격·금액,7,6,7,6
train,train_4261.jpg,19,5,7.5,8,30,2.0,메뉴·상품,7,8,8,7
train,train_4262.jpg,28,8,4.0,4,16,1.0,문자·간판 읽기,4,4,4,4
train,train_4263.jpg,33,8,4.5,6,18,1.5,기타,4,4,6,4
train,train_4264.jpg,19,5,4.5,6,18,1.5,문자·간판 읽기,6,3,5,4
train,train_4265.jpg,36,9,5.75,9,23,1.0,날짜·시간,9,4,5,5
train,train_4266.jpg,25,6,4.75,6,19,1.0,기타,4,4,6,5
train,train_4267.jpg,34,8,7.5,8,30,2.0,문자·간판 읽기,8,8,7,7
train,train_4268.jpg,33,9,3.0,3,12,1.0,가격·금액,3,3,3,3
train,train_4269.jpg,25,6,2.75,3,11,1.0,메뉴·상품,2,3,3,3
train,train_4270.jpg,60,15,6.75,8,27,1.25,위치·방향,7,8,6,6
train,train_4271.jpg,25,7,4.5,6,18,1.0,문자·간판 읽기,4,4,4,6
train,train_4272.jpg,26,7,4.5,6,18,1.0,문자·간판 읽기,2,5,5,6
train,train_4273.jpg,18,4,5.0,5,20,1.0,기타,5,5,5,5
train,train_4274.jpg,26,7,5.0,7,20,1.0,기타,6,4,7,3
train,train_4275.jpg,29,8,10.0,19,40,3.0,문자·간판 읽기,6,19,11,4
train,train_4276.jpg,24,5,23.75,24,95,3.0,날짜·시간,24,24,24,23
train,train_4277.jpg,43,11,14.25,26,57,3.75,기타,10,10,26,11
train,train_4278.jpg,19,5,3.75,5,15,1.0,메뉴·상품,3,4,5,3
train,train_4279.jpg,22,6,25.0,26,100,5.0,문자·간판 읽기,25,26,23,26
train,train_4280.jpg,35,10,12.0,18,48,4.0,색상,10,10,10,18
train,train_4281.jpg,29,7,7.0,7,28,1.0,가격·금액,7,7,7,7
train,train_4282.jpg,24,6,5.25,6,21,1.25,문자·간판 읽기,5,5,6,5
train,train_4283.jpg,34,7,13.25,14,53,3.25,기타,12,14,14,13
train,train_4284.jpg,18,5,9.75,12,39,2.0,메뉴·상품,9,11,12,7
train,train_4285.jpg,29,8,13.75,14,55,3.0,위치·방향,14,14,14,13
train,train_4286.jpg,35,9,2.5,3,10,1.0,기타,3,2,3,2
train,train_4287.jpg,32,9,4.75,6,19,1.75,기타,6,5,3,5
train,train_4288.jpg,25,7,4.25,6,17,1.0,문자·간판 읽기,4,3,6,4
train,train_4289.jpg,33,6,3.0,3,12,1.0,인물·대상,3,3,3,3
train,train_4290.jpg,49,8,23.0,23,92,3.0,날짜·시간,23,23,23,23
train,train_4291.jpg,50,10,3.0,5,12,1.25,색상,3,2,2,5
train,train_4292.jpg,48,12,10.5,13,42,3.0,문자·간판 읽기,12,13,7,10
train,train_4293.jpg,46,12,25.0,25,100,4.0,가격·금액,25,25,25,25
train,train_4294.jpg,24,6,4.0,4,16,1.0,가격·금액,4,4,4,4
train,train_4295.jpg,19,4,6.0,6,24,2.0,가격·금액,6,6,6,6
train,train_4296.jpg,24,7,3.25,4,13,1.0,문자·간판 읽기,3,3,4,3
train,train_4297.jpg,47,13,15.0,18,60,4.0,기타,15,13,18,14
train,train_4298.jpg,22,6,4.0,6,16,1.0,문자·간판 읽기,3,3,6,4
train,train_4299.jpg,28,8,9.75,11,39,2.75,문자·간판 읽기,11,9,9,10
train,train_4300.jpg,39,10,6.5,7,26,1.0,가격·금액,6,6,7,7
train,train_4301.jpg,38,8,6.0,6,24,2.0,가격·금액,6,6,6,6
train,train_4302.jpg,26,8,4.25,5,17,2.0,문자·간판 읽기,4,4,5,4
train,train_4303.jpg,39,9,27.5,38,110,4.75,문자·간판 읽기,37,17,38,18
train,train_4304.jpg,64,16,15.0,21,60,3.75,문자·간판 읽기,12,16,21,11
train,train_4305.jpg,22,6,3.25,4,13,1.0,문자·간판 읽기,3,4,2,4
train,train_4306.jpg,20,5,13.0,15,52,3.5,위치·방향,12,11,15,14
train,train_4307.jpg,23,6,7.0,8,28,2.0,문자·간판 읽기,7,8,6,7
train,train_4308.jpg,43,10,6.5,8,26,2.25,문자·간판 읽기,8,5,8,5
train,train_4309.jpg,25,6,10.75,11,43,2.0,위치·방향,11,11,11,10
train,train_4310.jpg,33,8,10.0,24,40,1.5,문자·간판 읽기,5,4,24,7
train,train_4311.jpg,29,7,15.25,17,61,2.75,메뉴·상품,10,17,17,17
train,train_4312.jpg,26,7,3.75,5,15,1.0,전화번호,3,3,5,4
train,train_4313.jpg,25,7,5.75,8,23,2.0,색상,6,5,8,4
train,train_4314.jpg,19,5,7.0,8,28,1.0,문자·간판 읽기,8,8,7,5
train,train_4315.jpg,31,9,9.25,11,37,1.5,색상,9,10,7,11
train,train_4316.jpg,33,8,8.0,8,32,2.0,문자·간판 읽기,8,8,8,8
train,train_4317.jpg,18,3,6.0,6,24,1.0,가격·금액,6,6,6,6
train,train_4318.jpg,42,10,5.75,6,23,2.0,기타,6,5,6,6
train,train_4319.jpg,24,7,3.5,5,14,1.0,문자·간판 읽기,3,5,3,3
train,train_4320.jpg,59,14,9.0,9,36,2.0,가격·금액,9,9,9,9
train,train_4321.jpg,16,4,4.0,6,16,1.25,문자·간판 읽기,3,6,3,4
train,train_4322.jpg,23,6,4.25,7,17,1.0,문자·간판 읽기,7,2,4,4
train,train_4323.jpg,23,6,4.25,5,17,1.0,문자·간판 읽기,4,5,4,4
train,train_4324.jpg,24,6,5.5,8,22,1.0,문자·간판 읽기,4,8,8,2
train,train_4325.jpg,31,8,8.75,9,35,3.0,문자·간판 읽기,8,9,9,9
train,train_4326.jpg,24,6,6.0,6,24,1.0,가격·금액,6,6,6,6
train,train_4327.jpg,28,7,6.25,7,25,1.5,위치·방향,6,6,7,6
train,train_4328.jpg,39,12,6.75,10,27,2.25,메뉴·상품,10,5,7,5
train,train_4329.jpg,23,6,5.75,7,23,1.75,위치·방향,6,7,6,4
train,train_4330.jpg,38,11,7.75,9,31,2.25,색상,8,7,7,9
train,train_4331.jpg,36,9,19.0,19,76,5.0,색상,19,19,19,19
train,train_4332.jpg,57,12,3.0,3,12,1.0,전화번호,3,3,3,3
train,train_4333.jpg,34,7,11.5,13,46,1.75,전화번호,12,13,8,13
train,train_4334.jpg,41,12,3.0,4,12,1.0,메뉴·상품,3,3,2,4
train,train_4335.jpg,34,9,2.25,3,9,1.0,메뉴·상품,2,2,3,2
train,train_4336.jpg,31,9,7.0,7,28,2.0,문자·간판 읽기,7,7,7,7
train,train_4337.jpg,23,6,2.75,3,11,1.0,문자·간판 읽기,2,3,3,3
train,train_4338.jpg,39,9,7.0,7,28,1.0,가격·금액,7,7,7,7
train,train_4339.jpg,16,4,24.0,27,96,3.5,문자·간판 읽기,25,18,26,27
train,train_4340.jpg,24,6,11.25,13,45,1.0,전화번호,8,13,12,12
train,train_4341.jpg,25,7,5.5,6,22,1.75,색상,6,6,4,6
train,train_4342.jpg,21,6,5.5,7,22,1.0,문자·간판 읽기,6,7,5,4
train,train_4343.jpg,42,10,6.0,8,24,1.75,문자·간판 읽기,3,7,6,8
train,train_4344.jpg,35,9,3.5,4,14,1.0,색상,4,4,2,4
train,train_4345.jpg,27,6,7.0,7,28,2.0,위치·방향,7,7,7,7
train,train_4346.jpg,39,9,9.75,10,39,1.0,전화번호,10,10,9,10
train,train_4347.jpg,44,11,8.25,9,33,1.25,전화번호,9,8,8,8
train,train_4348.jpg,42,11,12.5,16,50,4.0,메뉴·상품,9,16,12,13
train,train_4349.jpg,16,4,5.25,7,21,1.25,문자·간판 읽기,4,7,7,3
train,train_4350.jpg,41,10,14.0,15,56,3.0,날짜·시간,14,13,14,15
train,train_4351.jpg,21,5,4.25,5,17,1.0,문자·간판 읽기,5,4,4,4
train,train_4352.jpg,38,10,5.0,9,20,1.25,문자·간판 읽기,9,3,3,5
train,train_4353.jpg,48,10,13.0,13,52,2.0,전화번호,13,13,13,13
train,train_4354.jpg,37,6,12.0,12,48,3.0,날짜·시간,12,12,12,12
train,train_4355.jpg,36,9,3.5,4,14,1.0,메뉴·상품,4,4,4,2
train,train_4356.jpg,22,5,10.75,14,43,1.75,문자·간판 읽기,6,13,14,10
train,train_4357.jpg,49,11,3.0,3,12,1.0,색상,3,3,3,3
train,train_4358.jpg,23,6,10.75,11,43,2.0,가격·금액,11,10,11,11
train,train_4359.jpg,34,8,5.5,7,22,1.0,인물·대상,7,7,5,3
train,train_4360.jpg,32,8,6.0,6,24,1.0,가격·금액,6,6,6,6
train,train_4361.jpg,31,6,6.0,6,24,1.0,가격·금액,6,6,6,6
train,train_4362.jpg,70,18,23.75,31,95,6.25,문자·간판 읽기,24,18,22,31
train,train_4363.jpg,22,6,3.0,3,12,1.0,문자·간판 읽기,3,3,3,3
train,train_4364.jpg,47,9,7.75,11,31,2.5,메뉴·상품,8,6,6,11
train,train_4365.jpg,32,8,3.5,4,14,1.0,문자·간판 읽기,4,2,4,4
train,train_4366.jpg,20,5,4.75,6,19,1.5,문자·간판 읽기,6,4,4,5
train,train_4367.jpg,16,4,5.75,7,23,2.0,문자·간판 읽기,6,4,6,7
train,train_4368.jpg,39,9,9.25,13,37,2.25,전화번호,13,8,8,8
train,train_4369.jpg,30,8,7.25,10,29,1.0,색상,10,9,6,4
train,train_4370.jpg,45,12,5.75,6,23,2.0,색상,5,6,6,6
train,train_4371.jpg,48,13,13.75,19,55,3.25,문자·간판 읽기,10,12,14,19
train,train_4372.jpg,28,8,6.5,9,26,1.0,문자·간판 읽기,6,6,9,5
train,train_4373.jpg,23,6,6.0,6,24,1.0,가격·금액,6,6,6,6
train,train_4374.jpg,38,10,16.0,22,64,4.5,문자·간판 읽기,14,14,14,22
train,train_4375.jpg,16,4,6.25,7,25,1.0,가격·금액,6,7,6,6
train,train_4376.jpg,32,7,15.0,21,60,3.75,문자·간판 읽기,9,10,21,20
train,train_4377.jpg,22,5,9.25,11,37,2.75,메뉴·상품,10,6,10,11
train,train_4378.jpg,27,6,5.0,5,20,2.0,메뉴·상품,5,5,5,5
train,train_4379.jpg,22,5,5.25,6,21,2.0,문자·간판 읽기,5,4,6,6
train,train_4380.jpg,22,6,9.0,10,36,3.0,문자·간판 읽기,10,10,8,8
train,train_4381.jpg,28,7,8.5,12,34,2.5,위치·방향,6,12,5,11
train,train_4382.jpg,29,7,10.0,10,40,1.0,날짜·시간,10,10,10,10
train,train_4383.jpg,21,5,5.0,5,20,1.0,문자·간판 읽기,5,5,5,5
train,train_4384.jpg,17,4,4.25,6,17,1.0,문자·간판 읽기,5,4,2,6
train,train_4385.jpg,23,6,4.0,6,16,1.0,위치·방향,3,2,5,6
train,train_4386.jpg,32,9,3.75,6,15,1.0,기타,2,6,4,3
train,train_4387.jpg,24,6,7.25,11,29,1.75,문자·간판 읽기,5,3,11,10
train,train_4388.jpg,28,7,4.25,5,17,1.0,문자·간판 읽기,5,4,3,5
train,train_4389.jpg,16,4,6.25,8,25,1.0,문자·간판 읽기,7,6,8,4
train,train_4390.jpg,43,12,15.25,20,61,3.75,문자·간판 읽기,14,20,11,16
train,train_4391.jpg,51,11,15.0,20,60,4.0,기타,20,13,10,17
train,train_4392.jpg,41,11,37.5,72,150,8.0,문자·간판 읽기,8,36,34,72
train,train_4393.jpg,46,9,13.0,13,52,1.0,전화번호,13,13,13,13
train,train_4394.jpg,42,11,4.0,9,16,1.25,문자·간판 읽기,2,2,9,3
train,train_4395.jpg,47,13,5.75,8,23,1.75,기타,8,6,5,4
train,train_4396.jpg,25,7,3.0,3,12,1.0,문자·간판 읽기,3,3,3,3
train,train_4397.jpg,43,11,7.25,15,29,2.25,날짜·시간,15,3,5,6
train,train_4398.jpg,34,9,2.0,2,8,1.0,전화번호,2,2,2,2
train,train_4399.jpg,61,17,4.75,6,19,1.5,문자·간판 읽기,6,5,4,4
train,train_4400.jpg,42,11,10.0,11,40,2.0,문자·간판 읽기,10,9,10,11
train,train_4401.jpg,30,7,9.0,11,36,1.0,전화번호,9,8,8,11
train,train_4402.jpg,17,4,6.75,9,27,1.25,문자·간판 읽기,6,9,5,7
train,train_4403.jpg,25,5,8.0,8,32,1.0,전화번호,8,8,8,8
train,train_4404.jpg,29,7,2.5,3,10,1.0,기타,3,3,2,2
train,train_4405.jpg,33,9,10.25,12,41,2.25,기타,9,9,11,12
train,train_4406.jpg,60,10,36.0,48,144,10.0,기타,20,36,40,48
train,train_4407.jpg,58,14,3.0,4,12,1.0,인물·대상,3,2,3,4
train,train_4408.jpg,33,7,5.0,7,20,1.0,메뉴·상품,4,7,7,2
train,train_4409.jpg,16,4,7.5,8,30,2.5,문자·간판 읽기,8,7,7,8
train,train_4410.jpg,33,7,6.5,8,26,2.0,기타,6,8,6,6
train,train_4411.jpg,38,11,7.0,11,28,1.5,위치·방향,11,8,5,4
train,train_4412.jpg,30,7,3.0,3,12,1.0,수량·계수,3,3,3,3
train,train_4413.jpg,29,8,11.5,13,46,3.5,문자·간판 읽기,10,12,13,11
train,train_4414.jpg,34,9,8.0,8,32,1.0,전화번호,8,8,8,8
train,train_4415.jpg,42,10,2.5,3,10,1.0,위치·방향,2,2,3,3
train,train_4416.jpg,30,7,12.0,17,48,2.0,문자·간판 읽기,9,12,10,17
train,train_4417.jpg,38,10,28.25,35,113,4.5,메뉴·상품,25,28,35,25
train,train_4418.jpg,26,6,3.75,5,15,1.5,메뉴·상품,2,5,3,5
train,train_4419.jpg,39,10,14.25,16,57,2.5,문자·간판 읽기,13,16,14,14
train,train_4420.jpg,31,9,7.0,9,28,1.75,기타,4,6,9,9
train,train_4421.jpg,46,11,4.0,4,16,1.0,위치·방향,4,4,4,4
train,train_4422.jpg,52,14,15.0,16,60,3.75,기타,14,15,16,15
train,train_4423.jpg,25,6,22.75,26,91,3.75,위치·방향,25,17,26,23
train,train_4424.jpg,29,8,19.0,19,76,7.0,전화번호,19,19,19,19
train,train_4425.jpg,31,9,2.75,3,11,1.0,색상,3,2,3,3
train,train_4426.jpg,27,8,4.0,5,16,1.0,기타,3,4,5,4
train,train_4427.jpg,40,10,2.25,3,9,1.0,가격·금액,2,2,2,3
train,train_4428.jpg,25,6,3.0,3,12,1.0,전화번호,3,3,3,3
train,train_4429.jpg,26,7,6.0,6,24,1.0,가격·금액,6,6,6,6
train,train_4430.jpg,16,4,5.5,6,22,2.0,문자·간판 읽기,5,5,6,6
train,train_4431.jpg,30,8,9.5,14,38,1.25,문자·간판 읽기,9,14,9,6
train,train_4432.jpg,40,10,3.25,5,13,1.0,문자·간판 읽기,3,5,2,3
train,train_4433.jpg,37,8,18.5,22,74,3.25,문자·간판 읽기,22,11,19,22
train,train_4434.jpg,34,6,13.0,13,52,3.0,날짜·시간,13,13,13,13
train,train_4435.jpg,18,5,4.0,4,16,1.0,문자·간판 읽기,4,4,4,4
train,train_4436.jpg,33,10,4.25,6,17,1.25,메뉴·상품,4,6,4,3
train,train_4437.jpg,43,13,18.25,21,73,4.5,기타,16,21,21,15
train,train_4438.jpg,17,4,7.0,9,28,2.5,메뉴·상품,7,9,6,6
train,train_4439.jpg,16,4,5.5,7,22,1.5,문자·간판 읽기,7,4,7,4
train,train_4440.jpg,27,7,4.5,8,18,1.25,기타,3,3,4,8
train,train_4441.jpg,17,4,7.75,8,31,1.25,문자·간판 읽기,8,8,7,8
train,train_4442.jpg,40,10,6.0,6,24,2.0,수량·계수,6,6,6,6
train,train_4443.jpg,32,9,4.0,4,16,1.0,가격·금액,4,4,4,4
train,train_4444.jpg,41,10,3.0,3,12,1.0,수량·계수,3,3,3,3
train,train_4445.jpg,42,10,7.0,7,28,1.0,가격·금액,7,7,7,7
train,train_4446.jpg,23,6,7.0,14,28,1.5,문자·간판 읽기,4,4,6,14
train,train_4447.jpg,34,7,11.5,13,46,3.5,문자·간판 읽기,13,9,13,11
train,train_4448.jpg,62,17,17.75,21,71,3.75,기타,15,18,17,21
train,train_4449.jpg,33,8,3.0,3,12,1.0,가격·금액,3,3,3,3
train,train_4450.jpg,46,13,6.0,6,24,2.0,날짜·시간,6,6,6,6
train,train_4451.jpg,29,7,4.0,4,16,2.0,가격·금액,4,4,4,4
train,train_4452.jpg,30,6,5.0,5,20,1.0,가격·금액,5,5,5,5
train,train_4453.jpg,26,7,9.25,13,37,2.0,위치·방향,7,9,8,13
train,train_4454.jpg,48,11,13.25,15,53,2.0,위치·방향,12,14,15,12
train,train_4455.jpg,16,4,8.0,8,32,2.0,기타,8,8,8,8
train,train_4456.jpg,37,9,10.75,15,43,3.0,메뉴·상품,15,13,7,8
train,train_4457.jpg,31,8,8.5,16,34,1.5,문자·간판 읽기,9,5,4,16
train,train_4458.jpg,49,11,8.0,8,32,2.0,가격·금액,8,8,8,8
train,train_4459.jpg,34,8,2.5,3,10,1.0,메뉴·상품,2,2,3,3
train,train_4460.jpg,26,7,7.25,11,29,2.25,기타,11,5,7,6
train,train_4461.jpg,25,7,8.25,10,33,1.0,메뉴·상품,9,7,7,10
train,train_4462.jpg,59,13,3.0,3,12,1.0,인물·대상,3,3,3,3
train,train_4463.jpg,31,8,5.75,9,23,1.25,문자·간판 읽기,8,4,2,9
train,train_4464.jpg,40,11,14.25,17,57,2.5,위치·방향,11,17,14,15
train,train_4465.jpg,26,6,2.75,3,11,1.0,가격·금액,3,2,3,3
train,train_4466.jpg,30,8,4.75,6,19,1.25,색상,5,5,3,6
train,train_4467.jpg,23,5,28.0,28,112,6.0,가격·금액,28,28,28,28
train,train_4468.jpg,25,6,8.5,12,34,3.25,위치·방향,8,12,6,8
train,train_4469.jpg,32,9,6.0,6,24,1.0,위치·방향,6,6,6,6
train,train_4470.jpg,19,4,18.0,22,72,5.0,문자·간판 읽기,14,18,18,22
train,train_4471.jpg,35,9,4.0,4,16,1.0,가격·금액,4,4,4,4
train,train_4472.jpg,22,5,4.75,6,19,1.5,기타,3,6,6,4
train,train_4473.jpg,39,9,3.0,3,12,1.0,메뉴·상품,3,3,3,3
train,train_4474.jpg,32,7,7.75,9,31,2.0,위치·방향,7,6,9,9
train,train_4475.jpg,37,9,2.25,3,9,1.0,기타,2,3,2,2
train,train_4476.jpg,28,8,4.0,4,16,1.0,전화번호,4,4,4,4
train,train_4477.jpg,30,6,4.75,5,19,1.0,인물·대상,5,5,5,4
train,train_4478.jpg,38,10,6.25,8,25,1.25,문자·간판 읽기,4,7,6,8
train,train_4479.jpg,38,10,9.25,11,37,2.0,문자·간판 읽기,7,11,10,9
train,train_4480.jpg,24,6,9.0,13,36,2.75,문자·간판 읽기,6,6,13,11
train,train_4481.jpg,41,10,5.0,6,20,1.75,문자·간판 읽기,5,4,6,5
train,train_4482.jpg,47,12,3.0,3,12,1.0,메뉴·상품,3,3,3,3
train,train_4483.jpg,24,6,16.75,23,67,3.75,문자·간판 읽기,23,16,13,15
train,train_4484.jpg,42,10,7.0,7,28,2.0,날짜·시간,7,7,7,7
train,train_4485.jpg,26,7,5.75,10,23,2.0,위치·방향,10,5,5,3
train,train_4486.jpg,24,6,10.75,13,43,3.25,기타,13,12,5,13
train,train_4487.jpg,32,9,19.75,29,79,2.75,위치·방향,11,15,29,24
train,train_4488.jpg,26,7,10.0,13,40,2.0,문자·간판 읽기,7,12,8,13
train,train_4489.jpg,19,5,7.25,13,29,2.25,메뉴·상품,13,6,5,5
train,train_4490.jpg,36,8,4.0,4,16,1.0,가격·금액,4,4,4,4
train,train_4491.jpg,42,11,18.75,24,75,3.75,메뉴·상품,15,16,20,24
train,train_4492.jpg,32,9,12.0,18,48,2.0,문자·간판 읽기,8,11,11,18
train,train_4493.jpg,41,12,3.0,4,12,1.0,메뉴·상품,4,2,4,2
train,train_4494.jpg,24,5,7.0,7,28,1.0,가격·금액,7,7,7,7
train,train_4495.jpg,31,8,12.0,12,48,4.0,색상,12,12,12,12
train,train_4496.jpg,38,9,22.75,30,91,5.25,문자·간판 읽기,19,21,21,30
train,train_4497.jpg,30,7,7.0,7,28,1.0,가격·금액,7,7,7,7
train,train_4498.jpg,30,6,13.25,20,53,1.5,전화번호,12,20,11,10
train,train_4499.jpg,30,6,5.75,6,23,1.0,가격·금액,6,6,5,6
train,train_4500.jpg,24,6,11.0,12,44,3.0,문자·간판 읽기,10,12,11,11
train,train_4501.jpg,27,6,4.0,4,16,1.0,전화번호,4,4,4,4
train,train_4502.jpg,23,6,5.5,11,22,1.5,위치·방향,3,11,5,3
train,train_4503.jpg,24,6,7.0,8,28,2.0,문자·간판 읽기,7,6,8,7
train,train_4504.jpg,26,7,6.5,10,26,2.25,기타,6,5,5,10
train,train_4505.jpg,27,7,7.0,8,28,2.0,문자·간판 읽기,6,7,8,7
train,train_4506.jpg,23,5,6.25,7,25,1.0,가격·금액,7,6,6,6
train,train_4507.jpg,34,7,7.0,7,28,1.0,가격·금액,7,7,7,7
train,train_4508.jpg,36,8,9.0,9,36,1.0,전화번호,9,9,9,9
train,train_4509.jpg,23,6,17.75,22,71,3.0,문자·간판 읽기,17,15,22,17
train,train_4510.jpg,20,5,17.0,23,68,4.75,기타,15,23,13,17
train,train_4511.jpg,23,6,6.0,8,24,2.0,문자·간판 읽기,8,4,6,6
train,train_4512.jpg,50,13,4.5,5,18,1.0,날짜·시간,4,5,4,5
train,train_4513.jpg,33,8,4.25,5,17,1.75,문자·간판 읽기,5,5,5,2
train,train_4514.jpg,37,10,4.25,6,17,1.5,위치·방향,6,6,3,2
train,train_4515.jpg,33,9,5.25,6,21,1.0,가격·금액,6,5,5,5
train,train_4516.jpg,39,10,9.75,10,39,3.0,문자·간판 읽기,9,10,10,10
train,train_4517.jpg,24,6,5.0,6,20,1.0,문자·간판 읽기,6,4,6,4
train,train_4518.jpg,28,6,3.0,3,12,1.0,가격·금액,3,3,3,3
train,train_4519.jpg,23,6,14.5,28,58,2.25,위치·방향,10,11,28,9
train,train_4520.jpg,20,5,4.5,5,18,1.0,메뉴·상품,5,3,5,5
train,train_4521.jpg,55,12,5.75,8,23,2.25,기타,5,8,5,5
train,train_4522.jpg,44,11,2.0,2,8,1.0,문자·간판 읽기,2,2,2,2
train,train_4523.jpg,39,11,5.75,8,23,2.25,기타,5,5,8,5
train,train_4524.jpg,26,7,3.0,3,12,1.0,메뉴·상품,3,3,3,3
train,train_4525.jpg,22,6,3.0,3,12,1.0,문자·간판 읽기,3,3,3,3
train,train_4526.jpg,43,10,6.0,6,24,1.0,가격·금액,6,6,6,6
train,train_4527.jpg,18,5,2.0,2,8,1.0,수량·계수,2,2,2,2
train,train_4528.jpg,21,5,8.0,8,32,1.0,전화번호,8,8,8,8
train,train_4529.jpg,34,9,6.0,6,24,2.0,기타,6,6,6,6
train,train_4530.jpg,32,8,3.0,3,12,1.0,가격·금액,3,3,3,3
train,train_4531.jpg,27,7,9.25,22,37,1.75,문자·간판 읽기,8,3,4,22
train,train_4532.jpg,22,5,6.25,7,25,1.0,가격·금액,6,6,6,7
train,train_4533.jpg,47,11,5.75,6,23,2.0,기타,6,6,6,5
train,train_4534.jpg,38,9,9.75,14,39,3.25,위치·방향,14,9,8,8
train,train_4535.jpg,49,11,8.0,11,32,2.25,문자·간판 읽기,7,3,11,11
train,train_4536.jpg,40,11,5.75,10,23,1.5,위치·방향,6,10,3,4
train,train_4537.jpg,21,5,5.75,8,23,1.75,위치·방향,7,3,8,5
train,train_4538.jpg,42,9,2.0,2,8,1.0,수량·계수,2,2,2,2
train,train_4539.jpg,24,6,7.0,9,28,1.75,문자·간판 읽기,9,8,7,4
train,train_4540.jpg,31,7,6.25,7,25,1.0,가격·금액,6,6,6,7
train,train_4541.jpg,33,9,13.75,23,55,2.25,문자·간판 읽기,17,23,2,13
train,train_4542.jpg,16,4,5.0,7,20,1.0,문자·간판 읽기,7,4,4,5
train,train_4543.jpg,23,6,9.0,9,36,2.0,문자·간판 읽기,9,9,9,9
train,train_4544.jpg,28,7,19.5,23,78,5.0,날짜·시간,16,20,23,19
train,train_4545.jpg,24,6,7.75,9,31,1.0,문자·간판 읽기,8,7,7,9
train,train_4546.jpg,34,7,2.75,4,11,1.0,기타,2,3,2,4
train,train_4547.jpg,32,9,4.25,5,17,1.0,색상,4,5,4,4
train,train_4548.jpg,36,9,3.25,4,13,1.0,메뉴·상품,2,4,3,4
train,train_4549.jpg,14,4,12.75,21,51,3.75,기타,10,21,6,14
train,train_4550.jpg,44,10,11.75,12,47,3.0,날짜·시간,12,12,11,12
train,train_4551.jpg,28,6,3.0,3,12,1.0,날짜·시간,3,3,3,3
train,train_4552.jpg,39,11,10.25,17,41,2.5,기타,8,17,9,7
train,train_4553.jpg,27,7,7.75,8,31,1.0,메뉴·상품,8,7,8,8
train,train_4554.jpg,32,9,9.5,14,38,2.25,문자·간판 읽기,8,8,14,8
train,train_4555.jpg,28,7,16.0,22,64,2.25,메뉴·상품,22,12,17,13
train,train_4556.jpg,16,4,11.75,14,47,2.0,문자·간판 읽기,14,12,12,9
train,train_4557.jpg,69,14,26.25,27,105,6.0,날짜·시간,26,26,27,26
train,train_4558.jpg,27,7,10.0,14,40,1.75,문자·간판 읽기,6,11,14,9
train,train_4559.jpg,31,8,4.0,5,16,1.0,가격·금액,3,4,4,5
train,train_4560.jpg,20,5,6.5,8,26,2.25,문자·간판 읽기,8,6,6,6
train,train_4561.jpg,35,10,20.75,28,83,5.5,문자·간판 읽기,23,16,16,28
train,train_4562.jpg,25,6,4.0,5,16,1.0,문자·간판 읽기,3,5,4,4
train,train_4563.jpg,49,12,7.0,7,28,3.0,기타,7,7,7,7
train,train_4564.jpg,29,8,5.25,8,21,1.0,문자·간판 읽기,4,8,7,2
train,train_4565.jpg,50,12,12.0,13,48,2.0,위치·방향,13,13,11,11
train,train_4566.jpg,20,5,3.25,5,13,1.25,위치·방향,2,5,3,3
train,train_4567.jpg,40,10,1.5,2,6,1.0,기타,1,1,2,2
train,train_4568.jpg,32,6,2.25,3,9,1.0,위치·방향,3,2,2,2
train,train_4569.jpg,61,12,3.75,4,15,1.0,기타,4,4,4,3
train,train_4570.jpg,41,12,13.25,14,53,3.0,위치·방향,13,13,14,13
train,train_4571.jpg,40,9,3.75,5,15,1.25,메뉴·상품,3,3,4,5
train,train_4572.jpg,18,5,3.0,4,12,1.0,문자·간판 읽기,4,2,3,3
train,train_4573.jpg,45,12,10.25,13,41,3.5,색상,9,9,10,13
train,train_4574.jpg,33,9,5.0,6,20,1.0,색상,4,6,5,5
train,train_4575.jpg,33,8,8.5,11,34,2.25,기타,7,6,11,10
train,train_4576.jpg,41,11,15.0,16,60,3.0,문자·간판 읽기,15,16,15,14
train,train_4577.jpg,25,7,9.75,11,39,1.0,문자·간판 읽기,10,11,9,9
train,train_4578.jpg,29,8,3.25,4,13,1.0,메뉴·상품,4,3,3,3
train,train_4579.jpg,35,9,4.5,6,18,1.25,기타,4,4,4,6
train,train_4580.jpg,49,14,13.25,24,53,3.5,문자·간판 읽기,24,10,11,8
train,train_4581.jpg,40,10,22.0,22,88,2.0,날짜·시간,22,22,22,22
train,train_4582.jpg,29,6,4.75,8,19,1.5,기타,3,3,5,8
train,train_4583.jpg,23,6,1.75,2,7,1.0,기타,1,2,2,2
train,train_4584.jpg,33,7,9.75,13,39,1.0,전화번호,9,8,13,9
train,train_4585.jpg,29,8,12.25,14,49,3.5,문자·간판 읽기,13,11,14,11
train,train_4586.jpg,24,7,13.75,19,55,2.25,색상,12,12,12,19
train,train_4587.jpg,47,12,8.75,9,35,3.0,위치·방향,9,9,8,9
train,train_4588.jpg,20,5,4.0,5,16,1.0,문자·간판 읽기,4,5,3,4
train,train_4589.jpg,34,7,11.0,12,44,1.5,전화번호,10,12,10,12
train,train_4590.jpg,33,8,20.75,39,83,5.75,기타,13,16,15,39
train,train_4591.jpg,24,6,4.5,5,18,1.0,문자·간판 읽기,4,5,4,5
train,train_4592.jpg,28,8,20.5,24,82,5.5,기타,14,24,20,24
train,train_4593.jpg,27,7,6.75,8,27,1.0,위치·방향,8,6,6,7
train,train_4594.jpg,28,7,4.0,4,16,1.0,문자·간판 읽기,4,4,4,4
train,train_4595.jpg,25,6,5.25,6,21,2.0,메뉴·상품,5,5,5,6
train,train_4596.jpg,51,14,14.25,15,57,4.0,문자·간판 읽기,15,14,15,13
train,train_4597.jpg,23,6,13.5,16,54,2.0,위치·방향,16,13,12,13
train,train_4598.jpg,48,13,6.0,6,24,2.0,색상,6,6,6,6
train,train_4599.jpg,24,5,1.75,2,7,1.0,기타,1,2,2,2
train,train_4600.jpg,28,5,6.0,6,24,1.0,가격·금액,6,6,6,6
train,train_4601.jpg,31,6,17.0,17,68,5.0,문자·간판 읽기,17,17,17,17
train,train_4602.jpg,33,9,2.75,3,11,1.0,문자·간판 읽기,3,3,3,2
train,train_4603.jpg,33,9,23.0,27,92,3.5,문자·간판 읽기,16,25,24,27
train,train_4604.jpg,44,10,2.5,3,10,1.0,가격·금액,2,3,2,3
train,train_4605.jpg,52,13,5.0,5,20,1.0,가격·금액,5,5,5,5
train,train_4606.jpg,30,6,26.5,27,106,3.0,날짜·시간,27,26,27,26
train,train_4607.jpg,32,8,5.0,5,20,2.0,색상,5,5,5,5
train,train_4608.jpg,27,6,6.0,6,24,1.0,가격·금액,6,6,6,6
train,train_4609.jpg,37,10,2.25,3,9,1.0,위치·방향,2,2,3,2
train,train_4610.jpg,16,4,7.5,9,30,2.0,문자·간판 읽기,9,7,7,7
train,train_4611.jpg,24,6,9.25,13,37,1.0,전화번호,8,13,8,8
train,train_4612.jpg,41,9,14.25,15,57,4.5,기타,14,15,14,14
train,train_4613.jpg,30,9,14.25,15,57,4.75,문자·간판 읽기,15,15,12,15
train,train_4614.jpg,30,8,6.5,10,26,1.0,색상,6,5,5,10
train,train_4615.jpg,46,10,30.25,31,121,9.0,가격·금액,30,30,30,31
train,train_4616.jpg,40,11,11.75,18,47,3.0,기타,11,18,7,11
train,train_4617.jpg,39,10,3.0,3,12,1.0,색상,3,3,3,3
train,train_4618.jpg,21,6,5.0,5,20,1.0,문자·간판 읽기,5,5,5,5
train,train_4619.jpg,26,7,6.5,7,26,1.5,기타,7,6,7,6
train,train_4620.jpg,28,7,16.75,22,67,3.75,문자·간판 읽기,13,13,19,22
train,train_4621.jpg,31,8,6.5,7,26,1.0,문자·간판 읽기,6,7,6,7
train,train_4622.jpg,35,10,13.0,21,52,4.25,위치·방향,9,21,8,14
train,train_4623.jpg,33,9,2.0,2,8,1.0,수량·계수,2,2,2,2
train,train_4624.jpg,31,9,13.0,13,52,4.0,문자·간판 읽기,13,13,13,13
train,train_4625.jpg,53,15,3.25,4,13,1.0,문자·간판 읽기,4,3,3,3
train,train_4626.jpg,27,8,13.5,20,54,3.25,문자·간판 읽기,12,12,10,20
train,train_4627.jpg,36,7,6.0,6,24,1.0,가격·금액,6,6,6,6
train,train_4628.jpg,20,5,2.0,2,8,1.0,위치·방향,2,2,2,2
train,train_4629.jpg,15,4,9.25,10,37,3.0,기타,10,8,10,9
train,train_4630.jpg,24,6,15.5,17,62,2.75,문자·간판 읽기,17,13,16,16
train,train_4631.jpg,19,4,7.25,8,29,2.0,메뉴·상품,8,7,7,7
train,train_4632.jpg,29,6,5.0,5,20,1.0,가격·금액,5,5,5,5
train,train_4633.jpg,37,11,2.0,2,8,1.0,기타,2,2,2,2
train,train_4634.jpg,16,4,4.0,4,16,1.0,문자·간판 읽기,4,4,4,4
train,train_4635.jpg,37,8,12.0,13,48,3.0,위치·방향,12,12,11,13
train,train_4636.jpg,26,7,4.5,6,18,1.0,문자·간판 읽기,6,4,4,4
train,train_4637.jpg,23,6,26.25,27,105,6.0,날짜·시간,26,26,26,27
train,train_4638.jpg,26,7,5.5,6,22,1.0,기타,6,5,5,6
train,train_4639.jpg,47,12,9.75,11,39,3.25,색상,9,11,10,9
train,train_4640.jpg,26,5,8.25,9,33,2.0,날짜·시간,9,8,8,8
train,train_4641.jpg,23,5,4.5,7,18,1.0,기타,5,4,2,7
train,train_4642.jpg,30,6,6.0,6,24,1.0,가격·금액,6,6,6,6
train,train_4643.jpg,35,7,6.75,7,27,1.0,가격·금액,6,7,7,7
train,train_4644.jpg,40,11,4.75,5,19,1.0,문자·간판 읽기,5,4,5,5
train,train_4645.jpg,38,9,2.25,3,9,1.0,위치·방향,3,2,2,2
train,train_4646.jpg,23,6,6.5,8,26,2.25,문자·간판 읽기,8,8,4,6
train,train_4647.jpg,40,10,8.75,11,35,2.0,위치·방향,8,11,8,8
train,train_4648.jpg,38,9,3.0,3,12,1.0,색상,3,3,3,3
train,train_4649.jpg,40,11,3.75,4,15,1.0,색상,4,4,4,3
train,train_4650.jpg,46,9,11.0,15,44,3.25,위치·방향,15,8,9,12
train,train_4651.jpg,32,7,16.25,28,65,4.75,문자·간판 읽기,13,28,15,9
train,train_4652.jpg,28,7,2.75,5,11,1.25,위치·방향,5,2,2,2
train,train_4653.jpg,23,6,5.0,6,20,1.0,문자·간판 읽기,4,6,6,4
train,train_4654.jpg,18,4,2.75,3,11,1.0,가격·금액,3,3,3,2
train,train_4655.jpg,20,5,4.25,5,17,1.0,문자·간판 읽기,3,4,5,5
train,train_4656.jpg,31,8,11.0,18,44,1.0,문자·간판 읽기,8,9,18,9
train,train_4657.jpg,24,6,7.0,14,28,1.75,위치·방향,3,3,14,8
train,train_4658.jpg,44,13,4.5,6,18,1.5,문자·간판 읽기,4,4,4,6
train,train_4659.jpg,39,9,11.25,12,45,3.0,문자·간판 읽기,10,12,12,11
train,train_4660.jpg,31,9,14.5,30,58,3.25,문자·간판 읽기,9,10,9,30
train,train_4661.jpg,35,10,9.75,12,39,3.0,문자·간판 읽기,12,8,10,9
train,train_4662.jpg,35,8,2.25,3,9,1.0,위치·방향,3,2,2,2
train,train_4663.jpg,28,8,2.0,2,8,1.0,색상,2,2,2,2
train,train_4664.jpg,36,8,5.5,6,22,1.0,가격·금액,6,6,4,6
train,train_4665.jpg,46,10,3.0,3,12,1.0,색상,3,3,3,3
train,train_4666.jpg,36,9,4.0,4,16,2.0,위치·방향,4,4,4,4
train,train_4667.jpg,22,6,23.75,26,95,3.0,문자·간판 읽기,26,23,22,24
train,train_4668.jpg,34,9,24.5,32,98,5.5,문자·간판 읽기,21,21,24,32
train,train_4669.jpg,45,9,10.25,14,41,3.25,기타,12,8,14,7
train,train_4670.jpg,16,4,12.75,13,51,2.0,문자·간판 읽기,13,13,12,13
train,train_4671.jpg,23,6,5.75,7,23,2.0,메뉴·상품,5,7,5,6
train,train_4672.jpg,27,8,7.25,8,29,2.0,문자·간판 읽기,8,7,8,6
train,train_4673.jpg,28,7,6.0,7,24,2.0,기타,6,7,5,6
train,train_4674.jpg,30,8,2.0,2,8,1.0,위치·방향,2,2,2,2
train,train_4675.jpg,32,8,15.25,16,61,4.0,기타,15,16,16,14
train,train_4676.jpg,21,6,8.25,9,33,1.0,기타,7,8,9,9
train,train_4677.jpg,31,8,3.5,5,14,1.0,문자·간판 읽기,4,2,3,5
train,train_4678.jpg,54,12,2.25,3,9,1.0,위치·방향,2,3,2,2
train,train_4679.jpg,27,7,9.0,15,36,3.0,문자·간판 읽기,15,9,5,7
train,train_4680.jpg,33,6,6.75,7,27,2.0,위치·방향,7,7,7,6
train,train_4681.jpg,26,7,14.0,19,56,3.5,문자·간판 읽기,10,19,14,13
train,train_4682.jpg,37,6,12.25,19,49,2.75,인물·대상,11,11,19,8
train,train_4683.jpg,36,9,12.5,16,50,3.25,날짜·시간,7,16,15,12
train,train_4684.jpg,25,7,9.25,15,37,2.25,문자·간판 읽기,9,8,15,5
train,train_4685.jpg,43,10,6.25,7,25,1.0,가격·금액,6,6,7,6
train,train_4686.jpg,27,7,9.75,11,39,3.0,가격·금액,10,11,9,9
train,train_4687.jpg,23,6,6.75,8,27,2.0,문자·간판 읽기,8,6,6,7
train,train_4688.jpg,30,8,7.25,9,29,1.0,위치·방향,6,9,8,6
train,train_4689.jpg,38,8,8.0,8,32,1.0,전화번호,8,8,8,8
train,train_4690.jpg,31,8,7.25,8,29,2.0,가격·금액,7,8,7,7
train,train_4691.jpg,42,10,7.5,8,30,1.0,가격·금액,8,6,8,8
train,train_4692.jpg,21,6,4.0,5,16,1.0,문자·간판 읽기,3,4,5,4
train,train_4693.jpg,17,4,4.25,5,17,1.0,문자·간판 읽기,3,5,5,4
train,train_4694.jpg,17,4,4.0,4,16,1.0,문자·간판 읽기,4,4,4,4
train,train_4695.jpg,33,7,11.5,15,46,1.75,전화번호,12,10,9,15
train,train_4696.jpg,32,7,7.0,7,28,1.0,가격·금액,7,7,7,7
train,train_4697.jpg,26,7,4.0,4,16,1.0,문자·간판 읽기,4,4,4,4
train,train_4698.jpg,22,6,9.0,14,36,2.75,메뉴·상품,7,6,9,14
train,train_4699.jpg,22,6,16.75,19,67,2.25,문자·간판 읽기,17,16,19,15
train,train_4700.jpg,38,9,2.25,3,9,1.0,메뉴·상품,2,2,3,2
train,train_4701.jpg,20,5,8.25,9,33,1.75,문자·간판 읽기,9,9,8,7
train,train_4702.jpg,32,9,7.0,8,28,2.75,기타,7,8,6,7
train,train_4703.jpg,23,6,8.5,10,34,3.25,기타,8,10,8,8
train,train_4704.jpg,30,7,8.75,13,35,3.25,위치·방향,7,7,13,8
train,train_4705.jpg,26,7,11.75,12,47,2.0,문자·간판 읽기,11,12,12,12
train,train_4706.jpg,44,13,12.25,18,49,3.0,기타,9,18,10,12
train,train_4707.jpg,28,8,9.25,12,37,1.25,문자·간판 읽기,5,12,8,12
train,train_4708.jpg,37,9,19.75,24,79,4.75,기타,24,19,20,16
train,train_4709.jpg,22,6,3.0,3,12,1.0,문자·간판 읽기,3,3,3,3
train,train_4710.jpg,27,6,13.0,13,52,3.0,날짜·시간,13,13,13,13
train,train_4711.jpg,18,4,17.75,18,71,5.0,날짜·시간,18,18,18,17
train,train_4712.jpg,26,6,2.0,2,8,1.0,색상,2,2,2,2
train,train_4713.jpg,39,9,9.5,11,38,3.0,기타,8,11,11,8
train,train_4714.jpg,29,8,3.5,6,14,1.25,문자·간판 읽기,2,4,6,2
train,train_4715.jpg,49,12,26.5,32,106,6.5,기타,30,23,32,21
train,train_4716.jpg,34,8,3.0,3,12,1.0,가격·금액,3,3,3,3
train,train_4717.jpg,16,4,11.0,14,44,2.25,문자·간판 읽기,14,8,9,13
train,train_4718.jpg,23,6,2.25,3,9,1.0,기타,2,2,3,2
train,train_4719.jpg,26,6,6.5,11,26,2.0,메뉴·상품,11,5,5,5
train,train_4720.jpg,33,8,4.25,5,17,1.5,인물·대상,5,3,5,4
train,train_4721.jpg,34,9,5.25,7,21,2.0,문자·간판 읽기,7,4,5,5
train,train_4722.jpg,25,6,7.0,7,28,2.0,위치·방향,7,7,7,7
train,train_4723.jpg,28,6,5.0,5,20,1.0,가격·금액,5,5,5,5
train,train_4724.jpg,25,6,7.0,9,28,2.25,문자·간판 읽기,7,5,7,9
train,train_4725.jpg,33,8,2.0,2,8,1.0,수량·계수,2,2,2,2
train,train_4726.jpg,15,4,3.5,4,14,1.0,기타,3,4,4,3
train,train_4727.jpg,17,4,8.75,11,35,3.25,문자·간판 읽기,11,8,8,8
train,train_4728.jpg,16,4,7.75,9,31,2.0,메뉴·상품,9,8,7,7
train,train_4729.jpg,41,12,7.0,9,28,2.0,메뉴·상품,5,9,8,6
train,train_4730.jpg,47,14,17.75,21,71,5.75,기타,21,14,21,15
train,train_4731.jpg,32,9,9.25,10,37,2.25,위치·방향,10,8,10,9
train,train_4732.jpg,44,12,7.5,12,30,2.0,기타,9,3,12,6
train,train_4733.jpg,46,13,7.5,8,30,2.0,문자·간판 읽기,7,8,7,8
train,train_4734.jpg,40,9,15.0,16,60,2.25,메뉴·상품,15,14,15,16
train,train_4735.jpg,49,12,16.25,17,65,2.0,위치·방향,17,15,16,17
train,train_4736.jpg,25,6,3.0,3,12,1.0,문자·간판 읽기,3,3,3,3
train,train_4737.jpg,36,9,3.0,3,12,1.0,메뉴·상품,3,3,3,3
train,train_4738.jpg,41,8,6.25,7,25,2.0,가격·금액,6,6,7,6
train,train_4739.jpg,31,9,3.25,5,13,1.0,기타,2,3,3,5
train,train_4740.jpg,37,10,6.0,7,24,1.0,가격·금액,4,7,6,7
train,train_4741.jpg,37,10,2.0,2,8,1.0,가격·금액,2,2,2,2
train,train_4742.jpg,16,4,7.75,8,31,2.25,메뉴·상품,8,8,7,8
train,train_4743.jpg,35,9,3.0,4,12,1.0,수량·계수,2,3,4,3
train,train_4744.jpg,32,10,9.0,12,36,2.25,문자·간판 읽기,5,11,8,12
train,train_4745.jpg,27,7,22.25,24,89,6.75,날짜·시간,21,24,22,22
train,train_4746.jpg,22,6,5.5,6,22,2.0,문자·간판 읽기,6,5,5,6
train,train_4747.jpg,34,9,8.5,9,34,2.0,색상,8,9,8,9
train,train_4748.jpg,28,8,3.0,4,12,1.0,기타,2,3,3,4
train,train_4749.jpg,21,5,4.0,4,16,1.0,전화번호,4,4,4,4
train,train_4750.jpg,25,5,5.5,6,22,1.0,가격·금액,6,6,6,4
train,train_4751.jpg,27,6,3.0,3,12,1.0,인물·대상,3,3,3,3
train,train_4752.jpg,25,6,9.0,9,36,2.0,전화번호,9,9,9,9
train,train_4753.jpg,29,8,4.25,5,17,2.0,날짜·시간,5,4,4,4
train,train_4754.jpg,29,8,7.25,9,29,2.25,기타,7,7,9,6
train,train_4755.jpg,53,11,19.0,19,76,3.0,날짜·시간,19,19,19,19
train,train_4756.jpg,23,6,15.0,18,60,3.0,문자·간판 읽기,14,18,14,14
train,train_4757.jpg,23,6,4.0,5,16,1.25,문자·간판 읽기,4,3,5,4
train,train_4758.jpg,44,11,10.75,15,43,2.25,위치·방향,11,15,6,11
train,train_4759.jpg,62,14,17.0,18,68,5.0,날짜·시간,18,16,16,18
train,train_4760.jpg,24,7,13.5,17,54,3.5,날짜·시간,15,17,15,7
train,train_4761.jpg,38,9,5.25,9,21,1.25,문자·간판 읽기,4,4,9,4
train,train_4762.jpg,37,10,3.0,3,12,1.0,가격·금액,3,3,3,3
train,train_4763.jpg,22,6,5.25,6,21,1.0,문자·간판 읽기,5,5,5,6
train,train_4764.jpg,48,14,8.0,8,32,2.0,날짜·시간,8,8,8,8
train,train_4765.jpg,22,6,3.5,5,14,1.25,기타,3,3,5,3
train,train_4766.jpg,38,8,5.0,6,20,1.0,가격·금액,6,4,4,6
train,train_4767.jpg,23,4,13.0,13,52,3.0,날짜·시간,13,13,13,13
train,train_4768.jpg,34,7,8.0,8,32,1.0,메뉴·상품,8,8,8,8
train,train_4769.jpg,22,5,11.0,11,44,2.0,가격·금액,11,11,11,11
train,train_4770.jpg,24,7,7.0,9,28,1.25,기타,6,9,9,4
train,train_4771.jpg,45,12,14.25,17,57,3.75,기타,13,14,13,17
train,train_4772.jpg,40,12,3.0,4,12,1.0,문자·간판 읽기,3,2,4,3
train,train_4773.jpg,20,5,21.5,23,86,3.0,문자·간판 읽기,20,23,20,23
train,train_4774.jpg,26,7,13.5,15,54,2.0,메뉴·상품,14,12,15,13
train,train_4775.jpg,24,6,10.5,11,42,3.75,인물·대상,10,11,11,10
train,train_4776.jpg,32,9,3.75,4,15,1.0,메뉴·상품,4,4,4,3
train,train_4777.jpg,44,11,8.25,10,33,3.0,문자·간판 읽기,10,8,7,8
train,train_4778.jpg,19,5,9.25,11,37,2.75,문자·간판 읽기,9,7,10,11
train,train_4779.jpg,24,6,5.25,8,21,1.0,문자·간판 읽기,4,8,6,3
train,train_4780.jpg,28,6,6.0,6,24,1.0,가격·금액,6,6,6,6
train,train_4781.jpg,27,7,1.5,2,6,1.0,문자·간판 읽기,1,2,2,1
train,train_4782.jpg,34,9,3.25,5,13,1.0,기타,1,2,5,5
train,train_4783.jpg,39,10,4.0,4,16,1.0,기타,4,4,4,4
train,train_4784.jpg,33,9,2.0,2,8,1.0,색상,2,2,2,2
train,train_4785.jpg,22,5,5.5,6,22,1.0,가격·금액,6,4,6,6
train,train_4786.jpg,49,10,6.75,12,27,1.0,메뉴·상품,5,12,5,5
train,train_4787.jpg,17,4,8.25,12,33,1.5,문자·간판 읽기,5,4,12,12
train,train_4788.jpg,31,8,3.0,3,12,1.0,문자·간판 읽기,3,3,3,3
train,train_4789.jpg,27,7,5.25,7,21,2.25,문자·간판 읽기,5,7,5,4
train,train_4790.jpg,20,5,7.75,8,31,2.0,날짜·시간,8,8,7,8
train,train_4791.jpg,46,12,6.0,9,24,1.0,문자·간판 읽기,6,6,9,3
train,train_4792.jpg,25,7,20.75,30,83,6.25,기타,12,23,18,30
train,train_4793.jpg,24,6,6.0,6,24,1.0,가격·금액,6,6,6,6
train,train_4794.jpg,30,7,24.5,25,98,6.0,날짜·시간,25,25,23,25
train,train_4795.jpg,35,8,32.25,41,129,4.0,기타,35,41,31,22
train,train_4796.jpg,21,6,9.5,11,38,1.0,문자·간판 읽기,11,10,9,8
train,train_4797.jpg,30,8,2.25,3,9,1.0,문자·간판 읽기,3,2,2,2
train,train_4798.jpg,25,6,10.0,14,40,2.0,문자·간판 읽기,7,10,14,9
train,train_4799.jpg,29,5,12.75,21,51,4.0,기타,10,9,11,21
train,train_4800.jpg,35,9,2.0,2,8,1.0,위치·방향,2,2,2,2
train,train_4801.jpg,29,7,2.5,4,10,1.0,문자·간판 읽기,2,2,2,4
train,train_4802.jpg,28,7,5.0,5,20,1.0,위치·방향,5,5,5,5
train,train_4803.jpg,43,10,14.75,19,59,3.5,문자·간판 읽기,12,15,13,19
train,train_4804.jpg,31,8,5.75,11,23,1.25,색상,5,4,11,3
train,train_4805.jpg,21,3,11.0,11,44,1.0,전화번호,11,11,11,11
train,train_4806.jpg,29,8,17.25,31,69,1.0,문자·간판 읽기,31,10,14,14
train,train_4807.jpg,31,9,4.25,5,17,1.0,메뉴·상품,4,5,4,4
train,train_4808.jpg,33,10,8.5,9,34,2.0,문자·간판 읽기,9,8,9,8
train,train_4809.jpg,25,7,5.0,6,20,1.0,문자·간판 읽기,6,5,5,4
train,train_4810.jpg,28,7,19.0,19,76,4.0,가격·금액,19,19,19,19
train,train_4811.jpg,29,6,10.5,13,42,1.0,전화번호,10,13,7,12
train,train_4812.jpg,30,6,4.0,4,16,1.0,가격·금액,4,4,4,4
train,train_4813.jpg,21,5,7.0,7,28,1.0,날짜·시간,7,7,7,7
train,train_4814.jpg,35,9,9.25,11,37,2.75,기타,8,9,9,11
train,train_4815.jpg,29,8,38.25,54,153,9.25,문자·간판 읽기,38,54,37,24
train,train_4816.jpg,27,6,6.25,7,25,2.0,가격·금액,6,6,7,6
train,train_4817.jpg,24,6,8.75,11,35,2.0,위치·방향,11,11,5,8
train,train_4818.jpg,30,8,8.5,11,34,2.75,기타,8,11,8,7
train,train_4819.jpg,27,5,11.0,12,44,1.0,전화번호,12,12,8,12
train,train_4820.jpg,26,6,6.0,6,24,2.0,기타,6,6,6,6
train,train_4821.jpg,25,7,3.75,5,15,1.0,문자·간판 읽기,3,3,4,5
train,train_4822.jpg,18,5,8.0,10,32,2.25,기타,7,9,6,10
train,train_4823.jpg,32,6,6.5,7,26,1.0,가격·금액,7,6,7,6
train,train_4824.jpg,20,5,3.0,3,12,1.0,가격·금액,3,3,3,3
train,train_4825.jpg,26,7,3.5,5,14,1.0,가격·금액,3,5,3,3
train,train_4826.jpg,16,4,5.25,8,21,1.5,문자·간판 읽기,5,4,4,8
train,train_4827.jpg,19,5,14.5,15,58,2.0,문자·간판 읽기,14,15,15,14
train,train_4828.jpg,22,5,7.25,9,29,2.25,메뉴·상품,7,9,6,7
train,train_4829.jpg,35,10,13.0,20,52,3.25,문자·간판 읽기,9,15,8,20
train,train_4830.jpg,24,6,6.75,8,27,2.75,메뉴·상품,7,8,6,6
train,train_4831.jpg,31,8,6.5,9,26,1.0,문자·간판 읽기,8,4,9,5
train,train_4832.jpg,37,11,4.25,5,17,2.0,가격·금액,5,4,4,4
train,train_4833.jpg,31,8,8.25,10,33,2.25,문자·간판 읽기,9,10,7,7
train,train_4834.jpg,43,9,1.0,1,4,1.0,위치·방향,1,1,1,1
train,train_4835.jpg,45,13,4.0,4,16,1.0,날짜·시간,4,4,4,4
train,train_4836.jpg,17,4,6.0,6,24,2.0,날짜·시간,6,6,6,6
train,train_4837.jpg,44,7,24.5,25,98,4.0,날짜·시간,25,24,24,25
train,train_4838.jpg,47,11,16.0,17,64,4.25,날짜·시간,17,16,15,16
train,train_4839.jpg,43,11,4.75,6,19,1.0,문자·간판 읽기,6,4,5,4
train,train_4840.jpg,32,6,10.25,16,41,1.75,위치·방향,16,10,6,9
train,train_4841.jpg,16,4,9.75,16,39,1.5,문자·간판 읽기,13,16,5,5
train,train_4842.jpg,63,15,5.75,6,23,2.0,색상,6,6,6,5
train,train_4843.jpg,35,6,5.0,5,20,1.0,가격·금액,5,5,5,5
train,train_4844.jpg,32,7,23.0,33,92,5.25,기타,19,24,16,33
train,train_4845.jpg,24,7,12.75,14,51,2.0,문자·간판 읽기,14,11,14,12
train,train_4846.jpg,34,9,9.0,12,36,2.75,문자·간판 읽기,12,7,7,10
train,train_4847.jpg,35,9,4.75,6,19,1.0,위치·방향,4,6,4,5
train,train_4848.jpg,33,7,21.5,26,86,3.0,문자·간판 읽기,20,21,19,26
train,train_4849.jpg,16,4,4.5,6,18,1.0,문자·간판 읽기,4,3,5,6
train,train_4850.jpg,41,9,8.0,8,32,2.0,기타,8,8,8,8
train,train_4851.jpg,37,8,3.5,5,14,1.0,메뉴·상품,5,2,2,5
train,train_4852.jpg,28,8,4.75,8,19,1.25,문자·간판 읽기,3,4,4,8
train,train_4853.jpg,25,7,10.25,12,41,2.0,문자·간판 읽기,12,10,10,9
train,train_4854.jpg,26,7,7.0,7,28,2.0,메뉴·상품,7,7,7,7
train,train_4855.jpg,32,7,5.25,10,21,1.25,위치·방향,3,10,3,5
train,train_4856.jpg,29,7,15.5,17,62,4.5,날짜·시간,15,17,15,15
train,train_4857.jpg,38,10,2.5,4,10,1.0,위치·방향,2,2,2,4
train,train_4858.jpg,29,8,3.25,6,13,1.25,가격·금액,2,2,6,3
train,train_4859.jpg,39,9,15.5,22,62,4.75,가격·금액,12,22,12,16
train,train_4860.jpg,57,16,3.0,3,12,1.0,기타,3,3,3,3
train,train_4861.jpg,29,8,7.0,9,28,2.0,메뉴·상품,7,9,6,6
train,train_4862.jpg,46,10,26.5,27,106,6.0,날짜·시간,27,27,26,26
train,train_4863.jpg,53,13,2.25,5,9,1.0,날짜·시간,1,2,5,1
train,train_4864.jpg,29,8,4.0,5,16,1.0,문자·간판 읽기,5,2,5,4
train,train_4865.jpg,35,10,14.75,16,59,3.5,색상,15,14,14,16
train,train_4866.jpg,39,12,3.25,4,13,1.0,기타,4,3,3,3
train,train_4867.jpg,32,8,6.0,6,24,1.0,가격·금액,6,6,6,6
train,train_4868.jpg,31,8,7.5,12,30,2.25,문자·간판 읽기,12,6,6,6
train,train_4869.jpg,23,6,7.75,10,31,2.25,문자·간판 읽기,7,10,9,5
train,train_4870.jpg,30,8,12.5,18,50,3.5,문자·간판 읽기,18,13,9,10
train,train_4871.jpg,42,8,7.5,10,30,1.5,날짜·시간,6,10,8,6
train,train_4872.jpg,49,8,3.0,3,12,1.0,인물·대상,3,3,3,3
train,train_4873.jpg,23,6,11.25,14,45,2.0,문자·간판 읽기,8,12,11,14
train,train_4874.jpg,25,7,4.25,5,17,1.0,문자·간판 읽기,4,4,5,4
train,train_4875.jpg,29,8,23.0,33,92,6.5,문자·간판 읽기,22,16,21,33
train,train_4876.jpg,28,7,1.0,1,4,1.0,전화번호,1,1,1,1
train,train_4877.jpg,33,7,3.0,3,12,1.0,가격·금액,3,3,3,3
train,train_4878.jpg,34,7,11.0,20,44,3.25,가격·금액,6,10,20,8
train,train_4879.jpg,34,9,17.75,23,71,2.5,문자·간판 읽기,14,23,18,16
train,train_4880.jpg,32,9,17.75,20,71,3.0,문자·간판 읽기,20,17,16,18
train,train_4881.jpg,28,7,8.25,9,33,3.0,문자·간판 읽기,9,8,8,8
train,train_4882.jpg,28,8,4.25,8,17,1.0,메뉴·상품,3,8,3,3
train,train_4883.jpg,28,7,6.5,9,26,1.0,문자·간판 읽기,9,7,5,5
train,train_4884.jpg,24,5,6.25,7,25,2.25,메뉴·상품,6,6,6,7
train,train_4885.jpg,23,5,5.0,5,20,1.0,문자·간판 읽기,5,5,5,5
train,train_4886.jpg,47,12,4.25,5,17,1.0,메뉴·상품,3,5,4,5
train,train_4887.jpg,27,8,5.0,6,20,2.0,기타,4,6,5,5
train,train_4888.jpg,39,8,27.0,39,108,7.25,기타,23,39,19,27
train,train_4889.jpg,28,8,11.75,22,47,1.5,문자·간판 읽기,6,11,8,22
train,train_4890.jpg,28,5,6.0,6,24,1.0,가격·금액,6,6,6,6
train,train_4891.jpg,38,11,2.0,3,8,1.0,위치·방향,1,3,2,2
train,train_4892.jpg,24,5,7.25,8,29,1.5,전화번호,8,5,8,8
train,train_4893.jpg,25,6,4.5,6,18,1.0,문자·간판 읽기,6,3,5,4
train,train_4894.jpg,34,8,6.0,6,24,1.0,가격·금액,6,6,6,6
train,train_4895.jpg,29,8,9.0,10,36,1.0,문자·간판 읽기,9,10,9,8
train,train_4896.jpg,36,8,10.0,10,40,1.0,전화번호,10,10,10,10
train,train_4897.jpg,26,6,13.75,15,55,2.0,전화번호,15,13,14,13
train,train_4898.jpg,34,9,6.5,9,26,1.0,문자·간판 읽기,7,4,9,6
train,train_4899.jpg,24,8,7.0,7,28,2.0,날짜·시간,7,7,7,7
train,train_4900.jpg,42,10,12.75,18,51,3.75,메뉴·상품,18,11,11,11
train,train_4901.jpg,38,8,8.25,11,33,2.75,기타,8,7,11,7
train,train_4902.jpg,18,4,6.75,8,27,2.25,기타,8,6,8,5
train,train_4903.jpg,30,8,3.75,5,15,1.0,문자·간판 읽기,4,2,5,4
train,train_4904.jpg,49,12,10.25,12,41,3.25,위치·방향,6,12,11,12
train,train_4905.jpg,28,8,6.0,8,24,1.5,문자·간판 읽기,7,6,8,3
train,train_4906.jpg,50,11,11.75,13,47,2.75,기타,13,12,10,12
train,train_4907.jpg,26,5,4.0,4,16,1.0,가격·금액,4,4,4,4
train,train_4908.jpg,47,7,10.75,12,43,1.0,기타,10,12,10,11
train,train_4909.jpg,23,6,5.0,5,20,1.0,문자·간판 읽기,5,5,5,5
train,train_4910.jpg,40,8,5.5,9,22,1.0,전화번호,4,5,4,9
train,train_4911.jpg,34,8,2.0,2,8,1.0,색상,2,2,2,2
train,train_4912.jpg,33,8,3.75,6,15,1.0,메뉴·상품,2,4,6,3
train,train_4913.jpg,23,6,8.5,10,34,2.75,문자·간판 읽기,10,9,7,8
train,train_4914.jpg,40,10,7.0,7,28,1.0,가격·금액,7,7,7,7
train,train_4915.jpg,30,9,7.0,8,28,2.25,문자·간판 읽기,8,8,5,7
train,train_4916.jpg,25,7,5.5,6,22,2.0,메뉴·상품,6,5,5,6
train,train_4917.jpg,47,11,3.5,5,14,1.0,인물·대상,3,3,3,5
train,train_4918.jpg,37,10,22.25,29,89,6.0,기타,22,29,20,18
train,train_4919.jpg,23,5,3.25,4,13,1.0,위치·방향,4,3,3,3
train,train_4920.jpg,40,8,3.5,4,14,1.0,문자·간판 읽기,4,4,3,3
train,train_4921.jpg,27,7,8.0,11,32,1.0,문자·간판 읽기,8,11,5,8
train,train_4922.jpg,23,5,2.0,2,8,1.0,수량·계수,2,2,2,2
train,train_4923.jpg,37,11,4.0,4,16,1.0,가격·금액,4,4,4,4
train,train_4924.jpg,42,10,3.25,4,13,1.0,기타,3,3,4,3
train,train_4925.jpg,17,4,6.25,9,25,2.0,문자·간판 읽기,5,6,5,9
train,train_4926.jpg,24,7,9.75,12,39,3.0,메뉴·상품,10,9,8,12
train,train_4927.jpg,34,9,4.75,7,19,1.5,기타,4,5,3,7
train,train_4928.jpg,36,7,8.0,12,32,2.0,가격·금액,11,5,12,4
train,train_4929.jpg,41,10,10.0,12,40,2.75,문자·간판 읽기,10,12,10,8
train,train_4930.jpg,38,9,7.0,7,28,1.0,가격·금액,7,7,7,7
train,train_4931.jpg,31,8,6.25,13,25,1.0,기타,13,3,4,5
train,train_4932.jpg,27,7,2.5,3,10,1.0,문자·간판 읽기,3,3,2,2
train,train_4933.jpg,32,8,4.75,7,19,1.5,위치·방향,3,6,7,3
train,train_4934.jpg,34,9,18.75,22,75,5.25,문자·간판 읽기,17,22,18,18
train,train_4935.jpg,16,4,7.75,9,31,2.5,문자·간판 읽기,6,7,9,9
train,train_4936.jpg,30,8,7.0,7,28,1.0,가격·금액,7,7,7,7
train,train_4937.jpg,37,11,13.0,14,52,2.0,문자·간판 읽기,12,13,14,13
train,train_4938.jpg,60,15,6.0,6,24,2.0,색상,6,6,6,6
train,train_4939.jpg,38,8,8.0,8,32,1.0,전화번호,8,8,8,8
train,train_4940.jpg,32,7,6.25,8,25,1.0,메뉴·상품,7,5,8,5
train,train_4941.jpg,42,10,3.75,5,15,1.0,기타,3,2,5,5
train,train_4942.jpg,40,10,13.5,28,54,4.0,기타,9,8,28,9
train,train_4943.jpg,33,7,3.75,4,15,1.0,가격·금액,4,4,3,4
train,train_4944.jpg,21,6,3.0,3,12,1.0,문자·간판 읽기,3,3,3,3
train,train_4945.jpg,26,7,11.0,11,44,1.0,전화번호,11,11,11,11
train,train_4946.jpg,17,4,6.75,15,27,1.0,메뉴·상품,3,5,15,4
train,train_4947.jpg,16,4,6.0,6,24,2.0,문자·간판 읽기,6,6,6,6
train,train_4948.jpg,36,10,7.0,11,28,1.0,위치·방향,6,6,5,11
train,train_4949.jpg,26,7,11.25,14,45,1.5,문자·간판 읽기,8,14,11,12
train,train_4950.jpg,42,11,10.5,11,42,3.0,기타,11,11,10,10
train,train_4951.jpg,22,6,3.25,4,13,1.0,문자·간판 읽기,3,3,4,3
train,train_4952.jpg,22,6,3.0,3,12,1.0,문자·간판 읽기,3,3,3,3
train,train_4953.jpg,36,9,6.0,6,24,2.0,문자·간판 읽기,6,6,6,6
train,train_4954.jpg,18,5,4.75,6,19,1.75,기타,6,5,5,3
train,train_4955.jpg,46,8,31.5,33,126,8.5,기타,31,30,32,33
train,train_4956.jpg,28,7,5.0,5,20,1.0,날짜·시간,5,5,5,5
train,train_4957.jpg,36,8,13.0,13,52,1.0,전화번호,13,13,13,13
train,train_4958.jpg,45,10,8.0,8,32,1.0,가격·금액,8,8,8,8
train,train_4959.jpg,49,9,15.0,18,60,2.0,기타,15,15,18,12
train,train_4960.jpg,23,6,5.0,5,20,1.0,문자·간판 읽기,5,5,5,5
train,train_4961.jpg,28,7,3.0,3,12,1.0,가격·금액,3,3,3,3
train,train_4962.jpg,36,9,3.0,3,12,1.0,가격·금액,3,3,3,3
train,train_4963.jpg,22,6,9.5,10,38,2.75,문자·간판 읽기,10,10,8,10
train,train_4964.jpg,29,7,7.75,11,31,1.5,문자·간판 읽기,8,11,5,7
train,train_4965.jpg,24,6,3.5,4,14,1.0,위치·방향,3,4,4,3
train,train_4966.jpg,30,9,7.75,11,31,2.5,문자·간판 읽기,7,6,7,11
train,train_4967.jpg,48,8,16.5,25,66,3.75,기타,12,25,15,14
train,train_4968.jpg,69,14,15.0,20,60,2.0,위치·방향,20,12,20,8
train,train_4969.jpg,35,10,14.0,16,56,3.75,문자·간판 읽기,15,16,13,12
train,train_4970.jpg,36,11,5.75,6,23,1.0,기타,6,5,6,6
train,train_4971.jpg,21,5,5.5,8,22,1.25,위치·방향,5,5,8,4
train,train_4972.jpg,24,6,12.5,15,50,2.0,문자·간판 읽기,15,13,13,9
train,train_4973.jpg,15,4,14.25,23,57,3.5,기타,23,8,18,8
train,train_4974.jpg,54,13,2.75,3,11,1.0,문자·간판 읽기,3,2,3,3
train,train_4975.jpg,28,8,19.75,27,79,3.25,문자·간판 읽기,27,14,19,19
train,train_4976.jpg,28,7,12.5,16,50,3.25,날짜·시간,16,15,4,15
train,train_4977.jpg,52,12,4.0,5,16,1.0,문자·간판 읽기,3,4,5,4
train,train_4978.jpg,33,8,11.0,11,44,1.0,날짜·시간,11,11,11,11
train,train_4979.jpg,36,9,7.75,10,31,2.75,위치·방향,5,8,8,10
train,train_4980.jpg,30,8,5.75,12,23,1.75,메뉴·상품,4,4,12,3
train,train_4981.jpg,22,6,5.25,6,21,1.0,가격·금액,5,5,5,6
train,train_4982.jpg,20,5,20.25,22,81,5.0,문자·간판 읽기,22,20,18,21
train,train_4983.jpg,27,6,6.0,6,24,1.0,가격·금액,6,6,6,6
train,train_4984.jpg,27,6,4.0,4,16,1.0,날짜·시간,4,4,4,4
train,train_4985.jpg,37,9,7.0,7,28,1.0,가격·금액,7,7,7,7
train,train_4986.jpg,23,6,5.75,7,23,2.25,문자·간판 읽기,5,7,6,5
train,train_4987.jpg,29,8,10.5,17,42,1.75,문자·간판 읽기,6,5,14,17
train,train_4988.jpg,22,5,8.0,15,32,1.75,문자·간판 읽기,6,15,6,5
train,train_4989.jpg,26,7,13.5,16,54,2.75,문자·간판 읽기,16,10,15,13
train,train_4990.jpg,50,12,4.75,6,19,1.75,위치·방향,5,6,3,5
train,train_4991.jpg,22,6,5.5,6,22,2.0,날짜·시간,6,5,5,6
train,train_4992.jpg,34,9,3.0,3,12,1.0,색상,3,3,3,3
train,train_4993.jpg,41,9,9.0,10,36,2.75,메뉴·상품,9,8,9,10
train,train_4994.jpg,26,6,8.5,14,34,1.75,위치·방향,6,14,10,4
train,train_4995.jpg,31,7,10.0,19,40,1.75,문자·간판 읽기,19,5,7,9
train,train_4996.jpg,46,11,2.5,4,10,1.25,문자·간판 읽기,4,2,3,1
train,train_4997.jpg,30,6,31.5,34,126,5.0,문자·간판 읽기,34,32,32,28
train,train_4998.jpg,20,5,14.0,18,56,3.0,문자·간판 읽기,12,13,18,13
train,train_4999.jpg,20,5,15.5,21,62,4.5,위치·방향,15,21,14,12
train,train_5000.jpg,32,9,7.25,8,29,2.0,메뉴·상품,7,8,7,7
train,train_5001.jpg,24,6,4.25,5,17,1.0,색상,4,4,4,5
train,train_5002.jpg,29,8,3.0,3,12,1.0,수량·계수,3,3,3,3
train,train_5003.jpg,32,8,6.0,6,24,1.0,가격·금액,6,6,6,6
train,train_5004.jpg,28,7,2.5,3,10,1.0,메뉴·상품,2,2,3,3
train,train_5005.jpg,26,7,10.25,15,41,3.0,메뉴·상품,8,8,10,15
train,train_5006.jpg,31,8,4.0,4,16,1.0,날짜·시간,4,4,4,4
train,train_5007.jpg,36,10,5.5,7,22,1.0,위치·방향,5,6,7,4
train,train_5008.jpg,66,15,4.0,4,16,1.0,가격·금액,4,4,4,4
train,train_5009.jpg,40,10,17.75,21,71,5.25,기타,16,21,14,20
train,train_5010.jpg,36,10,2.25,3,9,1.0,문자·간판 읽기,3,2,2,2
train,train_5011.jpg,37,10,8.25,13,33,1.75,문자·간판 읽기,7,5,13,8
train,train_5012.jpg,32,8,4.0,4,16,1.0,가격·금액,4,4,4,4
train,train_5013.jpg,37,12,3.0,3,12,1.0,메뉴·상품,3,3,3,3
train,train_5014.jpg,47,10,10.5,17,42,2.5,가격·금액,17,4,17,4
train,train_5015.jpg,39,10,6.25,11,25,1.25,위치·방향,11,4,4,6
train,train_5016.jpg,27,6,11.0,11,44,1.0,전화번호,11,11,11,11
train,train_5017.jpg,47,12,6.0,8,24,1.0,문자·간판 읽기,6,5,5,8
train,train_5018.jpg,36,9,12.0,17,48,4.0,문자·간판 읽기,11,9,17,11
train,train_5019.jpg,28,7,10.5,13,42,1.0,전화번호,13,8,13,8
train,train_5020.jpg,28,7,6.25,7,25,2.0,위치·방향,6,6,6,7
train,train_5021.jpg,30,8,6.0,6,24,2.0,기타,6,6,6,6
train,train_5022.jpg,23,6,6.75,7,27,1.0,문자·간판 읽기,7,7,6,7
train,train_5023.jpg,28,8,16.25,18,65,1.0,문자·간판 읽기,18,16,17,14
train,train_5024.jpg,35,11,13.75,20,55,3.25,문자·간판 읽기,12,20,12,11
train,train_5025.jpg,24,5,5.0,5,20,1.0,가격·금액,5,5,5,5
train,train_5026.jpg,17,4,6.0,10,24,1.0,문자·간판 읽기,8,4,10,2
train,train_5027.jpg,54,10,4.25,5,17,1.0,가격·금액,4,4,5,4
train,train_5028.jpg,25,7,6.5,7,26,2.0,위치·방향,7,6,6,7
train,train_5029.jpg,37,10,14.5,20,58,3.5,문자·간판 읽기,10,20,10,18
train,train_5030.jpg,17,4,10.25,13,41,1.5,문자·간판 읽기,13,11,10,7
train,train_5031.jpg,27,6,6.0,6,24,1.0,가격·금액,6,6,6,6
train,train_5032.jpg,24,6,8.25,9,33,3.25,문자·간판 읽기,8,8,8,9
train,train_5033.jpg,23,6,7.5,9,30,2.0,메뉴·상품,7,9,6,8
train,train_5034.jpg,27,7,4.0,4,16,1.0,문자·간판 읽기,4,4,4,4
train,train_5035.jpg,24,6,4.5,6,18,1.0,문자·간판 읽기,4,3,5,6
train,train_5036.jpg,31,7,6.5,7,26,2.0,기타,6,7,6,7
train,train_5037.jpg,27,7,12.0,13,48,3.25,문자·간판 읽기,12,12,11,13
train,train_5038.jpg,20,5,8.0,8,32,2.0,문자·간판 읽기,8,8,8,8
train,train_5039.jpg,24,6,10.25,13,41,1.0,전화번호,8,13,12,8
train,train_5040.jpg,15,4,4.25,5,17,2.0,메뉴·상품,4,5,4,4
train,train_5041.jpg,45,9,3.0,3,12,1.0,색상,3,3,3,3
train,train_5042.jpg,33,8,10.0,14,40,3.0,색상,7,9,14,10
train,train_5043.jpg,53,13,7.0,7,28,3.0,기타,7,7,7,7
train,train_5044.jpg,29,7,2.5,3,10,1.0,문자·간판 읽기,3,2,2,3
train,train_5045.jpg,16,4,3.5,4,14,1.0,문자·간판 읽기,3,3,4,4
train,train_5046.jpg,16,4,3.75,4,15,1.0,문자·간판 읽기,4,4,4,3
train,train_5047.jpg,29,8,10.0,13,40,2.5,기타,13,8,9,10
train,train_5048.jpg,33,9,19.5,20,78,4.0,위치·방향,20,19,20,19
train,train_5049.jpg,31,10,14.0,15,56,3.0,문자·간판 읽기,14,13,15,14
train,train_5050.jpg,16,4,7.0,7,28,1.0,가격·금액,7,7,7,7
train,train_5051.jpg,31,8,22.0,31,88,5.5,기타,20,22,15,31
train,train_5052.jpg,27,7,5.0,9,20,1.5,문자·간판 읽기,2,9,7,2
train,train_5053.jpg,23,6,9.25,16,37,2.5,문자·간판 읽기,4,6,16,11
train,train_5054.jpg,41,10,10.0,10,40,1.0,전화번호,10,10,10,10
train,train_5055.jpg,26,7,13.75,15,55,2.0,메뉴·상품,15,12,14,14
train,train_5056.jpg,36,9,2.5,3,10,1.0,색상,3,2,3,2
train,train_5057.jpg,31,7,4.25,7,17,1.25,메뉴·상품,3,3,7,4
train,train_5058.jpg,37,8,3.5,5,14,1.0,수량·계수,2,5,4,3
train,train_5059.jpg,29,8,3.0,5,12,1.0,문자·간판 읽기,3,2,2,5
train,train_5060.jpg,16,4,3.5,4,14,1.0,문자·간판 읽기,3,4,4,3
train,train_5061.jpg,45,12,15.25,18,61,4.0,기타,12,16,15,18
train,train_5062.jpg,47,11,14.25,18,57,4.5,기타,12,18,11,16
train,train_5063.jpg,25,6,8.0,9,32,1.0,전화번호,9,7,8,8
train,train_5064.jpg,40,10,2.75,5,11,1.25,기타,5,2,2,2
train,train_5065.jpg,23,6,31.5,33,126,7.0,색상,31,33,32,30
train,train_5066.jpg,19,5,3.5,4,14,1.0,메뉴·상품,4,4,3,3
train,train_5067.jpg,30,8,3.25,4,13,1.0,위치·방향,3,3,3,4
train,train_5068.jpg,48,12,14.75,17,59,3.25,문자·간판 읽기,13,17,16,13
train,train_5069.jpg,25,7,41.75,49,167,7.25,기타,49,28,45,45
train,train_5070.jpg,37,9,10.5,19,42,1.75,메뉴·상품,11,5,19,7
train,train_5071.jpg,28,7,20.75,26,83,3.75,문자·간판 읽기,21,20,16,26
train,train_5072.jpg,33,8,16.0,16,64,3.0,기타,16,16,16,16
train,train_5073.jpg,54,12,24.0,27,96,7.25,기타,17,27,27,25
train,train_5074.jpg,38,9,6.5,7,26,1.0,가격·금액,6,7,7,6
train,train_5075.jpg,34,9,4.5,6,18,1.25,기타,5,6,3,4
train,train_5076.jpg,34,7,21.25,25,85,4.25,기타,25,21,21,18
train,train_5077.jpg,31,8,9.75,14,39,2.75,기타,9,14,6,10
train,train_5078.jpg,52,11,2.0,2,8,1.0,위치·방향,2,2,2,2
train,train_5079.jpg,28,5,7.0,7,28,1.0,가격·금액,7,7,7,7
train,train_5080.jpg,24,6,6.75,7,27,1.0,문자·간판 읽기,7,7,7,6
train,train_5081.jpg,22,6,6.75,8,27,2.0,메뉴·상품,6,7,8,6
train,train_5082.jpg,30,7,12.75,15,51,2.0,메뉴·상품,10,12,15,14
train,train_5083.jpg,32,8,8.0,9,32,1.0,문자·간판 읽기,8,8,7,9
train,train_5084.jpg,33,9,4.0,5,16,1.0,메뉴·상품,5,4,3,4
train,train_5085.jpg,36,10,8.75,9,35,2.0,날짜·시간,9,8,9,9
train,train_5086.jpg,23,6,4.5,6,18,1.25,문자·간판 읽기,4,4,6,4
train,train_5087.jpg,31,8,5.0,5,20,2.0,문자·간판 읽기,5,5,5,5
train,train_5088.jpg,17,4,3.5,4,14,1.0,문자·간판 읽기,3,3,4,4
train,train_5089.jpg,37,9,4.0,4,16,1.0,문자·간판 읽기,4,4,4,4
train,train_5090.jpg,38,10,7.0,7,28,1.0,색상,7,7,7,7
train,train_5091.jpg,63,14,17.5,26,70,4.5,기타,13,15,16,26
train,train_5092.jpg,41,9,5.5,6,22,1.0,가격·금액,6,6,4,6
train,train_5093.jpg,36,9,5.75,6,23,2.0,기타,6,5,6,6
train,train_5094.jpg,24,6,11.25,12,45,1.0,전화번호,11,12,11,11
train,train_5095.jpg,17,4,3.75,6,15,1.0,문자·간판 읽기,3,6,2,4
train,train_5096.jpg,16,4,7.0,7,28,1.0,가격·금액,7,7,7,7
train,train_5097.jpg,31,9,21.5,24,86,3.0,문자·간판 읽기,23,24,22,17
train,train_5098.jpg,40,11,6.25,9,25,1.75,메뉴·상품,9,3,5,8
train,train_5099.jpg,29,8,12.75,17,51,3.0,문자·간판 읽기,17,10,13,11
train,train_5100.jpg,29,7,2.0,2,8,1.0,위치·방향,2,2,2,2
train,train_5101.jpg,24,6,5.25,7,21,1.0,문자·간판 읽기,4,6,4,7
train,train_5102.jpg,40,11,8.75,15,35,1.75,문자·간판 읽기,15,4,9,7
train,train_5103.jpg,22,6,5.5,6,22,2.0,문자·간판 읽기,5,6,6,5
train,train_5104.jpg,26,7,17.5,18,70,3.0,색상,17,18,18,17
train,train_5105.jpg,34,10,2.0,2,8,1.0,문자·간판 읽기,2,2,2,2
train,train_5106.jpg,17,4,6.25,10,25,1.25,문자·간판 읽기,6,4,10,5
train,train_5107.jpg,42,10,8.0,8,32,2.0,가격·금액,8,8,8,8
train,train_5108.jpg,31,8,2.0,2,8,1.0,위치·방향,2,2,2,2
train,train_5109.jpg,36,10,3.75,5,15,1.0,문자·간판 읽기,5,4,3,3
train,train_5110.jpg,31,8,28.25,39,113,6.25,문자·간판 읽기,26,19,39,29
train,train_5111.jpg,23,6,6.25,7,25,1.0,문자·간판 읽기,6,6,7,6
train,train_5112.jpg,24,5,6.0,6,24,1.0,가격·금액,6,6,6,6
train,train_5113.jpg,28,8,15.0,15,60,5.0,문자·간판 읽기,15,15,15,15
train,train_5114.jpg,50,12,10.5,12,42,2.0,문자·간판 읽기,10,12,11,9
train,train_5115.jpg,25,6,8.0,8,32,2.0,가격·금액,8,8,8,8
train,train_5116.jpg,24,7,3.0,3,12,1.0,문자·간판 읽기,3,3,3,3
train,train_5117.jpg,41,12,13.5,16,54,4.5,위치·방향,14,13,11,16
train,train_5118.jpg,51,13,13.25,25,53,3.25,위치·방향,25,7,14,7
train,train_5119.jpg,47,12,3.0,3,12,1.0,색상,3,3,3,3
train,train_5120.jpg,55,11,31.0,33,124,6.75,메뉴·상품,33,30,28,33
train,train_5121.jpg,16,4,8.0,11,32,1.25,문자·간판 읽기,7,8,11,6
train,train_5122.jpg,26,7,3.5,4,14,1.0,문자·간판 읽기,3,3,4,4
train,train_5123.jpg,31,8,10.0,10,40,3.0,문자·간판 읽기,10,10,10,10
train,train_5124.jpg,36,8,7.0,7,28,1.0,가격·금액,7,7,7,7
train,train_5125.jpg,27,6,10.75,13,43,1.0,전화번호,9,12,9,13
train,train_5126.jpg,30,9,21.0,25,84,6.0,기타,23,14,25,22
train,train_5127.jpg,19,5,6.75,8,27,2.25,위치·방향,6,7,8,6
train,train_5128.jpg,24,6,8.5,13,34,1.5,문자·간판 읽기,13,6,4,11
train,train_5129.jpg,35,10,4.75,5,19,1.0,문자·간판 읽기,5,5,5,4
train,train_5130.jpg,22,6,6.0,7,24,2.0,문자·간판 읽기,5,6,6,7
train,train_5131.jpg,41,7,3.75,5,15,1.0,위치·방향,3,5,3,4
train,train_5132.jpg,78,17,9.75,12,39,3.25,기타,9,9,9,12
train,train_5133.jpg,47,9,10.5,13,42,3.25,가격·금액,10,13,10,9
train,train_5134.jpg,52,11,6.25,7,25,1.0,가격·금액,7,6,6,6
train,train_5135.jpg,21,5,6.0,8,24,1.0,메뉴·상품,6,8,5,5
train,train_5136.jpg,21,6,15.75,18,63,4.5,문자·간판 읽기,13,18,15,17
train,train_5137.jpg,20,5,6.0,6,24,1.0,문자·간판 읽기,6,6,6,6
train,train_5138.jpg,22,6,6.0,11,24,1.25,메뉴·상품,3,11,4,6
train,train_5139.jpg,43,9,7.75,13,31,2.75,문자·간판 읽기,13,7,5,6
train,train_5140.jpg,50,10,9.5,16,38,2.75,메뉴·상품,6,6,16,10
train,train_5141.jpg,28,7,9.75,12,39,1.0,전화번호,12,9,9,9
train,train_5142.jpg,23,6,29.5,31,118,5.5,문자·간판 읽기,31,28,31,28
train,train_5143.jpg,44,10,5.5,6,22,1.0,가격·금액,5,5,6,6
train,train_5144.jpg,34,8,14.75,15,59,4.0,기타,15,15,15,14
train,train_5145.jpg,34,9,17.75,26,71,3.75,문자·간판 읽기,11,22,26,12
train,train_5146.jpg,16,4,8.25,9,33,2.0,기타,8,9,8,8
train,train_5147.jpg,29,7,8.0,9,32,1.0,위치·방향,7,8,9,8
train,train_5148.jpg,35,9,2.0,2,8,1.0,수량·계수,2,2,2,2
train,train_5149.jpg,30,7,4.75,7,19,1.25,문자·간판 읽기,3,5,7,4
train,train_5150.jpg,54,12,5.25,6,21,1.75,위치·방향,4,6,5,6
train,train_5151.jpg,25,6,3.75,4,15,1.0,문자·간판 읽기,4,4,3,4
train,train_5152.jpg,33,9,2.75,3,11,1.0,기타,3,3,3,2
train,train_5153.jpg,42,11,2.5,3,10,1.0,색상,3,2,2,3
train,train_5154.jpg,34,7,11.75,17,47,3.0,위치·방향,9,17,7,14
train,train_5155.jpg,25,7,2.25,3,9,1.0,문자·간판 읽기,3,2,2,2
train,train_5156.jpg,36,7,7.25,9,29,2.0,기타,6,9,7,7
train,train_5157.jpg,15,4,12.5,15,50,3.25,기타,12,12,11,15
train,train_5158.jpg,39,12,6.5,9,26,2.25,문자·간판 읽기,9,6,5,6
train,train_5159.jpg,29,8,25.25,28,101,4.0,색상,27,28,25,21
train,train_5160.jpg,21,6,6.75,10,27,1.0,문자·간판 읽기,6,6,10,5
train,train_5161.jpg,34,7,6.25,7,25,1.25,메뉴·상품,6,7,7,5
train,train_5162.jpg,32,8,9.75,13,39,2.75,기타,9,8,9,13
train,train_5163.jpg,22,6,13.25,14,53,3.0,문자·간판 읽기,13,12,14,14
train,train_5164.jpg,40,10,14.0,15,56,3.0,가격·금액,13,15,14,14
train,train_5165.jpg,43,8,11.75,12,47,1.0,전화번호,11,12,12,12
train,train_5166.jpg,32,8,3.5,5,14,1.0,색상,5,2,2,5
train,train_5167.jpg,29,8,12.5,13,50,4.0,문자·간판 읽기,11,13,13,13
train,train_5168.jpg,24,7,25.75,33,103,3.25,위치·방향,22,28,33,20
train,train_5169.jpg,32,8,12.75,17,51,3.5,문자·간판 읽기,17,14,12,8
train,train_5170.jpg,30,8,4.5,5,18,2.0,전화번호,5,4,5,4
train,train_5171.jpg,33,9,5.5,6,22,1.0,색상,6,6,5,5
train,train_5172.jpg,25,6,2.25,3,9,1.0,수량·계수,2,3,2,2
train,train_5173.jpg,34,8,11.5,13,46,1.0,전화번호,13,13,10,10
train,train_5174.jpg,44,11,13.0,13,52,4.0,문자·간판 읽기,13,13,13,13
train,train_5175.jpg,37,8,10.25,13,41,1.0,전화번호,13,8,12,8
train,train_5176.jpg,27,7,8.0,9,32,2.75,문자·간판 읽기,9,9,5,9
train,train_5177.jpg,37,10,3.75,7,15,1.25,문자·간판 읽기,7,3,3,2
train,train_5178.jpg,34,9,6.75,12,27,2.25,기타,5,5,12,5
train,train_5179.jpg,34,8,20.75,29,83,5.5,기타,29,18,21,15
train,train_5180.jpg,39,9,15.25,19,61,4.25,기타,19,13,13,16
train,train_5181.jpg,34,8,6.75,11,27,2.25,문자·간판 읽기,11,5,5,6
train,train_5182.jpg,42,9,8.5,9,34,1.0,전화번호,9,8,8,9
train,train_5183.jpg,28,8,13.0,14,52,2.25,문자·간판 읽기,14,12,12,14
train,train_5184.jpg,44,11,27.5,30,110,6.25,문자·간판 읽기,30,23,28,29
train,train_5185.jpg,44,10,3.5,6,14,1.5,위치·방향,1,4,6,3
train,train_5186.jpg,28,7,6.5,11,26,1.0,문자·간판 읽기,5,5,5,11
train,train_5187.jpg,22,6,4.0,7,16,1.25,위치·방향,2,4,7,3
train,train_5188.jpg,33,10,4.5,6,18,1.5,기타,4,4,4,6
train,train_5189.jpg,32,6,8.0,8,32,3.0,기타,8,8,8,8
train,train_5190.jpg,26,6,8.0,13,32,2.75,메뉴·상품,13,6,5,8
train,train_5191.jpg,47,12,3.0,3,12,1.0,인물·대상,3,3,3,3
train,train_5192.jpg,24,7,6.5,9,26,1.75,색상,6,7,4,9
train,train_5193.jpg,33,7,5.75,7,23,1.25,기타,7,6,5,5
train,train_5194.jpg,33,9,4.25,5,17,1.0,문자·간판 읽기,4,4,5,4
train,train_5195.jpg,29,8,6.5,7,26,2.0,문자·간판 읽기,7,6,7,6
train,train_5196.jpg,34,9,12.25,13,49,1.0,전화번호,12,12,13,12
train,train_5197.jpg,30,7,7.25,9,29,2.0,위치·방향,9,7,7,6
train,train_5198.jpg,27,7,13.0,16,52,2.0,위치·방향,10,14,12,16
train,train_5199.jpg,16,4,21.0,36,84,4.25,문자·간판 읽기,15,19,36,14
train,train_5200.jpg,29,8,6.0,10,24,1.0,문자·간판 읽기,4,8,2,10
train,train_5201.jpg,23,4,6.0,6,24,1.0,가격·금액,6,6,6,6
train,train_5202.jpg,30,7,11.5,14,46,3.25,기타,10,12,14,10
train,train_5203.jpg,39,11,2.5,3,10,1.0,위치·방향,3,2,2,3
train,train_5204.jpg,36,9,4.5,8,18,1.25,기타,8,4,4,2
train,train_5205.jpg,48,12,5.5,7,22,1.0,문자·간판 읽기,7,7,3,5
train,train_5206.jpg,42,9,3.0,3,12,1.0,가격·금액,3,3,3,3
train,train_5207.jpg,24,6,6.5,7,26,1.0,가격·금액,6,7,7,6
train,train_5208.jpg,27,8,5.0,8,20,2.25,문자·간판 읽기,5,8,4,3
train,train_5209.jpg,51,11,4.0,4,16,1.0,가격·금액,4,4,4,4
train,train_5210.jpg,45,11,26.5,27,106,6.0,날짜·시간,25,27,27,27
train,train_5211.jpg,29,8,4.0,5,16,1.0,문자·간판 읽기,3,5,3,5
train,train_5212.jpg,25,7,9.25,11,37,2.25,문자·간판 읽기,8,9,11,9
train,train_5213.jpg,26,6,7.0,8,28,2.5,기타,8,5,8,7
train,train_5214.jpg,29,8,8.0,8,32,3.0,문자·간판 읽기,8,8,8,8
train,train_5215.jpg,41,10,7.5,8,30,2.0,색상,8,8,7,7
train,train_5216.jpg,16,4,4.0,4,16,1.0,가격·금액,4,4,4,4
train,train_5217.jpg,46,13,12.25,17,49,4.0,기타,17,9,12,11
train,train_5218.jpg,39,11,6.25,9,25,2.25,색상,5,9,6,5
train,train_5219.jpg,25,7,8.0,8,32,1.0,가격·금액,8,8,8,8
train,train_5220.jpg,18,4,16.25,19,65,4.0,문자·간판 읽기,12,19,16,18
train,train_5221.jpg,22,6,16.25,19,65,3.75,문자·간판 읽기,13,14,19,19
train,train_5222.jpg,42,11,13.0,13,52,1.0,전화번호,13,13,13,13
train,train_5223.jpg,51,14,5.75,6,23,1.0,가격·금액,6,6,5,6
train,train_5224.jpg,44,11,7.25,8,29,2.0,메뉴·상품,7,8,8,6
train,train_5225.jpg,25,4,5.0,6,20,1.0,가격·금액,4,6,6,4
train,train_5226.jpg,27,6,6.0,6,24,1.0,가격·금액,6,6,6,6
train,train_5227.jpg,29,6,22.0,26,88,2.5,기타,22,26,23,17
train,train_5228.jpg,35,10,19.25,25,77,4.25,메뉴·상품,17,25,20,15
train,train_5229.jpg,33,6,5.0,5,20,1.0,가격·금액,5,5,5,5
train,train_5230.jpg,29,8,3.75,4,15,1.0,가격·금액,4,4,3,4
train,train_5231.jpg,44,11,22.25,25,89,5.5,기타,25,21,24,19
train,train_5232.jpg,27,7,3.25,4,13,1.0,메뉴·상품,3,3,3,4
train,train_5233.jpg,41,9,22.0,33,88,6.0,기타,24,33,14,17
train,train_5234.jpg,36,10,3.0,4,12,1.0,메뉴·상품,3,2,4,3
train,train_5235.jpg,35,9,8.0,10,32,1.5,문자·간판 읽기,7,10,10,5
train,train_5236.jpg,21,6,12.75,17,51,2.5,문자·간판 읽기,17,15,9,10
train,train_5237.jpg,26,7,20.5,23,82,2.75,문자·간판 읽기,23,21,17,21
train,train_5238.jpg,31,8,3.0,3,12,1.0,전화번호,3,3,3,3
train,train_5239.jpg,24,6,12.5,13,50,1.0,전화번호,13,11,13,13
train,train_5240.jpg,21,5,7.75,10,31,1.0,가격·금액,10,6,8,7
train,train_5241.jpg,22,6,3.5,4,14,1.0,문자·간판 읽기,4,4,3,3
train,train_5242.jpg,47,12,3.0,4,12,1.0,기타,4,2,4,2
train,train_5243.jpg,29,7,12.25,15,49,3.25,기타,12,15,10,12
train,train_5244.jpg,25,6,4.75,8,19,1.0,문자·간판 읽기,2,5,8,4
train,train_5245.jpg,16,4,5.0,6,20,1.0,문자·간판 읽기,6,5,4,5
train,train_5246.jpg,40,10,17.0,24,68,4.25,문자·간판 읽기,12,15,17,24
train,train_5247.jpg,24,5,6.0,6,24,1.0,가격·금액,6,6,6,6
train,train_5248.jpg,23,6,11.75,14,47,2.0,메뉴·상품,14,12,9,12
train,train_5249.jpg,27,7,21.0,23,84,6.25,기타,22,20,19,23
train,train_5250.jpg,44,11,5.75,7,23,1.75,문자·간판 읽기,5,7,4,7
train,train_5251.jpg,37,8,20.75,21,83,4.0,날짜·시간,20,21,21,21
train,train_5252.jpg,49,13,16.5,20,66,4.0,위치·방향,16,15,15,20
train,train_5253.jpg,24,6,4.0,4,16,1.0,문자·간판 읽기,4,4,4,4
train,train_5254.jpg,15,4,4.5,5,18,2.0,기타,4,5,5,4
train,train_5255.jpg,43,10,3.0,3,12,1.0,인물·대상,3,3,3,3
train,train_5256.jpg,42,11,6.25,9,25,1.75,기타,7,3,9,6
train,train_5257.jpg,22,5,8.0,12,32,1.75,문자·간판 읽기,7,12,9,4
train,train_5258.jpg,59,15,18.75,20,75,3.25,메뉴·상품,17,19,20,19
train,train_5259.jpg,26,7,12.75,16,51,3.25,문자·간판 읽기,16,8,15,12
train,train_5260.jpg,33,9,7.5,10,30,2.0,색상,10,5,7,8
train,train_5261.jpg,36,10,4.25,5,17,1.0,가격·금액,3,5,4,5
train,train_5262.jpg,31,7,3.75,4,15,1.0,기타,3,4,4,4
train,train_5263.jpg,47,11,12.5,18,50,3.5,문자·간판 읽기,8,13,18,11
train,train_5264.jpg,19,5,4.5,6,18,1.0,문자·간판 읽기,4,4,6,4
train,train_5265.jpg,37,9,2.25,3,9,1.0,가격·금액,2,2,2,3
train,train_5266.jpg,38,11,3.25,6,13,1.0,기타,2,3,6,2
train,train_5267.jpg,30,8,1.0,1,4,1.0,위치·방향,1,1,1,1
train,train_5268.jpg,16,4,6.0,7,24,2.0,문자·간판 읽기,6,6,7,5
train,train_5269.jpg,27,7,8.0,8,32,1.0,문자·간판 읽기,8,8,8,8
train,train_5270.jpg,24,6,5.75,8,23,1.0,문자·간판 읽기,3,8,5,7
train,train_5271.jpg,38,11,13.0,19,52,4.0,문자·간판 읽기,11,11,11,19
train,train_5272.jpg,23,6,33.5,54,134,9.5,문자·간판 읽기,24,30,54,26
train,train_5273.jpg,44,12,4.0,4,16,1.0,기타,4,4,4,4
train,train_5274.jpg,15,4,14.0,21,56,4.0,기타,12,11,21,12
train,train_5275.jpg,39,10,6.0,7,24,1.25,문자·간판 읽기,7,5,5,7
train,train_5276.jpg,23,7,4.75,9,19,1.5,문자·간판 읽기,9,2,3,5
train,train_5277.jpg,40,11,6.25,7,25,2.0,문자·간판 읽기,6,6,7,6
train,train_5278.jpg,33,8,3.0,3,12,1.0,문자·간판 읽기,3,3,3,3
train,train_5279.jpg,43,11,2.5,3,10,1.0,메뉴·상품,3,2,2,3
train,train_5280.jpg,28,7,11.5,12,46,3.5,색상,12,12,12,10
train,train_5281.jpg,17,4,5.5,8,22,1.0,문자·간판 읽기,7,8,3,4
train,train_5282.jpg,33,9,9.0,9,36,2.0,색상,9,9,9,9
train,train_5283.jpg,31,7,5.75,8,23,1.0,메뉴·상품,5,5,8,5
train,train_5284.jpg,24,7,3.5,5,14,1.5,문자·간판 읽기,5,5,2,2
train,train_5285.jpg,26,6,15.0,27,60,3.5,기타,27,17,13,3
train,train_5286.jpg,27,6,8.0,8,32,1.0,전화번호,8,8,8,8
train,train_5287.jpg,22,6,7.5,8,30,2.0,날짜·시간,8,8,7,7
train,train_5288.jpg,31,8,2.0,2,8,1.0,수량·계수,2,2,2,2
train,train_5289.jpg,17,4,10.75,18,43,2.0,문자·간판 읽기,13,6,6,18
train,train_5290.jpg,35,7,19.75,20,79,4.0,가격·금액,19,20,20,20
train,train_5291.jpg,28,6,6.0,6,24,1.0,가격·금액,6,6,6,6
train,train_5292.jpg,25,7,9.0,9,36,2.0,기타,9,9,9,9
train,train_5293.jpg,40,9,6.5,7,26,1.0,가격·금액,7,6,6,7
train,train_5294.jpg,40,9,32.75,34,131,5.0,색상,32,33,34,32
train,train_5295.jpg,28,8,5.0,5,20,1.0,날짜·시간,5,5,5,5
train,train_5296.jpg,34,9,6.0,6,24,1.0,가격·금액,6,6,6,6
train,train_5297.jpg,42,11,6.0,12,24,1.75,기타,5,12,3,4
train,train_5298.jpg,37,10,4.75,7,19,1.5,가격·금액,5,4,7,3
train,train_5299.jpg,15,4,12.5,19,50,2.75,기타,11,7,13,19
train,train_5300.jpg,33,9,7.25,15,29,1.5,기타,2,15,8,4
train,train_5301.jpg,30,8,24.75,35,99,4.5,문자·간판 읽기,20,31,35,13
train,train_5302.jpg,26,7,8.0,8,32,2.0,위치·방향,8,8,8,8
train,train_5303.jpg,64,12,7.25,10,29,2.5,위치·방향,5,9,10,5
train,train_5304.jpg,16,4,4.0,4,16,1.0,문자·간판 읽기,4,4,4,4
train,train_5305.jpg,46,14,14.5,17,58,3.0,문자·간판 읽기,17,15,14,12
train,train_5306.jpg,56,14,19.25,24,77,4.25,문자·간판 읽기,15,24,19,19
train,train_5307.jpg,38,10,10.0,13,40,3.25,메뉴·상품,13,9,9,9
train,train_5308.jpg,38,8,8.5,11,34,2.25,메뉴·상품,7,11,6,10
train,train_5309.jpg,26,6,2.5,3,10,1.0,문자·간판 읽기,3,2,3,2
train,train_5310.jpg,28,7,6.0,6,24,1.0,가격·금액,6,6,6,6
train,train_5311.jpg,26,7,6.5,7,26,1.0,위치·방향,7,5,7,7
train,train_5312.jpg,27,7,6.75,9,27,2.0,문자·간판 읽기,8,5,5,9
train,train_5313.jpg,25,7,14.5,21,58,3.5,날짜·시간,20,9,21,8
train,train_5314.jpg,20,5,5.75,6,23,2.0,날짜·시간,6,6,6,5
train,train_5315.jpg,26,6,4.0,4,16,1.0,가격·금액,4,4,4,4
train,train_5316.jpg,21,6,8.0,9,32,2.75,문자·간판 읽기,9,6,8,9
train,train_5317.jpg,42,12,5.0,5,20,1.0,날짜·시간,5,5,5,5
train,train_5318.jpg,16,4,10.25,11,41,2.0,문자·간판 읽기,10,10,10,11
train,train_5319.jpg,29,8,10.5,13,42,3.0,메뉴·상품,11,13,9,9
train,train_5320.jpg,22,6,6.75,10,27,1.75,문자·간판 읽기,10,5,5,7
train,train_5321.jpg,25,6,5.5,6,22,2.0,기타,6,5,5,6
train,train_5322.jpg,26,6,7.75,10,31,1.75,문자·간판 읽기,5,8,10,8
train,train_5323.jpg,22,5,10.0,11,40,2.0,색상,9,10,11,10
train,train_5324.jpg,29,5,17.0,17,68,1.0,전화번호,17,17,17,17
train,train_5325.jpg,30,7,18.25,20,73,4.5,메뉴·상품,18,18,17,20
train,train_5326.jpg,18,5,12.75,14,51,2.0,문자·간판 읽기,13,14,12,12
train,train_5327.jpg,22,6,1.0,1,4,1.0,문자·간판 읽기,1,1,1,1
train,train_5328.jpg,17,4,11.75,12,47,2.0,문자·간판 읽기,12,11,12,12
train,train_5329.jpg,44,11,10.75,12,43,2.75,기타,9,12,11,11
train,train_5330.jpg,17,4,10.75,13,43,3.25,문자·간판 읽기,10,10,10,13
train,train_5331.jpg,41,10,7.25,11,29,1.25,기타,5,11,6,7
train,train_5332.jpg,42,11,19.75,23,79,4.5,색상,23,23,13,20
train,train_5333.jpg,18,5,2.0,2,8,1.0,수량·계수,2,2,2,2
train,train_5334.jpg,37,8,11.0,15,44,2.5,기타,10,15,9,10
train,train_5335.jpg,15,4,6.75,10,27,2.0,기타,3,8,6,10
train,train_5336.jpg,57,16,13.0,15,52,4.25,문자·간판 읽기,12,13,15,12
train,train_5337.jpg,19,5,9.25,10,37,3.0,위치·방향,10,9,9,9
train,train_5338.jpg,17,4,7.75,12,31,1.75,문자·간판 읽기,4,5,10,12
train,train_5339.jpg,32,9,6.5,7,26,2.0,가격·금액,7,6,7,6
train,train_5340.jpg,56,14,1.0,1,4,1.0,기타,1,1,1,1
train,train_5341.jpg,37,9,6.0,10,24,1.5,문자·간판 읽기,10,6,4,4
train,train_5342.jpg,34,9,13.75,17,55,2.0,문자·간판 읽기,10,14,17,14
train,train_5343.jpg,31,7,5.0,5,20,1.25,위치·방향,5,5,5,5
train,train_5344.jpg,24,6,8.0,15,32,2.0,위치·방향,6,5,6,15
train,train_5345.jpg,25,7,3.75,4,15,1.0,문자·간판 읽기,4,3,4,4
train,train_5346.jpg,36,9,2.0,2,8,1.0,위치·방향,2,2,2,2
train,train_5347.jpg,46,11,10.25,13,41,2.5,기타,13,11,9,8
train,train_5348.jpg,26,7,5.5,9,22,1.25,문자·간판 읽기,4,9,4,5
train,train_5349.jpg,36,10,8.25,13,33,2.5,위치·방향,13,7,7,6
train,train_5350.jpg,39,9,4.75,5,19,2.0,가격·금액,5,5,4,5
train,train_5351.jpg,21,6,3.0,4,12,1.0,문자·간판 읽기,2,4,2,4
train,train_5352.jpg,35,9,17.0,34,68,4.25,기타,34,15,9,10
train,train_5353.jpg,43,11,3.75,4,15,1.0,가격·금액,3,4,4,4
train,train_5354.jpg,27,7,5.25,12,21,1.25,문자·간판 읽기,2,12,5,2
train,train_5355.jpg,30,8,7.75,8,31,1.0,문자·간판 읽기,8,7,8,8
train,train_5356.jpg,33,9,8.0,9,32,3.0,문자·간판 읽기,9,9,7,7
train,train_5357.jpg,32,8,3.75,4,15,1.0,가격·금액,4,4,4,3
train,train_5358.jpg,25,6,8.75,17,35,2.0,메뉴·상품,10,4,4,17
train,train_5359.jpg,36,9,19.25,28,77,4.25,색상,28,15,10,24
train,train_5360.jpg,29,7,9.5,14,38,2.5,위치·방향,6,8,10,14
train,train_5361.jpg,24,6,6.25,8,25,2.0,문자·간판 읽기,8,6,5,6
train,train_5362.jpg,22,6,9.5,11,38,3.0,문자·간판 읽기,8,10,9,11
train,train_5363.jpg,40,10,3.0,3,12,1.0,위치·방향,3,3,3,3
train,train_5364.jpg,39,8,8.0,11,32,3.0,문자·간판 읽기,11,8,8,5
train,train_5365.jpg,26,7,4.5,5,18,1.0,문자·간판 읽기,5,3,5,5
train,train_5366.jpg,38,10,18.0,23,72,8.0,문자·간판 읽기,23,23,3,23
train,train_5367.jpg,32,9,14.0,15,56,2.5,기타,15,15,13,13
train,train_5368.jpg,17,5,3.25,4,13,1.0,기타,3,3,4,3
train,train_5369.jpg,16,4,11.0,22,44,2.0,문자·간판 읽기,9,4,22,9
train,train_5370.jpg,29,9,16.25,19,65,4.0,문자·간판 읽기,12,19,18,16
train,train_5371.jpg,37,9,7.0,8,28,2.25,메뉴·상품,7,7,6,8
train,train_5372.jpg,32,8,4.75,8,19,1.25,기타,4,3,4,8
train,train_5373.jpg,23,6,5.5,6,22,1.0,가격·금액,6,6,4,6
train,train_5374.jpg,38,10,4.25,6,17,1.25,메뉴·상품,6,3,4,4
train,train_5375.jpg,36,8,7.0,8,28,1.0,메뉴·상품,8,7,6,7
train,train_5376.jpg,27,7,4.25,5,17,1.0,문자·간판 읽기,4,4,5,4
train,train_5377.jpg,27,8,3.0,3,12,1.0,기타,3,3,3,3
train,train_5378.jpg,23,6,3.5,4,14,1.0,문자·간판 읽기,3,3,4,4
train,train_5379.jpg,25,7,8.0,11,32,2.5,문자·간판 읽기,6,11,9,6
train,train_5380.jpg,19,5,8.75,28,35,1.5,문자·간판 읽기,1,4,28,2
train,train_5381.jpg,29,6,29.0,31,116,8.75,기타,23,31,31,31
train,train_5382.jpg,23,6,4.75,8,19,1.25,문자·간판 읽기,8,4,3,4
train,train_5383.jpg,25,6,13.0,17,52,2.25,문자·간판 읽기,11,17,11,13
train,train_5384.jpg,28,8,11.0,13,44,2.75,문자·간판 읽기,10,13,11,10
train,train_5385.jpg,25,7,2.0,2,8,1.0,문자·간판 읽기,2,2,2,2
train,train_5386.jpg,35,10,4.75,5,19,1.0,문자·간판 읽기,5,5,5,4
train,train_5387.jpg,42,10,6.75,12,27,2.25,위치·방향,12,5,5,5
train,train_5388.jpg,26,6,5.25,7,21,1.0,문자·간판 읽기,4,4,6,7
train,train_5389.jpg,34,9,14.5,25,58,3.75,기타,11,11,25,11
train,train_5390.jpg,49,13,6.5,7,26,2.0,위치·방향,6,6,7,7
train,train_5391.jpg,25,6,9.5,15,38,2.5,문자·간판 읽기,15,9,9,5
train,train_5392.jpg,32,8,2.25,3,9,1.0,기타,2,3,2,2
train,train_5393.jpg,35,7,5.25,8,21,1.25,가격·금액,4,5,4,8
train,train_5394.jpg,49,12,6.0,6,24,2.0,가격·금액,6,6,6,6
train,train_5395.jpg,16,4,5.5,6,22,1.75,문자·간판 읽기,4,6,6,6
train,train_5396.jpg,22,6,13.0,13,52,3.0,메뉴·상품,13,13,13,13
train,train_5397.jpg,60,13,13.0,17,52,4.0,기타,17,11,9,15
train,train_5398.jpg,30,7,31.0,36,124,3.0,기타,35,36,31,22
train,train_5399.jpg,51,14,6.25,9,25,1.0,문자·간판 읽기,9,4,6,6
train,train_5400.jpg,29,8,7.5,12,30,1.75,기타,12,10,3,5
train,train_5401.jpg,22,5,3.0,3,12,1.0,전화번호,3,3,3,3
train,train_5402.jpg,39,10,7.0,9,28,2.25,문자·간판 읽기,5,7,7,9
train,train_5403.jpg,27,7,6.25,9,25,1.75,색상,9,6,4,6
train,train_5404.jpg,20,5,11.0,11,44,3.0,위치·방향,11,11,11,11
train,train_5405.jpg,23,6,6.5,8,26,1.75,위치·방향,6,8,6,6
train,train_5406.jpg,27,7,6.5,9,26,1.0,위치·방향,5,9,5,7
train,train_5407.jpg,38,10,16.0,26,64,3.25,문자·간판 읽기,7,10,21,26
train,train_5408.jpg,29,8,6.5,10,26,1.5,색상,4,3,9,10
train,train_5409.jpg,28,7,6.0,8,24,1.5,문자·간판 읽기,8,4,4,8
train,train_5410.jpg,35,9,6.0,6,24,1.0,가격·금액,6,6,6,6
train,train_5411.jpg,26,7,12.75,16,51,3.5,메뉴·상품,14,16,10,11
train,train_5412.jpg,32,9,6.0,6,24,1.0,가격·금액,6,6,6,6
train,train_5413.jpg,19,5,6.25,7,25,2.0,문자·간판 읽기,7,4,7,7
train,train_5414.jpg,41,10,13.75,15,55,3.75,기타,15,15,13,12
train,train_5415.jpg,26,7,6.75,9,27,1.0,색상,6,6,9,6
train,train_5416.jpg,28,6,10.5,13,42,1.0,전화번호,9,11,9,13
train,train_5417.jpg,33,9,6.0,7,24,2.5,문자·간판 읽기,7,5,7,5
train,train_5418.jpg,26,7,8.75,13,35,2.25,문자·간판 읽기,7,13,7,8
train,train_5419.jpg,40,10,12.5,13,50,1.0,전화번호,13,12,12,13
train,train_5420.jpg,37,10,6.0,6,24,1.0,가격·금액,6,6,6,6
train,train_5421.jpg,30,6,6.0,6,24,1.0,가격·금액,6,6,6,6
train,train_5422.jpg,30,8,7.25,8,29,2.0,위치·방향,7,8,7,7
train,train_5423.jpg,16,4,10.75,15,43,1.75,문자·간판 읽기,10,12,15,6
train,train_5424.jpg,30,9,4.75,5,19,1.0,기타,5,5,4,5
train,train_5425.jpg,42,8,19.75,21,79,3.75,문자·간판 읽기,21,20,18,20
train,train_5426.jpg,23,5,3.0,3,12,1.0,전화번호,3,3,3,3
train,train_5427.jpg,24,6,2.25,3,9,1.0,위치·방향,2,3,2,2
train,train_5428.jpg,16,4,22.0,22,88,3.0,문자·간판 읽기,22,22,22,22
train,train_5429.jpg,39,10,4.0,4,16,1.0,가격·금액,4,4,4,4
train,train_5430.jpg,43,11,6.0,7,24,2.0,문자·간판 읽기,6,6,7,5
train,train_5431.jpg,21,5,10.25,13,41,3.0,기타,12,13,9,7
train,train_5432.jpg,34,7,8.25,9,33,2.0,날짜·시간,8,8,9,8
train,train_5433.jpg,33,9,11.25,13,45,2.5,문자·간판 읽기,13,10,11,11
train,train_5434.jpg,26,7,9.5,14,38,1.75,문자·간판 읽기,14,4,6,14
train,train_5435.jpg,44,8,5.75,6,23,1.0,전화번호,5,6,6,6
train,train_5436.jpg,23,6,5.0,5,20,2.0,기타,5,5,5,5
train,train_5437.jpg,43,11,13.5,15,54,4.0,문자·간판 읽기,14,15,12,13
train,train_5438.jpg,24,6,6.0,6,24,2.0,기타,6,6,6,6
train,train_5439.jpg,45,12,12.0,18,48,3.5,문자·간판 읽기,18,10,10,10
train,train_5440.jpg,24,6,13.5,16,54,3.25,문자·간판 읽기,13,16,12,13
train,train_5441.jpg,24,6,12.25,13,49,1.0,전화번호,12,12,13,12
train,train_5442.jpg,23,6,5.75,8,23,1.75,위치·방향,8,6,4,5
train,train_5443.jpg,42,10,10.0,10,40,1.0,날짜·시간,10,10,10,10
train,train_5444.jpg,16,4,5.75,8,23,1.75,문자·간판 읽기,8,4,6,5
train,train_5445.jpg,38,11,10.0,14,40,2.75,색상,6,8,12,14
train,train_5446.jpg,41,10,9.5,18,38,2.0,위치·방향,6,18,5,9
train,train_5447.jpg,21,5,5.0,5,20,2.0,문자·간판 읽기,5,5,5,5
train,train_5448.jpg,38,10,3.25,4,13,1.0,위치·방향,3,3,4,3
train,train_5449.jpg,46,11,10.25,11,41,1.0,전화번호,11,11,8,11
train,train_5450.jpg,23,6,6.75,10,27,2.0,문자·간판 읽기,4,9,4,10
train,train_5451.jpg,26,7,3.5,4,14,1.0,날짜·시간,4,3,3,4
train,train_5452.jpg,26,6,4.0,4,16,1.0,가격·금액,4,4,4,4
train,train_5453.jpg,29,9,15.0,16,60,4.0,문자·간판 읽기,16,15,14,15
train,train_5454.jpg,26,7,2.0,2,8,1.0,가격·금액,2,2,2,2
train,train_5455.jpg,29,6,10.5,11,42,1.0,가격·금액,11,11,9,11
train,train_5456.jpg,32,8,7.5,9,30,2.25,인물·대상,6,9,7,8
train,train_5457.jpg,36,10,28.0,31,112,7.25,문자·간판 읽기,31,27,23,31
train,train_5458.jpg,16,4,11.25,12,45,2.0,문자·간판 읽기,11,10,12,12
train,train_5459.jpg,36,9,5.75,6,23,2.0,문자·간판 읽기,6,6,6,5
train,train_5460.jpg,38,9,11.0,11,44,2.0,전화번호,11,11,11,11
train,train_5461.jpg,43,11,7.25,9,29,1.25,위치·방향,6,8,9,6
train,train_5462.jpg,27,7,5.75,7,23,1.0,문자·간판 읽기,5,5,6,7
train,train_5463.jpg,34,10,16.25,18,65,4.25,메뉴·상품,18,15,16,16
train,train_5464.jpg,42,10,8.5,10,34,1.0,전화번호,10,8,8,8
train,train_5465.jpg,30,8,16.0,19,64,3.25,기타,15,15,15,19
train,train_5466.jpg,27,6,9.0,13,36,2.25,기타,8,13,6,9
train,train_5467.jpg,34,9,2.25,3,9,1.0,위치·방향,2,2,2,3
train,train_5468.jpg,34,7,7.25,8,29,3.0,위치·방향,7,7,8,7
train,train_5469.jpg,34,8,14.25,16,57,3.25,위치·방향,12,15,16,14
train,train_5470.jpg,28,8,6.0,6,24,1.0,문자·간판 읽기,6,6,6,6
train,train_5471.jpg,17,4,13.0,13,52,3.0,날짜·시간,13,13,13,13
train,train_5472.jpg,24,6,6.5,9,26,1.5,문자·간판 읽기,3,9,6,8
train,train_5473.jpg,34,7,24.75,26,99,3.75,날짜·시간,26,24,26,23
train,train_5474.jpg,40,10,20.25,22,81,5.25,위치·방향,20,21,22,18
train,train_5475.jpg,28,7,11.5,17,46,2.5,색상,12,5,12,17
train,train_5476.jpg,24,6,13.0,21,52,3.0,문자·간판 읽기,7,21,16,8
train,train_5477.jpg,25,6,7.0,7,28,2.0,문자·간판 읽기,7,7,7,7
train,train_5478.jpg,62,15,19.25,26,77,4.75,기타,20,19,26,12
train,train_5479.jpg,17,4,10.25,13,41,2.5,문자·간판 읽기,13,11,8,9
train,train_5480.jpg,27,7,9.5,15,38,2.25,기타,7,15,8,8
train,train_5481.jpg,43,11,7.5,8,30,2.25,문자·간판 읽기,8,8,8,6
train,train_5482.jpg,20,5,4.0,4,16,1.0,문자·간판 읽기,4,4,4,4
train,train_5483.jpg,29,6,18.0,19,72,1.0,위치·방향,17,19,19,17
train,train_5484.jpg,24,6,16.0,19,64,2.25,문자·간판 읽기,15,19,15,15
train,train_5485.jpg,53,10,6.0,6,24,1.0,가격·금액,6,6,6,6
train,train_5486.jpg,26,6,6.75,9,27,1.25,가격·금액,6,9,6,6
train,train_5487.jpg,28,7,3.75,4,15,1.0,가격·금액,3,4,4,4
train,train_5488.jpg,23,6,8.0,8,32,1.0,가격·금액,8,8,8,8
train,train_5489.jpg,34,9,13.0,13,52,3.0,가격·금액,13,13,13,13
train,train_5490.jpg,33,10,2.5,4,10,1.0,문자·간판 읽기,2,4,2,2
train,train_5491.jpg,47,11,9.5,11,38,3.0,기타,8,10,11,9
train,train_5492.jpg,35,7,12.0,13,48,3.5,문자·간판 읽기,11,11,13,13
train,train_5493.jpg,34,8,7.0,7,28,1.0,가격·금액,7,7,7,7
train,train_5494.jpg,30,8,7.75,13,31,1.75,문자·간판 읽기,8,13,3,7
train,train_5495.jpg,27,7,8.25,11,33,2.25,위치·방향,11,11,5,6
train,train_5496.jpg,28,8,5.25,10,21,1.5,문자·간판 읽기,4,5,2,10
train,train_5497.jpg,45,10,6.25,7,25,1.0,가격·금액,6,6,7,6
train,train_5498.jpg,25,7,4.0,4,16,1.0,문자·간판 읽기,4,4,4,4
train,train_5499.jpg,32,9,6.75,10,27,2.5,기타,6,10,5,6
train,train_5500.jpg,29,8,15.0,20,60,2.5,문자·간판 읽기,15,12,13,20
train,train_5501.jpg,33,8,5.0,6,20,2.25,위치·방향,5,4,6,5
train,train_5502.jpg,31,9,5.25,7,21,1.5,인물·대상,7,6,2,6
train,train_5503.jpg,42,10,1.75,2,7,1.0,문자·간판 읽기,2,2,2,1
train,train_5504.jpg,29,7,9.0,14,36,2.75,기타,9,14,8,5
train,train_5505.jpg,24,6,8.5,9,34,2.0,기타,8,8,9,9
train,train_5506.jpg,42,11,25.75,26,103,6.0,위치·방향,25,26,26,26
train,train_5507.jpg,30,7,9.5,14,38,1.75,문자·간판 읽기,4,11,9,14
train,train_5508.jpg,23,6,9.0,9,36,2.0,문자·간판 읽기,9,9,9,9
train,train_5509.jpg,31,7,9.0,10,36,2.75,문자·간판 읽기,9,10,8,9
train,train_5510.jpg,16,4,10.75,13,43,3.25,메뉴·상품,10,10,13,10
train,train_5511.jpg,31,9,12.5,14,50,3.75,문자·간판 읽기,14,12,14,10
train,train_5512.jpg,34,8,6.5,9,26,1.25,위치·방향,7,5,9,5
train,train_5513.jpg,22,6,14.75,15,59,3.0,문자·간판 읽기,15,14,15,15
train,train_5514.jpg,39,11,7.5,10,30,2.0,문자·간판 읽기,8,10,8,4
train,train_5515.jpg,38,11,4.5,6,18,1.0,문자·간판 읽기,4,4,4,6
train,train_5516.jpg,25,5,6.5,7,26,1.0,가격·금액,6,6,7,7
train,train_5517.jpg,23,6,7.75,11,31,2.25,문자·간판 읽기,7,7,6,11
train,train_5518.jpg,32,7,6.0,6,24,1.0,가격·금액,6,6,6,6
train,train_5519.jpg,26,7,6.25,9,25,1.0,문자·간판 읽기,9,9,3,4
train,train_5520.jpg,35,9,17.0,20,68,4.75,기타,17,20,16,15
train,train_5521.jpg,28,8,5.25,6,21,1.0,문자·간판 읽기,6,5,5,5
train,train_5522.jpg,23,6,5.75,6,23,2.0,문자·간판 읽기,6,5,6,6
train,train_5523.jpg,36,8,7.0,7,28,1.0,가격·금액,7,7,7,7
train,train_5524.jpg,37,7,7.75,10,31,2.25,기타,7,5,10,9
train,train_5525.jpg,39,9,12.75,15,51,3.25,가격·금액,14,12,10,15
train,train_5526.jpg,23,6,5.5,6,22,2.0,기타,6,5,6,5
train,train_5527.jpg,66,19,6.25,7,25,1.0,가격·금액,6,6,7,6
train,train_5528.jpg,36,9,8.0,8,32,1.0,전화번호,8,8,8,8
train,train_5529.jpg,29,8,4.5,7,18,1.0,메뉴·상품,4,3,7,4
train,train_5530.jpg,32,8,13.25,16,53,3.25,기타,13,13,11,16
train,train_5531.jpg,39,10,12.0,13,48,3.0,문자·간판 읽기,13,10,12,13
train,train_5532.jpg,32,9,11.75,18,47,2.5,문자·간판 읽기,18,5,8,16
train,train_5533.jpg,36,10,5.25,7,21,1.0,문자·간판 읽기,7,4,5,5
train,train_5534.jpg,32,9,13.5,17,54,2.25,메뉴·상품,13,15,17,9
train,train_5535.jpg,30,6,5.0,5,20,1.0,가격·금액,5,5,5,5
train,train_5536.jpg,22,6,23.0,23,92,6.0,날짜·시간,23,23,23,23
train,train_5537.jpg,38,7,6.75,7,27,1.0,가격·금액,7,7,7,6
train,train_5538.jpg,47,13,13.25,17,53,4.25,기타,17,11,11,14
train,train_5539.jpg,26,7,7.75,10,31,2.0,문자·간판 읽기,9,7,5,10
train,train_5540.jpg,30,6,10.0,12,40,3.25,기타,12,8,9,11
train,train_5541.jpg,22,6,8.5,9,34,3.0,문자·간판 읽기,9,8,8,9
train,train_5542.jpg,31,6,8.25,11,33,1.25,전화번호,7,10,5,11
train,train_5543.jpg,23,6,4.0,5,16,1.5,문자·간판 읽기,5,3,3,5
train,train_5544.jpg,19,5,4.0,4,16,1.0,전화번호,4,4,4,4
train,train_5545.jpg,25,5,7.0,7,28,1.0,가격·금액,7,7,7,7
train,train_5546.jpg,39,10,3.5,5,14,1.0,문자·간판 읽기,2,4,3,5
train,train_5547.jpg,32,8,3.5,4,14,1.0,색상,4,3,3,4
train,train_5548.jpg,28,7,3.0,3,12,1.0,문자·간판 읽기,3,3,3,3
train,train_5549.jpg,28,6,7.75,10,31,2.5,인물·대상,10,6,8,7
train,train_5550.jpg,24,7,3.0,5,12,1.25,메뉴·상품,5,1,3,3
train,train_5551.jpg,29,7,18.75,24,75,4.25,위치·방향,16,15,20,24
train,train_5552.jpg,36,9,13.5,14,54,4.0,문자·간판 읽기,13,13,14,14
train,train_5553.jpg,16,4,4.25,5,17,1.0,문자·간판 읽기,4,4,4,5
train,train_5554.jpg,44,12,11.25,14,45,3.25,기타,10,10,14,11
train,train_5555.jpg,34,9,6.0,9,24,1.5,문자·간판 읽기,9,3,8,4
train,train_5556.jpg,47,12,7.5,12,30,2.25,기타,6,6,6,12
train,train_5557.jpg,25,6,4.75,8,19,1.0,문자·간판 읽기,2,5,4,8
train,train_5558.jpg,21,5,7.25,8,29,2.0,위치·방향,8,7,7,7
train,train_5559.jpg,22,6,8.75,9,35,1.0,문자·간판 읽기,9,9,9,8
train,train_5560.jpg,49,11,3.25,4,13,1.0,가격·금액,3,3,3,4
train,train_5561.jpg,26,6,6.25,8,25,2.0,가격·금액,6,6,5,8
train,train_5562.jpg,16,4,9.25,11,37,2.75,문자·간판 읽기,11,10,6,10
train,train_5563.jpg,23,6,13.5,17,54,3.5,문자·간판 읽기,11,17,15,11
train,train_5564.jpg,42,11,32.0,62,128,5.5,문자·간판 읽기,7,15,44,62
train,train_5565.jpg,57,15,7.0,9,28,1.75,위치·방향,7,7,9,5
train,train_5566.jpg,26,7,13.0,18,52,2.25,메뉴·상품,12,18,12,10
train,train_5567.jpg,38,9,1.0,1,4,1.0,색상,1,1,1,1
train,train_5568.jpg,41,13,6.0,9,24,1.0,문자·간판 읽기,3,5,7,9
train,train_5569.jpg,28,5,10.5,11,42,3.0,날짜·시간,11,10,11,10
train,train_5570.jpg,20,5,3.75,5,15,1.0,문자·간판 읽기,5,3,4,3
train,train_5571.jpg,16,4,15.75,20,63,2.0,메뉴·상품,20,16,14,13
train,train_5572.jpg,28,7,7.0,11,28,1.25,색상,6,6,11,5
train,train_5573.jpg,28,6,8.75,13,35,1.75,문자·간판 읽기,10,4,13,8
train,train_5574.jpg,77,13,3.0,3,12,1.0,가격·금액,3,3,3,3
train,train_5575.jpg,28,6,6.75,7,27,1.0,가격·금액,7,7,7,6
train,train_5576.jpg,29,7,8.0,8,32,2.0,전화번호,8,8,8,8
train,train_5577.jpg,35,9,6.0,6,24,2.0,문자·간판 읽기,6,6,6,6
train,train_5578.jpg,29,6,13.5,15,54,3.75,문자·간판 읽기,15,14,12,13
train,train_5579.jpg,52,14,5.75,6,23,1.0,기타,6,6,6,5
train,train_5580.jpg,44,12,12.75,14,51,4.0,문자·간판 읽기,14,13,12,12
train,train_5581.jpg,25,6,10.75,19,43,3.25,메뉴·상품,9,7,19,8
train,train_5582.jpg,26,6,8.0,12,32,1.75,위치·방향,10,12,6,4
train,train_5583.jpg,32,7,8.0,8,32,1.0,가격·금액,8,8,8,8
train,train_5584.jpg,33,9,15.0,16,60,3.0,문자·간판 읽기,14,15,15,16
train,train_5585.jpg,29,7,19.0,22,76,4.0,문자·간판 읽기,16,17,21,22
train,train_5586.jpg,29,8,12.0,21,48,2.5,문자·간판 읽기,7,10,10,21
train,train_5587.jpg,37,9,8.5,9,34,2.0,메뉴·상품,8,9,9,8
train,train_5588.jpg,18,5,9.0,9,36,3.0,문자·간판 읽기,9,9,9,9
train,train_5589.jpg,36,10,17.25,25,69,5.5,기타,19,25,14,11
train,train_5590.jpg,30,7,6.0,7,24,1.25,가격·금액,5,7,5,7
train,train_5591.jpg,29,8,5.5,7,22,1.0,문자·간판 읽기,5,6,7,4
train,train_5592.jpg,22,5,4.0,4,16,1.0,전화번호,4,4,4,4
train,train_5593.jpg,31,7,2.0,2,8,1.0,위치·방향,2,2,2,2
train,train_5594.jpg,24,6,6.0,7,24,1.0,위치·방향,6,6,7,5
train,train_5595.jpg,27,7,6.0,9,24,1.5,색상,6,9,3,6
train,train_5596.jpg,16,4,4.0,5,16,1.0,문자·간판 읽기,5,4,5,2
train,train_5597.jpg,23,5,9.5,12,38,1.0,전화번호,12,8,8,10
train,train_5598.jpg,36,9,9.25,18,37,3.0,메뉴·상품,5,5,9,18
train,train_5599.jpg,44,11,3.5,5,14,1.25,문자·간판 읽기,4,2,5,3
train,train_5600.jpg,21,5,10.75,12,43,1.75,위치·방향,12,12,12,7
train,train_5601.jpg,22,5,10.5,13,42,1.5,문자·간판 읽기,12,13,8,9
train,train_5602.jpg,31,8,7.75,10,31,1.25,위치·방향,7,7,10,7
train,train_5603.jpg,35,9,6.0,6,24,1.0,가격·금액,6,6,6,6
train,train_5604.jpg,32,5,22.5,23,90,5.0,날짜·시간,23,22,22,23
train,train_5605.jpg,31,8,13.0,13,52,5.0,가격·금액,13,13,13,13
train,train_5606.jpg,34,9,26.0,27,104,5.5,기타,27,25,27,25
train,train_5607.jpg,28,7,8.0,10,32,2.5,메뉴·상품,8,5,10,9
train,train_5608.jpg,50,13,9.75,12,39,2.75,문자·간판 읽기,8,12,11,8
train,train_5609.jpg,30,8,4.25,6,17,1.5,기타,3,6,5,3
train,train_5610.jpg,17,4,5.25,9,21,1.5,기타,3,3,9,6
train,train_5611.jpg,20,5,19.25,21,77,4.0,문자·간판 읽기,20,18,18,21
train,train_5612.jpg,29,5,13.0,13,52,3.0,날짜·시간,13,13,13,13
train,train_5613.jpg,39,8,6.0,8,24,1.0,가격·금액,4,7,5,8
train,train_5614.jpg,29,5,6.0,6,24,1.0,가격·금액,6,6,6,6
train,train_5615.jpg,19,5,5.5,6,22,2.0,문자·간판 읽기,6,5,6,5
train,train_5616.jpg,16,4,4.5,6,18,1.0,문자·간판 읽기,6,5,4,3
train,train_5617.jpg,38,12,9.25,10,37,2.25,문자·간판 읽기,10,7,10,10
train,train_5618.jpg,39,11,7.0,9,28,2.0,위치·방향,8,9,4,7
train,train_5619.jpg,61,14,5.75,8,23,1.0,날짜·시간,8,3,4,8
train,train_5620.jpg,40,10,4.5,5,18,1.0,문자·간판 읽기,4,5,4,5
train,train_5621.jpg,30,8,7.75,9,31,1.0,문자·간판 읽기,8,6,8,9
train,train_5622.jpg,47,11,9.25,10,37,3.75,기타,10,10,10,7
train,train_5623.jpg,24,6,13.75,21,55,3.0,문자·간판 읽기,10,11,21,13
train,train_5624.jpg,53,11,12.5,15,50,4.0,인물·대상,10,13,15,12
train,train_5625.jpg,35,10,6.0,8,24,1.5,위치·방향,7,8,4,5
train,train_5626.jpg,20,5,5.0,5,20,1.0,문자·간판 읽기,5,5,5,5
train,train_5627.jpg,22,6,10.5,13,42,1.5,문자·간판 읽기,9,12,13,8
train,train_5628.jpg,25,6,10.0,10,40,1.0,전화번호,10,10,10,10
train,train_5629.jpg,23,6,3.0,3,12,1.0,문자·간판 읽기,3,3,3,3
train,train_5630.jpg,54,12,9.75,11,39,3.5,기타,9,9,11,10
train,train_5631.jpg,30,6,5.75,6,23,2.0,가격·금액,6,6,6,5
train,train_5632.jpg,28,6,13.25,16,53,1.25,메뉴·상품,9,14,16,14
train,train_5633.jpg,23,6,5.5,6,22,2.0,문자·간판 읽기,5,5,6,6
train,train_5634.jpg,50,11,6.0,12,24,1.25,위치·방향,3,4,5,12
train,train_5635.jpg,23,6,4.0,4,16,1.0,문자·간판 읽기,4,4,4,4
train,train_5636.jpg,16,4,15.0,15,60,1.0,문자·간판 읽기,15,15,15,15
train,train_5637.jpg,58,11,3.0,3,12,1.0,날짜·시간,3,3,3,3
train,train_5638.jpg,19,5,7.0,7,28,2.0,가격·금액,7,7,7,7
train,train_5639.jpg,36,8,29.0,29,116,9.0,가격·금액,29,29,29,29
train,train_5640.jpg,28,8,11.0,11,44,3.0,기타,11,11,11,11
train,train_5641.jpg,42,11,6.25,7,25,1.5,위치·방향,6,7,5,7
train,train_5642.jpg,29,8,27.75,30,111,6.0,위치·방향,25,27,30,29
train,train_5643.jpg,49,14,10.75,14,43,3.25,기타,10,10,14,9
train,train_5644.jpg,19,5,5.5,7,22,1.0,문자·간판 읽기,7,5,5,5
train,train_5645.jpg,23,5,3.25,5,13,1.0,기타,5,2,2,4
train,train_5646.jpg,26,7,10.75,14,43,2.75,문자·간판 읽기,14,10,8,11
train,train_5647.jpg,28,8,3.25,4,13,1.0,문자·간판 읽기,4,3,3,3
train,train_5648.jpg,24,6,4.0,4,16,1.0,문자·간판 읽기,4,4,4,4
train,train_5649.jpg,17,4,14.75,18,59,2.5,문자·간판 읽기,12,18,18,11
train,train_5650.jpg,26,7,2.25,3,9,1.0,기타,3,2,2,2
train,train_5651.jpg,54,13,20.0,21,80,5.0,날짜·시간,21,21,19,19
train,train_5652.jpg,32,7,6.75,7,27,1.0,가격·금액,7,7,6,7
train,train_5653.jpg,24,6,4.75,6,19,1.0,문자·간판 읽기,6,5,4,4
train,train_5654.jpg,40,9,6.25,8,25,1.5,문자·간판 읽기,8,7,6,4
train,train_5655.jpg,26,6,12.5,18,50,3.75,기타,11,11,18,10
train,train_5656.jpg,22,5,12.25,13,49,1.0,전화번호,12,13,12,12
train,train_5657.jpg,28,8,7.25,8,29,2.0,문자·간판 읽기,8,8,7,6
train,train_5658.jpg,25,7,6.25,9,25,1.25,문자·간판 읽기,4,5,9,7
train,train_5659.jpg,25,7,4.25,5,17,1.0,문자·간판 읽기,4,5,4,4
train,train_5660.jpg,25,6,3.75,5,15,1.0,문자·간판 읽기,3,5,4,3
train,train_5661.jpg,50,12,4.25,6,17,1.0,기타,4,6,4,3
train,train_5662.jpg,32,6,9.0,9,36,2.0,날짜·시간,9,9,9,9
train,train_5663.jpg,36,9,8.0,11,32,1.25,위치·방향,8,8,11,5
train,train_5664.jpg,18,4,12.0,13,48,1.0,전화번호,13,11,12,12
train,train_5665.jpg,26,7,4.0,4,16,1.0,가격·금액,4,4,4,4
train,train_5666.jpg,31,8,6.25,9,25,1.75,위치·방향,4,9,7,5
train,train_5667.jpg,36,7,2.75,5,11,1.0,가격·금액,2,2,2,5
train,train_5668.jpg,31,7,8.0,8,32,1.0,전화번호,8,8,8,8
train,train_5669.jpg,27,7,4.75,8,19,1.0,문자·간판 읽기,8,4,2,5
train,train_5670.jpg,42,9,6.25,7,25,1.0,가격·금액,6,6,7,6
train,train_5671.jpg,23,6,4.75,8,19,1.25,문자·간판 읽기,3,8,5,3
train,train_5672.jpg,19,5,10.5,12,42,3.25,문자·간판 읽기,11,9,10,12
train,train_5673.jpg,19,5,5.75,9,23,1.75,문자·간판 읽기,9,5,6,3
train,train_5674.jpg,27,6,19.5,24,78,5.5,색상,17,18,24,19
train,train_5675.jpg,40,12,7.0,11,28,1.25,기타,6,6,11,5
train,train_5676.jpg,37,8,23.25,27,93,6.0,문자·간판 읽기,24,22,20,27
train,train_5677.jpg,35,10,6.75,9,27,2.0,메뉴·상품,9,7,6,5
train,train_5678.jpg,20,5,13.0,16,52,4.0,문자·간판 읽기,13,16,10,13
train,train_5679.jpg,38,11,6.75,15,27,1.0,기타,2,15,6,4
train,train_5680.jpg,28,7,6.25,8,25,1.0,위치·방향,4,8,7,6
train,train_5681.jpg,24,5,8.0,9,32,1.0,기타,9,9,7,7
train,train_5682.jpg,25,5,6.0,6,24,1.0,가격·금액,6,6,6,6
train,train_5683.jpg,26,7,4.5,7,18,1.5,기타,7,6,3,2
train,train_5684.jpg,36,8,17.25,24,69,4.5,기타,17,14,24,14
train,train_5685.jpg,40,10,2.0,2,8,1.0,기타,2,2,2,2
train,train_5686.jpg,26,7,5.25,7,21,2.25,기타,5,4,7,5
train,train_5687.jpg,33,7,22.0,27,88,5.5,기타,22,20,27,19
train,train_5688.jpg,16,4,4.25,5,17,1.0,메뉴·상품,4,5,4,4
train,train_5689.jpg,27,7,7.0,7,28,2.0,기타,7,7,7,7
train,train_5690.jpg,28,8,7.5,8,30,2.0,문자·간판 읽기,7,8,7,8
train,train_5691.jpg,35,7,5.0,5,20,1.0,가격·금액,5,5,5,5
train,train_5692.jpg,39,8,7.0,7,28,1.0,메뉴·상품,7,7,7,7
train,train_5693.jpg,31,7,3.75,4,15,1.0,문자·간판 읽기,4,4,3,4
train,train_5694.jpg,20,5,3.25,5,13,1.0,문자·간판 읽기,3,5,3,2
train,train_5695.jpg,26,6,3.75,4,15,1.0,문자·간판 읽기,4,4,4,3
train,train_5696.jpg,44,10,9.25,12,37,3.0,위치·방향,12,5,11,9
train,train_5697.jpg,36,10,12.75,15,51,4.25,가격·금액,15,15,11,10
train,train_5698.jpg,39,8,7.5,9,30,2.0,기타,9,9,6,6
train,train_5699.jpg,26,5,7.0,7,28,1.0,가격·금액,7,7,7,7
train,train_5700.jpg,69,12,3.5,4,14,1.0,기타,2,4,4,4
train,train_5701.jpg,30,9,22.5,25,90,3.25,문자·간판 읽기,20,21,24,25
train,train_5702.jpg,36,9,4.5,5,18,1.75,기타,5,4,5,4
train,train_5703.jpg,29,6,2.25,3,9,1.0,메뉴·상품,3,2,2,2
train,train_5704.jpg,21,6,9.75,11,39,2.0,문자·간판 읽기,11,10,9,9
train,train_5705.jpg,23,6,7.0,8,28,1.75,문자·간판 읽기,8,4,8,8
train,train_5706.jpg,30,8,8.5,10,34,2.0,위치·방향,8,9,7,10
train,train_5707.jpg,70,17,19.25,20,77,5.75,문자·간판 읽기,20,18,20,19
train,train_5708.jpg,28,7,11.5,16,46,3.75,색상,16,10,8,12
train,train_5709.jpg,17,4,5.75,7,23,1.25,문자·간판 읽기,6,4,6,7
train,train_5710.jpg,30,8,4.0,7,16,1.0,문자·간판 읽기,3,7,3,3
train,train_5711.jpg,22,6,11.25,12,45,2.0,문자·간판 읽기,11,11,12,11
train,train_5712.jpg,38,9,5.75,7,23,1.75,색상,4,6,6,7
train,train_5713.jpg,35,10,8.25,11,33,1.75,위치·방향,6,11,5,11
train,train_5714.jpg,30,8,9.0,9,36,2.0,문자·간판 읽기,9,9,9,9
train,train_5715.jpg,21,6,5.25,6,21,1.0,문자·간판 읽기,6,6,5,4
train,train_5716.jpg,45,12,6.75,7,27,2.0,문자·간판 읽기,7,7,6,7
train,train_5717.jpg,33,7,12.0,12,48,1.0,전화번호,12,12,12,12
train,train_5718.jpg,49,12,8.75,12,35,2.25,기타,7,5,11,12
train,train_5719.jpg,23,5,6.25,7,25,1.0,가격·금액,6,6,6,7
train,train_5720.jpg,25,7,9.75,14,39,2.5,색상,13,4,14,8
train,train_5721.jpg,32,8,4.25,8,17,1.25,기타,8,3,3,3
train,train_5722.jpg,37,8,5.25,6,21,2.0,문자·간판 읽기,6,5,5,5
train,train_5723.jpg,37,7,3.5,5,14,1.0,가격·금액,3,3,3,5
train,train_5724.jpg,28,7,13.0,15,52,2.5,문자·간판 읽기,13,12,15,12
train,train_5725.jpg,38,8,13.75,18,55,3.5,메뉴·상품,18,14,12,11
train,train_5726.jpg,35,11,6.75,9,27,2.25,위치·방향,9,7,6,5
train,train_5727.jpg,38,11,32.25,51,129,7.25,문자·간판 읽기,51,26,28,24
train,train_5728.jpg,30,6,6.0,6,24,1.0,가격·금액,6,6,6,6
train,train_5729.jpg,53,11,11.0,11,44,3.0,날짜·시간,11,11,11,11
train,train_5730.jpg,44,12,4.0,4,16,1.0,위치·방향,4,4,4,4
train,train_5731.jpg,29,7,2.5,3,10,1.0,위치·방향,2,3,3,2
train,train_5732.jpg,46,12,3.75,5,15,1.0,문자·간판 읽기,3,5,3,4
train,train_5733.jpg,31,8,13.0,13,52,2.0,전화번호,13,13,13,13
train,train_5734.jpg,37,9,9.75,12,39,1.0,전화번호,12,8,11,8
train,train_5735.jpg,48,11,2.25,3,9,1.0,가격·금액,2,2,3,2
train,train_5736.jpg,27,8,5.0,6,20,1.75,기타,4,6,6,4
train,train_5737.jpg,27,6,6.25,7,25,2.0,기타,6,6,7,6
train,train_5738.jpg,16,4,7.0,9,28,1.75,문자·간판 읽기,4,8,7,9
train,train_5739.jpg,47,12,7.25,11,29,2.0,문자·간판 읽기,5,11,9,4
train,train_5740.jpg,24,6,4.5,7,18,1.25,문자·간판 읽기,4,4,3,7
train,train_5741.jpg,19,5,25.25,28,101,3.0,메뉴·상품,24,25,28,24
train,train_5742.jpg,34,8,3.75,4,15,1.0,가격·금액,4,4,3,4
train,train_5743.jpg,31,7,1.75,2,7,1.0,위치·방향,1,2,2,2
train,train_5744.jpg,24,6,3.0,5,12,1.0,위치·방향,5,2,2,3
train,train_5745.jpg,27,7,10.5,11,42,2.0,색상,10,10,11,11
train,train_5746.jpg,16,4,9.25,11,37,3.0,메뉴·상품,8,11,9,9
train,train_5747.jpg,33,8,3.0,3,12,1.0,가격·금액,3,3,3,3
train,train_5748.jpg,23,6,6.25,9,25,1.25,문자·간판 읽기,9,5,7,4
train,train_5749.jpg,29,6,17.75,30,71,3.0,메뉴·상품,18,30,12,11
train,train_5750.jpg,28,6,4.25,5,17,1.0,가격·금액,4,5,4,4
train,train_5751.jpg,16,4,5.75,6,23,2.0,문자·간판 읽기,6,5,6,6
train,train_5752.jpg,36,10,22.75,27,91,5.75,문자·간판 읽기,21,25,18,27
train,train_5753.jpg,27,7,11.75,13,47,1.0,전화번호,12,13,9,13
train,train_5754.jpg,69,17,6.0,6,24,2.0,인물·대상,6,6,6,6
train,train_5755.jpg,29,7,8.75,12,35,2.25,문자·간판 읽기,9,12,3,11
train,train_5756.jpg,37,10,15.25,24,61,4.0,문자·간판 읽기,11,24,14,12
train,train_5757.jpg,20,5,7.25,8,29,2.0,문자·간판 읽기,7,8,7,7
train,train_5758.jpg,53,14,10.75,16,43,3.75,인물·대상,16,8,11,8
train,train_5759.jpg,39,10,9.0,12,36,2.5,기타,8,9,7,12
train,train_5760.jpg,25,5,5.5,6,22,1.0,가격·금액,5,5,6,6
train,train_5761.jpg,30,8,12.25,13,49,3.0,기타,12,13,11,13
train,train_5762.jpg,23,6,5.25,6,21,1.0,메뉴·상품,6,4,6,5
train,train_5763.jpg,40,8,3.75,5,15,1.0,위치·방향,4,5,3,3
train,train_5764.jpg,27,8,10.0,10,40,3.0,위치·방향,10,10,10,10
train,train_5765.jpg,20,5,8.75,13,35,1.25,문자·간판 읽기,9,6,13,7
train,train_5766.jpg,31,9,21.0,34,84,3.25,문자·간판 읽기,14,26,10,34
train,train_5767.jpg,53,14,2.5,3,10,1.0,위치·방향,3,2,2,3
train,train_5768.jpg,29,7,10.5,13,42,1.75,문자·간판 읽기,6,11,12,13
train,train_5769.jpg,30,7,7.0,9,28,1.5,문자·간판 읽기,6,8,5,9
train,train_5770.jpg,22,6,10.25,11,41,2.0,문자·간판 읽기,10,9,11,11
train,train_5771.jpg,41,10,15.25,16,61,2.5,위치·방향,16,16,14,15
train,train_5772.jpg,35,9,1.0,1,4,1.0,색상,1,1,1,1
train,train_5773.jpg,45,11,6.5,9,26,1.5,문자·간판 읽기,6,9,6,5
train,train_5774.jpg,25,7,12.75,17,51,2.75,문자·간판 읽기,13,6,17,15
train,train_5775.jpg,16,4,17.0,18,68,3.0,문자·간판 읽기,17,16,18,17
train,train_5776.jpg,32,8,2.0,2,8,1.0,수량·계수,2,2,2,2
train,train_5777.jpg,35,8,5.25,8,21,1.75,위치·방향,3,8,4,6
train,train_5778.jpg,53,15,8.75,9,35,1.0,문자·간판 읽기,9,9,9,8
train,train_5779.jpg,27,7,6.5,14,26,1.5,문자·간판 읽기,3,4,14,5
train,train_5780.jpg,44,13,11.0,14,44,3.75,문자·간판 읽기,8,14,10,12
train,train_5781.jpg,16,4,5.0,6,20,1.0,문자·간판 읽기,4,5,6,5
train,train_5782.jpg,37,10,20.5,24,82,4.25,색상,21,24,13,24
train,train_5783.jpg,24,7,17.0,26,68,2.25,문자·간판 읽기,12,15,15,26
train,train_5784.jpg,15,4,15.0,27,60,4.5,기타,9,27,12,12
train,train_5785.jpg,37,9,12.25,13,49,3.0,기타,12,13,11,13
train,train_5786.jpg,32,6,5.5,6,22,1.0,가격·금액,6,4,6,6
train,train_5787.jpg,21,5,6.5,9,26,1.75,기타,9,6,8,3
train,train_5788.jpg,29,7,3.75,4,15,1.0,문자·간판 읽기,4,3,4,4
train,train_5789.jpg,28,6,13.25,16,53,3.5,날짜·시간,15,15,7,16
train,train_5790.jpg,42,7,16.0,16,64,1.0,날짜·시간,16,16,16,16
train,train_5791.jpg,48,10,7.5,8,30,2.0,위치·방향,7,7,8,8
train,train_5792.jpg,30,7,16.0,17,64,3.0,문자·간판 읽기,16,17,15,16
train,train_5793.jpg,28,8,6.0,9,24,2.0,기타,9,7,6,2
train,train_5794.jpg,25,5,4.25,6,17,1.0,메뉴·상품,4,4,3,6
train,train_5795.jpg,23,5,11.75,13,47,3.0,날짜·시간,13,11,11,12
train,train_5796.jpg,25,7,15.5,22,62,3.0,문자·간판 읽기,15,14,11,22
train,train_5797.jpg,40,11,13.25,15,53,4.0,색상,15,13,15,10
train,train_5798.jpg,27,7,5.0,10,20,1.5,메뉴·상품,10,3,4,3
train,train_5799.jpg,46,11,24.25,45,97,5.0,색상,45,20,17,15
train,train_5800.jpg,42,9,1.0,1,4,1.0,색상,1,1,1,1
train,train_5801.jpg,33,8,4.0,4,16,1.0,전화번호,4,4,4,4
train,train_5802.jpg,28,7,4.0,4,16,1.0,문자·간판 읽기,4,4,4,4
train,train_5803.jpg,33,7,5.5,9,22,2.0,기타,6,5,9,2
train,train_5804.jpg,34,9,9.5,11,38,1.0,문자·간판 읽기,11,11,8,8
train,train_5805.jpg,23,5,3.0,4,12,1.0,수량·계수,3,2,4,3
train,train_5806.jpg,30,7,12.0,12,48,1.0,기타,12,12,12,12
train,train_5807.jpg,24,6,3.25,4,13,1.0,가격·금액,3,4,3,3
train,train_5808.jpg,54,12,7.75,12,31,2.5,가격·금액,5,8,12,6
train,train_5809.jpg,35,7,4.0,4,16,1.0,문자·간판 읽기,4,4,4,4
train,train_5810.jpg,21,5,3.75,5,15,1.0,위치·방향,3,4,5,3
train,train_5811.jpg,15,4,4.0,7,16,1.0,문자·간판 읽기,2,3,7,4
train,train_5812.jpg,23,6,7.5,10,30,2.0,문자·간판 읽기,6,8,10,6
train,train_5813.jpg,28,7,2.0,2,8,1.0,문자·간판 읽기,2,2,2,2
train,train_5814.jpg,32,8,3.0,3,12,1.0,가격·금액,3,3,3,3
train,train_5815.jpg,19,5,3.75,5,15,1.0,문자·간판 읽기,3,4,5,3
train,train_5816.jpg,23,5,6.5,8,26,2.0,문자·간판 읽기,6,5,7,8
train,train_5817.jpg,45,11,14.25,16,57,3.0,가격·금액,16,14,13,14
train,train_5818.jpg,27,7,5.5,6,22,1.0,위치·방향,6,5,6,5
train,train_5819.jpg,23,6,12.75,14,51,1.75,문자·간판 읽기,14,12,12,13
train,train_5820.jpg,41,10,19.25,23,77,5.25,기타,18,23,18,18
train,train_5821.jpg,32,8,3.0,3,12,1.0,문자·간판 읽기,3,3,3,3
train,train_5822.jpg,38,10,11.0,18,44,2.25,가격·금액,18,16,4,6
train,train_5823.jpg,55,14,34.5,51,138,9.75,기타,27,30,30,51
train,train_5824.jpg,21,6,20.0,26,80,3.5,문자·간판 읽기,16,19,19,26
train,train_5825.jpg,25,7,9.5,12,38,2.75,문자·간판 읽기,6,12,12,8
train,train_5826.jpg,30,8,4.25,5,17,1.0,문자·간판 읽기,5,4,4,4
train,train_5827.jpg,52,10,12.75,13,51,1.0,전화번호,13,12,13,13
train,train_5828.jpg,35,9,24.5,29,98,5.5,문자·간판 읽기,21,23,25,29
train,train_5829.jpg,30,6,3.0,3,12,1.0,가격·금액,3,3,3,3
train,train_5830.jpg,42,11,3.75,4,15,1.0,가격·금액,3,4,4,4
train,train_5831.jpg,23,6,7.0,11,28,2.0,문자·간판 읽기,5,5,7,11
train,train_5832.jpg,15,4,8.0,18,32,2.0,기타,4,18,6,4
train,train_5833.jpg,31,7,9.25,13,37,1.0,전화번호,8,8,13,8
train,train_5834.jpg,34,8,11.0,11,44,1.0,전화번호,11,11,11,11
train,train_5835.jpg,28,7,4.5,5,18,1.0,문자·간판 읽기,5,4,5,4
train,train_5836.jpg,26,7,5.25,7,21,1.0,문자·간판 읽기,6,4,7,4
train,train_5837.jpg,47,11,9.0,13,36,2.0,기타,13,7,9,7
train,train_5838.jpg,23,6,12.5,15,50,1.75,문자·간판 읽기,12,9,15,14
train,train_5839.jpg,50,13,5.5,7,22,1.5,메뉴·상품,6,5,7,4
train,train_5840.jpg,29,7,9.0,10,36,2.0,색상,10,10,8,8
train,train_5841.jpg,37,10,11.5,13,46,3.0,문자·간판 읽기,11,12,13,10
train,train_5842.jpg,27,7,4.25,5,17,1.0,위치·방향,4,5,5,3
train,train_5843.jpg,47,10,3.0,5,12,1.0,문자·간판 읽기,2,3,2,5
train,train_5844.jpg,44,10,10.25,11,41,3.0,기타,10,11,9,11
train,train_5845.jpg,32,10,3.25,4,13,1.0,문자·간판 읽기,3,3,3,4
train,train_5846.jpg,19,5,8.25,9,33,2.0,문자·간판 읽기,8,9,8,8
train,train_5847.jpg,33,8,4.5,5,18,1.0,색상,4,5,5,4
train,train_5848.jpg,44,11,5.25,7,21,1.25,색상,7,5,3,6
train,train_5849.jpg,39,10,24.0,24,96,3.0,날짜·시간,24,24,24,24
train,train_5850.jpg,37,9,2.25,3,9,1.0,기타,2,2,2,3
train,train_5851.jpg,23,6,10.75,15,43,2.25,문자·간판 읽기,10,15,14,4
train,train_5852.jpg,23,6,6.25,7,25,1.75,문자·간판 읽기,6,7,7,5
train,train_5853.jpg,19,5,6.25,9,25,1.25,문자·간판 읽기,7,9,5,4
train,train_5854.jpg,32,5,6.0,6,24,1.0,가격·금액,6,6,6,6
train,train_5855.jpg,29,9,9.5,10,38,2.0,문자·간판 읽기,9,9,10,10
train,train_5856.jpg,26,8,13.0,16,52,3.75,문자·간판 읽기,12,12,12,16
train,train_5857.jpg,40,10,4.5,8,18,1.5,기타,5,2,8,3
train,train_5858.jpg,21,5,12.0,16,48,3.25,기타,10,16,10,12
train,train_5859.jpg,31,9,5.0,6,20,2.0,기타,4,5,6,5
train,train_5860.jpg,17,4,19.25,24,77,4.75,문자·간판 읽기,16,18,19,24
train,train_5861.jpg,49,10,7.0,9,28,2.25,기타,4,7,9,8
train,train_5862.jpg,25,7,6.25,9,25,1.0,문자·간판 읽기,3,9,9,4
train,train_5863.jpg,27,7,7.25,14,29,1.25,문자·간판 읽기,14,6,3,6
train,train_5864.jpg,33,8,10.5,12,42,3.5,기타,10,11,9,12
train,train_5865.jpg,44,10,4.25,6,17,1.25,위치·방향,6,5,3,3
train,train_5866.jpg,26,7,19.5,24,78,3.0,문자·간판 읽기,20,16,18,24
train,train_5867.jpg,36,8,5.5,6,22,2.0,메뉴·상품,5,6,6,5
train,train_5868.jpg,40,10,6.0,6,24,1.0,메뉴·상품,6,6,6,6
train,train_5869.jpg,31,8,5.25,6,21,2.0,기타,4,6,6,5
train,train_5870.jpg,34,8,6.0,6,24,1.0,가격·금액,6,6,6,6
train,train_5871.jpg,23,6,10.5,12,42,1.0,문자·간판 읽기,10,11,9,12
train,train_5872.jpg,37,9,11.5,14,46,3.0,위치·방향,10,11,11,14
train,train_5873.jpg,43,11,3.5,5,14,1.0,위치·방향,3,5,3,3
train,train_5874.jpg,34,10,16.5,18,66,3.0,문자·간판 읽기,18,15,17,16
train,train_5875.jpg,35,8,11.0,14,44,3.5,메뉴·상품,12,12,6,14
train,train_5876.jpg,59,15,17.0,21,68,4.75,색상,19,15,21,13
train,train_5877.jpg,28,8,2.75,3,11,1.0,수량·계수,3,2,3,3
train,train_5878.jpg,28,8,7.5,8,30,3.0,문자·간판 읽기,7,7,8,8
train,train_5879.jpg,61,14,4.5,6,18,1.0,문자·간판 읽기,6,4,4,4
train,train_5880.jpg,34,8,2.25,3,9,1.0,위치·방향,3,2,2,2
train,train_5881.jpg,16,4,7.75,8,31,2.0,문자·간판 읽기,8,7,8,8
train,train_5882.jpg,23,5,6.0,7,24,1.0,문자·간판 읽기,7,6,5,6
train,train_5883.jpg,64,16,1.25,2,5,1.0,전화번호,1,1,2,1
train,train_5884.jpg,23,6,5.0,5,20,1.0,날짜·시간,5,5,5,5
train,train_5885.jpg,33,7,10.5,12,42,3.0,메뉴·상품,12,9,12,9
train,train_5886.jpg,24,5,3.0,3,12,1.0,가격·금액,3,3,3,3
train,train_5887.jpg,44,10,8.0,8,32,1.0,전화번호,8,8,8,8
train,train_5888.jpg,35,10,5.5,7,22,1.25,문자·간판 읽기,5,7,5,5
train,train_5889.jpg,37,8,17.5,28,70,3.25,기타,14,28,13,15
train,train_5890.jpg,26,7,16.5,18,66,2.0,문자·간판 읽기,18,15,18,15
train,train_5891.jpg,27,8,7.0,15,28,1.75,메뉴·상품,5,5,15,3
train,train_5892.jpg,40,9,11.5,12,46,3.0,문자·간판 읽기,11,12,12,11
train,train_5893.jpg,18,5,3.0,3,12,1.0,위치·방향,3,3,3,3
train,train_5894.jpg,29,8,9.25,11,37,2.5,문자·간판 읽기,10,7,11,9
train,train_5895.jpg,35,9,17.5,25,70,4.0,문자·간판 읽기,15,25,10,20
train,train_5896.jpg,26,7,5.0,6,20,1.0,가격·금액,4,6,4,6
train,train_5897.jpg,24,6,14.5,16,58,4.0,문자·간판 읽기,16,13,13,16
train,train_5898.jpg,31,8,10.0,13,40,1.75,문자·간판 읽기,12,8,13,7
train,train_5899.jpg,39,11,2.75,5,11,1.25,수량·계수,2,2,5,2
train,train_5900.jpg,41,9,11.0,11,44,1.0,전화번호,11,11,11,11
train,train_5901.jpg,33,9,8.0,8,32,1.0,기타,8,8,8,8
train,train_5902.jpg,48,11,5.75,6,23,2.0,문자·간판 읽기,6,5,6,6
train,train_5903.jpg,30,7,4.0,4,16,1.0,가격·금액,4,4,4,4
train,train_5904.jpg,24,7,5.75,6,23,1.0,문자·간판 읽기,5,6,6,6
train,train_5905.jpg,33,9,11.0,12,44,3.5,문자·간판 읽기,12,10,12,10
train,train_5906.jpg,43,11,3.5,6,14,1.5,기타,6,1,2,5
train,train_5907.jpg,23,6,20.75,22,83,6.0,문자·간판 읽기,20,20,22,21
train,train_5908.jpg,39,6,7.0,7,28,1.0,가격·금액,7,7,7,7
train,train_5909.jpg,31,7,7.0,9,28,2.25,기타,6,6,7,9
train,train_5910.jpg,25,6,5.75,7,23,1.5,문자·간판 읽기,7,6,4,6
train,train_5911.jpg,28,6,23.25,24,93,5.0,날짜·시간,24,24,23,22
train,train_5912.jpg,28,6,9.0,10,36,3.0,기타,8,10,10,8
train,train_5913.jpg,26,7,4.75,6,19,1.25,문자·간판 읽기,4,6,6,3
train,train_5914.jpg,40,10,6.5,8,26,2.0,메뉴·상품,8,6,5,7
train,train_5915.jpg,45,13,7.75,9,31,2.75,기타,8,6,8,9
train,train_5916.jpg,23,6,8.0,11,32,1.25,문자·간판 읽기,11,11,6,4
train,train_5917.jpg,34,9,2.0,2,8,1.0,수량·계수,2,2,2,2
train,train_5918.jpg,38,7,20.5,21,82,6.0,날짜·시간,21,21,20,20
train,train_5919.jpg,56,15,12.5,13,50,1.0,전화번호,13,11,13,13
train,train_5920.jpg,42,10,12.0,12,48,1.0,전화번호,12,12,12,12
train,train_5921.jpg,39,10,6.0,6,24,1.0,가격·금액,6,6,6,6
train,train_5922.jpg,20,5,6.5,7,26,1.0,가격·금액,7,7,6,6
train,train_5923.jpg,16,4,8.25,9,33,2.25,메뉴·상품,9,9,7,8
train,train_5924.jpg,36,9,3.0,3,12,1.0,메뉴·상품,3,3,3,3
train,train_5925.jpg,33,9,30.0,31,120,6.0,위치·방향,31,29,31,29
train,train_5926.jpg,21,6,5.0,6,20,1.0,문자·간판 읽기,4,6,5,5
train,train_5927.jpg,37,9,6.0,6,24,1.0,가격·금액,6,6,6,6
train,train_5928.jpg,53,13,2.5,4,10,1.0,전화번호,4,2,2,2
train,train_5929.jpg,35,7,3.0,3,12,1.0,가격·금액,3,3,3,3
train,train_5930.jpg,37,8,10.5,12,42,3.5,기타,9,10,11,12
train,train_5931.jpg,48,12,10.0,10,40,3.0,색상,10,10,10,10
train,train_5932.jpg,50,12,9.0,9,36,3.0,가격·금액,9,9,9,9
train,train_5933.jpg,41,11,8.0,8,32,2.0,메뉴·상품,8,8,8,8
train,train_5934.jpg,37,10,6.5,10,26,2.25,날짜·시간,5,5,10,6
train,train_5935.jpg,40,11,7.25,8,29,2.25,문자·간판 읽기,7,8,6,8
train,train_5936.jpg,48,12,9.0,9,36,2.0,문자·간판 읽기,9,9,9,9
train,train_5937.jpg,16,4,13.25,14,53,2.75,문자·간판 읽기,11,14,14,14
train,train_5938.jpg,34,8,12.5,15,50,3.75,기타,15,9,13,13
train,train_5939.jpg,37,10,8.25,10,33,2.75,기타,6,8,9,10
train,train_5940.jpg,30,8,3.75,4,15,1.0,문자·간판 읽기,3,4,4,4
train,train_5941.jpg,45,10,4.0,4,16,1.0,가격·금액,4,4,4,4
train,train_5942.jpg,32,9,17.0,17,68,3.0,문자·간판 읽기,17,17,17,17
train,train_5943.jpg,30,8,9.75,11,39,2.75,문자·간판 읽기,11,11,10,7
train,train_5944.jpg,47,13,10.25,11,41,3.25,문자·간판 읽기,11,11,9,10
train,train_5945.jpg,28,7,4.5,5,18,1.0,메뉴·상품,4,5,5,4
train,train_5946.jpg,28,7,13.0,13,52,2.0,전화번호,13,13,13,13
train,train_5947.jpg,20,5,22.25,25,89,5.0,문자·간판 읽기,22,25,22,20
train,train_5948.jpg,24,5,5.0,6,20,2.0,문자·간판 읽기,6,4,5,5
train,train_5949.jpg,32,8,3.5,4,14,1.0,가격·금액,3,3,4,4
train,train_5950.jpg,26,6,11.5,15,46,2.25,문자·간판 읽기,14,15,5,12
train,train_5951.jpg,26,7,7.0,8,28,2.5,문자·간판 읽기,7,7,6,8
train,train_5952.jpg,37,10,5.25,9,21,1.25,색상,4,4,9,4
train,train_5953.jpg,21,6,3.0,3,12,1.0,기타,3,3,3,3
train,train_5954.jpg,23,6,6.75,7,27,2.0,문자·간판 읽기,6,7,7,7
train,train_5955.jpg,43,9,6.0,6,24,1.0,가격·금액,6,6,6,6
train,train_5956.jpg,26,7,7.75,9,31,2.5,기타,9,7,6,9
train,train_5957.jpg,23,6,6.5,7,26,1.0,가격·금액,6,6,7,7
train,train_5958.jpg,27,7,7.0,7,28,2.0,문자·간판 읽기,7,7,7,7
train,train_5959.jpg,16,4,8.5,10,34,1.75,문자·간판 읽기,8,9,10,7
train,train_5960.jpg,41,10,4.75,5,19,1.0,가격·금액,5,5,4,5
train,train_5961.jpg,33,9,6.75,7,27,2.0,날짜·시간,6,7,7,7
train,train_5962.jpg,20,5,16.0,16,64,3.0,문자·간판 읽기,16,16,16,16
train,train_5963.jpg,36,8,6.0,6,24,1.0,기타,6,6,6,6
train,train_5964.jpg,39,9,6.75,8,27,2.0,메뉴·상품,6,6,7,8
train,train_5965.jpg,32,9,12.25,17,49,3.0,기타,17,14,12,6
train,train_5966.jpg,48,11,17.25,28,69,4.5,기타,12,28,13,16
train,train_5967.jpg,28,7,3.75,6,15,1.0,문자·간판 읽기,2,6,4,3
train,train_5968.jpg,32,9,4.75,6,19,1.0,위치·방향,6,4,4,5
train,train_5969.jpg,20,4,13.0,13,52,3.0,날짜·시간,13,13,13,13
train,train_5970.jpg,22,6,15.25,16,61,3.0,문자·간판 읽기,16,15,15,15
train,train_5971.jpg,43,11,4.0,8,16,1.5,문자·간판 읽기,8,3,3,2
train,train_5972.jpg,16,4,22.25,23,89,3.5,문자·간판 읽기,23,21,22,23
train,train_5973.jpg,48,12,2.5,4,10,1.0,문자·간판 읽기,2,2,4,2
train,train_5974.jpg,28,7,4.25,5,17,1.25,문자·간판 읽기,3,4,5,5
train,train_5975.jpg,23,6,11.25,12,45,3.5,문자·간판 읽기,12,11,12,10
train,train_5976.jpg,28,7,2.75,5,11,1.25,위치·방향,2,5,2,2
train,train_5977.jpg,17,4,5.5,7,22,1.25,문자·간판 읽기,5,5,5,7
train,train_5978.jpg,30,8,8.0,9,32,2.0,문자·간판 읽기,9,7,9,7
train,train_5979.jpg,46,12,9.75,15,39,1.75,위치·방향,11,15,6,7
train,train_5980.jpg,23,6,11.25,17,45,3.0,날짜·시간,7,6,17,15
train,train_5981.jpg,16,4,3.5,4,14,1.0,기타,4,4,3,3
train,train_5982.jpg,42,11,14.25,17,57,4.75,기타,10,16,17,14
train,train_5983.jpg,28,8,5.75,6,23,1.0,문자·간판 읽기,5,6,6,6
train,train_5984.jpg,41,10,8.25,10,33,2.75,문자·간판 읽기,8,8,10,7
train,train_5985.jpg,27,7,5.5,6,22,1.0,가격·금액,6,6,4,6
train,train_5986.jpg,54,12,15.0,30,60,3.75,기타,10,30,9,11
train,train_5987.jpg,43,11,7.0,7,28,1.0,가격·금액,7,7,7,7
train,train_5988.jpg,39,11,4.25,6,17,1.25,색상,5,3,3,6
train,train_5989.jpg,18,5,12.5,15,50,2.0,문자·간판 읽기,15,10,11,14
train,train_5990.jpg,34,8,3.5,5,14,1.0,색상,4,5,3,2
train,train_5991.jpg,25,7,3.25,4,13,1.0,가격·금액,3,3,3,4
train,train_5992.jpg,50,13,14.75,17,59,3.5,문자·간판 읽기,15,13,14,17
train,train_5993.jpg,24,5,10.5,12,42,1.0,전화번호,10,10,10,12
train,train_5994.jpg,28,7,4.0,4,16,1.0,가격·금액,4,4,4,4
train,train_5995.jpg,40,11,6.5,7,26,2.0,문자·간판 읽기,6,7,6,7
train,train_5996.jpg,40,11,6.0,11,24,1.25,위치·방향,3,11,5,5
train,train_5997.jpg,24,6,6.25,9,25,1.0,위치·방향,4,7,5,9
train,train_5998.jpg,29,8,4.25,6,17,1.0,기타,4,6,4,3
train,train_5999.jpg,39,9,6.0,7,24,2.25,메뉴·상품,5,6,7,6
train,train_6000.jpg,29,8,11.25,18,45,3.5,기타,18,8,6,13
train,train_6001.jpg,16,4,7.25,8,29,2.0,기타,8,8,7,6
train,train_6002.jpg,48,13,3.0,3,12,1.0,기타,3,3,3,3
train,train_6003.jpg,35,9,11.5,16,46,3.25,색상,9,10,11,16
train,train_6004.jpg,27,6,7.0,7,28,1.0,가격·금액,7,7,7,7
train,train_6005.jpg,35,8,6.75,8,27,2.25,위치·방향,8,5,7,7
train,train_6006.jpg,34,9,12.0,12,48,3.0,가격·금액,12,12,12,12
train,train_6007.jpg,25,6,8.0,15,32,1.5,위치·방향,15,7,5,5
train,train_6008.jpg,47,13,17.25,22,69,4.25,기타,15,22,16,16
train,train_6009.jpg,57,11,16.0,18,64,4.75,인물·대상,16,12,18,18
train,train_6010.jpg,26,7,9.75,11,39,5.25,문자·간판 읽기,11,11,7,10
train,train_6011.jpg,40,10,19.0,19,76,4.0,문자·간판 읽기,19,19,19,19
train,train_6012.jpg,35,10,6.25,8,25,1.5,문자·간판 읽기,7,3,7,8
train,train_6013.jpg,22,6,3.5,4,14,1.0,위치·방향,4,3,3,4
train,train_6014.jpg,41,10,5.0,5,20,1.0,날짜·시간,5,5,5,5
train,train_6015.jpg,24,6,6.75,11,27,1.25,문자·간판 읽기,11,9,3,4
train,train_6016.jpg,38,9,16.0,18,64,4.25,기타,18,12,17,17
train,train_6017.jpg,59,15,36.75,56,147,9.75,기타,31,35,25,56
train,train_6018.jpg,47,12,2.0,4,8,1.0,문자·간판 읽기,1,1,2,4
train,train_6019.jpg,24,6,10.0,10,40,3.0,문자·간판 읽기,10,10,10,10
train,train_6020.jpg,16,4,5.75,13,23,1.5,문자·간판 읽기,3,4,13,3
train,train_6021.jpg,17,4,7.5,8,30,2.5,기타,8,8,6,8
train,train_6022.jpg,39,8,4.0,5,16,1.0,가격·금액,3,5,5,3
train,train_6023.jpg,17,4,3.25,4,13,1.0,문자·간판 읽기,3,3,3,4
train,train_6024.jpg,52,14,4.0,5,16,1.0,문자·간판 읽기,5,3,5,3
train,train_6025.jpg,22,6,4.5,6,18,1.0,문자·간판 읽기,6,5,3,4
train,train_6026.jpg,33,9,7.5,11,30,2.25,문자·간판 읽기,6,7,11,6
train,train_6027.jpg,39,10,19.0,19,76,4.0,기타,19,19,19,19
train,train_6028.jpg,42,11,2.5,3,10,1.0,위치·방향,3,2,3,2
train,train_6029.jpg,26,7,5.25,7,21,1.0,문자·간판 읽기,7,5,4,5
train,train_6030.jpg,37,8,2.75,4,11,1.0,기타,4,2,3,2
train,train_6031.jpg,30,8,8.25,10,33,1.25,문자·간판 읽기,9,8,10,6
train,train_6032.jpg,25,6,6.5,9,26,1.0,기타,5,9,5,7
train,train_6033.jpg,25,7,16.25,18,65,3.0,문자·간판 읽기,18,15,16,16
train,train_6034.jpg,37,10,6.0,6,24,2.0,가격·금액,6,6,6,6
train,train_6035.jpg,23,6,7.75,11,31,1.5,문자·간판 읽기,4,8,8,11
train,train_6036.jpg,30,6,7.0,8,28,1.0,메뉴·상품,6,7,8,7
train,train_6037.jpg,30,7,13.5,23,54,3.25,기타,10,11,23,10
train,train_6038.jpg,26,6,12.25,18,49,2.0,기타,18,10,5,16
train,train_6039.jpg,45,10,8.5,12,34,2.5,전화번호,8,8,12,6
train,train_6040.jpg,25,6,6.5,11,26,1.75,문자·간판 읽기,3,11,8,4
train,train_6041.jpg,41,10,7.0,9,28,1.25,메뉴·상품,9,8,4,7
train,train_6042.jpg,31,7,12.25,13,49,1.0,전화번호,12,12,13,12
train,train_6043.jpg,24,6,5.75,7,23,2.0,문자·간판 읽기,5,7,6,5
train,train_6044.jpg,34,10,11.5,20,46,2.25,색상,20,6,15,5
train,train_6045.jpg,54,15,2.0,2,8,1.0,날짜·시간,2,2,2,2
train,train_6046.jpg,16,4,6.0,7,24,1.0,문자·간판 읽기,5,7,6,6
train,train_6047.jpg,28,8,6.0,6,24,1.0,가격·금액,6,6,6,6
train,train_6048.jpg,38,9,15.75,17,63,5.0,위치·방향,15,16,15,17
train,train_6049.jpg,22,6,13.25,15,53,2.75,문자·간판 읽기,15,10,14,14
train,train_6050.jpg,33,8,2.25,3,9,1.0,위치·방향,2,2,2,3
train,train_6051.jpg,27,7,2.25,3,9,1.0,색상,3,2,2,2
train,train_6052.jpg,40,11,4.0,6,16,1.25,메뉴·상품,4,3,6,3
train,train_6053.jpg,39,10,11.0,12,44,2.0,위치·방향,10,11,11,12
train,train_6054.jpg,26,6,6.0,6,24,1.0,가격·금액,6,6,6,6
train,train_6055.jpg,32,6,6.25,10,25,1.25,메뉴·상품,4,6,10,5
train,train_6056.jpg,59,10,11.0,13,44,2.5,날짜·시간,13,13,5,13
train,train_6057.jpg,21,5,6.25,7,25,1.0,가격·금액,6,7,6,6
train,train_6058.jpg,37,8,8.75,18,35,1.5,문자·간판 읽기,5,18,5,7
train,train_6059.jpg,22,6,3.25,4,13,1.0,문자·간판 읽기,3,4,3,3
train,train_6060.jpg,30,8,4.5,5,18,1.0,문자·간판 읽기,5,5,4,4
train,train_6061.jpg,20,5,8.75,9,35,3.0,문자·간판 읽기,9,9,9,8
train,train_6062.jpg,31,9,5.5,6,22,1.75,문자·간판 읽기,6,6,6,4
train,train_6063.jpg,37,8,4.25,7,17,1.0,메뉴·상품,4,3,3,7
train,train_6064.jpg,21,5,13.25,17,53,3.5,기타,11,17,12,13
train,train_6065.jpg,34,9,9.25,12,37,2.5,가격·금액,12,6,10,9
train,train_6066.jpg,33,9,7.0,8,28,2.0,가격·금액,5,8,8,7
train,train_6067.jpg,27,7,13.5,18,54,2.5,문자·간판 읽기,12,12,12,18
train,train_6068.jpg,25,6,13.0,13,52,2.0,전화번호,13,13,13,13
train,train_6069.jpg,29,9,27.75,28,111,4.0,문자·간판 읽기,28,28,27,28
train,train_6070.jpg,23,6,4.25,6,17,1.0,문자·간판 읽기,4,3,4,6
train,train_6071.jpg,38,10,2.0,2,8,1.0,수량·계수,2,2,2,2
train,train_6072.jpg,59,15,6.25,7,25,1.0,위치·방향,7,5,6,7
train,train_6073.jpg,21,5,21.75,31,87,6.25,기타,17,19,20,31
train,train_6074.jpg,24,6,3.0,3,12,1.0,가격·금액,3,3,3,3
train,train_6075.jpg,34,8,10.25,12,41,3.0,기타,12,11,8,10
train,train_6076.jpg,33,8,5.5,8,22,1.0,위치·방향,8,4,8,2
train,train_6077.jpg,29,7,4.5,7,18,1.25,기타,7,4,5,2
train,train_6078.jpg,28,7,13.0,13,52,1.0,전화번호,13,13,13,13
train,train_6079.jpg,18,5,4.0,5,16,1.0,위치·방향,5,3,5,3
train,train_6080.jpg,36,10,15.5,18,62,3.0,인물·대상,15,14,18,15
train,train_6081.jpg,16,4,17.0,25,68,3.0,문자·간판 읽기,25,12,17,14
train,train_6082.jpg,48,9,5.0,5,20,1.0,가격·금액,5,5,5,5
train,train_6083.jpg,29,7,9.5,11,38,3.25,문자·간판 읽기,11,8,11,8
train,train_6084.jpg,31,8,8.0,10,32,1.75,색상,8,6,10,8
train,train_6085.jpg,39,8,14.5,15,58,3.0,색상,14,15,15,14
train,train_6086.jpg,16,4,7.0,10,28,2.0,문자·간판 읽기,7,3,8,10
train,train_6087.jpg,30,9,8.75,13,35,2.25,문자·간판 읽기,13,7,10,5
train,train_6088.jpg,31,9,8.25,10,33,1.25,문자·간판 읽기,7,8,8,10
train,train_6089.jpg,16,4,7.0,7,28,1.0,가격·금액,7,7,7,7
train,train_6090.jpg,46,11,16.0,18,64,4.75,문자·간판 읽기,14,16,16,18
train,train_6091.jpg,27,6,5.0,5,20,1.0,날짜·시간,5,5,5,5
train,train_6092.jpg,16,4,12.25,15,49,1.0,문자·간판 읽기,12,9,15,13
train,train_6093.jpg,30,8,16.5,18,66,5.25,문자·간판 읽기,16,18,18,14
train,train_6094.jpg,32,7,6.0,6,24,1.0,가격·금액,6,6,6,6
train,train_6095.jpg,29,7,4.5,7,18,1.0,문자·간판 읽기,7,5,2,4
train,train_6096.jpg,24,6,6.75,9,27,1.5,문자·간판 읽기,9,8,4,6
train,train_6097.jpg,46,10,11.25,15,45,1.75,기타,9,7,15,14
train,train_6098.jpg,29,8,35.25,51,141,6.75,문자·간판 읽기,25,51,22,43
train,train_6099.jpg,26,5,26.0,35,104,6.75,기타,30,35,19,20
train,train_6100.jpg,42,9,18.25,25,73,3.5,위치·방향,15,17,16,25
train,train_6101.jpg,43,12,4.25,6,17,1.25,위치·방향,6,4,3,4
train,train_6102.jpg,48,10,12.75,20,51,2.25,위치·방향,15,20,7,9
train,train_6103.jpg,23,6,8.25,11,33,1.5,문자·간판 읽기,11,10,10,2
train,train_6104.jpg,42,9,11.5,13,46,1.0,전화번호,9,13,11,13
train,train_6105.jpg,20,5,3.0,3,12,1.0,문자·간판 읽기,3,3,3,3
train,train_6106.jpg,33,10,19.5,26,78,6.0,기타,22,26,15,15
train,train_6107.jpg,45,13,5.5,7,22,1.0,위치·방향,6,4,7,5
train,train_6108.jpg,26,7,10.0,12,40,1.25,문자·간판 읽기,9,10,9,12
train,train_6109.jpg,25,7,8.75,13,35,2.25,문자·간판 읽기,6,8,8,13
train,train_6110.jpg,42,12,2.0,2,8,1.0,기타,2,2,2,2
train,train_6111.jpg,51,11,8.0,10,32,1.0,기타,8,8,10,6
train,train_6112.jpg,23,6,20.75,22,83,4.0,메뉴·상품,21,22,20,20
train,train_6113.jpg,33,9,7.0,8,28,2.0,문자·간판 읽기,8,6,8,6
train,train_6114.jpg,42,11,8.75,10,35,2.75,색상,8,9,8,10
train,train_6115.jpg,25,6,7.0,7,28,1.0,가격·금액,7,7,7,7
train,train_6116.jpg,19,5,3.0,3,12,1.0,문자·간판 읽기,3,3,3,3
train,train_6117.jpg,25,7,5.0,8,20,1.25,문자·간판 읽기,4,2,6,8
train,train_6118.jpg,35,7,5.5,9,22,1.25,기타,5,5,3,9
train,train_6119.jpg,41,9,8.0,12,32,2.25,기타,5,7,12,8
train,train_6120.jpg,28,8,9.0,10,36,3.25,문자·간판 읽기,8,10,9,9
train,train_6121.jpg,51,12,6.0,10,24,1.75,기타,10,4,6,4
train,train_6122.jpg,37,9,12.5,13,50,3.5,문자·간판 읽기,13,13,13,11
train,train_6123.jpg,23,6,13.5,15,54,3.5,문자·간판 읽기,15,12,14,13
train,train_6124.jpg,33,8,8.0,8,32,2.0,문자·간판 읽기,8,8,8,8
train,train_6125.jpg,31,8,9.0,11,36,2.75,기타,7,8,11,10
train,train_6126.jpg,47,12,33.75,42,135,8.5,기타,28,32,42,33
train,train_6127.jpg,25,6,7.0,9,28,2.25,메뉴·상품,6,9,7,6
train,train_6128.jpg,55,13,6.0,8,24,1.75,메뉴·상품,5,6,8,5
train,train_6129.jpg,23,6,2.0,2,8,1.0,문자·간판 읽기,2,2,2,2
train,train_6130.jpg,21,5,5.75,8,23,1.75,위치·방향,5,8,6,4
train,train_6131.jpg,22,5,2.0,3,8,1.0,문자·간판 읽기,3,1,2,2
train,train_6132.jpg,28,7,3.0,3,12,1.0,가격·금액,3,3,3,3
train,train_6133.jpg,32,9,9.25,16,37,1.5,문자·간판 읽기,6,12,16,3
train,train_6134.jpg,28,8,11.75,14,47,2.0,문자·간판 읽기,12,9,14,12
train,train_6135.jpg,27,7,7.0,8,28,2.0,문자·간판 읽기,5,8,8,7
train,train_6136.jpg,37,10,8.0,12,32,1.25,기타,7,4,12,9
train,train_6137.jpg,36,8,21.25,35,85,3.75,색상,16,15,19,35
train,train_6138.jpg,28,7,9.5,20,38,1.75,메뉴·상품,20,4,4,10
train,train_6139.jpg,33,10,8.75,11,35,2.25,가격·금액,9,9,11,6
train,train_6140.jpg,30,7,6.5,7,26,1.0,가격·금액,7,6,7,6
train,train_6141.jpg,25,7,4.5,5,18,1.0,문자·간판 읽기,5,3,5,5
train,train_6142.jpg,23,4,5.5,6,22,1.0,가격·금액,6,6,6,4
train,train_6143.jpg,24,6,4.0,4,16,1.0,문자·간판 읽기,4,4,4,4
train,train_6144.jpg,40,9,13.5,18,54,4.5,문자·간판 읽기,14,18,12,10
train,train_6145.jpg,32,7,6.25,7,25,1.0,가격·금액,6,7,6,6
train,train_6146.jpg,16,4,6.5,7,26,2.0,메뉴·상품,7,7,6,6
train,train_6147.jpg,36,10,8.0,9,32,1.0,문자·간판 읽기,9,5,9,9
train,train_6148.jpg,38,11,16.5,19,66,5.5,문자·간판 읽기,16,19,17,14
train,train_6149.jpg,41,9,5.0,5,20,1.0,날짜·시간,5,5,5,5
train,train_6150.jpg,22,4,3.0,3,12,1.0,가격·금액,3,3,3,3
train,train_6151.jpg,30,8,6.0,9,24,1.5,색상,4,9,3,8
train,train_6152.jpg,28,8,12.25,13,49,4.0,문자·간판 읽기,12,13,12,12
train,train_6153.jpg,30,8,17.0,18,68,5.0,문자·간판 읽기,17,18,16,17
train,train_6154.jpg,25,6,8.0,10,32,2.5,기타,6,10,8,8
train,train_6155.jpg,21,5,7.25,8,29,2.5,메뉴·상품,8,7,8,6
train,train_6156.jpg,34,10,10.0,14,40,1.5,문자·간판 읽기,9,11,6,14
train,train_6157.jpg,19,5,2.5,4,10,1.0,기타,2,2,4,2
train,train_6158.jpg,33,9,2.75,4,11,1.0,기타,2,2,3,4
train,train_6159.jpg,39,12,22.75,33,91,6.0,기타,33,16,28,14
train,train_6160.jpg,25,8,6.5,9,26,1.0,기타,4,7,9,6
train,train_6161.jpg,42,9,11.5,13,46,3.5,가격·금액,13,10,13,10
train,train_6162.jpg,32,8,21.5,29,86,5.25,기타,29,20,20,17
train,train_6163.jpg,26,7,3.75,4,15,1.0,색상,4,3,4,4
train,train_6164.jpg,14,4,3.5,5,14,1.0,문자·간판 읽기,3,3,5,3
train,train_6165.jpg,20,5,8.0,8,32,1.0,문자·간판 읽기,8,8,8,8
train,train_6166.jpg,27,8,2.0,2,8,1.0,문자·간판 읽기,2,2,2,2
train,train_6167.jpg,32,10,22.0,27,88,6.25,기타,27,21,15,25
train,train_6168.jpg,40,11,16.0,20,64,3.5,가격·금액,18,20,11,15
train,train_6169.jpg,25,6,10.75,12,43,3.25,색상,11,9,11,12
train,train_6170.jpg,23,5,8.25,12,33,1.0,전화번호,12,4,8,9
train,train_6171.jpg,25,7,6.5,7,26,1.0,문자·간판 읽기,7,6,7,6
train,train_6172.jpg,36,10,7.75,14,31,2.25,메뉴·상품,7,6,4,14
train,train_6173.jpg,29,7,5.5,7,22,1.5,문자·간판 읽기,7,7,2,6
train,train_6174.jpg,28,7,8.5,9,34,2.75,문자·간판 읽기,8,9,9,8
train,train_6175.jpg,31,9,6.5,8,26,1.0,문자·간판 읽기,4,8,7,7
train,train_6176.jpg,26,7,6.5,7,26,2.0,문자·간판 읽기,7,6,6,7
train,train_6177.jpg,40,11,16.5,23,66,4.25,문자·간판 읽기,15,23,12,16
train,train_6178.jpg,41,8,12.0,17,48,3.25,기타,10,17,12,9
train,train_6179.jpg,29,7,1.5,2,6,1.0,메뉴·상품,2,1,2,1
train,train_6180.jpg,36,7,3.0,3,12,1.0,가격·금액,3,3,3,3
train,train_6181.jpg,29,6,13.5,23,54,3.75,기타,23,10,10,11
train,train_6182.jpg,52,12,9.5,12,38,2.75,기타,11,8,12,7
train,train_6183.jpg,21,5,5.5,6,22,2.0,문자·간판 읽기,5,5,6,6
train,train_6184.jpg,29,6,7.0,7,28,2.0,날짜·시간,7,7,7,7
train,train_6185.jpg,30,7,10.5,12,42,3.0,메뉴·상품,11,12,10,9
train,train_6186.jpg,32,7,7.75,10,31,2.5,기타,8,9,4,10
train,train_6187.jpg,20,5,5.0,6,20,1.0,문자·간판 읽기,5,6,4,5
train,train_6188.jpg,47,12,10.0,10,40,3.0,문자·간판 읽기,10,10,10,10
train,train_6189.jpg,27,8,5.0,6,20,2.0,기타,6,5,4,5
train,train_6190.jpg,26,7,2.25,3,9,1.0,위치·방향,2,2,3,2
train,train_6191.jpg,47,12,10.5,11,42,3.0,기타,10,10,11,11
train,train_6192.jpg,23,6,5.0,6,20,1.0,위치·방향,4,4,6,6
train,train_6193.jpg,20,5,7.0,7,28,1.0,문자·간판 읽기,7,7,7,7
train,train_6194.jpg,25,7,8.25,13,33,2.0,문자·간판 읽기,8,7,13,5
train,train_6195.jpg,18,5,18.25,19,73,4.0,기타,19,18,18,18
train,train_6196.jpg,15,4,7.0,7,28,1.0,가격·금액,7,7,7,7
train,train_6197.jpg,36,9,6.25,7,25,1.0,가격·금액,6,6,7,6
train,train_6198.jpg,48,12,13.5,19,54,3.25,기타,17,19,9,9
train,train_6199.jpg,41,9,5.5,8,22,1.25,위치·방향,5,3,8,6
train,train_6200.jpg,26,5,5.5,6,22,1.0,가격·금액,4,6,6,6
train,train_6201.jpg,23,5,6.0,6,24,1.0,가격·금액,6,6,6,6
train,train_6202.jpg,23,5,18.75,25,75,5.0,기타,14,25,18,18
train,train_6203.jpg,27,7,2.5,4,10,1.0,색상,2,4,2,2
train,train_6204.jpg,53,14,5.25,8,21,1.0,인물·대상,5,5,8,3
train,train_6205.jpg,16,4,9.0,11,36,1.0,문자·간판 읽기,7,11,11,7
train,train_6206.jpg,37,9,6.75,7,27,1.0,가격·금액,7,7,7,6
train,train_6207.jpg,41,11,2.0,2,8,1.0,문자·간판 읽기,2,2,2,2
train,train_6208.jpg,41,9,21.75,27,87,5.0,기타,20,20,20,27
train,train_6209.jpg,38,8,10.75,12,43,3.25,기타,10,12,9,12
train,train_6210.jpg,34,7,5.0,6,20,1.0,위치·방향,4,6,6,4
train,train_6211.jpg,39,9,2.25,3,9,1.0,위치·방향,3,2,2,2
train,train_6212.jpg,32,7,6.5,7,26,1.0,가격·금액,6,7,6,7
train,train_6213.jpg,31,8,5.25,7,21,1.0,위치·방향,7,5,7,2
train,train_6214.jpg,20,5,8.25,9,33,2.0,문자·간판 읽기,8,7,9,9
train,train_6215.jpg,23,6,2.75,3,11,1.0,위치·방향,3,2,3,3
train,train_6216.jpg,26,7,3.75,4,15,1.0,문자·간판 읽기,4,4,3,4
train,train_6217.jpg,25,7,9.25,11,37,3.0,메뉴·상품,9,8,9,11
train,train_6218.jpg,24,6,10.5,12,42,2.75,문자·간판 읽기,9,12,10,11
train,train_6219.jpg,45,10,6.75,9,27,2.25,기타,7,5,9,6
train,train_6220.jpg,25,7,4.0,4,16,2.0,문자·간판 읽기,4,4,4,4
train,train_6221.jpg,36,9,17.25,24,69,4.25,기타,15,15,15,24
train,train_6222.jpg,37,9,10.0,12,40,2.5,기타,8,8,12,12
train,train_6223.jpg,23,5,8.75,11,35,1.0,전화번호,6,11,8,10
train,train_6224.jpg,32,8,2.75,3,11,1.0,인물·대상,3,2,3,3
train,train_6225.jpg,25,7,8.0,9,32,3.0,메뉴·상품,8,9,7,8
train,train_6226.jpg,23,6,5.75,7,23,1.25,문자·간판 읽기,7,7,5,4
train,train_6227.jpg,17,4,4.0,4,16,1.0,문자·간판 읽기,4,4,4,4
train,train_6228.jpg,26,7,2.5,3,10,1.0,문자·간판 읽기,3,2,3,2
train,train_6229.jpg,56,11,23.5,24,94,7.0,날짜·시간,24,24,23,23
train,train_6230.jpg,44,11,3.0,3,12,1.0,기타,3,3,3,3
train,train_6231.jpg,36,11,8.75,10,35,2.75,문자·간판 읽기,9,10,9,7
train,train_6232.jpg,30,8,2.0,3,8,1.0,색상,1,2,3,2
train,train_6233.jpg,34,8,2.75,5,11,1.25,위치·방향,2,2,5,2
train,train_6234.jpg,32,7,6.0,6,24,1.0,가격·금액,6,6,6,6
train,train_6235.jpg,25,7,4.75,6,19,1.5,문자·간판 읽기,6,6,3,4
train,train_6236.jpg,27,7,15.0,17,60,3.5,문자·간판 읽기,15,14,14,17
train,train_6237.jpg,16,4,12.0,12,48,3.0,문자·간판 읽기,12,12,12,12
train,train_6238.jpg,23,6,7.0,7,28,1.0,문자·간판 읽기,7,7,7,7
train,train_6239.jpg,26,6,4.25,6,17,1.25,기타,3,6,4,4
train,train_6240.jpg,24,6,9.0,10,36,3.25,색상,9,8,9,10
train,train_6241.jpg,34,10,17.5,19,70,4.5,문자·간판 읽기,16,16,19,19
train,train_6242.jpg,33,8,6.25,12,25,1.25,기타,4,7,2,12
train,train_6243.jpg,30,7,13.0,22,52,1.75,위치·방향,9,22,17,4
train,train_6244.jpg,39,11,22.25,33,89,3.75,날짜·시간,24,33,8,24
train,train_6245.jpg,50,12,6.5,7,26,2.0,가격·금액,6,7,7,6
train,train_6246.jpg,33,8,8.5,9,34,2.5,문자·간판 읽기,9,9,7,9
train,train_6247.jpg,31,9,18.0,19,72,3.75,문자·간판 읽기,19,19,15,19
train,train_6248.jpg,37,10,5.0,6,20,1.75,문자·간판 읽기,2,6,6,6
train,train_6249.jpg,35,8,6.0,8,24,1.75,메뉴·상품,8,4,8,4
train,train_6250.jpg,24,6,6.75,15,27,1.25,문자·간판 읽기,4,4,4,15
train,train_6251.jpg,28,8,13.5,17,54,2.0,문자·간판 읽기,17,10,11,16
train,train_6252.jpg,29,8,7.0,7,28,2.0,가격·금액,7,7,7,7
train,train_6253.jpg,35,9,6.0,6,24,1.0,가격·금액,6,6,6,6
train,train_6254.jpg,29,7,8.75,10,35,1.0,인물·대상,10,8,10,7
train,train_6255.jpg,44,10,27.5,35,110,7.0,기타,17,24,35,34
train,train_6256.jpg,21,6,11.25,16,45,2.0,문자·간판 읽기,10,10,9,16
train,train_6257.jpg,39,9,3.0,3,12,1.0,색상,3,3,3,3
train,train_6258.jpg,18,5,3.75,9,15,1.25,문자·간판 읽기,2,9,2,2
train,train_6259.jpg,45,12,15.5,21,62,5.25,색상,11,14,16,21
train,train_6260.jpg,23,6,13.0,20,52,3.75,문자·간판 읽기,20,11,11,10
train,train_6261.jpg,29,7,2.0,2,8,1.0,가격·금액,2,2,2,2
train,train_6262.jpg,15,4,4.5,5,18,1.0,문자·간판 읽기,5,4,4,5
train,train_6263.jpg,25,7,6.75,8,27,2.0,문자·간판 읽기,8,7,7,5
train,train_6264.jpg,37,10,4.75,5,19,1.0,문자·간판 읽기,5,5,4,5
train,train_6265.jpg,23,6,3.0,3,12,1.0,기타,3,3,3,3
train,train_6266.jpg,23,6,12.5,13,50,3.0,문자·간판 읽기,12,13,12,13
train,train_6267.jpg,32,8,26.75,43,107,6.0,메뉴·상품,24,25,43,15
train,train_6268.jpg,42,11,8.0,11,32,1.25,색상,5,7,9,11
train,train_6269.jpg,39,10,7.25,8,29,2.25,메뉴·상품,7,6,8,8
train,train_6270.jpg,15,4,11.0,14,44,3.5,기타,14,12,8,10
train,train_6271.jpg,32,5,8.0,8,32,1.0,가격·금액,8,8,8,8
train,train_6272.jpg,30,5,7.0,7,28,1.0,가격·금액,7,7,7,7
train,train_6273.jpg,31,7,4.5,6,18,1.75,기타,6,4,6,2
train,train_6274.jpg,29,6,7.0,7,28,1.0,가격·금액,7,7,7,7
train,train_6275.jpg,27,7,8.5,10,34,1.75,문자·간판 읽기,10,10,8,6
train,train_6276.jpg,16,4,18.0,18,72,4.0,메뉴·상품,18,18,18,18
train,train_6277.jpg,31,6,8.0,8,32,1.0,전화번호,8,8,8,8
train,train_6278.jpg,44,12,7.5,9,30,2.5,문자·간판 읽기,6,7,8,9
train,train_6279.jpg,22,6,5.5,8,22,1.75,문자·간판 읽기,8,3,8,3
train,train_6280.jpg,20,5,20.0,24,80,2.75,문자·간판 읽기,16,22,24,18
train,train_6281.jpg,31,9,14.25,19,57,2.5,문자·간판 읽기,19,18,10,10
train,train_6282.jpg,34,8,21.75,24,87,5.5,날짜·시간,24,19,20,24
train,train_6283.jpg,25,6,6.5,7,26,1.0,문자·간판 읽기,6,7,6,7
train,train_6284.jpg,29,8,4.0,4,16,1.0,가격·금액,4,4,4,4
train,train_6285.jpg,31,8,6.5,8,26,2.25,기타,8,7,4,7
train,train_6286.jpg,33,8,8.0,8,32,2.0,위치·방향,8,8,8,8
train,train_6287.jpg,32,8,11.75,12,47,3.0,인물·대상,12,12,12,11
train,train_6288.jpg,34,7,6.25,7,25,1.0,가격·금액,6,6,6,7
train,train_6289.jpg,42,12,5.0,5,20,1.0,가격·금액,5,5,5,5
train,train_6290.jpg,30,8,7.5,10,30,2.0,기타,6,6,8,10
train,train_6291.jpg,33,9,5.75,6,23,1.0,문자·간판 읽기,6,6,5,6
train,train_6292.jpg,22,6,8.75,12,35,1.25,문자·간판 읽기,12,9,6,8
train,train_6293.jpg,23,6,18.25,19,73,3.0,문자·간판 읽기,17,18,19,19
train,train_6294.jpg,27,7,2.25,3,9,1.0,위치·방향,2,2,2,3
train,train_6295.jpg,56,16,6.0,7,24,2.0,색상,5,6,6,7
train,train_6296.jpg,46,9,9.25,10,37,2.25,문자·간판 읽기,8,10,10,9
train,train_6297.jpg,29,8,7.75,11,31,1.5,문자·간판 읽기,6,11,10,4
train,train_6298.jpg,36,8,17.25,20,69,4.25,문자·간판 읽기,20,13,19,17
train,train_6299.jpg,33,8,11.5,12,46,1.0,전화번호,11,11,12,12
train,train_6300.jpg,19,5,8.75,11,35,2.0,문자·간판 읽기,8,9,11,7
train,train_6301.jpg,27,6,3.0,3,12,1.0,가격·금액,3,3,3,3
train,train_6302.jpg,39,8,6.5,8,26,2.25,메뉴·상품,8,7,3,8
train,train_6303.jpg,16,4,4.5,6,18,1.0,문자·간판 읽기,4,4,4,6
train,train_6304.jpg,30,9,7.25,8,29,2.75,문자·간판 읽기,8,8,6,7
train,train_6305.jpg,31,8,10.25,14,41,3.0,메뉴·상품,6,13,14,8
train,train_6306.jpg,28,8,3.0,3,12,1.0,가격·금액,3,3,3,3
train,train_6307.jpg,23,6,18.75,20,75,4.0,문자·간판 읽기,19,20,19,17
train,train_6308.jpg,31,8,2.25,3,9,1.0,메뉴·상품,1,3,2,3
train,train_6309.jpg,29,8,3.25,4,13,1.0,메뉴·상품,4,3,3,3
train,train_6310.jpg,16,4,8.25,16,33,1.75,문자·간판 읽기,16,2,8,7
train,train_6311.jpg,20,5,5.0,6,20,1.0,문자·간판 읽기,5,6,5,4
train,train_6312.jpg,29,8,6.0,6,24,1.0,가격·금액,6,6,6,6
train,train_6313.jpg,43,8,6.75,7,27,1.0,가격·금액,7,7,7,6
train,train_6314.jpg,39,9,18.0,18,72,4.0,문자·간판 읽기,18,18,18,18
train,train_6315.jpg,28,7,4.5,5,18,2.0,기타,4,4,5,5
train,train_6316.jpg,32,9,9.5,10,38,2.0,문자·간판 읽기,10,10,8,10
train,train_6317.jpg,25,7,6.75,11,27,1.25,문자·간판 읽기,6,6,11,4
train,train_6318.jpg,39,10,6.0,6,24,1.0,가격·금액,6,6,6,6
train,train_6319.jpg,40,11,3.0,3,12,1.0,메뉴·상품,3,3,3,3
train,train_6320.jpg,52,12,7.75,10,31,1.5,문자·간판 읽기,4,8,10,9
train,train_6321.jpg,28,8,12.25,15,49,2.75,문자·간판 읽기,12,15,11,11
train,train_6322.jpg,24,5,6.0,6,24,1.0,가격·금액,6,6,6,6
train,train_6323.jpg,31,9,29.75,35,119,6.0,문자·간판 읽기,35,27,31,26
train,train_6324.jpg,27,7,9.5,13,38,2.0,기타,9,13,7,9
train,train_6325.jpg,35,10,5.25,7,21,1.5,문자·간판 읽기,5,6,7,3
train,train_6326.jpg,47,13,7.5,9,30,1.5,날짜·시간,5,8,8,9
train,train_6327.jpg,45,11,2.0,2,8,1.0,기타,2,2,2,2
train,train_6328.jpg,25,5,9.0,10,36,2.0,문자·간판 읽기,8,10,10,8
train,train_6329.jpg,36,10,3.5,4,14,1.0,수량·계수,3,4,4,3
train,train_6330.jpg,45,11,7.0,7,28,1.0,위치·방향,7,7,7,7
train,train_6331.jpg,17,4,5.0,6,20,1.0,문자·간판 읽기,5,4,6,5
train,train_6332.jpg,23,6,6.5,8,26,2.5,메뉴·상품,5,7,8,6
train,train_6333.jpg,27,7,3.25,4,13,1.0,기타,3,3,3,4
train,train_6334.jpg,35,7,3.75,4,15,2.0,문자·간판 읽기,4,3,4,4
train,train_6335.jpg,30,9,8.25,14,33,1.75,문자·간판 읽기,14,4,6,9
train,train_6336.jpg,31,8,5.5,7,22,2.0,문자·간판 읽기,7,5,5,5
train,train_6337.jpg,56,14,10.25,15,41,3.5,기타,15,8,9,9
train,train_6338.jpg,33,10,25.0,26,100,5.0,문자·간판 읽기,25,26,24,25
train,train_6339.jpg,43,10,4.0,4,16,1.0,기타,4,4,4,4
train,train_6340.jpg,26,7,4.5,5,18,1.0,문자·간판 읽기,5,4,5,4
train,train_6341.jpg,33,9,2.25,3,9,1.0,위치·방향,3,2,2,2
train,train_6342.jpg,20,5,8.0,9,32,2.0,문자·간판 읽기,8,7,9,8
train,train_6343.jpg,16,4,7.25,8,29,1.75,문자·간판 읽기,8,8,5,8
train,train_6344.jpg,26,6,30.25,32,121,5.0,문자·간판 읽기,30,31,28,32
train,train_6345.jpg,26,7,22.75,28,91,6.5,문자·간판 읽기,28,19,21,23
train,train_6346.jpg,34,6,6.0,6,24,1.0,가격·금액,6,6,6,6
train,train_6347.jpg,33,6,11.75,15,47,3.0,기타,10,15,10,12
train,train_6348.jpg,39,10,4.5,6,18,1.5,문자·간판 읽기,3,4,6,5
train,train_6349.jpg,31,7,9.0,12,36,1.0,전화번호,8,12,8,8
train,train_6350.jpg,16,4,6.75,9,27,2.25,문자·간판 읽기,9,6,6,6
train,train_6351.jpg,38,10,10.5,23,42,2.25,기타,4,9,23,6
train,train_6352.jpg,43,9,12.5,13,50,1.0,전화번호,13,12,13,12
train,train_6353.jpg,27,5,4.75,6,19,1.0,위치·방향,5,4,4,6
train,train_6354.jpg,26,7,4.75,7,19,1.5,메뉴·상품,7,3,6,3
train,train_6355.jpg,57,11,8.75,12,35,2.75,가격·금액,7,12,6,10
train,train_6356.jpg,53,13,1.0,1,4,1.0,위치·방향,1,1,1,1
train,train_6357.jpg,34,10,2.25,3,9,1.0,기타,2,2,2,3
train,train_6358.jpg,24,5,8.0,9,32,2.0,기타,8,9,7,8
train,train_6359.jpg,30,9,15.25,17,61,2.0,문자·간판 읽기,17,14,14,16
train,train_6360.jpg,18,4,11.5,13,46,1.0,전화번호,13,13,8,12
train,train_6361.jpg,28,7,5.75,6,23,2.0,가격·금액,6,6,5,6
train,train_6362.jpg,41,11,7.0,7,28,1.0,가격·금액,7,7,7,7
train,train_6363.jpg,30,6,19.0,20,76,3.0,날짜·시간,18,20,19,19
train,train_6364.jpg,43,10,6.5,8,26,2.0,가격·금액,6,6,6,8
train,train_6365.jpg,16,4,6.25,9,25,1.25,문자·간판 읽기,9,3,6,7
train,train_6366.jpg,26,7,3.25,5,13,1.0,문자·간판 읽기,2,2,5,4
train,train_6367.jpg,27,5,6.5,7,26,1.0,가격·금액,6,7,7,6
train,train_6368.jpg,24,5,13.0,13,52,3.0,날짜·시간,13,13,13,13
train,train_6369.jpg,34,9,9.25,11,37,2.75,문자·간판 읽기,9,8,11,9
train,train_6370.jpg,42,10,3.0,5,12,1.25,위치·방향,5,2,3,2
train,train_6371.jpg,41,10,12.0,12,48,3.0,날짜·시간,12,12,12,12
train,train_6372.jpg,16,4,8.75,10,35,2.5,문자·간판 읽기,8,10,10,7
train,train_6373.jpg,19,5,6.25,8,25,1.0,문자·간판 읽기,8,5,8,4
train,train_6374.jpg,45,13,12.0,13,48,4.0,기타,13,12,11,12
train,train_6375.jpg,23,6,13.0,25,52,3.0,메뉴·상품,11,8,8,25
train,train_6376.jpg,21,5,10.25,14,41,3.0,메뉴·상품,14,9,9,9
train,train_6377.jpg,29,5,6.25,7,25,1.0,가격·금액,6,7,6,6
train,train_6378.jpg,39,9,9.5,12,38,3.25,기타,6,9,12,11
train,train_6379.jpg,52,8,20.5,38,82,6.25,기타,13,38,16,15
train,train_6380.jpg,34,10,69.25,71,277,11.0,문자·간판 읽기,66,71,70,70
train,train_6381.jpg,19,5,3.0,3,12,1.0,문자·간판 읽기,3,3,3,3
train,train_6382.jpg,30,8,6.0,14,24,1.25,메뉴·상품,3,3,14,4
train,train_6383.jpg,30,8,17.0,19,68,5.5,메뉴·상품,19,12,19,18
train,train_6384.jpg,26,7,7.0,10,28,2.0,위치·방향,10,4,6,8
train,train_6385.jpg,42,10,11.0,11,44,1.0,전화번호,11,11,11,11
train,train_6386.jpg,26,7,6.0,7,24,2.0,메뉴·상품,6,5,7,6
train,train_6387.jpg,32,9,5.0,6,20,2.0,기타,6,4,5,5
train,train_6388.jpg,26,7,11.0,13,44,2.5,문자·간판 읽기,13,11,8,12
train,train_6389.jpg,35,8,4.0,4,16,1.0,가격·금액,4,4,4,4
train,train_6390.jpg,24,6,4.0,4,16,1.0,위치·방향,4,4,4,4
train,train_6391.jpg,33,9,7.5,11,30,2.5,위치·방향,8,4,11,7
train,train_6392.jpg,32,9,6.0,7,24,1.0,문자·간판 읽기,7,7,4,6
train,train_6393.jpg,32,9,18.0,18,72,3.0,가격·금액,18,18,18,18
train,train_6394.jpg,44,11,4.5,8,18,1.25,문자·간판 읽기,8,4,4,2
train,train_6395.jpg,39,10,3.75,4,15,1.0,수량·계수,3,4,4,4
train,train_6396.jpg,42,10,5.0,5,20,1.0,날짜·시간,5,5,5,5
train,train_6397.jpg,24,6,5.0,7,20,1.0,문자·간판 읽기,7,5,4,4
train,train_6398.jpg,50,12,6.0,6,24,2.0,가격·금액,6,6,6,6
train,train_6399.jpg,16,4,25.25,27,101,3.0,메뉴·상품,24,23,27,27
train,train_6400.jpg,18,4,3.25,4,13,1.0,메뉴·상품,4,2,4,3
train,train_6401.jpg,29,6,2.75,4,11,1.0,기타,2,3,2,4
train,train_6402.jpg,29,8,7.75,11,31,1.75,색상,8,6,6,11
train,train_6403.jpg,29,8,7.0,9,28,1.75,문자·간판 읽기,9,6,9,4
train,train_6404.jpg,16,4,11.25,14,45,2.25,문자·간판 읽기,10,11,10,14
train,train_6405.jpg,38,9,2.5,3,10,1.0,메뉴·상품,2,3,3,2
train,train_6406.jpg,24,6,9.5,19,38,2.5,문자·간판 읽기,19,6,10,3
train,train_6407.jpg,18,4,8.0,8,32,1.0,전화번호,8,8,8,8
train,train_6408.jpg,27,7,5.5,7,22,1.25,메뉴·상품,6,3,6,7
train,train_6409.jpg,28,7,5.0,7,20,1.25,메뉴·상품,7,3,7,3
train,train_6410.jpg,29,7,10.25,13,41,3.0,문자·간판 읽기,10,13,6,12
train,train_6411.jpg,32,7,13.25,14,53,4.0,날짜·시간,13,13,14,13
train,train_6412.jpg,17,4,7.0,7,28,2.0,가격·금액,7,7,7,7
train,train_6413.jpg,25,6,9.25,13,37,1.0,전화번호,8,13,8,8
train,train_6414.jpg,37,10,2.0,2,8,1.0,가격·금액,2,2,2,2
train,train_6415.jpg,29,6,3.25,4,13,1.0,메뉴·상품,3,4,3,3
train,train_6416.jpg,34,9,5.25,8,21,1.0,위치·방향,5,4,4,8
train,train_6417.jpg,31,7,23.0,26,92,6.25,메뉴·상품,22,21,26,23
train,train_6418.jpg,28,8,8.5,9,34,1.0,문자·간판 읽기,9,9,8,8
train,train_6419.jpg,31,8,6.25,10,25,1.25,문자·간판 읽기,5,4,6,10
train,train_6420.jpg,20,3,33.25,36,133,7.5,날짜·시간,36,36,25,36
train,train_6421.jpg,28,7,3.5,4,14,1.0,문자·간판 읽기,4,2,4,4
train,train_6422.jpg,16,4,3.75,4,15,1.0,가격·금액,4,3,4,4
train,train_6423.jpg,16,4,4.75,6,19,1.5,기타,4,5,6,4
train,train_6424.jpg,22,6,5.5,6,22,1.0,문자·간판 읽기,5,5,6,6
train,train_6425.jpg,18,4,13.0,14,52,1.0,전화번호,14,13,13,12
train,train_6426.jpg,30,8,15.25,19,61,5.0,기타,16,19,15,11
train,train_6427.jpg,24,6,10.25,12,41,3.0,문자·간판 읽기,9,12,10,10
train,train_6428.jpg,19,5,7.5,9,30,2.5,문자·간판 읽기,6,9,6,9
train,train_6429.jpg,29,8,3.5,5,14,1.25,문자·간판 읽기,2,4,3,5
train,train_6430.jpg,16,4,14.75,17,59,2.75,문자·간판 읽기,17,15,11,16
train,train_6431.jpg,42,10,4.25,10,17,1.5,위치·방향,3,2,2,10
train,train_6432.jpg,36,10,3.75,6,15,1.25,문자·간판 읽기,6,4,2,3
train,train_6433.jpg,42,9,4.0,7,16,1.0,기타,3,3,3,7
train,train_6434.jpg,31,9,8.0,8,32,2.0,문자·간판 읽기,8,8,8,8
train,train_6435.jpg,31,6,3.75,6,15,1.25,가격·금액,3,6,3,3
train,train_6436.jpg,35,7,5.0,5,20,1.0,가격·금액,5,5,5,5
train,train_6437.jpg,30,6,12.75,13,51,1.0,전화번호,13,13,12,13
train,train_6438.jpg,38,8,11.25,13,45,2.0,가격·금액,11,11,13,10
train,train_6439.jpg,27,7,7.0,7,28,2.0,기타,7,7,7,7
train,train_6440.jpg,26,6,3.25,5,13,1.0,메뉴·상품,2,5,3,3
train,train_6441.jpg,37,7,5.25,7,21,1.5,메뉴·상품,4,6,4,7
train,train_6442.jpg,29,7,16.25,18,65,3.0,기타,14,15,18,18
train,train_6443.jpg,26,7,4.0,4,16,1.0,가격·금액,4,4,4,4
train,train_6444.jpg,36,9,2.75,3,11,1.0,기타,2,3,3,3
train,train_6445.jpg,24,4,6.0,6,24,1.0,가격·금액,6,6,6,6
train,train_6446.jpg,23,6,6.5,7,26,1.0,문자·간판 읽기,6,7,6,7
train,train_6447.jpg,37,9,2.25,3,9,1.0,위치·방향,2,2,3,2
train,train_6448.jpg,43,10,10.5,11,42,2.0,위치·방향,11,11,9,11
train,train_6449.jpg,29,6,7.0,7,28,1.0,가격·금액,7,7,7,7
train,train_6450.jpg,78,12,28.0,28,112,6.0,기타,28,28,28,28
train,train_6451.jpg,36,10,5.0,6,20,2.0,기타,6,5,5,4
train,train_6452.jpg,46,10,2.25,3,9,1.0,문자·간판 읽기,2,2,3,2
train,train_6453.jpg,41,9,2.5,4,10,1.0,기타,2,2,4,2
train,train_6454.jpg,46,11,3.75,6,15,1.25,인물·대상,3,6,3,3
train,train_6455.jpg,38,9,9.0,15,36,1.75,문자·간판 읽기,2,9,10,15
train,train_6456.jpg,30,8,18.25,19,73,4.0,문자·간판 읽기,18,18,19,18
train,train_6457.jpg,43,11,4.0,4,16,1.0,가격·금액,4,4,4,4
train,train_6458.jpg,26,7,9.0,11,36,3.25,문자·간판 읽기,8,8,11,9
train,train_6459.jpg,28,8,14.75,16,59,4.0,기타,14,16,14,15
train,train_6460.jpg,41,11,7.0,8,28,2.0,메뉴·상품,8,6,7,7
train,train_6461.jpg,35,10,22.5,41,90,5.25,위치·방향,14,19,41,16
train,train_6462.jpg,33,10,6.0,11,24,2.25,메뉴·상품,5,4,4,11
train,train_6463.jpg,20,5,12.25,17,49,3.5,문자·간판 읽기,17,10,13,9
train,train_6464.jpg,16,4,6.25,7,25,2.0,문자·간판 읽기,6,6,7,6
train,train_6465.jpg,35,9,15.0,20,60,3.25,위치·방향,18,7,20,15
train,train_6466.jpg,16,4,10.5,12,42,3.0,메뉴·상품,12,10,9,11
train,train_6467.jpg,38,7,6.75,7,27,1.0,가격·금액,7,7,6,7
train,train_6468.jpg,37,7,16.25,18,65,3.25,기타,15,18,17,15
train,train_6469.jpg,20,4,4.0,4,16,1.0,가격·금액,4,4,4,4
train,train_6470.jpg,27,6,8.0,8,32,1.0,전화번호,8,8,8,8
train,train_6471.jpg,31,8,6.25,7,25,1.0,문자·간판 읽기,6,6,7,6
train,train_6472.jpg,32,9,5.25,7,21,1.5,위치·방향,4,7,6,4
train,train_6473.jpg,34,7,5.5,6,22,1.0,가격·금액,6,6,4,6
train,train_6474.jpg,32,7,11.75,13,47,3.0,날짜·시간,12,11,13,11
train,train_6475.jpg,44,7,20.0,22,80,3.0,기타,21,20,22,17
train,train_6476.jpg,35,9,15.0,15,60,5.0,문자·간판 읽기,15,15,15,15
train,train_6477.jpg,31,8,14.5,16,58,2.5,문자·간판 읽기,14,15,13,16
train,train_6478.jpg,37,8,3.0,3,12,1.0,인물·대상,3,3,3,3
train,train_6479.jpg,34,9,11.0,20,44,2.25,문자·간판 읽기,7,20,7,10
train,train_6480.jpg,18,4,15.75,18,63,4.0,문자·간판 읽기,14,16,15,18
train,train_6481.jpg,27,6,15.25,24,61,2.25,전화번호,20,12,24,5
train,train_6482.jpg,35,8,3.25,5,13,1.25,메뉴·상품,3,5,3,2
train,train_6483.jpg,25,7,4.0,5,16,1.0,문자·간판 읽기,5,3,4,4
train,train_6484.jpg,26,7,4.75,6,19,1.0,문자·간판 읽기,3,4,6,6
train,train_6485.jpg,45,11,26.0,26,104,4.0,가격·금액,26,26,26,26
train,train_6486.jpg,44,11,12.75,13,51,1.0,전화번호,12,13,13,13
train,train_6487.jpg,27,7,8.5,9,34,2.25,문자·간판 읽기,9,9,9,7
train,train_6488.jpg,23,6,2.75,3,11,1.0,위치·방향,2,3,3,3
train,train_6489.jpg,36,9,18.0,18,72,3.0,날짜·시간,18,18,18,18
train,train_6490.jpg,17,4,11.0,14,44,2.5,문자·간판 읽기,10,9,14,11
train,train_6491.jpg,30,7,11.25,14,45,1.5,문자·간판 읽기,14,10,11,10
train,train_6492.jpg,31,9,9.25,17,37,1.25,문자·간판 읽기,5,17,9,6
train,train_6493.jpg,50,10,7.25,8,29,2.0,기타,7,7,8,7
train,train_6494.jpg,32,10,4.25,5,17,1.0,기타,5,4,3,5
train,train_6495.jpg,29,7,4.0,4,16,1.0,가격·금액,4,4,4,4
train,train_6496.jpg,27,7,2.0,2,8,1.0,문자·간판 읽기,2,2,2,2
train,train_6497.jpg,22,5,7.0,7,28,1.0,가격·금액,7,7,7,7
train,train_6498.jpg,22,6,12.75,17,51,3.5,문자·간판 읽기,11,13,10,17
train,train_6499.jpg,41,8,23.25,24,93,3.0,날짜·시간,24,23,23,23
train,train_6500.jpg,27,7,3.5,4,14,1.0,문자·간판 읽기,4,3,4,3
train,train_6501.jpg,44,11,3.0,3,12,1.0,수량·계수,3,3,3,3
train,train_6502.jpg,44,10,6.0,6,24,1.0,가격·금액,6,6,6,6
train,train_6503.jpg,39,10,7.25,14,29,1.25,기타,5,4,14,6
train,train_6504.jpg,36,9,2.0,2,8,1.0,기타,2,2,2,2
train,train_6505.jpg,20,5,12.0,15,48,3.5,문자·간판 읽기,10,15,14,9
train,train_6506.jpg,35,7,6.25,7,25,2.0,날짜·시간,6,7,6,6
train,train_6507.jpg,24,6,10.0,10,40,1.0,날짜·시간,10,10,10,10
train,train_6508.jpg,20,5,7.0,9,28,1.0,문자·간판 읽기,9,6,7,6
train,train_6509.jpg,26,6,19.25,22,77,3.25,문자·간판 읽기,19,22,18,18
train,train_6510.jpg,23,5,9.25,12,37,1.25,전화번호,12,4,11,10
train,train_6511.jpg,22,6,10.25,12,41,2.25,문자·간판 읽기,10,9,12,10
train,train_6512.jpg,34,9,6.25,7,25,1.0,가격·금액,7,6,6,6
train,train_6513.jpg,16,4,10.0,11,40,1.75,문자·간판 읽기,9,10,10,11
train,train_6514.jpg,50,13,11.0,21,44,1.75,기타,5,10,8,21
train,train_6515.jpg,55,13,3.75,4,15,1.0,문자·간판 읽기,4,4,3,4
train,train_6516.jpg,27,6,2.5,3,10,1.0,기타,3,2,3,2
train,train_6517.jpg,34,10,22.0,22,88,5.0,색상,22,22,22,22
train,train_6518.jpg,24,6,6.75,10,27,1.75,문자·간판 읽기,4,7,6,10
train,train_6519.jpg,31,8,6.25,7,25,1.0,문자·간판 읽기,7,6,5,7
train,train_6520.jpg,45,13,6.0,6,24,2.0,색상,6,6,6,6
train,train_6521.jpg,27,7,7.0,8,28,2.5,문자·간판 읽기,6,8,8,6
train,train_6522.jpg,25,6,4.75,6,19,1.0,가격·금액,4,6,5,4
train,train_6523.jpg,16,4,13.0,18,52,2.0,문자·간판 읽기,4,17,13,18
train,train_6524.jpg,25,5,6.0,6,24,1.0,가격·금액,6,6,6,6
train,train_6525.jpg,24,6,8.5,9,34,1.0,전화번호,8,9,9,8
train,train_6526.jpg,34,7,6.75,7,27,1.0,가격·금액,7,6,7,7
train,train_6527.jpg,34,8,5.25,6,21,1.0,수량·계수,5,6,5,5
train,train_6528.jpg,34,7,26.25,40,105,7.0,기타,25,40,21,19
train,train_6529.jpg,32,9,23.75,26,95,4.0,문자·간판 읽기,24,22,23,26
train,train_6530.jpg,14,3,10.25,13,41,2.25,기타,13,7,13,8
train,train_6531.jpg,34,8,4.0,6,16,1.25,기타,4,3,3,6
train,train_6532.jpg,29,7,3.0,3,12,1.0,가격·금액,3,3,3,3
train,train_6533.jpg,41,13,2.25,3,9,1.0,수량·계수,2,2,3,2
train,train_6534.jpg,20,5,8.0,11,32,1.5,문자·간판 읽기,11,11,3,7
train,train_6535.jpg,42,10,13.5,23,54,3.0,메뉴·상품,8,14,9,23
train,train_6536.jpg,22,5,20.0,20,80,3.0,기타,20,20,20,20
train,train_6537.jpg,40,9,8.25,9,33,2.0,문자·간판 읽기,8,9,8,8
train,train_6538.jpg,52,11,17.0,19,68,2.75,문자·간판 읽기,17,17,15,19
train,train_6539.jpg,43,11,6.25,7,25,1.0,가격·금액,7,6,6,6
train,train_6540.jpg,49,10,3.5,4,14,1.0,가격·금액,3,4,4,3
train,train_6541.jpg,45,12,10.25,15,41,2.75,기타,8,15,8,10
train,train_6542.jpg,22,6,18.0,19,72,3.75,문자·간판 읽기,19,15,19,19
train,train_6543.jpg,24,6,5.0,5,20,1.0,가격·금액,5,5,5,5
train,train_6544.jpg,21,5,9.25,13,37,1.0,전화번호,13,8,8,8
train,train_6545.jpg,46,10,7.5,8,30,1.0,메뉴·상품,6,8,8,8
train,train_6546.jpg,32,9,10.5,11,42,3.0,기타,11,11,9,11
train,train_6547.jpg,25,7,5.25,7,21,1.25,문자·간판 읽기,5,5,4,7
train,train_6548.jpg,26,7,9.25,13,37,1.5,문자·간판 읽기,12,7,5,13
train,train_6549.jpg,26,7,7.5,12,30,1.5,문자·간판 읽기,6,7,5,12
train,train_6550.jpg,19,5,9.5,10,38,2.0,문자·간판 읽기,10,10,8,10
train,train_6551.jpg,28,7,2.25,3,9,1.0,메뉴·상품,2,2,3,2
train,train_6552.jpg,36,9,9.0,13,36,2.25,메뉴·상품,8,13,6,9
train,train_6553.jpg,41,11,3.5,5,14,1.0,메뉴·상품,5,3,3,3
train,train_6554.jpg,40,11,5.25,9,21,1.25,문자·간판 읽기,4,4,9,4
train,train_6555.jpg,25,7,8.0,9,32,2.75,문자·간판 읽기,7,8,9,8
train,train_6556.jpg,37,11,8.25,10,33,2.0,문자·간판 읽기,7,10,9,7
train,train_6557.jpg,17,4,5.75,6,23,2.0,가격·금액,5,6,6,6
train,train_6558.jpg,38,9,4.75,8,19,1.0,날짜·시간,4,3,4,8
train,train_6559.jpg,24,6,5.0,5,20,1.0,문자·간판 읽기,5,5,5,5
train,train_6560.jpg,28,8,4.75,6,19,1.0,문자·간판 읽기,5,4,6,4
train,train_6561.jpg,35,8,5.0,5,20,1.0,가격·금액,5,5,5,5
train,train_6562.jpg,30,8,5.75,9,23,1.0,문자·간판 읽기,9,4,6,4
train,train_6563.jpg,27,8,14.5,17,58,4.25,기타,17,16,15,10
train,train_6564.jpg,26,7,4.25,6,17,1.0,문자·간판 읽기,3,6,4,4
train,train_6565.jpg,19,5,8.75,10,35,2.0,메뉴·상품,10,7,8,10
train,train_6566.jpg,24,6,7.0,9,28,1.0,기타,7,7,9,5
train,train_6567.jpg,29,7,10.0,10,40,1.0,전화번호,10,10,10,10
train,train_6568.jpg,28,7,19.75,22,79,5.0,문자·간판 읽기,21,22,18,18
train,train_6569.jpg,35,9,9.75,10,39,2.0,위치·방향,10,9,10,10
train,train_6570.jpg,25,7,13.25,14,53,3.0,문자·간판 읽기,13,14,12,14
train,train_6571.jpg,51,10,5.0,5,20,1.0,가격·금액,5,5,5,5
train,train_6572.jpg,41,9,8.0,8,32,3.0,문자·간판 읽기,8,8,8,8
train,train_6573.jpg,17,4,7.5,14,30,2.0,문자·간판 읽기,14,4,7,5
train,train_6574.jpg,42,10,9.0,9,36,2.0,가격·금액,9,9,9,9
train,train_6575.jpg,30,7,7.0,7,28,1.0,가격·금액,7,7,7,7
train,train_6576.jpg,39,9,8.5,11,34,2.75,기타,7,8,11,8
train,train_6577.jpg,24,6,16.75,19,67,3.0,문자·간판 읽기,15,18,19,15
train,train_6578.jpg,26,6,12.0,12,48,1.0,전화번호,12,12,12,12
train,train_6579.jpg,36,10,2.5,3,10,1.0,기타,3,2,3,2
train,train_6580.jpg,19,5,5.0,9,20,1.25,기타,3,4,9,4
train,train_6581.jpg,26,7,7.25,10,29,2.25,메뉴·상품,7,5,10,7
train,train_6582.jpg,40,10,4.25,9,17,1.25,위치·방향,4,2,9,2
train,train_6583.jpg,23,6,3.5,5,14,1.0,문자·간판 읽기,3,5,3,3
train,train_6584.jpg,24,6,4.5,6,18,1.0,기타,5,3,4,6
train,train_6585.jpg,29,7,6.25,9,25,1.0,문자·간판 읽기,4,7,5,9
train,train_6586.jpg,21,5,10.75,13,43,1.0,전화번호,13,9,12,9
train,train_6587.jpg,49,12,24.0,30,96,6.25,기타,28,16,22,30
train,train_6588.jpg,28,7,2.75,5,11,1.25,기타,2,5,2,2
train,train_6589.jpg,44,11,2.75,3,11,1.0,색상,2,3,3,3
train,train_6590.jpg,59,14,12.5,26,50,3.75,기타,26,9,6,9
train,train_6591.jpg,52,11,6.75,7,27,1.0,가격·금액,7,6,7,7
train,train_6592.jpg,15,4,2.75,3,11,1.0,기타,2,3,3,3
train,train_6593.jpg,48,11,7.0,9,28,1.75,전화번호,9,5,8,6
train,train_6594.jpg,27,7,8.0,8,32,3.0,문자·간판 읽기,8,8,8,8
train,train_6595.jpg,35,8,18.25,20,73,3.0,문자·간판 읽기,16,17,20,20
train,train_6596.jpg,30,8,5.75,7,23,1.0,문자·간판 읽기,4,7,5,7
train,train_6597.jpg,40,9,12.25,16,49,4.0,위치·방향,11,16,10,12
train,train_6598.jpg,43,11,8.5,10,34,2.75,위치·방향,9,10,10,5
train,train_6599.jpg,34,8,19.0,19,76,5.0,가격·금액,19,19,19,19
train,train_6600.jpg,22,6,19.5,24,78,3.0,문자·간판 읽기,24,19,12,23
train,train_6601.jpg,23,6,7.0,8,28,2.0,기타,6,8,6,8
train,train_6602.jpg,44,10,11.5,15,46,2.0,위치·방향,15,12,11,8
train,train_6603.jpg,36,8,10.75,12,43,1.0,전화번호,11,11,12,9
train,train_6604.jpg,37,9,7.0,9,28,2.25,기타,6,9,6,7
train,train_6605.jpg,38,11,23.75,27,95,4.0,문자·간판 읽기,27,22,27,19
train,train_6606.jpg,41,11,4.5,6,18,1.75,가격·금액,5,2,5,6
train,train_6607.jpg,29,7,4.25,5,17,1.0,가격·금액,5,4,4,4
train,train_6608.jpg,22,6,3.0,3,12,1.0,문자·간판 읽기,3,3,3,3
train,train_6609.jpg,27,6,2.25,4,9,1.0,기타,2,4,2,1
train,train_6610.jpg,34,9,7.75,9,31,1.0,가격·금액,9,6,8,8
train,train_6611.jpg,22,5,16.5,18,66,3.25,문자·간판 읽기,13,18,17,18
train,train_6612.jpg,24,6,3.75,4,15,1.0,기타,3,4,4,4
train,train_6613.jpg,33,10,10.5,11,42,2.5,문자·간판 읽기,11,10,10,11
train,train_6614.jpg,20,5,7.5,8,30,2.0,문자·간판 읽기,8,7,8,7
train,train_6615.jpg,28,8,3.0,3,12,1.0,메뉴·상품,3,3,3,3
train,train_6616.jpg,24,6,11.25,13,45,2.25,문자·간판 읽기,10,11,13,11
train,train_6617.jpg,40,9,5.25,9,21,1.5,기타,2,3,7,9
train,train_6618.jpg,30,8,10.5,11,42,3.0,위치·방향,10,11,11,10
train,train_6619.jpg,34,8,7.0,7,28,2.0,가격·금액,7,7,7,7
train,train_6620.jpg,45,10,6.0,6,24,1.0,가격·금액,6,6,6,6
train,train_6621.jpg,37,9,6.5,7,26,1.0,가격·금액,7,6,6,7
train,train_6622.jpg,24,6,7.0,7,28,3.0,색상,7,7,7,7
train,train_6623.jpg,22,6,15.25,18,61,2.25,문자·간판 읽기,14,15,14,18
train,train_6624.jpg,30,7,7.0,7,28,1.0,가격·금액,7,7,7,7
train,train_6625.jpg,33,6,7.0,7,28,1.0,가격·금액,7,7,7,7
train,train_6626.jpg,24,5,21.25,29,85,5.25,메뉴·상품,29,20,14,22
train,train_6627.jpg,38,9,6.25,9,25,2.0,위치·방향,9,6,6,4
train,train_6628.jpg,29,7,5.0,5,20,2.0,기타,5,5,5,5
train,train_6629.jpg,22,6,6.5,10,26,2.0,문자·간판 읽기,6,5,10,5
train,train_6630.jpg,40,10,8.75,12,35,2.5,날짜·시간,6,11,6,12
train,train_6631.jpg,43,10,4.5,6,18,1.75,문자·간판 읽기,6,5,2,5
train,train_6632.jpg,27,5,5.0,5,20,1.0,가격·금액,5,5,5,5
train,train_6633.jpg,18,5,6.75,7,27,2.0,문자·간판 읽기,7,6,7,7
train,train_6634.jpg,38,9,8.75,11,35,2.25,문자·간판 읽기,6,11,10,8
train,train_6635.jpg,39,9,15.5,18,62,5.0,기타,12,18,16,16
train,train_6636.jpg,22,6,5.75,7,23,1.5,기타,5,7,4,7
train,train_6637.jpg,44,12,10.75,13,43,3.25,문자·간판 읽기,9,13,11,10
train,train_6638.jpg,33,7,7.0,7,28,1.0,가격·금액,7,7,7,7
train,train_6639.jpg,32,8,4.5,5,18,1.0,문자·간판 읽기,5,3,5,5
train,train_6640.jpg,44,10,3.0,3,12,1.0,가격·금액,3,3,3,3
train,train_6641.jpg,40,9,7.75,9,31,1.0,위치·방향,9,7,7,8
train,train_6642.jpg,37,11,22.0,22,88,8.0,메뉴·상품,22,22,22,22
train,train_6643.jpg,27,7,26.25,28,105,4.0,메뉴·상품,26,25,28,26
train,train_6644.jpg,25,6,4.25,5,17,1.0,가격·금액,4,4,4,5
train,train_6645.jpg,41,9,9.5,11,38,1.0,전화번호,8,8,11,11
train,train_6646.jpg,24,6,28.25,31,113,6.5,날짜·시간,22,30,31,30
train,train_6647.jpg,51,12,7.0,7,28,1.0,가격·금액,7,7,7,7
train,train_6648.jpg,35,7,12.0,12,48,1.0,전화번호,12,12,12,12
train,train_6649.jpg,41,9,18.75,20,75,4.25,날짜·시간,17,20,20,18
train,train_6650.jpg,17,4,6.75,10,27,1.0,문자·간판 읽기,10,5,5,7
train,train_6651.jpg,21,6,5.5,6,22,1.0,메뉴·상품,6,6,6,4
train,train_6652.jpg,20,5,9.75,10,39,3.0,인물·대상,10,10,9,10
train,train_6653.jpg,22,5,9.25,14,37,2.5,기타,14,7,9,7
train,train_6654.jpg,21,5,6.0,6,24,1.0,가격·금액,6,6,6,6
train,train_6655.jpg,45,10,24.75,28,99,5.75,기타,28,24,26,21
train,train_6656.jpg,27,7,4.25,6,17,1.25,기타,3,4,4,6
train,train_6657.jpg,38,9,12.0,19,48,3.0,날짜·시간,19,6,13,10
train,train_6658.jpg,49,13,9.5,10,38,2.0,문자·간판 읽기,9,10,9,10
train,train_6659.jpg,34,9,4.0,4,16,1.0,문자·간판 읽기,4,4,4,4
train,train_6660.jpg,27,6,12.0,12,48,1.0,날짜·시간,12,12,12,12
train,train_6661.jpg,29,7,10.75,16,43,3.75,문자·간판 읽기,16,11,11,5
train,train_6662.jpg,41,11,5.5,6,22,1.0,문자·간판 읽기,6,4,6,6
train,train_6663.jpg,34,7,5.5,8,22,1.0,문자·간판 읽기,3,8,6,5
train,train_6664.jpg,25,6,7.0,10,28,1.0,문자·간판 읽기,6,8,4,10
train,train_6665.jpg,43,9,13.0,13,52,4.0,기타,13,13,13,13
train,train_6666.jpg,26,7,8.0,9,32,3.0,문자·간판 읽기,8,8,7,9
train,train_6667.jpg,16,4,4.0,4,16,1.0,가격·금액,4,4,4,4
train,train_6668.jpg,21,6,7.75,9,31,2.0,문자·간판 읽기,8,8,9,6
train,train_6669.jpg,19,5,6.0,6,24,1.0,가격·금액,6,6,6,6
train,train_6670.jpg,38,11,18.0,22,72,4.5,메뉴·상품,16,20,22,14
train,train_6671.jpg,31,8,4.0,4,16,1.0,전화번호,4,4,4,4
train,train_6672.jpg,16,4,4.0,4,16,1.0,문자·간판 읽기,4,4,4,4
train,train_6673.jpg,51,12,6.0,6,24,1.0,가격·금액,6,6,6,6
train,train_6674.jpg,32,7,8.0,14,32,2.25,문자·간판 읽기,14,6,6,6
train,train_6675.jpg,20,5,4.25,5,17,1.0,기타,4,3,5,5
train,train_6676.jpg,39,10,2.0,2,8,1.0,위치·방향,2,2,2,2
train,train_6677.jpg,25,6,11.75,18,47,1.5,메뉴·상품,18,8,6,15
train,train_6678.jpg,17,4,6.75,8,27,1.0,문자·간판 읽기,8,5,6,8
train,train_6679.jpg,18,5,3.0,3,12,1.0,위치·방향,3,3,3,3
train,train_6680.jpg,34,9,14.75,19,59,3.0,문자·간판 읽기,15,10,19,15
train,train_6681.jpg,45,12,5.25,8,21,1.25,기타,4,8,7,2
train,train_6682.jpg,28,7,3.0,3,12,1.0,전화번호,3,3,3,3
train,train_6683.jpg,22,6,3.0,3,12,1.0,문자·간판 읽기,3,3,3,3
train,train_6684.jpg,44,10,13.0,16,52,4.0,문자·간판 읽기,16,13,9,14
train,train_6685.jpg,24,6,5.5,6,22,2.0,문자·간판 읽기,5,6,5,6
train,train_6686.jpg,38,9,4.75,5,19,1.0,가격·금액,5,5,5,4
train,train_6687.jpg,27,6,2.5,3,10,1.0,위치·방향,2,3,2,3
train,train_6688.jpg,31,6,8.0,13,32,1.25,문자·간판 읽기,7,13,6,6
train,train_6689.jpg,33,8,12.75,14,51,3.0,메뉴·상품,14,13,12,12
train,train_6690.jpg,19,5,4.5,6,18,1.5,전화번호,4,3,5,6
train,train_6691.jpg,19,5,5.5,6,22,2.0,문자·간판 읽기,6,6,5,5
train,train_6692.jpg,16,4,4.0,4,16,1.0,문자·간판 읽기,4,4,4,4
train,train_6693.jpg,23,6,4.5,5,18,2.0,문자·간판 읽기,4,5,4,5
train,train_6694.jpg,41,10,13.75,18,55,3.25,문자·간판 읽기,11,10,16,18
train,train_6695.jpg,16,4,7.25,8,29,2.0,기타,8,6,7,8
train,train_6696.jpg,35,7,11.0,11,44,1.0,전화번호,11,11,11,11
train,train_6697.jpg,23,5,8.0,9,32,3.0,위치·방향,9,7,9,7
train,train_6698.jpg,16,4,5.0,6,20,1.0,문자·간판 읽기,5,4,6,5
train,train_6699.jpg,19,5,4.0,5,16,1.0,메뉴·상품,4,4,3,5
train,train_6700.jpg,24,6,8.0,8,32,1.0,전화번호,8,8,8,8
train,train_6701.jpg,31,7,5.5,6,22,1.0,색상,5,6,5,6
train,train_6702.jpg,31,7,6.0,6,24,1.0,가격·금액,6,6,6,6
train,train_6703.jpg,39,11,7.25,8,29,1.0,색상,8,7,8,6
train,train_6704.jpg,44,11,3.75,7,15,1.25,문자·간판 읽기,3,1,4,7
train,train_6705.jpg,35,7,15.25,16,61,4.0,날짜·시간,15,15,15,16
train,train_6706.jpg,27,7,2.25,3,9,1.0,메뉴·상품,2,3,2,2
train,train_6707.jpg,36,10,13.25,18,53,4.0,색상,18,10,11,14
train,train_6708.jpg,27,7,4.25,5,17,1.0,메뉴·상품,5,4,5,3
train,train_6709.jpg,27,8,13.5,15,54,2.0,문자·간판 읽기,11,14,15,14
train,train_6710.jpg,17,4,5.5,7,22,1.0,문자·간판 읽기,6,3,7,6
train,train_6711.jpg,30,8,8.0,11,32,2.25,기타,7,8,6,11
train,train_6712.jpg,24,6,6.75,8,27,2.0,문자·간판 읽기,6,8,6,7
train,train_6713.jpg,24,6,7.0,7,28,1.0,가격·금액,7,7,7,7
train,train_6714.jpg,33,9,2.0,3,8,1.0,인물·대상,1,2,2,3
test,test_0001.jpg,48,12,9.25,13,37,1.0,전화번호,13,8,8,8
test,test_0002.jpg,27,7,7.5,11,30,2.0,메뉴·상품,6,7,11,6
test,test_0003.jpg,67,16,5.25,8,21,1.75,기타,8,2,4,7
test,test_0004.jpg,42,9,2.25,3,9,1.0,위치·방향,3,2,2,2
test,test_0005.jpg,43,10,13.5,14,54,4.0,색상,14,13,14,13
test,test_0006.jpg,31,9,3.5,5,14,1.0,문자·간판 읽기,4,5,3,2
test,test_0007.jpg,29,8,8.75,10,35,2.75,메뉴·상품,10,10,9,6
test,test_0008.jpg,26,7,2.5,4,10,1.0,메뉴·상품,2,2,4,2
test,test_0009.jpg,15,4,14.75,21,59,4.0,기타,13,9,21,16
test,test_0010.jpg,27,7,6.75,12,27,1.0,위치·방향,5,12,5,5
test,test_0011.jpg,37,8,12.0,12,48,3.0,날짜·시간,12,12,12,12
test,test_0012.jpg,32,9,6.5,7,26,1.0,가격·금액,7,7,6,6
test,test_0013.jpg,44,12,5.0,6,20,1.0,메뉴·상품,6,5,5,4
test,test_0014.jpg,53,11,16.75,22,67,3.5,위치·방향,14,16,15,22
test,test_0015.jpg,51,11,6.75,8,27,1.0,기타,8,8,5,6
test,test_0016.jpg,16,4,4.75,8,19,1.25,문자·간판 읽기,4,4,3,8
test,test_0017.jpg,28,6,6.25,7,25,1.0,가격·금액,6,6,7,6
test,test_0018.jpg,28,7,9.5,13,38,2.0,위치·방향,9,8,8,13
test,test_0019.jpg,27,7,11.75,13,47,3.0,문자·간판 읽기,12,12,13,10
test,test_0020.jpg,22,5,20.0,20,80,3.0,날짜·시간,20,20,20,20
test,test_0021.jpg,25,6,12.0,12,48,1.0,문자·간판 읽기,12,12,12,12
test,test_0022.jpg,16,4,6.0,6,24,1.0,가격·금액,6,6,6,6
test,test_0023.jpg,28,8,9.0,9,36,3.0,날짜·시간,9,9,9,9
test,test_0024.jpg,22,6,6.0,6,24,1.0,가격·금액,6,6,6,6
test,test_0025.jpg,44,12,7.75,12,31,2.25,메뉴·상품,12,6,6,7
test,test_0026.jpg,36,6,32.5,67,130,8.25,기타,21,67,22,20
test,test_0027.jpg,60,13,8.75,10,35,2.0,색상,10,7,9,9
test,test_0028.jpg,36,8,10.75,15,43,2.75,문자·간판 읽기,15,7,8,13
test,test_0029.jpg,35,8,8.0,8,32,1.0,전화번호,8,8,8,8
test,test_0030.jpg,48,12,20.25,22,81,5.25,색상,19,22,20,20
test,test_0031.jpg,16,4,6.0,7,24,2.0,메뉴·상품,7,6,5,6
test,test_0032.jpg,41,10,10.0,12,40,2.75,메뉴·상품,12,10,8,10
test,test_0033.jpg,29,8,4.5,10,18,1.5,문자·간판 읽기,3,3,10,2
test,test_0034.jpg,29,8,7.75,13,31,1.75,문자·간판 읽기,4,8,13,6
test,test_0035.jpg,31,8,2.0,2,8,1.0,문자·간판 읽기,2,2,2,2
test,test_0036.jpg,33,9,7.0,8,28,1.75,문자·간판 읽기,6,7,8,7
test,test_0037.jpg,33,7,5.75,7,23,1.25,가격·금액,7,6,6,4
test,test_0038.jpg,39,11,38.5,55,154,6.5,문자·간판 읽기,36,28,55,35
test,test_0039.jpg,21,5,3.0,3,12,1.0,위치·방향,3,3,3,3
test,test_0040.jpg,26,6,18.0,20,72,3.0,문자·간판 읽기,20,16,16,20
test,test_0041.jpg,31,7,8.0,8,32,2.0,가격·금액,8,8,8,8
test,test_0042.jpg,34,8,7.0,7,28,1.0,가격·금액,7,7,7,7
test,test_0043.jpg,16,4,7.25,12,29,1.0,문자·간판 읽기,12,6,6,5
test,test_0044.jpg,38,11,10.75,15,43,3.25,색상,9,10,9,15
test,test_0045.jpg,28,7,2.5,3,10,1.0,색상,2,2,3,3
test,test_0046.jpg,54,12,19.75,25,79,5.0,기타,15,18,25,21
test,test_0047.jpg,34,8,3.5,4,14,1.0,메뉴·상품,4,3,3,4
test,test_0048.jpg,40,11,17.25,19,69,4.25,기타,19,19,18,13
test,test_0049.jpg,31,9,5.5,6,22,1.0,가격·금액,6,6,4,6
test,test_0050.jpg,37,10,3.0,4,12,1.0,문자·간판 읽기,4,2,3,3
test,test_0051.jpg,30,9,3.0,5,12,1.0,메뉴·상품,5,2,3,2
test,test_0052.jpg,43,8,22.0,27,88,4.25,문자·간판 읽기,22,16,27,23
test,test_0053.jpg,31,9,4.0,5,16,1.0,메뉴·상품,4,5,3,4
test,test_0054.jpg,27,7,6.25,9,25,1.5,위치·방향,9,5,7,4
test,test_0055.jpg,30,9,7.25,10,29,1.0,문자·간판 읽기,10,7,7,5
test,test_0056.jpg,25,7,3.75,5,15,1.0,문자·간판 읽기,3,5,4,3
test,test_0057.jpg,27,7,4.0,7,16,1.0,가격·금액,7,3,2,4
test,test_0058.jpg,17,4,14.5,16,58,2.75,문자·간판 읽기,15,12,15,16
test,test_0059.jpg,21,4,6.0,6,24,1.0,가격·금액,6,6,6,6
test,test_0060.jpg,16,4,16.25,17,65,3.0,문자·간판 읽기,16,16,16,17
test,test_0061.jpg,31,8,3.0,3,12,1.0,기타,3,3,3,3
test,test_0062.jpg,28,6,3.5,4,14,1.0,문자·간판 읽기,4,4,3,3
test,test_0063.jpg,28,6,5.0,5,20,1.0,가격·금액,5,5,5,5
test,test_0064.jpg,23,6,17.75,18,71,3.0,메뉴·상품,18,18,17,18
test,test_0065.jpg,33,8,4.75,10,19,1.75,위치·방향,2,10,2,5
test,test_0066.jpg,44,10,26.0,26,104,3.0,날짜·시간,26,26,26,26
test,test_0067.jpg,28,7,9.25,12,37,2.0,문자·간판 읽기,12,7,9,9
test,test_0068.jpg,37,10,21.0,25,84,5.0,기타,25,20,14,25
test,test_0069.jpg,36,11,4.75,7,19,1.5,기타,3,3,7,6
test,test_0070.jpg,28,6,4.75,6,19,1.0,메뉴·상품,4,6,5,4
test,test_0071.jpg,26,7,24.0,29,96,3.5,메뉴·상품,25,29,17,25
test,test_0072.jpg,24,7,14.0,17,56,3.5,날짜·시간,15,17,7,17
test,test_0073.jpg,26,7,17.25,24,69,4.5,문자·간판 읽기,12,19,24,14
test,test_0074.jpg,42,11,11.5,27,46,3.0,색상,4,27,8,7
test,test_0075.jpg,26,7,5.0,5,20,3.0,문자·간판 읽기,5,5,5,5
test,test_0076.jpg,46,10,29.5,40,118,6.75,기타,22,35,40,21
test,test_0077.jpg,23,6,6.0,7,24,1.0,문자·간판 읽기,6,6,5,7
test,test_0078.jpg,29,8,11.75,23,47,2.0,문자·간판 읽기,23,9,8,7
test,test_0079.jpg,35,9,9.75,13,39,2.75,색상,8,6,13,12
test,test_0080.jpg,27,7,13.25,18,53,2.5,문자·간판 읽기,18,10,11,14
test,test_0081.jpg,27,7,13.75,14,55,3.0,문자·간판 읽기,14,13,14,14
test,test_0082.jpg,18,5,3.25,5,13,1.0,문자·간판 읽기,4,5,2,2
test,test_0083.jpg,37,8,7.0,7,28,2.0,가격·금액,7,7,7,7
test,test_0084.jpg,35,9,3.75,4,15,1.0,색상,3,4,4,4
test,test_0085.jpg,14,4,7.5,9,30,2.5,기타,5,8,8,9
test,test_0086.jpg,28,7,5.75,8,23,1.5,위치·방향,8,7,4,4
test,test_0087.jpg,29,8,6.0,8,24,2.0,메뉴·상품,6,6,4,8
test,test_0088.jpg,27,7,4.0,4,16,1.0,가격·금액,4,4,4,4
test,test_0089.jpg,48,12,11.75,16,47,3.5,기타,12,11,8,16
test,test_0090.jpg,33,10,7.5,8,30,2.0,문자·간판 읽기,8,7,8,7
test,test_0091.jpg,49,11,13.5,15,54,2.75,기타,15,14,15,10
test,test_0092.jpg,39,9,7.0,7,28,1.0,가격·금액,7,7,7,7
test,test_0093.jpg,34,6,3.0,5,12,1.25,기타,3,2,5,2
test,test_0094.jpg,34,7,7.0,7,28,1.0,가격·금액,7,7,7,7
test,test_0095.jpg,28,8,6.75,7,27,2.0,메뉴·상품,7,7,6,7
test,test_0096.jpg,29,8,5.0,9,20,1.25,색상,9,3,4,4
test,test_0097.jpg,27,6,7.0,7,28,1.0,가격·금액,7,7,7,7
test,test_0098.jpg,54,14,2.5,3,10,1.0,날짜·시간,2,3,2,3
test,test_0099.jpg,19,5,4.0,4,16,1.0,문자·간판 읽기,4,4,4,4
test,test_0100.jpg,28,7,6.0,6,24,1.0,문자·간판 읽기,6,6,6,6
test,test_0101.jpg,22,6,23.5,26,94,2.75,문자·간판 읽기,24,26,21,23
test,test_0102.jpg,46,12,12.25,13,49,4.0,위치·방향,12,13,12,12
test,test_0103.jpg,25,7,4.25,6,17,1.25,메뉴·상품,6,4,4,3
test,test_0104.jpg,19,5,15.0,21,60,4.0,색상,19,14,6,21
test,test_0105.jpg,28,8,2.75,4,11,1.0,메뉴·상품,2,3,2,4
test,test_0106.jpg,26,7,10.5,12,42,2.75,문자·간판 읽기,9,11,10,12
test,test_0107.jpg,28,7,8.75,9,35,1.0,문자·간판 읽기,8,9,9,9
test,test_0108.jpg,27,8,6.5,11,26,1.5,문자·간판 읽기,11,5,6,4
test,test_0109.jpg,25,5,13.0,13,52,3.0,날짜·시간,13,13,13,13
test,test_0110.jpg,22,6,17.0,18,68,4.5,문자·간판 읽기,16,18,16,18
test,test_0111.jpg,40,9,13.0,16,52,3.75,문자·간판 읽기,13,16,12,11
test,test_0112.jpg,17,4,5.75,7,23,1.75,문자·간판 읽기,7,6,6,4
test,test_0113.jpg,41,10,6.25,7,25,1.0,가격·금액,6,6,6,7
test,test_0114.jpg,52,10,4.0,5,16,1.0,문자·간판 읽기,5,3,5,3
test,test_0115.jpg,49,12,9.75,10,39,2.0,기타,9,10,10,10
test,test_0116.jpg,32,8,9.0,10,36,2.25,기타,9,9,8,10
test,test_0117.jpg,39,8,13.5,16,54,4.25,기타,16,13,14,11
test,test_0118.jpg,34,8,10.5,11,42,1.0,문자·간판 읽기,10,11,11,10
test,test_0119.jpg,39,10,20.25,25,81,4.75,문자·간판 읽기,18,21,17,25
test,test_0120.jpg,36,9,3.5,4,14,1.0,문자·간판 읽기,2,4,4,4
test,test_0121.jpg,48,11,21.25,32,85,4.0,문자·간판 읽기,13,32,18,22
test,test_0122.jpg,26,7,5.0,5,20,1.0,가격·금액,5,5,5,5
test,test_0123.jpg,33,10,3.0,3,12,1.0,색상,3,3,3,3
test,test_0124.jpg,33,6,5.5,6,22,2.0,위치·방향,6,5,5,6
test,test_0125.jpg,45,11,6.75,8,27,2.0,기타,6,6,8,7
test,test_0126.jpg,26,7,10.25,15,41,2.0,메뉴·상품,10,15,9,7
test,test_0127.jpg,28,8,2.0,2,8,1.0,문자·간판 읽기,2,2,2,2
test,test_0128.jpg,23,4,14.0,16,56,1.0,전화번호,12,16,14,14
test,test_0129.jpg,36,9,4.0,4,16,1.0,가격·금액,4,4,4,4
test,test_0130.jpg,44,10,16.0,18,64,4.75,날짜·시간,18,18,15,13
test,test_0131.jpg,32,6,21.25,23,85,1.0,기타,22,20,23,20
test,test_0132.jpg,24,6,4.0,4,16,1.0,전화번호,4,4,4,4
test,test_0133.jpg,26,7,5.5,6,22,1.0,위치·방향,4,6,6,6
test,test_0134.jpg,30,9,25.25,27,101,4.0,문자·간판 읽기,23,25,26,27
test,test_0135.jpg,41,10,10.25,15,41,1.75,기타,10,15,9,7
test,test_0136.jpg,27,7,6.5,7,26,1.0,가격·금액,6,7,7,6
test,test_0137.jpg,31,8,6.0,8,24,1.0,문자·간판 읽기,5,8,5,6
test,test_0138.jpg,34,7,3.0,3,12,1.0,색상,3,3,3,3
test,test_0139.jpg,43,10,7.75,8,31,2.0,인물·대상,8,8,7,8
test,test_0140.jpg,30,7,3.75,4,15,1.0,색상,3,4,4,4
test,test_0141.jpg,60,15,22.5,27,90,5.75,기타,17,21,25,27
test,test_0142.jpg,21,5,8.5,12,34,1.25,전화번호,5,12,12,5
test,test_0143.jpg,32,10,23.5,47,94,5.5,문자·간판 읽기,14,13,20,47
test,test_0144.jpg,20,5,7.25,8,29,2.0,문자·간판 읽기,7,7,8,7
test,test_0145.jpg,29,8,8.25,9,33,2.0,문자·간판 읽기,8,8,8,9
test,test_0146.jpg,17,4,6.25,8,25,1.25,문자·간판 읽기,3,6,8,8
test,test_0147.jpg,48,12,14.5,20,58,3.25,기타,20,13,13,12
test,test_0148.jpg,17,4,7.0,7,28,1.0,가격·금액,7,7,7,7
test,test_0149.jpg,40,10,7.25,10,29,2.0,기타,8,10,6,5
test,test_0150.jpg,63,14,8.25,9,33,2.0,위치·방향,9,7,8,9
test,test_0151.jpg,34,6,9.25,13,37,2.0,기타,8,13,10,6
test,test_0152.jpg,40,11,10.0,11,40,3.25,기타,9,11,9,11
test,test_0153.jpg,20,5,7.0,7,28,1.0,가격·금액,7,7,7,7
test,test_0154.jpg,20,5,5.5,12,22,1.25,문자·간판 읽기,3,4,3,12
test,test_0155.jpg,38,9,3.0,5,12,1.0,문자·간판 읽기,5,2,2,3
test,test_0156.jpg,49,13,2.0,2,8,1.0,문자·간판 읽기,2,2,2,2
test,test_0157.jpg,24,7,27.5,29,110,5.0,문자·간판 읽기,27,29,27,27
test,test_0158.jpg,45,12,12.0,16,48,3.75,기타,16,12,13,7
test,test_0159.jpg,17,4,5.5,6,22,1.0,문자·간판 읽기,6,6,4,6
test,test_0160.jpg,29,8,12.0,14,48,3.25,색상,14,14,10,10
test,test_0161.jpg,36,8,11.0,11,44,3.0,위치·방향,11,11,11,11
test,test_0162.jpg,36,7,11.0,11,44,1.0,날짜·시간,11,11,11,11
test,test_0163.jpg,29,6,12.75,20,51,3.25,위치·방향,9,11,11,20
test,test_0164.jpg,22,6,10.0,10,40,3.0,문자·간판 읽기,10,10,10,10
test,test_0165.jpg,46,9,7.5,10,30,2.25,기타,7,10,6,7
test,test_0166.jpg,31,7,3.0,5,12,1.0,날짜·시간,5,4,2,1
test,test_0167.jpg,30,8,10.75,15,43,1.75,색상,6,15,10,12
test,test_0168.jpg,30,9,8.5,16,34,1.0,위치·방향,7,16,5,6
test,test_0169.jpg,17,5,7.25,12,29,2.5,기타,7,5,5,12
test,test_0170.jpg,30,7,4.25,5,17,1.0,가격·금액,4,4,4,5
test,test_0171.jpg,34,8,6.0,6,24,1.0,가격·금액,6,6,6,6
test,test_0172.jpg,45,10,4.25,6,17,1.25,기타,6,4,3,4
test,test_0173.jpg,26,7,8.0,11,32,2.5,문자·간판 읽기,6,9,11,6
test,test_0174.jpg,54,10,7.75,18,31,1.5,인물·대상,7,18,3,3
test,test_0175.jpg,32,7,3.0,3,12,1.0,색상,3,3,3,3
test,test_0176.jpg,32,9,3.75,4,15,1.0,문자·간판 읽기,4,4,4,3
test,test_0177.jpg,41,11,3.75,4,15,1.0,기타,4,3,4,4
test,test_0178.jpg,48,11,3.0,3,12,1.0,가격·금액,3,3,3,3
test,test_0179.jpg,33,8,3.75,4,15,1.0,색상,3,4,4,4
test,test_0180.jpg,26,6,2.75,4,11,1.0,기타,3,2,4,2
test,test_0181.jpg,21,5,6.0,6,24,1.0,기타,6,6,6,6
test,test_0182.jpg,50,13,2.25,3,9,1.0,위치·방향,2,2,3,2
test,test_0183.jpg,25,7,7.5,10,30,1.0,문자·간판 읽기,10,6,6,8
test,test_0184.jpg,23,6,11.5,14,46,2.25,인물·대상,10,9,14,13
test,test_0185.jpg,19,5,5.5,6,22,1.75,문자·간판 읽기,6,5,5,6
test,test_0186.jpg,40,10,5.0,8,20,1.0,문자·간판 읽기,5,5,8,2
test,test_0187.jpg,24,6,7.0,7,28,1.0,가격·금액,7,7,7,7
test,test_0188.jpg,23,6,9.0,11,36,2.0,위치·방향,9,11,9,7
test,test_0189.jpg,28,6,13.5,18,54,1.0,전화번호,10,18,16,10
test,test_0190.jpg,24,6,6.25,7,25,1.0,가격·금액,6,6,7,6
test,test_0191.jpg,22,6,19.0,19,76,4.0,문자·간판 읽기,19,19,19,19
test,test_0192.jpg,38,9,24.25,31,97,5.5,기타,31,18,23,25
test,test_0193.jpg,46,10,12.25,15,49,3.0,메뉴·상품,12,15,9,13
test,test_0194.jpg,27,7,15.75,20,63,3.75,색상,17,20,14,12
test,test_0195.jpg,44,10,26.0,31,104,6.5,인물·대상,21,25,31,27
test,test_0196.jpg,25,7,15.25,19,61,2.5,문자·간판 읽기,17,19,13,12
test,test_0197.jpg,15,4,8.5,14,34,2.0,문자·간판 읽기,8,7,5,14
test,test_0198.jpg,37,8,20.75,23,83,2.75,날짜·시간,23,23,23,14
test,test_0199.jpg,26,7,7.0,9,28,1.5,위치·방향,5,5,9,9
test,test_0200.jpg,19,5,12.5,17,50,3.5,문자·간판 읽기,13,11,17,9
test,test_0201.jpg,25,6,8.0,9,32,2.5,문자·간판 읽기,9,8,7,8
test,test_0202.jpg,24,5,6.75,7,27,1.0,가격·금액,7,7,6,7
test,test_0203.jpg,31,7,6.0,6,24,1.0,가격·금액,6,6,6,6
test,test_0204.jpg,34,8,3.75,5,15,1.0,가격·금액,5,2,4,4
test,test_0205.jpg,39,9,6.25,11,25,1.25,기타,4,11,6,4
test,test_0206.jpg,29,8,5.5,8,22,1.5,메뉴·상품,4,8,6,4
test,test_0207.jpg,16,4,3.0,4,12,1.0,문자·간판 읽기,4,3,2,3
test,test_0208.jpg,43,10,6.0,6,24,1.0,가격·금액,6,6,6,6
test,test_0209.jpg,28,7,5.25,7,21,1.0,문자·간판 읽기,4,6,4,7
test,test_0210.jpg,36,9,4.75,5,19,1.0,가격·금액,4,5,5,5
test,test_0211.jpg,28,8,3.25,4,13,1.0,색상,4,3,3,3
test,test_0212.jpg,25,7,24.5,26,98,3.0,문자·간판 읽기,26,22,24,26
test,test_0213.jpg,46,11,14.0,23,56,3.75,문자·간판 읽기,10,12,23,11
test,test_0214.jpg,34,10,12.25,14,49,2.0,문자·간판 읽기,11,12,14,12
test,test_0215.jpg,32,6,4.75,6,19,1.75,메뉴·상품,6,5,3,5
test,test_0216.jpg,36,8,2.0,2,8,1.0,수량·계수,2,2,2,2
test,test_0217.jpg,18,5,6.0,7,24,2.0,문자·간판 읽기,5,5,7,7
test,test_0218.jpg,26,6,11.5,14,46,3.5,문자·간판 읽기,11,11,14,10
test,test_0219.jpg,27,7,11.25,17,45,2.25,메뉴·상품,13,9,17,6
test,test_0220.jpg,42,10,10.75,19,43,2.25,기타,5,11,8,19
test,test_0221.jpg,33,8,4.0,4,16,1.0,메뉴·상품,4,4,4,4
test,test_0222.jpg,35,8,5.0,5,20,2.0,기타,5,5,5,5
test,test_0223.jpg,31,7,7.0,7,28,1.0,가격·금액,7,7,7,7
test,test_0224.jpg,26,7,10.75,15,43,2.75,위치·방향,9,8,15,11
test,test_0225.jpg,16,4,12.0,15,48,3.25,문자·간판 읽기,11,15,11,11
test,test_0226.jpg,26,7,7.25,8,29,2.0,메뉴·상품,8,7,7,7
test,test_0227.jpg,22,6,26.0,33,104,5.0,기타,23,25,33,23
test,test_0228.jpg,45,12,4.25,6,17,1.0,위치·방향,6,2,5,4
test,test_0229.jpg,39,10,11.75,16,47,3.0,가격·금액,10,10,11,16
test,test_0230.jpg,19,5,8.5,10,34,2.5,위치·방향,9,6,9,10
test,test_0231.jpg,23,6,8.0,9,32,1.0,문자·간판 읽기,8,8,7,9
test,test_0232.jpg,16,4,9.25,11,37,2.5,문자·간판 읽기,7,10,11,9
test,test_0233.jpg,28,8,22.75,23,91,4.0,문자·간판 읽기,23,22,23,23
test,test_0234.jpg,35,9,8.5,15,34,2.5,기타,4,15,11,4
test,test_0235.jpg,23,6,12.0,13,48,2.0,문자·간판 읽기,12,13,12,11
test,test_0236.jpg,41,11,20.75,25,83,6.0,기타,24,22,12,25
test,test_0237.jpg,48,11,7.0,7,28,1.0,가격·금액,7,7,7,7
test,test_0238.jpg,39,11,6.5,7,26,1.0,가격·금액,7,7,6,6
test,test_0239.jpg,25,5,20.5,21,82,6.0,날짜·시간,21,19,21,21
test,test_0240.jpg,42,10,12.25,13,49,2.0,가격·금액,12,12,13,12
test,test_0241.jpg,28,5,6.0,6,24,1.0,가격·금액,6,6,6,6
test,test_0242.jpg,43,10,5.25,6,21,1.0,전화번호,6,5,5,5
test,test_0243.jpg,51,14,7.75,9,31,2.25,위치·방향,9,9,4,9
test,test_0244.jpg,44,11,10.0,11,40,3.0,문자·간판 읽기,10,10,11,9
test,test_0245.jpg,27,7,3.0,3,12,1.0,문자·간판 읽기,3,3,3,3
test,test_0246.jpg,33,8,18.0,21,72,3.0,문자·간판 읽기,21,17,17,17
test,test_0247.jpg,24,6,7.5,14,30,1.25,문자·간판 읽기,6,4,14,6
test,test_0248.jpg,33,8,13.5,23,54,3.75,기타,12,23,9,10
test,test_0249.jpg,43,9,14.5,15,58,5.0,날짜·시간,15,14,15,14
test,test_0250.jpg,19,5,6.5,7,26,1.0,가격·금액,6,6,7,7
test,test_0251.jpg,49,13,3.25,4,13,1.0,가격·금액,3,3,3,4
test,test_0252.jpg,32,7,2.5,3,10,1.0,가격·금액,3,3,2,2
test,test_0253.jpg,40,9,21.0,26,84,6.0,문자·간판 읽기,22,15,21,26
test,test_0254.jpg,31,9,7.0,9,28,2.25,문자·간판 읽기,9,5,7,7
test,test_0255.jpg,41,10,4.5,7,18,1.25,위치·방향,5,2,7,4
test,test_0256.jpg,15,4,11.5,13,46,3.0,기타,11,12,13,10
test,test_0257.jpg,42,9,7.75,12,31,2.25,기타,6,12,7,6
test,test_0258.jpg,30,8,2.0,2,8,1.0,수량·계수,2,2,2,2
test,test_0259.jpg,33,8,5.75,6,23,1.0,가격·금액,6,6,5,6
test,test_0260.jpg,28,7,5.0,7,20,1.5,문자·간판 읽기,7,4,6,3
test,test_0261.jpg,15,4,18.0,24,72,4.5,기타,12,23,24,13
test,test_0262.jpg,28,8,9.0,9,36,2.0,문자·간판 읽기,9,9,9,9
test,test_0263.jpg,38,10,11.5,17,46,3.0,문자·간판 읽기,9,17,9,11
test,test_0264.jpg,29,7,2.25,3,9,1.0,기타,2,2,2,3
test,test_0265.jpg,35,9,8.0,10,32,2.0,메뉴·상품,8,6,10,8
test,test_0266.jpg,36,10,8.5,10,34,2.25,기타,7,9,10,8
test,test_0267.jpg,16,4,10.5,12,42,2.0,문자·간판 읽기,10,12,9,11
test,test_0268.jpg,40,11,2.75,5,11,1.0,가격·금액,5,2,2,2
test,test_0269.jpg,32,8,5.75,8,23,1.75,문자·간판 읽기,6,8,6,3
test,test_0270.jpg,22,6,6.5,9,26,2.25,문자·간판 읽기,9,6,6,5
test,test_0271.jpg,24,7,5.75,7,23,1.75,위치·방향,4,7,6,6
test,test_0272.jpg,23,6,12.75,14,51,2.0,문자·간판 읽기,14,11,12,14
test,test_0273.jpg,24,6,7.0,7,28,1.0,가격·금액,7,7,7,7
test,test_0274.jpg,48,12,7.5,11,30,2.5,기타,6,6,11,7
test,test_0275.jpg,25,6,5.5,8,22,1.5,문자·간판 읽기,2,4,8,8
test,test_0276.jpg,29,9,2.0,2,8,1.0,수량·계수,2,2,2,2
test,test_0277.jpg,12,3,19.0,20,76,5.5,기타,19,19,18,20
test,test_0278.jpg,28,8,9.25,10,37,3.0,문자·간판 읽기,8,9,10,10
test,test_0279.jpg,35,8,6.0,6,24,1.0,가격·금액,6,6,6,6
test,test_0280.jpg,39,10,2.75,5,11,1.25,위치·방향,2,2,2,5
test,test_0281.jpg,43,11,14.75,23,59,4.5,위치·방향,11,23,14,11
test,test_0282.jpg,23,6,9.25,14,37,1.75,문자·간판 읽기,6,8,9,14
test,test_0283.jpg,16,4,5.5,6,22,1.0,문자·간판 읽기,6,6,5,5
test,test_0284.jpg,20,5,8.25,9,33,2.0,위치·방향,9,7,8,9
test,test_0285.jpg,33,9,10.75,13,43,3.0,기타,13,10,10,10
test,test_0286.jpg,24,6,3.25,5,13,1.0,기타,4,5,2,2
test,test_0287.jpg,25,6,6.0,8,24,1.5,문자·간판 읽기,4,8,4,8
test,test_0288.jpg,19,5,14.0,16,56,4.25,문자·간판 읽기,12,16,14,14
test,test_0289.jpg,26,5,19.0,19,76,5.0,날짜·시간,19,19,19,19
test,test_0290.jpg,36,10,7.75,9,31,2.5,인물·대상,7,8,9,7
test,test_0291.jpg,37,8,13.0,13,52,3.0,날짜·시간,13,13,13,13
test,test_0292.jpg,57,14,6.0,7,24,1.25,문자·간판 읽기,4,7,6,7
test,test_0293.jpg,29,8,9.0,13,36,1.5,문자·간판 읽기,9,3,13,11
test,test_0294.jpg,27,6,4.0,5,16,1.0,문자·간판 읽기,4,3,4,5
test,test_0295.jpg,56,15,6.5,9,26,1.0,문자·간판 읽기,6,4,7,9
test,test_0296.jpg,33,9,5.0,5,20,1.0,가격·금액,5,5,5,5
test,test_0297.jpg,32,7,11.0,11,44,2.0,전화번호,11,11,11,11
test,test_0298.jpg,53,12,3.5,7,14,1.0,인물·대상,3,7,2,2
test,test_0299.jpg,41,11,3.75,7,15,1.25,기타,7,3,2,3
test,test_0300.jpg,26,7,4.25,5,17,1.0,문자·간판 읽기,4,5,4,4
test,test_0301.jpg,28,8,2.5,3,10,1.0,문자·간판 읽기,3,2,3,2
test,test_0302.jpg,37,9,2.0,2,8,1.0,수량·계수,2,2,2,2
test,test_0303.jpg,26,6,9.5,14,38,3.0,기타,9,7,14,8
test,test_0304.jpg,56,13,4.0,4,16,1.0,기타,4,4,4,4
test,test_0305.jpg,27,7,6.25,9,25,1.0,문자·간판 읽기,5,5,6,9
test,test_0306.jpg,43,12,10.75,11,43,3.0,위치·방향,11,11,11,10
test,test_0307.jpg,60,15,7.75,8,31,1.25,메뉴·상품,7,8,8,8
test,test_0308.jpg,28,7,9.0,9,36,2.0,가격·금액,9,9,9,9
test,test_0309.jpg,31,8,10.0,10,40,1.0,문자·간판 읽기,10,10,10,10
test,test_0310.jpg,31,9,35.0,35,140,10.0,문자·간판 읽기,35,35,35,35
test,test_0311.jpg,25,4,3.0,3,12,1.0,메뉴·상품,3,3,3,3
test,test_0312.jpg,35,9,1.0,1,4,1.0,인물·대상,1,1,1,1
test,test_0313.jpg,35,9,18.25,21,73,4.0,문자·간판 읽기,19,16,17,21
test,test_0314.jpg,26,5,4.0,7,16,1.0,기타,4,2,7,3
test,test_0315.jpg,16,4,10.5,15,42,2.5,문자·간판 읽기,6,15,13,8
test,test_0316.jpg,36,8,2.75,3,11,1.0,가격·금액,2,3,3,3
test,test_0317.jpg,43,11,6.0,6,24,1.0,가격·금액,6,6,6,6
test,test_0318.jpg,31,8,7.75,9,31,2.5,메뉴·상품,8,7,9,7
test,test_0319.jpg,90,19,9.25,14,37,3.0,위치·방향,9,7,7,14
test,test_0320.jpg,32,9,5.75,6,23,1.0,문자·간판 읽기,5,6,6,6
test,test_0321.jpg,18,5,2.25,3,9,1.0,메뉴·상품,3,2,2,2
test,test_0322.jpg,46,12,8.5,10,34,2.75,인물·대상,10,9,10,5
test,test_0323.jpg,16,4,6.75,7,27,1.0,가격·금액,7,6,7,7
test,test_0324.jpg,22,6,5.25,6,21,2.0,문자·간판 읽기,6,5,5,5
test,test_0325.jpg,34,9,28.25,36,113,8.0,기타,28,22,36,27
test,test_0326.jpg,49,11,5.0,5,20,3.0,전화번호,5,5,5,5
test,test_0327.jpg,23,6,5.5,10,22,1.5,문자·간판 읽기,2,4,10,6
test,test_0328.jpg,24,6,10.75,19,43,1.75,문자·간판 읽기,12,6,6,19
test,test_0329.jpg,48,11,28.5,41,114,6.5,문자·간판 읽기,28,23,41,22
test,test_0330.jpg,26,6,12.75,18,51,3.5,문자·간판 읽기,11,9,13,18
test,test_0331.jpg,22,6,4.0,4,16,1.0,문자·간판 읽기,4,4,4,4
test,test_0332.jpg,52,9,15.0,17,60,2.0,가격·금액,17,13,13,17
test,test_0333.jpg,36,7,6.25,9,25,2.0,위치·방향,4,9,9,3
test,test_0334.jpg,22,6,7.25,9,29,2.5,위치·방향,9,9,2,9
test,test_0335.jpg,32,9,5.5,7,22,1.75,날짜·시간,6,4,5,7
test,test_0336.jpg,24,6,2.5,3,10,1.0,문자·간판 읽기,3,3,1,3
test,test_0337.jpg,35,8,5.25,6,21,1.0,전화번호,6,4,6,5
test,test_0338.jpg,22,6,9.25,12,37,2.5,기타,8,7,10,12
test,test_0339.jpg,22,4,6.0,6,24,1.0,가격·금액,6,6,6,6
test,test_0340.jpg,27,5,5.0,6,20,1.5,기타,6,4,6,4
test,test_0341.jpg,43,7,7.25,8,29,1.0,가격·금액,7,7,7,8
test,test_0342.jpg,28,7,8.0,8,32,1.0,전화번호,8,8,8,8
test,test_0343.jpg,19,5,7.0,8,28,2.0,기타,8,6,8,6
test,test_0344.jpg,28,8,25.75,26,103,5.0,문자·간판 읽기,25,26,26,26
test,test_0345.jpg,31,9,6.25,8,25,2.0,기타,7,5,5,8
test,test_0346.jpg,35,7,2.5,4,10,1.0,가격·금액,4,2,2,2
test,test_0347.jpg,40,8,7.0,7,28,2.0,가격·금액,7,7,7,7
test,test_0348.jpg,30,8,12.75,18,51,4.0,전화번호,11,10,12,18
test,test_0349.jpg,34,9,9.5,10,38,3.0,기타,10,10,9,9
test,test_0350.jpg,42,12,11.25,12,45,3.0,가격·금액,11,11,11,12
test,test_0351.jpg,27,7,16.0,17,64,2.25,문자·간판 읽기,16,17,15,16
test,test_0352.jpg,48,11,11.75,12,47,2.0,기타,12,12,12,11
test,test_0353.jpg,28,7,3.75,5,15,1.0,문자·간판 읽기,5,2,4,4
test,test_0354.jpg,36,8,5.0,5,20,1.0,가격·금액,5,5,5,5
test,test_0355.jpg,35,8,6.75,10,27,2.5,문자·간판 읽기,4,6,10,7
test,test_0356.jpg,16,4,17.5,20,70,4.25,메뉴·상품,16,20,18,16
test,test_0357.jpg,33,8,11.5,12,46,3.0,위치·방향,11,12,11,12
test,test_0358.jpg,28,7,14.25,16,57,3.25,문자·간판 읽기,16,14,14,13
test,test_0359.jpg,24,6,6.25,9,25,1.25,문자·간판 읽기,4,6,6,9
test,test_0360.jpg,31,8,7.75,9,31,2.5,색상,9,8,6,8
test,test_0361.jpg,17,4,6.5,8,26,1.75,문자·간판 읽기,7,7,4,8
test,test_0362.jpg,35,9,13.0,13,52,2.0,전화번호,13,13,13,13
test,test_0363.jpg,30,7,5.75,7,23,1.75,문자·간판 읽기,7,6,4,6
test,test_0364.jpg,17,4,15.25,16,61,2.0,문자·간판 읽기,15,14,16,16
test,test_0365.jpg,52,13,4.25,5,17,1.0,메뉴·상품,4,4,4,5
test,test_0366.jpg,20,5,15.25,16,61,3.0,문자·간판 읽기,15,16,14,16
test,test_0367.jpg,35,8,12.25,15,49,2.0,기타,12,11,15,11
test,test_0368.jpg,57,13,5.75,6,23,2.0,날짜·시간,5,6,6,6
test,test_0369.jpg,46,12,9.75,11,39,2.75,위치·방향,11,11,7,10
test,test_0370.jpg,26,5,24.0,24,96,4.0,날짜·시간,24,24,24,24
test,test_0371.jpg,26,6,7.0,8,28,2.0,문자·간판 읽기,7,8,6,7
test,test_0372.jpg,23,6,11.5,13,46,2.25,문자·간판 읽기,13,11,11,11
test,test_0373.jpg,30,8,8.0,9,32,2.25,문자·간판 읽기,7,9,7,9
test,test_0374.jpg,29,7,4.0,4,16,1.0,메뉴·상품,4,4,4,4
test,test_0375.jpg,42,9,4.25,5,17,1.0,가격·금액,4,4,5,4
test,test_0376.jpg,29,8,4.25,5,17,1.0,문자·간판 읽기,5,3,4,5
test,test_0377.jpg,32,8,9.5,11,38,3.25,문자·간판 읽기,9,11,8,10
test,test_0378.jpg,35,10,12.5,18,50,3.75,문자·간판 읽기,11,18,11,10
test,test_0379.jpg,42,11,15.5,18,62,4.75,가격·금액,14,13,17,18
test,test_0380.jpg,28,7,2.0,2,8,1.0,기타,2,2,2,2
test,test_0381.jpg,62,13,15.0,17,60,3.25,가격·금액,16,11,16,17
test,test_0382.jpg,32,8,9.0,9,36,1.0,전화번호,9,9,9,9
test,test_0383.jpg,23,6,9.25,11,37,2.5,문자·간판 읽기,10,8,8,11
test,test_0384.jpg,28,7,10.75,17,43,3.0,메뉴·상품,7,11,17,8
test,test_0385.jpg,28,6,2.25,3,9,1.0,기타,2,2,3,2
test,test_0386.jpg,39,8,6.75,9,27,2.0,메뉴·상품,4,6,8,9
test,test_0387.jpg,22,4,2.5,3,10,1.0,위치·방향,3,3,2,2
test,test_0388.jpg,16,4,21.5,23,86,3.0,메뉴·상품,23,20,20,23
test,test_0389.jpg,32,9,5.0,8,20,1.5,문자·간판 읽기,8,2,5,5
test,test_0390.jpg,17,4,4.5,5,18,1.0,문자·간판 읽기,4,4,5,5
test,test_0391.jpg,24,5,5.5,7,22,1.5,문자·간판 읽기,7,4,6,5
test,test_0392.jpg,31,7,4.25,5,17,1.0,가격·금액,4,5,4,4
test,test_0393.jpg,17,4,5.0,8,20,1.25,문자·간판 읽기,4,8,4,4
test,test_0394.jpg,45,12,19.5,23,78,5.25,기타,21,13,23,21
test,test_0395.jpg,36,9,4.0,4,16,1.0,메뉴·상품,4,4,4,4
test,test_0396.jpg,22,6,9.5,16,38,2.0,문자·간판 읽기,5,13,16,4
test,test_0397.jpg,46,12,3.5,5,14,1.0,문자·간판 읽기,3,3,3,5
test,test_0398.jpg,22,6,9.5,12,38,3.0,문자·간판 읽기,9,9,8,12
test,test_0399.jpg,30,9,22.0,27,88,5.75,문자·간판 읽기,27,20,22,19
test,test_0400.jpg,23,6,31.5,38,126,8.75,가격·금액,35,26,27,38
test,test_0401.jpg,27,8,8.75,15,35,1.75,문자·간판 읽기,15,2,4,14
test,test_0402.jpg,30,8,13.0,15,52,3.25,문자·간판 읽기,15,14,13,10
test,test_0403.jpg,43,11,2.75,5,11,1.25,위치·방향,2,5,2,2
test,test_0404.jpg,44,10,6.5,7,26,1.0,가격·금액,6,7,7,6
test,test_0405.jpg,43,10,18.25,21,73,5.0,문자·간판 읽기,17,21,17,18
test,test_0406.jpg,26,8,18.75,19,75,6.0,문자·간판 읽기,19,19,18,19
test,test_0407.jpg,26,7,7.25,16,29,1.75,문자·간판 읽기,5,4,16,4
test,test_0408.jpg,22,5,2.75,4,11,1.0,메뉴·상품,2,4,2,3
test,test_0409.jpg,29,7,19.0,19,76,4.0,문자·간판 읽기,19,19,19,19
test,test_0410.jpg,17,4,4.0,4,16,1.0,문자·간판 읽기,4,4,4,4
test,test_0411.jpg,22,6,15.75,21,63,3.5,문자·간판 읽기,15,13,21,14
test,test_0412.jpg,50,14,16.25,18,65,5.0,기타,17,16,14,18
test,test_0413.jpg,26,7,6.75,9,27,2.5,메뉴·상품,5,9,7,6
test,test_0414.jpg,33,8,11.0,14,44,2.0,문자·간판 읽기,14,8,8,14
test,test_0415.jpg,33,8,12.0,12,48,3.0,날짜·시간,12,12,12,12
test,test_0416.jpg,26,7,9.25,11,37,2.75,문자·간판 읽기,9,10,11,7
test,test_0417.jpg,32,8,7.0,10,28,2.25,메뉴·상품,10,7,6,5
test,test_0418.jpg,30,7,5.75,6,23,1.0,문자·간판 읽기,6,6,5,6
test,test_0419.jpg,16,4,6.25,9,25,2.0,메뉴·상품,3,9,6,7
test,test_0420.jpg,47,10,6.0,6,24,1.0,문자·간판 읽기,6,6,6,6
test,test_0421.jpg,26,6,10.75,15,43,1.75,전화번호,10,15,9,9
test,test_0422.jpg,19,5,4.75,5,19,1.0,문자·간판 읽기,4,5,5,5
test,test_0423.jpg,53,13,24.0,29,96,4.75,문자·간판 읽기,21,29,26,20
test,test_0424.jpg,23,6,9.75,13,39,1.5,문자·간판 읽기,13,5,10,11
test,test_0425.jpg,25,6,5.75,7,23,1.0,가격·금액,6,7,4,6
test,test_0426.jpg,29,6,10.5,16,42,3.5,기타,10,8,8,16
test,test_0427.jpg,27,8,5.0,7,20,1.0,문자·간판 읽기,2,7,5,6
test,test_0428.jpg,32,9,5.25,7,21,1.25,문자·간판 읽기,3,7,6,5
test,test_0429.jpg,41,10,26.0,35,104,1.0,문자·간판 읽기,22,20,35,27
test,test_0430.jpg,31,7,11.25,13,45,1.0,전화번호,12,10,13,10
test,test_0431.jpg,17,4,7.0,10,28,1.25,문자·간판 읽기,5,10,4,9
test,test_0432.jpg,21,5,13.75,23,55,3.75,기타,11,12,23,9
test,test_0433.jpg,27,7,3.5,6,14,1.0,문자·간판 읽기,2,2,6,4
test,test_0434.jpg,27,7,4.75,8,19,1.0,기타,4,5,8,2
test,test_0435.jpg,20,5,5.5,8,22,1.5,문자·간판 읽기,8,3,3,8
test,test_0436.jpg,34,6,7.0,7,28,1.0,가격·금액,7,7,7,7
test,test_0437.jpg,32,7,6.0,6,24,2.0,기타,6,6,6,6
test,test_0438.jpg,32,7,4.0,4,16,1.0,가격·금액,4,4,4,4
test,test_0439.jpg,20,4,6.75,10,27,1.0,전화번호,7,10,5,5
test,test_0440.jpg,15,4,11.75,13,47,3.5,기타,13,10,12,12
test,test_0441.jpg,70,16,5.75,10,23,1.0,문자·간판 읽기,10,4,6,3
test,test_0442.jpg,37,7,11.0,12,44,3.0,기타,12,12,10,10
test,test_0443.jpg,43,11,6.75,8,27,2.5,문자·간판 읽기,7,6,8,6
test,test_0444.jpg,40,10,3.0,3,12,1.0,수량·계수,3,3,3,3
test,test_0445.jpg,26,7,4.75,5,19,1.0,문자·간판 읽기,5,4,5,5
test,test_0446.jpg,28,8,6.75,8,27,2.25,문자·간판 읽기,6,6,8,7
test,test_0447.jpg,20,5,11.0,12,44,3.0,문자·간판 읽기,10,11,11,12
test,test_0448.jpg,37,9,5.0,8,20,1.5,날짜·시간,4,4,4,8
test,test_0449.jpg,37,9,12.5,13,50,1.0,전화번호,12,12,13,13
test,test_0450.jpg,36,9,15.0,21,60,4.25,기타,10,21,8,21
test,test_0451.jpg,43,11,10.5,15,42,2.0,위치·방향,9,15,5,13
test,test_0452.jpg,31,8,20.0,29,80,5.25,위치·방향,14,12,25,29
test,test_0453.jpg,27,7,4.0,4,16,1.0,위치·방향,4,4,4,4
test,test_0454.jpg,42,11,25.5,31,102,4.5,문자·간판 읽기,31,26,25,20
test,test_0455.jpg,30,7,2.5,3,10,1.0,위치·방향,3,3,2,2
test,test_0456.jpg,35,8,6.0,6,24,2.0,가격·금액,6,6,6,6
test,test_0457.jpg,37,8,19.25,21,77,1.0,문자·간판 읽기,17,19,21,20
test,test_0458.jpg,32,6,23.0,23,92,4.0,가격·금액,23,23,23,23
test,test_0459.jpg,40,11,3.0,3,12,1.0,문자·간판 읽기,3,3,3,3
test,test_0460.jpg,25,6,7.0,10,28,2.0,인물·대상,6,10,6,6
test,test_0461.jpg,20,5,6.0,6,24,1.0,전화번호,6,6,6,6
test,test_0462.jpg,27,7,8.25,9,33,3.0,문자·간판 읽기,8,9,8,8
test,test_0463.jpg,23,6,3.0,3,12,1.0,가격·금액,3,3,3,3
test,test_0464.jpg,44,11,4.25,5,17,1.0,기타,5,3,4,5
test,test_0465.jpg,49,13,5.75,6,23,2.0,가격·금액,6,6,6,5
test,test_0466.jpg,54,13,7.5,11,30,1.25,위치·방향,4,7,11,8
test,test_0467.jpg,38,10,4.0,5,16,1.0,문자·간판 읽기,4,4,5,3
test,test_0468.jpg,41,9,15.5,16,62,5.0,날짜·시간,15,16,16,15
test,test_0469.jpg,41,8,7.5,11,30,1.75,위치·방향,3,11,7,9
test,test_0470.jpg,25,7,7.0,7,28,2.0,문자·간판 읽기,7,7,7,7
test,test_0471.jpg,16,4,3.25,4,13,1.0,문자·간판 읽기,4,3,3,3
test,test_0472.jpg,24,6,14.0,15,56,5.0,날짜·시간,13,15,15,13
test,test_0473.jpg,26,5,6.0,6,24,1.0,가격·금액,6,6,6,6
test,test_0474.jpg,42,10,9.75,10,39,2.0,가격·금액,10,10,10,9
test,test_0475.jpg,25,5,11.5,13,46,1.5,전화번호,13,13,8,12
test,test_0476.jpg,29,7,7.0,8,28,1.0,문자·간판 읽기,7,6,7,8
test,test_0477.jpg,31,9,12.25,17,49,2.5,문자·간판 읽기,17,13,11,8
test,test_0478.jpg,25,6,3.75,5,15,1.25,메뉴·상품,3,4,3,5
test,test_0479.jpg,34,10,4.0,4,16,1.0,기타,4,4,4,4
test,test_0480.jpg,20,5,16.25,18,65,3.25,기타,15,16,16,18
test,test_0481.jpg,27,7,8.5,9,34,2.25,위치·방향,9,9,9,7
test,test_0482.jpg,35,10,8.5,12,34,1.25,문자·간판 읽기,10,12,6,6
test,test_0483.jpg,21,6,9.75,13,39,2.5,위치·방향,12,6,13,8
test,test_0484.jpg,16,4,6.0,6,24,1.0,가격·금액,6,6,6,6
test,test_0485.jpg,29,5,11.5,12,46,1.0,가격·금액,10,12,12,12
test,test_0486.jpg,40,9,3.0,3,12,1.0,색상,3,3,3,3
test,test_0487.jpg,24,6,11.25,15,45,1.75,문자·간판 읽기,10,15,11,9
test,test_0488.jpg,24,6,4.0,4,16,1.0,문자·간판 읽기,4,4,4,4
test,test_0489.jpg,27,7,3.75,5,15,1.0,문자·간판 읽기,3,3,5,4
test,test_0490.jpg,40,12,18.25,20,73,5.25,기타,17,20,19,17
test,test_0491.jpg,29,8,6.0,6,24,1.0,가격·금액,6,6,6,6
test,test_0492.jpg,23,6,3.5,7,14,1.5,문자·간판 읽기,2,3,7,2
test,test_0493.jpg,16,4,12.0,14,48,2.0,문자·간판 읽기,11,11,12,14
test,test_0494.jpg,31,7,2.75,4,11,1.0,가격·금액,3,2,2,4
test,test_0495.jpg,28,6,14.25,16,57,4.75,가격·금액,13,14,16,14
test,test_0496.jpg,33,7,16.25,17,65,4.0,날짜·시간,16,16,16,17
test,test_0497.jpg,34,10,8.5,14,34,2.0,문자·간판 읽기,6,5,14,9
test,test_0498.jpg,18,4,15.5,20,62,3.75,날짜·시간,17,20,12,13
test,test_0499.jpg,46,13,3.0,3,12,1.0,수량·계수,3,3,3,3
test,test_0500.jpg,26,6,21.0,21,84,4.0,가격·금액,21,21,21,21
test,test_0501.jpg,63,10,6.5,10,26,1.75,위치·방향,3,8,5,10
test,test_0502.jpg,17,5,5.25,8,21,1.75,기타,3,4,6,8
test,test_0503.jpg,18,4,5.25,6,21,1.0,위치·방향,5,5,5,6
test,test_0504.jpg,30,6,7.0,7,28,2.0,가격·금액,7,7,7,7
test,test_0505.jpg,32,7,2.5,3,10,1.0,위치·방향,2,2,3,3
test,test_0506.jpg,34,8,7.0,7,28,2.0,색상,7,7,7,7
test,test_0507.jpg,25,6,8.0,9,32,2.0,메뉴·상품,8,9,8,7
test,test_0508.jpg,31,6,6.0,6,24,1.0,가격·금액,6,6,6,6
test,test_0509.jpg,49,12,2.75,4,11,1.0,위치·방향,2,2,4,3
test,test_0510.jpg,34,9,7.0,14,28,1.25,날짜·시간,14,6,4,4
test,test_0511.jpg,27,7,4.75,7,19,1.25,메뉴·상품,4,3,7,5
test,test_0512.jpg,23,6,6.5,7,26,2.0,메뉴·상품,6,7,6,7
test,test_0513.jpg,26,7,14.25,20,57,1.75,문자·간판 읽기,20,12,10,15
test,test_0514.jpg,31,7,3.0,3,12,1.0,문자·간판 읽기,3,3,3,3
test,test_0515.jpg,39,9,5.0,5,20,1.0,수량·계수,5,5,5,5
test,test_0516.jpg,28,8,8.0,9,32,2.0,문자·간판 읽기,7,8,8,9
test,test_0517.jpg,30,8,9.25,12,37,1.75,메뉴·상품,12,7,7,11
test,test_0518.jpg,25,7,15.5,22,62,2.75,색상,13,7,22,20
test,test_0519.jpg,27,7,3.5,4,14,1.0,가격·금액,3,4,3,4
test,test_0520.jpg,34,8,12.0,13,48,1.0,전화번호,10,13,12,13
test,test_0521.jpg,63,15,7.25,8,29,2.0,가격·금액,7,7,7,8
test,test_0522.jpg,33,9,4.5,7,18,1.0,기타,7,5,3,3
test,test_0523.jpg,22,5,14.0,21,56,3.75,기타,13,11,21,11
test,test_0524.jpg,16,4,11.0,12,44,2.0,문자·간판 읽기,12,12,9,11
test,test_0525.jpg,17,4,5.75,9,23,1.25,기타,4,7,3,9
test,test_0526.jpg,28,8,4.5,6,18,1.0,문자·간판 읽기,6,4,4,4
test,test_0527.jpg,28,7,11.5,26,46,2.25,문자·간판 읽기,2,14,4,26
test,test_0528.jpg,36,10,32.0,39,128,6.5,문자·간판 읽기,29,25,35,39
test,test_0529.jpg,25,7,5.0,7,20,1.0,문자·간판 읽기,4,4,5,7
test,test_0530.jpg,37,10,9.25,10,37,3.0,문자·간판 읽기,10,9,9,9
test,test_0531.jpg,29,7,7.25,10,29,1.75,기타,10,10,6,3
test,test_0532.jpg,38,10,3.0,3,12,1.0,색상,3,3,3,3
test,test_0533.jpg,26,7,9.75,13,39,2.5,메뉴·상품,7,11,8,13
test,test_0534.jpg,60,14,4.0,4,16,1.0,기타,4,4,4,4
test,test_0535.jpg,31,7,3.75,4,15,1.0,메뉴·상품,4,4,4,3
test,test_0536.jpg,29,8,6.75,7,27,2.0,문자·간판 읽기,7,7,6,7
test,test_0537.jpg,42,8,12.5,23,50,2.0,메뉴·상품,7,11,9,23
test,test_0538.jpg,24,5,6.0,6,24,1.0,가격·금액,6,6,6,6
test,test_0539.jpg,23,6,4.25,7,17,1.25,문자·간판 읽기,7,3,3,4
test,test_0540.jpg,33,10,5.0,5,20,2.0,문자·간판 읽기,5,5,5,5
test,test_0541.jpg,34,10,10.5,12,42,4.0,문자·간판 읽기,11,9,12,10
test,test_0542.jpg,15,4,9.0,15,36,2.75,기타,9,15,6,6
test,test_0543.jpg,25,5,4.5,5,18,1.0,가격·금액,5,4,4,5
test,test_0544.jpg,28,7,12.75,16,51,3.25,문자·간판 읽기,13,16,9,13
test,test_0545.jpg,53,12,19.25,25,77,3.5,문자·간판 읽기,22,11,25,19
test,test_0546.jpg,18,4,6.0,6,24,1.0,가격·금액,6,6,6,6
test,test_0547.jpg,55,13,6.0,6,24,1.0,가격·금액,6,6,6,6
test,test_0548.jpg,16,4,3.5,4,14,1.0,문자·간판 읽기,4,3,4,3
test,test_0549.jpg,16,4,6.0,8,24,1.75,문자·간판 읽기,8,5,6,5
test,test_0550.jpg,16,4,5.0,6,20,2.0,문자·간판 읽기,5,5,6,4
test,test_0551.jpg,28,7,4.75,8,19,1.0,색상,2,4,5,8
test,test_0552.jpg,43,10,12.5,15,50,3.25,기타,12,15,15,8
test,test_0553.jpg,29,6,3.0,3,12,1.0,가격·금액,3,3,3,3
test,test_0554.jpg,22,6,3.0,3,12,1.0,문자·간판 읽기,3,3,3,3
test,test_0555.jpg,30,9,10.0,10,40,3.0,문자·간판 읽기,10,10,10,10
test,test_0556.jpg,26,7,9.5,11,38,3.25,기타,9,9,9,11
test,test_0557.jpg,29,8,3.25,6,13,1.25,메뉴·상품,3,6,3,1
test,test_0558.jpg,43,10,4.5,5,18,1.25,메뉴·상품,5,3,5,5
test,test_0559.jpg,44,11,4.0,4,16,1.0,위치·방향,4,4,4,4
test,test_0560.jpg,39,10,5.0,6,20,1.0,문자·간판 읽기,5,5,6,4
test,test_0561.jpg,24,6,4.75,8,19,1.0,문자·간판 읽기,2,5,4,8
test,test_0562.jpg,65,11,4.0,5,16,1.0,위치·방향,4,4,3,5
test,test_0563.jpg,19,3,3.0,3,12,1.0,기타,3,3,3,3
test,test_0564.jpg,49,12,7.5,8,30,2.0,위치·방향,7,8,7,8
test,test_0565.jpg,32,9,7.75,10,31,3.25,가격·금액,10,7,7,7
test,test_0566.jpg,29,7,15.75,20,63,3.75,위치·방향,14,20,15,14
test,test_0567.jpg,46,10,7.0,8,28,1.5,문자·간판 읽기,8,6,6,8
test,test_0568.jpg,26,6,13.0,16,52,2.0,문자·간판 읽기,16,15,9,12
test,test_0569.jpg,33,9,5.75,7,23,1.0,문자·간판 읽기,5,6,5,7
test,test_0570.jpg,48,11,15.75,20,63,4.5,메뉴·상품,15,16,12,20
test,test_0571.jpg,44,11,3.5,4,14,1.0,가격·금액,3,4,3,4
test,test_0572.jpg,38,9,4.0,5,16,1.0,기타,5,4,3,4
test,test_0573.jpg,50,10,12.0,14,48,4.25,위치·방향,14,14,9,11
test,test_0574.jpg,35,9,3.0,3,12,1.0,메뉴·상품,3,3,3,3
test,test_0575.jpg,25,5,5.0,5,20,1.0,날짜·시간,5,5,5,5
test,test_0576.jpg,31,7,7.75,8,31,2.0,가격·금액,8,8,7,8
test,test_0577.jpg,25,6,8.0,13,32,2.5,기타,5,13,9,5
test,test_0578.jpg,32,8,5.0,5,20,1.0,기타,5,5,5,5
test,test_0579.jpg,23,6,7.0,7,28,1.0,가격·금액,7,7,7,7
test,test_0580.jpg,45,11,7.0,7,28,1.0,가격·금액,7,7,7,7
test,test_0581.jpg,38,11,13.25,30,53,2.75,문자·간판 읽기,4,30,10,9
test,test_0582.jpg,31,8,4.0,5,16,1.25,기타,3,4,5,4
test,test_0583.jpg,31,8,11.0,12,44,2.75,인물·대상,12,8,12,12
test,test_0584.jpg,34,10,17.5,18,70,4.0,문자·간판 읽기,17,18,17,18
test,test_0585.jpg,27,6,11.0,14,44,1.75,기타,11,14,6,13
test,test_0586.jpg,22,5,4.5,8,18,1.25,위치·방향,4,3,3,8
test,test_0587.jpg,35,7,9.25,12,37,2.5,기타,11,12,7,7
test,test_0588.jpg,33,10,13.5,16,54,3.75,문자·간판 읽기,12,16,12,14
test,test_0589.jpg,24,6,4.75,6,19,1.25,기타,6,5,3,5
test,test_0590.jpg,28,8,4.25,5,17,1.0,문자·간판 읽기,4,4,4,5
test,test_0591.jpg,27,7,11.25,18,45,3.25,문자·간판 읽기,11,8,18,8
test,test_0592.jpg,27,6,6.0,6,24,1.0,가격·금액,6,6,6,6
test,test_0593.jpg,25,7,13.0,14,52,2.0,문자·간판 읽기,14,12,14,12
test,test_0594.jpg,24,6,9.0,9,36,3.0,문자·간판 읽기,9,9,9,9
test,test_0595.jpg,18,4,22.0,23,88,4.0,문자·간판 읽기,23,23,21,21
test,test_0596.jpg,33,8,7.0,7,28,1.0,가격·금액,7,7,7,7
test,test_0597.jpg,25,7,2.0,2,8,1.0,수량·계수,2,2,2,2
test,test_0598.jpg,38,9,3.0,3,12,1.0,전화번호,3,3,3,3
test,test_0599.jpg,15,4,12.0,15,48,3.5,기타,11,10,12,15
test,test_0600.jpg,35,7,3.0,3,12,1.0,가격·금액,3,3,3,3
test,test_0601.jpg,26,7,9.25,10,37,2.75,문자·간판 읽기,10,9,9,9
test,test_0602.jpg,39,9,7.5,9,30,2.0,가격·금액,8,7,9,6
test,test_0603.jpg,24,6,15.5,19,62,3.5,메뉴·상품,18,19,13,12
test,test_0604.jpg,19,5,5.5,6,22,2.0,문자·간판 읽기,5,6,6,5
test,test_0605.jpg,27,8,9.25,10,37,3.0,메뉴·상품,10,9,9,9
test,test_0606.jpg,39,9,6.75,12,27,1.0,위치·방향,5,5,12,5
test,test_0607.jpg,49,11,17.5,20,70,5.0,기타,20,20,15,15
test,test_0608.jpg,28,7,6.25,7,25,1.0,가격·금액,7,6,6,6
test,test_0609.jpg,56,15,6.0,6,24,1.0,가격·금액,6,6,6,6
test,test_0610.jpg,31,6,11.75,13,47,1.0,전화번호,13,13,13,8
test,test_0611.jpg,34,10,14.0,17,56,4.25,색상,17,17,11,11
test,test_0612.jpg,43,11,3.0,3,12,1.0,위치·방향,3,3,3,3
test,test_0613.jpg,26,7,2.0,2,8,1.0,수량·계수,2,2,2,2
test,test_0614.jpg,24,6,6.75,9,27,2.0,위치·방향,7,7,4,9
test,test_0615.jpg,39,10,8.5,9,34,3.0,가격·금액,9,8,8,9
test,test_0616.jpg,16,4,13.75,14,55,3.5,기타,14,14,14,13
test,test_0617.jpg,37,10,11.25,13,45,2.75,문자·간판 읽기,11,9,12,13
test,test_0618.jpg,17,5,8.0,8,32,3.0,기타,8,8,8,8
test,test_0619.jpg,36,10,13.0,13,52,4.0,가격·금액,13,13,13,13
test,test_0620.jpg,22,6,21.75,26,87,5.0,문자·간판 읽기,16,26,26,19
test,test_0621.jpg,27,6,12.75,20,51,3.5,문자·간판 읽기,10,20,13,8
test,test_0622.jpg,28,7,12.75,15,51,1.0,기타,15,13,11,12
test,test_0623.jpg,21,5,23.25,31,93,4.0,색상,31,20,24,18
test,test_0624.jpg,30,8,7.0,10,28,1.5,문자·간판 읽기,7,7,10,4
test,test_0625.jpg,23,6,3.0,3,12,1.0,문자·간판 읽기,3,3,3,3
test,test_0626.jpg,19,5,3.0,3,12,1.0,문자·간판 읽기,3,3,3,3
test,test_0627.jpg,26,7,3.25,4,13,1.0,문자·간판 읽기,4,2,4,3
test,test_0628.jpg,17,5,10.75,15,43,2.75,기타,9,7,12,15
test,test_0629.jpg,32,9,9.5,13,38,2.75,기타,12,8,13,5
test,test_0630.jpg,44,11,14.25,16,57,2.0,가격·금액,16,13,13,15
test,test_0631.jpg,16,4,5.25,6,21,2.0,문자·간판 읽기,5,6,5,5
test,test_0632.jpg,16,4,14.25,15,57,3.5,메뉴·상품,14,15,15,13
test,test_0633.jpg,35,7,6.0,6,24,1.0,가격·금액,6,6,6,6
test,test_0634.jpg,40,8,13.75,16,55,3.75,기타,12,15,12,16
test,test_0635.jpg,21,5,5.25,6,21,1.0,문자·간판 읽기,5,5,6,5
test,test_0636.jpg,29,7,6.75,7,27,2.0,가격·금액,7,6,7,7
test,test_0637.jpg,23,6,7.75,15,31,1.5,문자·간판 읽기,5,5,15,6
test,test_0638.jpg,38,7,12.5,13,50,3.25,문자·간판 읽기,13,12,12,13
test,test_0639.jpg,26,7,4.5,5,18,1.0,메뉴·상품,5,4,4,5
test,test_0640.jpg,29,8,6.5,10,26,1.75,문자·간판 읽기,9,3,10,4
test,test_0641.jpg,24,6,5.0,5,20,2.0,가격·금액,5,5,5,5
test,test_0642.jpg,25,6,7.75,9,31,2.25,메뉴·상품,8,7,9,7
test,test_0643.jpg,33,7,9.25,13,37,1.0,전화번호,8,8,8,13
test,test_0644.jpg,38,8,6.0,6,24,1.0,가격·금액,6,6,6,6
test,test_0645.jpg,29,8,2.25,3,9,1.0,문자·간판 읽기,2,2,3,2
test,test_0646.jpg,37,11,6.25,14,25,1.5,문자·간판 읽기,3,5,3,14
test,test_0647.jpg,21,5,11.25,16,45,3.0,기타,9,16,11,9
test,test_0648.jpg,46,12,19.5,21,78,4.25,기타,18,18,21,21
test,test_0649.jpg,37,10,8.5,12,34,2.5,위치·방향,8,12,7,7
test,test_0650.jpg,31,8,5.0,5,20,1.0,가격·금액,5,5,5,5
test,test_0651.jpg,16,4,3.0,3,12,1.0,문자·간판 읽기,3,3,3,3
test,test_0652.jpg,26,7,11.75,14,47,3.25,문자·간판 읽기,11,11,11,14
test,test_0653.jpg,47,12,9.25,10,37,2.0,가격·금액,9,9,10,9
test,test_0654.jpg,30,8,7.0,10,28,2.0,문자·간판 읽기,6,10,7,5
test,test_0655.jpg,47,13,2.5,3,10,1.0,수량·계수,2,2,3,3
test,test_0656.jpg,18,5,3.5,4,14,1.0,메뉴·상품,4,3,3,4
test,test_0657.jpg,40,9,13.0,13,52,3.0,날짜·시간,13,13,13,13
test,test_0658.jpg,36,9,4.75,5,19,1.0,가격·금액,5,5,4,5
test,test_0659.jpg,33,9,7.25,9,29,2.25,기타,9,9,5,6
test,test_0660.jpg,40,8,20.0,20,80,6.0,날짜·시간,20,20,20,20
test,test_0661.jpg,22,5,17.75,21,71,3.0,문자·간판 읽기,17,17,21,16
test,test_0662.jpg,29,8,10.5,13,42,1.0,전화번호,8,13,8,13
test,test_0663.jpg,38,10,5.75,7,23,1.5,메뉴·상품,6,5,7,5
test,test_0664.jpg,35,10,15.0,25,60,3.5,문자·간판 읽기,11,9,25,15
test,test_0665.jpg,27,7,22.5,26,90,4.25,문자·간판 읽기,21,26,22,21
test,test_0666.jpg,32,9,7.0,13,28,1.5,기타,8,3,13,4
test,test_0667.jpg,48,12,8.75,11,35,2.25,위치·방향,8,8,8,11
test,test_0668.jpg,19,5,6.5,7,26,2.0,기타,6,7,6,7
test,test_0669.jpg,39,12,14.5,21,58,2.5,기타,21,8,9,20
test,test_0670.jpg,22,5,19.75,22,79,2.0,문자·간판 읽기,20,21,22,16
test,test_0671.jpg,30,8,7.25,9,29,1.75,문자·간판 읽기,6,9,7,7
test,test_0672.jpg,58,14,13.0,13,52,1.0,전화번호,13,13,13,13
test,test_0673.jpg,28,7,11.25,13,45,1.75,문자·간판 읽기,13,12,11,9
test,test_0674.jpg,39,10,8.0,11,32,2.75,위치·방향,11,6,6,9
test,test_0675.jpg,27,7,4.75,7,19,1.5,위치·방향,5,4,7,3
test,test_0676.jpg,35,8,9.25,12,37,2.25,가격·금액,12,12,7,6
test,test_0677.jpg,40,12,5.0,6,20,1.0,위치·방향,5,6,4,5
test,test_0678.jpg,26,7,3.25,6,13,1.25,기타,3,6,2,2
test,test_0679.jpg,46,10,7.0,7,28,1.0,가격·금액,7,7,7,7
test,test_0680.jpg,24,6,22.0,27,88,4.75,기타,18,22,21,27
test,test_0681.jpg,25,7,5.5,7,22,1.5,메뉴·상품,4,7,7,4
test,test_0682.jpg,48,11,5.75,7,23,2.0,문자·간판 읽기,5,7,5,6
test,test_0683.jpg,16,4,11.75,14,47,1.0,가격·금액,10,11,12,14
test,test_0684.jpg,46,10,2.75,3,11,1.0,색상,2,3,3,3
test,test_0685.jpg,16,4,12.5,18,50,3.0,문자·간판 읽기,14,9,9,18
test,test_0686.jpg,32,9,24.75,26,99,4.0,문자·간판 읽기,26,24,25,24
test,test_0687.jpg,24,5,10.75,11,43,2.0,메뉴·상품,11,11,11,10
test,test_0688.jpg,27,8,24.5,27,98,4.0,위치·방향,23,27,25,23
test,test_0689.jpg,36,8,3.0,3,12,1.0,색상,3,3,3,3
test,test_0690.jpg,37,9,2.5,3,10,1.0,위치·방향,3,3,2,2
test,test_0691.jpg,31,8,7.0,7,28,1.0,가격·금액,7,7,7,7
test,test_0692.jpg,24,6,8.0,11,32,2.5,기타,3,9,9,11
test,test_0693.jpg,37,9,2.5,4,10,1.0,메뉴·상품,4,2,2,2
test,test_0694.jpg,24,7,10.75,14,43,2.75,기타,8,11,14,10
test,test_0695.jpg,26,7,2.25,3,9,1.0,가격·금액,2,3,2,2
test,test_0696.jpg,25,6,7.25,8,29,2.0,문자·간판 읽기,7,8,7,7
test,test_0697.jpg,24,6,8.5,12,34,2.25,위치·방향,9,9,4,12
test,test_0698.jpg,23,6,4.5,6,18,1.0,문자·간판 읽기,4,6,5,3
test,test_0699.jpg,15,4,3.75,5,15,1.0,메뉴·상품,5,3,3,4
test,test_0700.jpg,34,9,7.0,7,28,1.0,가격·금액,7,7,7,7
test,test_0701.jpg,30,8,5.5,9,22,1.25,색상,9,4,5,4
test,test_0702.jpg,24,7,3.25,4,13,1.0,메뉴·상품,3,3,4,3
test,test_0703.jpg,37,8,6.0,6,24,1.0,가격·금액,6,6,6,6
test,test_0704.jpg,43,9,4.75,7,19,1.0,가격·금액,3,7,5,4
test,test_0705.jpg,28,8,14.75,15,59,3.0,문자·간판 읽기,14,15,15,15
test,test_0706.jpg,21,5,11.0,11,44,1.0,전화번호,11,11,11,11
test,test_0707.jpg,20,5,3.0,4,12,1.0,메뉴·상품,2,3,4,3
test,test_0708.jpg,68,16,21.0,42,84,4.5,기타,12,15,15,42
test,test_0709.jpg,30,8,12.25,22,49,2.5,메뉴·상품,10,6,11,22
test,test_0710.jpg,31,8,3.5,4,14,1.0,메뉴·상품,4,3,4,3
test,test_0711.jpg,19,5,14.0,14,56,3.0,문자·간판 읽기,14,14,14,14
test,test_0712.jpg,31,9,18.25,19,73,5.5,문자·간판 읽기,18,17,19,19
test,test_0713.jpg,31,8,19.0,22,76,5.0,문자·간판 읽기,15,22,20,19
test,test_0714.jpg,35,9,10.25,13,41,2.5,기타,8,13,10,10
test,test_0715.jpg,22,6,4.75,8,19,1.0,문자·간판 읽기,2,8,4,5
test,test_0716.jpg,20,5,5.5,6,22,2.0,문자·간판 읽기,6,5,5,6
test,test_0717.jpg,24,6,3.75,6,15,1.0,문자·간판 읽기,2,3,6,4
test,test_0718.jpg,24,7,13.25,19,53,3.75,날짜·시간,10,18,19,6
test,test_0719.jpg,40,10,33.0,50,132,7.75,기타,28,50,26,28
test,test_0720.jpg,10,2,11.0,12,44,2.0,위치·방향,12,10,10,12
test,test_0721.jpg,16,4,5.75,9,23,1.5,문자·간판 읽기,9,3,7,4
test,test_0722.jpg,23,6,6.75,11,27,1.0,문자·간판 읽기,3,9,4,11
test,test_0723.jpg,27,7,6.75,12,27,1.5,문자·간판 읽기,4,7,4,12
test,test_0724.jpg,23,6,12.5,14,50,4.0,기타,12,14,11,13
test,test_0725.jpg,45,11,13.0,13,52,3.0,날짜·시간,13,13,13,13
test,test_0726.jpg,17,5,18.0,25,72,3.25,기타,17,15,25,15
test,test_0727.jpg,41,10,13.5,14,54,3.75,문자·간판 읽기,13,14,13,14
test,test_0728.jpg,26,6,22.25,29,89,7.0,기타,29,18,18,24
test,test_0729.jpg,44,11,9.5,10,38,1.0,가격·금액,10,8,10,10
test,test_0730.jpg,28,6,21.0,23,84,4.0,인물·대상,19,21,23,21
test,test_0731.jpg,44,12,11.0,11,44,4.0,색상,11,11,11,11
test,test_0732.jpg,17,4,28.25,56,113,3.5,위치·방향,56,24,14,19
test,test_0733.jpg,24,7,5.5,9,22,1.5,문자·간판 읽기,6,9,4,3
test,test_0734.jpg,34,10,6.75,8,27,1.5,위치·방향,7,8,7,5
test,test_0735.jpg,34,9,7.0,8,28,2.0,가격·금액,8,6,6,8
test,test_0736.jpg,27,7,9.75,11,39,3.25,문자·간판 읽기,9,11,8,11
test,test_0737.jpg,39,10,15.5,19,62,4.25,기타,16,12,15,19
test,test_0738.jpg,16,4,4.0,4,16,1.0,문자·간판 읽기,4,4,4,4
test,test_0739.jpg,27,7,28.25,31,113,5.0,색상,28,26,28,31
test,test_0740.jpg,46,10,2.5,3,10,1.0,가격·금액,2,3,2,3
test,test_0741.jpg,21,5,9.0,15,36,1.5,문자·간판 읽기,5,10,6,15
test,test_0742.jpg,26,7,2.75,4,11,1.0,문자·간판 읽기,3,2,2,4
test,test_0743.jpg,22,5,11.75,12,47,2.0,메뉴·상품,12,12,12,11
test,test_0744.jpg,41,9,28.25,36,113,2.75,문자·간판 읽기,30,36,23,24
test,test_0745.jpg,53,10,12.0,16,48,2.0,인물·대상,13,9,16,10
test,test_0746.jpg,27,7,17.25,21,69,2.5,문자·간판 읽기,13,21,21,14
test,test_0747.jpg,27,7,7.0,7,28,1.0,가격·금액,7,7,7,7
test,test_0748.jpg,28,8,5.75,8,23,2.0,기타,6,5,8,4
test,test_0749.jpg,33,9,6.75,7,27,1.0,문자·간판 읽기,7,6,7,7
test,test_0750.jpg,30,6,8.5,13,34,2.25,위치·방향,7,7,13,7
test,test_0751.jpg,36,11,6.0,8,24,1.0,문자·간판 읽기,5,8,7,4
test,test_0752.jpg,26,7,7.0,7,28,2.0,문자·간판 읽기,7,7,7,7
test,test_0753.jpg,23,6,5.0,8,20,1.0,기타,5,8,4,3
test,test_0754.jpg,34,8,9.25,10,37,3.0,기타,9,9,9,10
test,test_0755.jpg,34,9,2.25,3,9,1.0,위치·방향,3,2,2,2
test,test_0756.jpg,34,8,5.5,7,22,1.0,위치·방향,6,5,7,4
test,test_0757.jpg,31,6,3.0,3,12,1.0,수량·계수,3,3,3,3
test,test_0758.jpg,30,7,22.5,36,90,5.75,문자·간판 읽기,21,36,17,16
test,test_0759.jpg,39,9,9.25,16,37,1.5,기타,8,7,6,16
test,test_0760.jpg,16,4,5.75,7,23,1.0,문자·간판 읽기,5,6,7,5
test,test_0761.jpg,30,6,5.5,6,22,1.0,가격·금액,4,6,6,6
test,test_0762.jpg,45,11,16.5,20,66,4.5,기타,16,20,14,16
test,test_0763.jpg,16,4,3.25,5,13,1.0,문자·간판 읽기,3,5,2,3
test,test_0764.jpg,45,12,13.0,13,52,1.0,전화번호,13,13,13,13
test,test_0765.jpg,21,5,2.0,2,8,1.0,위치·방향,2,2,2,2
test,test_0766.jpg,26,7,4.25,5,17,2.0,메뉴·상품,4,5,4,4
test,test_0767.jpg,26,5,5.75,7,23,1.75,기타,4,6,7,6
test,test_0768.jpg,31,9,3.0,4,12,1.0,문자·간판 읽기,2,4,2,4
test,test_0769.jpg,28,8,3.5,7,14,1.25,메뉴·상품,2,2,3,7
test,test_0770.jpg,38,9,11.0,11,44,2.0,가격·금액,11,11,11,11
test,test_0771.jpg,48,10,3.25,4,13,1.0,기타,3,3,4,3
test,test_0772.jpg,20,5,7.0,7,28,2.0,문자·간판 읽기,7,7,7,7
test,test_0773.jpg,25,6,2.25,3,9,1.0,메뉴·상품,2,2,3,2
test,test_0774.jpg,48,13,2.75,4,11,1.25,문자·간판 읽기,1,4,3,3
test,test_0775.jpg,43,12,21.5,25,86,5.5,인물·대상,23,20,18,25
test,test_0776.jpg,45,11,3.25,5,13,1.0,위치·방향,2,4,2,5
test,test_0777.jpg,24,7,23.25,34,93,5.25,문자·간판 읽기,34,21,17,21
test,test_0778.jpg,38,9,7.25,8,29,2.25,위치·방향,8,7,6,8
test,test_0779.jpg,16,4,9.0,13,36,2.25,문자·간판 읽기,10,8,13,5
test,test_0780.jpg,18,4,5.25,6,21,2.0,기타,6,5,5,5
test,test_0781.jpg,30,7,16.5,17,66,5.0,기타,16,17,17,16
test,test_0782.jpg,55,15,4.5,6,18,1.0,위치·방향,4,5,3,6
test,test_0783.jpg,29,6,6.0,6,24,1.0,가격·금액,6,6,6,6
test,test_0784.jpg,31,7,9.75,11,39,3.0,기타,11,9,10,9
test,test_0785.jpg,36,11,17.75,31,71,3.5,문자·간판 읽기,13,7,20,31
test,test_0786.jpg,36,8,3.0,3,12,1.0,가격·금액,3,3,3,3
test,test_0787.jpg,33,9,13.75,15,55,3.75,문자·간판 읽기,13,15,13,14
test,test_0788.jpg,32,8,16.0,16,64,5.0,기타,16,16,16,16
test,test_0789.jpg,35,7,13.5,15,54,4.0,기타,13,15,14,12
test,test_0790.jpg,33,9,9.75,13,39,1.75,문자·간판 읽기,13,9,6,11
test,test_0791.jpg,23,5,4.25,5,17,1.0,문자·간판 읽기,4,4,5,4
test,test_0792.jpg,64,17,19.25,25,77,4.75,문자·간판 읽기,16,16,20,25
test,test_0793.jpg,27,7,13.25,14,53,3.0,문자·간판 읽기,13,14,13,13
test,test_0794.jpg,32,9,5.0,5,20,1.0,가격·금액,5,5,5,5
test,test_0795.jpg,34,8,12.5,16,50,4.0,색상,11,11,12,16
test,test_0796.jpg,42,11,8.0,9,32,2.25,위치·방향,7,9,9,7
test,test_0797.jpg,16,4,4.75,6,19,1.0,문자·간판 읽기,6,4,4,5
test,test_0798.jpg,21,5,6.0,6,24,1.0,가격·금액,6,6,6,6
test,test_0799.jpg,37,10,9.0,10,36,2.25,가격·금액,10,9,8,9
test,test_0800.jpg,37,9,6.0,6,24,1.0,가격·금액,6,6,6,6
test,test_0801.jpg,26,7,7.25,9,29,1.5,위치·방향,7,7,9,6
test,test_0802.jpg,22,6,3.0,3,12,1.0,문자·간판 읽기,3,3,3,3
test,test_0803.jpg,38,11,5.5,9,22,1.25,문자·간판 읽기,4,4,5,9
test,test_0804.jpg,25,5,3.5,6,14,1.0,기타,2,2,4,6
test,test_0805.jpg,24,6,5.25,8,21,1.5,위치·방향,4,8,4,5
test,test_0806.jpg,40,8,3.25,4,13,1.0,가격·금액,3,4,3,3
test,test_0807.jpg,46,13,5.75,7,23,1.0,색상,5,7,5,6
test,test_0808.jpg,32,8,18.5,24,74,4.5,문자·간판 읽기,14,19,17,24
test,test_0809.jpg,32,7,5.0,6,20,1.0,메뉴·상품,4,6,4,6
test,test_0810.jpg,17,3,7.0,7,28,1.0,가격·금액,7,7,7,7
test,test_0811.jpg,50,11,3.0,3,12,1.0,가격·금액,3,3,3,3
test,test_0812.jpg,16,4,4.0,4,16,1.0,문자·간판 읽기,4,4,4,4
test,test_0813.jpg,30,7,22.75,26,91,3.75,문자·간판 읽기,20,24,26,21
test,test_0814.jpg,33,9,13.0,16,52,3.75,기타,11,11,14,16
test,test_0815.jpg,15,4,7.0,7,28,1.0,가격·금액,7,7,7,7
test,test_0816.jpg,30,8,8.0,9,32,2.75,기타,9,6,8,9
test,test_0817.jpg,23,7,5.0,5,20,2.0,날짜·시간,5,5,5,5
test,test_0818.jpg,40,10,9.5,11,38,3.0,기타,11,8,10,9
test,test_0819.jpg,44,12,8.25,10,33,2.0,문자·간판 읽기,8,7,8,10
test,test_0820.jpg,27,6,10.0,16,40,1.5,메뉴·상품,16,10,8,6
test,test_0821.jpg,25,7,6.5,7,26,2.0,문자·간판 읽기,5,7,7,7
test,test_0822.jpg,21,5,10.0,10,40,2.0,가격·금액,10,10,10,10
test,test_0823.jpg,16,4,5.75,8,23,1.25,문자·간판 읽기,8,5,4,6
test,test_0824.jpg,16,4,12.0,12,48,4.0,가격·금액,12,12,12,12
test,test_0825.jpg,29,8,6.5,8,26,1.75,메뉴·상품,8,5,7,6
test,test_0826.jpg,17,4,5.25,6,21,2.0,문자·간판 읽기,5,5,5,6
test,test_0827.jpg,28,6,6.5,7,26,2.0,문자·간판 읽기,7,6,6,7
test,test_0828.jpg,38,8,2.0,2,8,1.0,가격·금액,2,2,2,2
test,test_0829.jpg,16,4,16.5,22,66,3.25,문자·간판 읽기,21,14,9,22
test,test_0830.jpg,32,9,12.5,14,50,3.5,위치·방향,11,14,11,14
test,test_0831.jpg,27,7,5.25,7,21,2.0,메뉴·상품,4,7,5,5
test,test_0832.jpg,36,9,8.25,10,33,2.25,위치·방향,10,9,7,7
test,test_0833.jpg,23,6,5.25,6,21,1.0,문자·간판 읽기,5,5,5,6
test,test_0834.jpg,31,7,6.0,6,24,1.0,가격·금액,6,6,6,6
test,test_0835.jpg,40,9,2.25,3,9,1.0,위치·방향,3,2,2,2
test,test_0836.jpg,16,4,5.5,6,22,1.0,문자·간판 읽기,6,5,6,5
test,test_0837.jpg,39,10,5.0,5,20,1.0,날짜·시간,5,5,5,5
test,test_0838.jpg,20,5,19.0,20,76,2.75,위치·방향,18,20,18,20
test,test_0839.jpg,40,10,12.25,19,49,2.75,기타,11,10,19,9
test,test_0840.jpg,30,8,6.5,12,26,2.0,위치·방향,3,9,12,2
test,test_0841.jpg,42,8,6.0,9,24,1.5,전화번호,8,9,4,3
test,test_0842.jpg,15,4,5.75,6,23,1.0,기타,6,5,6,6
test,test_0843.jpg,26,7,10.25,12,41,3.0,문자·간판 읽기,10,10,12,9
test,test_0844.jpg,28,9,12.0,12,48,5.0,수량·계수,12,12,12,12
test,test_0845.jpg,46,11,6.0,12,24,1.75,메뉴·상품,2,7,12,3
test,test_0846.jpg,29,6,8.5,11,34,2.5,문자·간판 읽기,6,8,9,11
test,test_0847.jpg,19,4,6.0,6,24,1.0,가격·금액,6,6,6,6
test,test_0848.jpg,36,8,8.75,9,35,1.0,전화번호,9,9,9,8
test,test_0849.jpg,21,5,13.0,13,52,3.0,날짜·시간,13,13,13,13
test,test_0850.jpg,27,7,7.5,8,30,2.0,문자·간판 읽기,8,7,7,8
test,test_0851.jpg,62,17,2.75,3,11,1.0,수량·계수,3,3,2,3
test,test_0852.jpg,44,10,3.5,5,14,1.0,가격·금액,5,2,5,2
test,test_0853.jpg,33,8,32.75,50,131,9.0,메뉴·상품,28,26,27,50
test,test_0854.jpg,21,5,13.25,14,53,1.0,전화번호,13,14,13,13
test,test_0855.jpg,60,15,7.75,9,31,2.0,문자·간판 읽기,8,9,7,7
test,test_0856.jpg,26,7,5.0,5,20,1.0,가격·금액,5,5,5,5
test,test_0857.jpg,24,6,5.25,6,21,1.0,문자·간판 읽기,5,6,4,6
test,test_0858.jpg,30,8,3.0,3,12,1.0,문자·간판 읽기,3,3,3,3
test,test_0859.jpg,29,8,4.0,4,16,1.0,가격·금액,4,4,4,4
test,test_0860.jpg,30,7,4.0,5,16,1.0,메뉴·상품,4,5,4,3
test,test_0861.jpg,26,6,5.75,7,23,2.5,기타,4,5,7,7
test,test_0862.jpg,41,10,20.0,25,80,4.25,문자·간판 읽기,19,17,25,19
test,test_0863.jpg,37,10,8.0,10,32,2.5,문자·간판 읽기,6,9,7,10
test,test_0864.jpg,24,7,7.0,9,28,2.25,위치·방향,6,6,9,7
test,test_0865.jpg,37,9,5.0,5,20,2.0,기타,5,5,5,5
test,test_0866.jpg,32,8,6.75,9,27,2.0,문자·간판 읽기,5,8,5,9
test,test_0867.jpg,49,13,23.0,26,92,4.0,위치·방향,21,20,26,25
test,test_0868.jpg,21,6,9.25,10,37,3.5,기타,10,7,10,10
test,test_0869.jpg,44,10,5.25,9,21,1.25,가격·금액,2,7,3,9
test,test_0870.jpg,49,12,4.25,6,17,1.0,위치·방향,4,6,3,4
test,test_0871.jpg,19,5,21.25,36,85,5.5,문자·간판 읽기,36,11,19,19
test,test_0872.jpg,25,7,3.0,3,12,1.0,문자·간판 읽기,3,3,3,3
test,test_0873.jpg,50,11,14.25,15,57,3.0,전화번호,15,14,14,14
test,test_0874.jpg,26,8,3.25,4,13,1.0,문자·간판 읽기,3,3,4,3
test,test_0875.jpg,37,10,3.75,5,15,1.0,기타,5,4,3,3
test,test_0876.jpg,43,10,3.0,3,12,1.0,위치·방향,3,3,3,3
test,test_0877.jpg,47,11,5.0,6,20,1.25,문자·간판 읽기,4,6,6,4
test,test_0878.jpg,24,6,10.25,14,41,2.25,문자·간판 읽기,10,10,7,14
test,test_0879.jpg,29,8,14.25,15,57,3.0,문자·간판 읽기,14,15,14,14
test,test_0880.jpg,43,9,9.75,11,39,3.25,기타,10,9,11,9
test,test_0881.jpg,28,6,16.0,16,64,4.0,메뉴·상품,16,16,16,16
test,test_0882.jpg,26,7,21.5,23,86,5.0,문자·간판 읽기,20,23,20,23
test,test_0883.jpg,27,7,3.75,4,15,1.0,날짜·시간,3,4,4,4
test,test_0884.jpg,26,6,2.5,3,10,1.0,위치·방향,3,2,3,2
test,test_0885.jpg,20,5,9.5,12,38,2.0,문자·간판 읽기,7,12,9,10
test,test_0886.jpg,32,9,4.5,6,18,1.5,기타,4,4,6,4
test,test_0887.jpg,32,6,7.0,7,28,1.0,가격·금액,7,7,7,7
test,test_0888.jpg,26,7,11.25,17,45,2.0,문자·간판 읽기,11,9,8,17
test,test_0889.jpg,16,4,8.0,9,32,1.25,문자·간판 읽기,9,8,9,6
test,test_0890.jpg,15,4,3.25,4,13,1.0,위치·방향,3,3,4,3
test,test_0891.jpg,29,8,4.25,6,17,1.0,가격·금액,6,3,3,5
test,test_0892.jpg,28,6,6.75,7,27,1.0,가격·금액,7,7,6,7
test,test_0893.jpg,33,9,8.75,10,35,2.5,기타,7,8,10,10
test,test_0894.jpg,26,6,8.0,9,32,2.0,기타,8,9,9,6
test,test_0895.jpg,23,6,7.5,8,30,1.0,문자·간판 읽기,7,7,8,8
test,test_0896.jpg,28,8,8.75,12,35,1.5,문자·간판 읽기,7,12,5,11
test,test_0897.jpg,25,6,3.75,5,15,1.0,문자·간판 읽기,3,3,5,4
test,test_0898.jpg,30,8,11.0,13,44,2.25,문자·간판 읽기,12,10,13,9
test,test_0899.jpg,24,7,5.25,6,21,2.0,기타,5,5,6,5
test,test_0900.jpg,21,5,34.5,35,138,5.0,가격·금액,35,35,33,35
test,test_0901.jpg,24,6,8.0,8,32,1.0,전화번호,8,8,8,8
test,test_0902.jpg,29,7,6.0,6,24,1.0,가격·금액,6,6,6,6
test,test_0903.jpg,27,7,4.25,5,17,1.0,문자·간판 읽기,4,4,5,4
test,test_0904.jpg,39,9,10.0,12,40,3.5,날짜·시간,8,8,12,12
test,test_0905.jpg,39,10,10.75,14,43,3.25,위치·방향,14,9,11,9
test,test_0906.jpg,27,7,14.25,20,57,2.5,색상,20,12,11,14
test,test_0907.jpg,23,6,5.75,10,23,1.25,위치·방향,3,8,2,10
test,test_0908.jpg,38,10,6.25,7,25,1.0,색상,7,6,7,5
test,test_0909.jpg,36,10,9.25,10,37,2.0,문자·간판 읽기,9,9,9,10
test,test_0910.jpg,49,13,5.0,5,20,1.0,가격·금액,5,5,5,5
test,test_0911.jpg,39,10,9.25,12,37,2.75,문자·간판 읽기,8,9,12,8
test,test_0912.jpg,29,7,7.0,9,28,2.0,기타,5,9,6,8
test,test_0913.jpg,38,8,6.25,9,25,1.0,전화번호,4,9,3,9
test,test_0914.jpg,34,8,19.25,36,77,4.0,기타,15,36,12,14
test,test_0915.jpg,16,4,20.5,23,82,4.5,문자·간판 읽기,22,23,19,18
test,test_0916.jpg,31,8,3.0,4,12,1.0,색상,3,4,2,3
test,test_0917.jpg,46,12,13.5,14,54,2.0,가격·금액,14,14,14,12
test,test_0918.jpg,35,9,11.5,13,46,1.0,전화번호,13,11,11,11
test,test_0919.jpg,43,10,2.5,3,10,1.0,위치·방향,3,2,3,2
test,test_0920.jpg,39,10,8.5,9,34,2.0,문자·간판 읽기,8,8,9,9
test,test_0921.jpg,25,5,4.0,7,16,1.25,기타,4,3,2,7
test,test_0922.jpg,26,7,2.0,2,8,1.0,가격·금액,2,2,2,2
test,test_0923.jpg,31,8,9.75,11,39,3.0,문자·간판 읽기,9,11,10,9
test,test_0924.jpg,48,8,7.25,12,29,2.5,기타,7,12,5,5
test,test_0925.jpg,24,6,5.25,6,21,2.0,문자·간판 읽기,6,5,5,5
test,test_0926.jpg,22,6,5.5,9,22,1.75,메뉴·상품,6,3,9,4
test,test_0927.jpg,34,9,5.75,6,23,2.0,가격·금액,6,5,6,6
test,test_0928.jpg,27,6,4.75,6,19,1.0,메뉴·상품,5,5,6,3
test,test_0929.jpg,31,9,13.0,20,52,2.0,문자·간판 읽기,15,20,8,9
test,test_0930.jpg,41,12,2.0,2,8,1.0,문자·간판 읽기,2,2,2,2
test,test_0931.jpg,19,5,4.5,5,18,1.0,문자·간판 읽기,5,4,5,4
test,test_0932.jpg,36,10,3.5,5,14,1.25,기타,2,5,4,3
test,test_0933.jpg,57,15,12.75,16,51,3.75,날짜·시간,12,14,9,16
test,test_0934.jpg,33,7,9.75,12,39,2.25,수량·계수,12,9,9,9
test,test_0935.jpg,29,8,3.0,3,12,1.0,가격·금액,3,3,3,3
test,test_0936.jpg,15,4,7.0,8,28,2.0,기타,8,6,7,7
test,test_0937.jpg,41,11,11.75,14,47,2.75,문자·간판 읽기,14,8,13,12
test,test_0938.jpg,24,6,17.25,21,69,2.25,문자·간판 읽기,19,21,15,14
test,test_0939.jpg,39,12,2.75,3,11,1.0,기타,2,3,3,3
test,test_0940.jpg,31,8,13.0,13,52,2.0,전화번호,13,13,13,13
test,test_0941.jpg,24,7,8.5,9,34,2.75,문자·간판 읽기,9,8,8,9
test,test_0942.jpg,42,11,2.75,4,11,1.0,인물·대상,3,2,2,4
test,test_0943.jpg,31,7,8.75,10,35,2.0,색상,8,8,9,10
test,test_0944.jpg,23,6,5.0,8,20,1.25,문자·간판 읽기,3,5,4,8
test,test_0945.jpg,24,7,16.0,16,64,4.0,위치·방향,16,16,16,16
test,test_0946.jpg,30,7,11.25,14,45,3.25,문자·간판 읽기,11,10,10,14
test,test_0947.jpg,34,6,8.5,10,34,1.0,전화번호,8,10,8,8
test,test_0948.jpg,24,6,10.0,13,40,1.0,전화번호,8,13,11,8
test,test_0949.jpg,29,8,8.25,11,33,1.0,문자·간판 읽기,7,7,11,8
test,test_0950.jpg,33,9,4.0,4,16,1.0,메뉴·상품,4,4,4,4
test,test_0951.jpg,20,5,5.0,6,20,2.0,문자·간판 읽기,4,5,6,5
test,test_0952.jpg,35,8,11.0,12,44,1.0,전화번호,10,12,10,12
test,test_0953.jpg,36,7,11.5,18,46,3.25,위치·방향,10,18,8,10
test,test_0954.jpg,29,7,7.5,9,30,1.0,문자·간판 읽기,7,8,9,6
test,test_0955.jpg,32,9,17.5,19,70,3.75,문자·간판 읽기,19,18,17,16
test,test_0956.jpg,39,9,37.25,46,149,9.25,메뉴·상품,46,34,31,38
test,test_0957.jpg,38,7,15.75,16,63,4.0,날짜·시간,15,16,16,16
test,test_0958.jpg,29,7,6.25,8,25,1.75,문자·간판 읽기,7,5,8,5
test,test_0959.jpg,49,13,21.5,23,86,4.75,문자·간판 읽기,22,23,19,22
test,test_0960.jpg,26,7,9.25,23,37,1.75,문자·간판 읽기,5,3,23,6
test,test_0961.jpg,38,9,12.25,13,49,3.0,메뉴·상품,11,13,13,12
test,test_0962.jpg,24,6,8.0,13,32,1.25,문자·간판 읽기,7,13,5,7
test,test_0963.jpg,32,8,23.75,41,95,6.0,기타,21,15,18,41
test,test_0964.jpg,39,9,17.5,21,70,3.25,문자·간판 읽기,15,17,21,17
test,test_0965.jpg,26,7,3.25,4,13,1.0,문자·간판 읽기,3,4,3,3
test,test_0966.jpg,32,8,3.5,4,14,1.0,문자·간판 읽기,4,3,4,3
test,test_0967.jpg,21,5,11.5,14,46,2.0,문자·간판 읽기,11,11,10,14
test,test_0968.jpg,26,5,4.0,4,16,1.0,가격·금액,4,4,4,4
test,test_0969.jpg,43,11,8.25,10,33,2.25,기타,10,8,6,9
test,test_0970.jpg,22,5,4.0,4,16,1.0,가격·금액,4,4,4,4
test,test_0971.jpg,25,7,4.0,4,16,1.0,문자·간판 읽기,4,4,4,4
test,test_0972.jpg,27,6,7.0,10,28,2.0,문자·간판 읽기,6,10,6,6
test,test_0973.jpg,34,6,16.75,21,67,1.0,기타,14,18,14,21
test,test_0974.jpg,42,10,4.75,5,19,1.0,날짜·시간,5,5,4,5
test,test_0975.jpg,33,10,2.0,2,8,1.0,수량·계수,2,2,2,2
test,test_0976.jpg,18,4,3.0,4,12,1.0,문자·간판 읽기,4,4,2,2
test,test_0977.jpg,53,13,11.0,19,44,2.0,색상,13,19,6,6
test,test_0978.jpg,25,6,6.5,8,26,2.0,위치·방향,6,6,6,8
test,test_0979.jpg,33,7,1.0,1,4,1.0,위치·방향,1,1,1,1
test,test_0980.jpg,31,7,14.5,16,58,3.0,가격·금액,16,16,15,11
test,test_0981.jpg,23,6,6.75,9,27,2.25,메뉴·상품,5,9,7,6
test,test_0982.jpg,45,10,6.25,7,25,1.0,위치·방향,5,7,6,7
test,test_0983.jpg,29,7,6.5,9,26,2.0,색상,5,9,6,6
test,test_0984.jpg,51,13,3.0,3,12,1.0,색상,3,3,3,3
test,test_0985.jpg,16,4,9.5,11,38,1.0,문자·간판 읽기,9,9,11,9
test,test_0986.jpg,36,10,2.25,3,9,1.0,위치·방향,2,2,3,2
test,test_0987.jpg,33,9,18.0,19,72,3.0,문자·간판 읽기,17,17,19,19
test,test_0988.jpg,25,6,7.25,8,29,1.0,위치·방향,6,8,7,8
test,test_0989.jpg,30,8,1.0,1,4,1.0,색상,1,1,1,1
test,test_0990.jpg,40,10,2.75,3,11,1.0,가격·금액,2,3,3,3
test,test_0991.jpg,29,9,8.0,8,32,1.0,가격·금액,8,8,8,8
test,test_0992.jpg,31,7,8.75,10,35,2.0,가격·금액,8,9,8,10
test,test_0993.jpg,17,4,6.0,6,24,2.0,문자·간판 읽기,6,6,6,6
test,test_0994.jpg,30,7,3.5,5,14,1.0,메뉴·상품,5,3,3,3
test,test_0995.jpg,30,8,6.25,8,25,1.0,메뉴·상품,8,5,7,5
test,test_0996.jpg,63,14,8.5,10,34,2.25,인물·대상,7,10,9,8
test,test_0997.jpg,34,10,10.0,13,40,3.0,기타,7,10,13,10
test,test_0998.jpg,20,5,2.75,4,11,1.0,위치·방향,4,2,2,3
test,test_0999.jpg,33,9,4.75,6,19,1.75,인물·대상,5,3,6,5
test,test_1000.jpg,39,11,7.25,9,29,2.5,색상,8,6,6,9
test,test_1001.jpg,31,7,2.75,3,11,1.0,가격·금액,3,2,3,3
test,test_1002.jpg,17,4,5.5,6,22,2.0,기타,6,6,5,5
test,test_1003.jpg,43,13,7.0,8,28,1.0,색상,6,7,8,7
test,test_1004.jpg,15,4,19.5,24,78,4.5,기타,24,17,20,17
test,test_1005.jpg,36,7,8.5,12,34,2.25,위치·방향,6,8,12,8
test,test_1006.jpg,32,8,10.0,13,40,2.5,문자·간판 읽기,8,13,11,8
test,test_1007.jpg,37,8,5.0,5,20,1.0,가격·금액,5,5,5,5
test,test_1008.jpg,32,8,2.25,3,9,1.0,위치·방향,2,3,2,2
test,test_1009.jpg,34,10,2.0,2,8,1.0,위치·방향,2,2,2,2
test,test_1010.jpg,22,5,11.25,15,45,3.25,색상,8,8,15,14
test,test_1011.jpg,24,6,9.25,10,37,3.0,문자·간판 읽기,9,9,9,10
test,test_1012.jpg,18,4,12.5,14,50,3.5,문자·간판 읽기,14,14,11,11
test,test_1013.jpg,34,9,5.5,13,22,1.0,문자·간판 읽기,3,3,3,13
test,test_1014.jpg,43,10,7.75,8,31,2.0,가격·금액,8,8,8,7
test,test_1015.jpg,28,8,9.75,11,39,2.0,위치·방향,7,10,11,11
test,test_1016.jpg,35,8,2.75,5,11,1.25,위치·방향,2,2,2,5
test,test_1017.jpg,57,11,12.0,15,48,3.5,문자·간판 읽기,15,14,8,11
test,test_1018.jpg,39,6,4.75,5,19,1.0,가격·금액,5,4,5,5
test,test_1019.jpg,40,11,7.5,8,30,2.0,기타,7,8,8,7
test,test_1020.jpg,27,7,8.0,8,32,2.0,전화번호,8,8,8,8
test,test_1021.jpg,33,9,13.0,16,52,3.0,가격·금액,11,16,13,12
test,test_1022.jpg,37,8,7.75,13,31,2.5,메뉴·상품,8,13,5,5
test,test_1023.jpg,25,6,10.25,12,41,1.5,기타,10,12,11,8
test,test_1024.jpg,25,7,5.5,9,22,1.75,문자·간판 읽기,4,6,3,9
test,test_1025.jpg,15,4,8.0,8,32,1.0,가격·금액,8,8,8,8
test,test_1026.jpg,28,8,5.0,5,20,1.0,날짜·시간,5,5,5,5
test,test_1027.jpg,50,10,5.5,6,22,1.0,날짜·시간,5,6,6,5
test,test_1028.jpg,25,5,6.0,6,24,1.0,가격·금액,6,6,6,6
test,test_1029.jpg,23,6,4.5,5,18,1.0,위치·방향,4,4,5,5
test,test_1030.jpg,51,13,9.0,10,36,2.0,날짜·시간,8,10,8,10
test,test_1031.jpg,29,8,11.5,14,46,3.5,문자·간판 읽기,9,14,14,9
test,test_1032.jpg,26,6,25.5,29,102,4.5,기타,25,24,29,24
test,test_1033.jpg,20,5,3.0,3,12,1.0,전화번호,3,3,3,3
test,test_1034.jpg,27,7,6.75,9,27,1.0,문자·간판 읽기,6,6,6,9
test,test_1035.jpg,25,6,3.0,4,12,1.0,기타,4,3,2,3
test,test_1036.jpg,28,7,16.0,23,64,4.75,색상,14,23,14,13
test,test_1037.jpg,40,10,3.75,4,15,1.0,기타,4,4,3,4
test,test_1038.jpg,44,9,33.5,48,134,5.5,기타,34,27,48,25
test,test_1039.jpg,16,4,4.75,5,19,1.0,문자·간판 읽기,4,5,5,5
test,test_1040.jpg,31,7,5.75,11,23,1.25,문자·간판 읽기,4,11,5,3
test,test_1041.jpg,45,11,11.5,15,46,1.75,메뉴·상품,15,8,14,9
test,test_1042.jpg,29,8,4.0,5,16,1.0,문자·간판 읽기,5,2,4,5
test,test_1043.jpg,24,7,11.75,13,47,2.0,문자·간판 읽기,10,11,13,13
test,test_1044.jpg,36,8,9.25,17,37,1.5,가격·금액,9,17,3,8
test,test_1045.jpg,39,9,12.5,13,50,1.0,전화번호,12,12,13,13
test,test_1046.jpg,35,9,5.0,8,20,1.0,기타,5,8,3,4
test,test_1047.jpg,19,5,15.25,18,61,2.75,문자·간판 읽기,18,15,15,13
test,test_1048.jpg,39,10,9.25,14,37,3.25,문자·간판 읽기,14,7,8,8
test,test_1049.jpg,27,7,6.25,8,25,2.25,문자·간판 읽기,5,7,5,8
test,test_1050.jpg,45,11,5.5,6,22,1.5,기타,6,6,4,6
test,test_1051.jpg,37,9,7.25,10,29,2.5,위치·방향,5,10,5,9
test,test_1052.jpg,34,9,10.25,13,41,2.25,문자·간판 읽기,11,8,9,13
test,test_1053.jpg,36,10,9.0,11,36,3.25,메뉴·상품,8,9,8,11
test,test_1054.jpg,40,11,6.0,6,24,1.0,가격·금액,6,6,6,6
test,test_1055.jpg,23,5,9.25,11,37,2.0,기타,8,9,9,11
test,test_1056.jpg,34,9,8.0,8,32,2.0,가격·금액,8,8,8,8
test,test_1057.jpg,29,8,7.75,8,31,1.0,문자·간판 읽기,8,8,8,7
test,test_1058.jpg,44,10,14.25,22,57,3.75,문자·간판 읽기,6,20,22,9
test,test_1059.jpg,23,6,4.75,6,19,1.5,메뉴·상품,4,6,6,3
test,test_1060.jpg,22,6,7.25,13,29,1.5,위치·방향,13,4,3,9
test,test_1061.jpg,45,9,7.0,7,28,1.0,가격·금액,7,7,7,7
test,test_1062.jpg,17,4,8.75,9,35,2.0,문자·간판 읽기,9,9,9,8
test,test_1063.jpg,27,7,7.75,10,31,2.25,메뉴·상품,7,7,7,10
test,test_1064.jpg,42,10,8.75,13,35,3.0,기타,5,9,8,13
test,test_1065.jpg,38,9,3.25,4,13,1.0,기타,3,4,3,3
test,test_1066.jpg,31,8,5.0,5,20,1.0,날짜·시간,5,5,5,5
test,test_1067.jpg,34,7,6.0,6,24,1.0,가격·금액,6,6,6,6
test,test_1068.jpg,46,10,4.75,5,19,1.0,메뉴·상품,5,4,5,5
test,test_1069.jpg,46,11,18.5,19,74,3.0,날짜·시간,18,19,18,19
test,test_1070.jpg,41,10,13.0,15,52,4.25,위치·방향,12,15,15,10
test,test_1071.jpg,47,13,4.5,6,18,1.0,위치·방향,3,6,5,4
test,test_1072.jpg,36,9,7.0,9,28,2.25,색상,9,6,6,7
test,test_1073.jpg,31,7,23.5,28,94,6.0,문자·간판 읽기,23,28,21,22
test,test_1074.jpg,17,4,4.0,4,16,1.0,문자·간판 읽기,4,4,4,4
test,test_1075.jpg,16,4,4.25,5,17,1.0,문자·간판 읽기,4,4,5,4
test,test_1076.jpg,32,8,6.0,6,24,1.5,위치·방향,6,6,6,6
test,test_1077.jpg,37,9,16.25,21,65,4.75,문자·간판 읽기,21,15,18,11
test,test_1078.jpg,23,5,12.0,12,48,1.0,전화번호,12,12,12,12
test,test_1079.jpg,22,6,17.0,22,68,3.0,기타,18,12,22,16
test,test_1080.jpg,33,7,3.0,3,12,1.0,인물·대상,3,3,3,3
test,test_1081.jpg,35,8,8.75,9,35,2.0,가격·금액,9,9,8,9
test,test_1082.jpg,24,7,8.75,13,35,2.75,기타,13,9,6,7
test,test_1083.jpg,35,8,7.0,11,28,1.25,기타,5,4,11,8
test,test_1084.jpg,25,7,5.0,6,20,2.0,기타,5,4,5,6
test,test_1085.jpg,26,6,12.25,24,49,3.0,위치·방향,4,24,7,14
test,test_1086.jpg,54,14,12.0,14,48,3.25,기타,11,14,13,10
test,test_1087.jpg,15,4,10.0,10,40,3.0,기타,10,10,10,10
test,test_1088.jpg,32,10,8.25,17,33,1.75,문자·간판 읽기,17,5,3,8
test,test_1089.jpg,33,9,6.25,9,25,1.0,문자·간판 읽기,4,4,8,9
test,test_1090.jpg,25,6,6.25,9,25,1.25,문자·간판 읽기,6,9,5,5
test,test_1091.jpg,52,11,9.0,9,36,1.0,날짜·시간,9,9,9,9
test,test_1092.jpg,25,7,8.0,8,32,2.0,날짜·시간,8,8,8,8
test,test_1093.jpg,42,10,6.75,7,27,1.0,가격·금액,6,7,7,7
test,test_1094.jpg,40,11,8.25,17,33,2.25,날짜·시간,17,10,3,3
test,test_1095.jpg,39,10,13.0,14,52,3.5,기타,13,14,11,14
test,test_1096.jpg,38,9,6.0,6,24,2.0,위치·방향,6,6,6,6
test,test_1097.jpg,37,9,8.75,9,35,2.0,위치·방향,8,9,9,9
test,test_1098.jpg,16,4,5.5,7,22,1.25,문자·간판 읽기,5,7,5,5
test,test_1099.jpg,30,8,7.75,11,31,2.25,문자·간판 읽기,11,6,8,6
test,test_1100.jpg,24,6,3.5,4,14,1.0,메뉴·상품,3,3,4,4
test,test_1101.jpg,31,7,16.0,21,64,4.75,기타,14,15,21,14
test,test_1102.jpg,25,6,5.0,7,20,1.0,문자·간판 읽기,7,5,5,3
test,test_1103.jpg,16,4,8.75,9,35,3.0,문자·간판 읽기,9,9,8,9
test,test_1104.jpg,27,7,4.75,9,19,1.25,문자·간판 읽기,3,9,3,4
test,test_1105.jpg,52,10,14.0,19,56,2.25,메뉴·상품,13,19,13,11
test,test_1106.jpg,35,9,2.5,4,10,1.0,기타,2,2,2,4
test,test_1107.jpg,28,6,9.25,12,37,3.0,메뉴·상품,12,9,9,7
test,test_1108.jpg,48,13,2.25,4,9,1.0,위치·방향,2,1,2,4
test,test_1109.jpg,25,6,4.75,8,19,1.0,문자·간판 읽기,5,2,8,4
test,test_1110.jpg,27,7,4.75,9,19,1.0,문자·간판 읽기,2,4,9,4
test,test_1111.jpg,41,12,8.0,10,32,2.25,메뉴·상품,7,10,8,7
test,test_1112.jpg,40,10,5.25,6,21,2.0,색상,5,5,5,6
test,test_1113.jpg,30,9,15.75,18,63,4.0,문자·간판 읽기,14,14,18,17
test,test_1114.jpg,18,4,11.5,15,46,2.0,문자·간판 읽기,9,10,12,15
test,test_1115.jpg,43,10,20.25,27,81,4.5,날짜·시간,19,27,12,23
test,test_1116.jpg,35,8,2.75,4,11,1.0,기타,2,4,1,4
test,test_1117.jpg,40,9,5.25,6,21,1.25,기타,6,5,5,5
test,test_1118.jpg,35,7,9.0,9,36,3.0,기타,9,9,9,9
test,test_1119.jpg,35,10,5.25,6,21,1.0,문자·간판 읽기,5,5,6,5
test,test_1120.jpg,35,8,2.5,3,10,1.0,가격·금액,3,2,2,3
test,test_1121.jpg,41,11,6.5,10,26,1.75,메뉴·상품,6,7,10,3
test,test_1122.jpg,40,9,5.75,6,23,2.0,가격·금액,5,6,6,6
test,test_1123.jpg,38,9,4.5,6,18,1.0,문자·간판 읽기,5,4,3,6
test,test_1124.jpg,24,7,7.75,12,31,2.0,기타,6,6,7,12
test,test_1125.jpg,36,8,2.25,3,9,1.0,위치·방향,2,2,3,2
test,test_1126.jpg,31,8,9.5,15,38,3.0,문자·간판 읽기,10,15,8,5
test,test_1127.jpg,26,7,8.75,11,35,1.75,문자·간판 읽기,8,9,7,11
test,test_1128.jpg,28,7,8.0,8,32,1.0,전화번호,8,8,8,8
test,test_1129.jpg,27,8,6.0,12,24,1.25,문자·간판 읽기,4,5,12,3
test,test_1130.jpg,32,9,3.0,3,12,1.0,위치·방향,3,3,3,3
test,test_1131.jpg,23,6,4.75,6,19,1.75,메뉴·상품,5,3,5,6
test,test_1132.jpg,43,9,4.0,4,16,1.0,수량·계수,4,4,4,4
test,test_1133.jpg,16,4,3.0,3,12,1.0,기타,3,3,3,3
test,test_1134.jpg,55,9,3.5,4,14,1.0,가격·금액,2,4,4,4
test,test_1135.jpg,24,7,8.0,8,32,3.0,문자·간판 읽기,8,8,8,8
test,test_1136.jpg,30,8,6.5,7,26,1.0,문자·간판 읽기,7,6,7,6
test,test_1137.jpg,30,9,8.5,9,34,3.0,메뉴·상품,9,8,9,8
test,test_1138.jpg,68,10,29.75,35,119,6.5,기타,35,23,31,30
test,test_1139.jpg,28,7,6.25,7,25,2.75,문자·간판 읽기,7,5,6,7
test,test_1140.jpg,23,5,12.5,13,50,1.0,전화번호,13,12,12,13
test,test_1141.jpg,17,4,7.0,7,28,2.0,문자·간판 읽기,7,7,7,7
test,test_1142.jpg,33,10,12.25,13,49,3.25,문자·간판 읽기,12,12,13,12
test,test_1143.jpg,37,9,11.25,15,45,3.0,문자·간판 읽기,15,9,11,10
test,test_1144.jpg,39,11,17.75,23,71,4.5,메뉴·상품,21,11,23,16
test,test_1145.jpg,25,7,14.0,14,56,4.0,문자·간판 읽기,14,14,14,14
test,test_1146.jpg,20,5,3.0,5,12,1.0,문자·간판 읽기,3,2,5,2
test,test_1147.jpg,37,9,9.75,10,39,3.25,메뉴·상품,10,9,10,10
test,test_1148.jpg,46,10,3.0,3,12,1.0,색상,3,3,3,3
test,test_1149.jpg,28,7,3.5,5,14,1.0,색상,3,5,3,3
test,test_1150.jpg,49,12,5.5,15,22,1.75,날짜·시간,3,15,2,2
test,test_1151.jpg,29,8,11.25,17,45,3.5,기타,8,17,11,9
test,test_1152.jpg,38,11,9.0,11,36,2.0,위치·방향,9,11,8,8
test,test_1153.jpg,33,9,3.75,5,15,1.0,메뉴·상품,3,5,4,3
test,test_1154.jpg,50,12,10.5,15,42,2.75,색상,6,11,10,15
test,test_1155.jpg,35,9,4.5,7,18,1.25,문자·간판 읽기,3,4,7,4
test,test_1156.jpg,36,8,13.0,13,52,1.0,전화번호,13,13,13,13
test,test_1157.jpg,29,5,6.0,6,24,1.0,가격·금액,6,6,6,6
test,test_1158.jpg,29,7,6.0,6,24,1.0,문자·간판 읽기,6,6,6,6
test,test_1159.jpg,23,6,4.25,7,17,1.25,문자·간판 읽기,2,5,3,7
test,test_1160.jpg,28,8,27.75,29,111,6.0,색상,27,28,29,27
test,test_1161.jpg,26,7,6.0,6,24,2.0,문자·간판 읽기,6,6,6,6
test,test_1162.jpg,28,7,3.75,4,15,1.0,문자·간판 읽기,4,3,4,4
test,test_1163.jpg,27,7,3.25,4,13,1.0,문자·간판 읽기,3,4,3,3
test,test_1164.jpg,58,13,5.0,5,20,1.0,날짜·시간,5,5,5,5
test,test_1165.jpg,47,11,12.75,15,51,3.5,색상,15,15,15,6
test,test_1166.jpg,39,10,3.25,4,13,1.0,위치·방향,3,3,3,4
test,test_1167.jpg,33,9,7.0,18,28,1.5,문자·간판 읽기,4,3,18,3
test,test_1168.jpg,31,7,5.0,5,20,1.0,가격·금액,5,5,5,5
test,test_1169.jpg,26,6,5.0,5,20,1.0,가격·금액,5,5,5,5
test,test_1170.jpg,32,9,3.5,4,14,1.0,색상,4,4,3,3
test,test_1171.jpg,62,17,6.75,11,27,2.0,인물·대상,11,7,4,5
test,test_1172.jpg,60,11,12.25,15,49,4.25,문자·간판 읽기,13,12,9,15
test,test_1173.jpg,41,10,3.75,5,15,1.0,가격·금액,3,3,4,5
test,test_1174.jpg,37,10,6.0,6,24,1.0,가격·금액,6,6,6,6
test,test_1175.jpg,40,9,12.25,14,49,3.0,기타,10,12,14,13
test,test_1176.jpg,23,5,6.0,6,24,1.0,기타,6,6,6,6
test,test_1177.jpg,26,6,3.25,4,13,1.0,메뉴·상품,4,3,3,3
test,test_1178.jpg,36,9,7.75,9,31,1.0,문자·간판 읽기,9,8,7,7
test,test_1179.jpg,36,7,5.5,6,22,2.0,날짜·시간,6,5,5,6
test,test_1180.jpg,17,4,4.5,9,18,1.25,문자·간판 읽기,2,9,3,4
test,test_1181.jpg,25,6,5.0,5,20,1.0,날짜·시간,5,5,5,5
test,test_1182.jpg,40,9,6.5,9,26,2.0,기타,6,6,9,5
test,test_1183.jpg,35,8,7.75,8,31,2.0,색상,7,8,8,8
test,test_1184.jpg,27,7,8.25,9,33,1.0,색상,8,9,8,8
test,test_1185.jpg,19,4,5.25,11,21,1.0,가격·금액,11,3,2,5
test,test_1186.jpg,41,10,9.75,12,39,2.75,가격·금액,10,7,12,10
test,test_1187.jpg,45,10,11.75,17,47,2.75,기타,17,10,12,8
test,test_1188.jpg,42,10,14.75,18,59,3.5,인물·대상,16,12,13,18
test,test_1189.jpg,43,9,12.0,12,48,1.0,전화번호,12,12,12,12
test,test_1190.jpg,31,8,4.75,6,19,1.0,메뉴·상품,4,4,6,5
test,test_1191.jpg,22,4,10.25,12,41,1.0,전화번호,12,8,9,12
test,test_1192.jpg,48,12,2.75,3,11,1.0,가격·금액,2,3,3,3
test,test_1193.jpg,27,7,3.75,5,15,1.0,기타,3,5,3,4
test,test_1194.jpg,25,7,8.25,12,33,2.5,문자·간판 읽기,6,12,8,7
test,test_1195.jpg,31,7,4.0,10,16,1.5,기타,10,2,2,2
test,test_1196.jpg,69,17,26.5,36,106,7.25,문자·간판 읽기,36,18,24,28
test,test_1197.jpg,59,11,29.0,29,116,6.0,날짜·시간,29,29,29,29
test,test_1198.jpg,30,8,4.25,5,17,1.25,문자·간판 읽기,4,5,3,5
test,test_1199.jpg,25,7,4.5,5,18,1.0,메뉴·상품,4,5,4,5
test,test_1200.jpg,30,8,7.5,11,30,2.75,문자·간판 읽기,11,6,8,5
test,test_1201.jpg,30,8,5.0,7,20,1.75,위치·방향,3,7,5,5
test,test_1202.jpg,24,6,13.25,20,53,3.0,문자·간판 읽기,13,11,9,20
test,test_1203.jpg,26,6,6.5,8,26,1.0,문자·간판 읽기,6,8,6,6
test,test_1204.jpg,25,7,5.0,6,20,1.5,문자·간판 읽기,4,6,6,4
test,test_1205.jpg,29,6,10.0,10,40,1.0,전화번호,10,10,10,10
test,test_1206.jpg,49,12,12.0,15,48,2.75,문자·간판 읽기,12,9,12,15
test,test_1207.jpg,15,4,3.75,6,15,1.0,메뉴·상품,3,3,3,6
test,test_1208.jpg,60,16,5.75,6,23,2.0,문자·간판 읽기,6,6,5,6
test,test_1209.jpg,23,6,9.75,11,39,1.75,문자·간판 읽기,9,9,10,11
test,test_1210.jpg,37,10,5.25,6,21,2.0,색상,6,5,5,5
test,test_1211.jpg,32,8,4.75,5,19,1.0,문자·간판 읽기,5,5,5,4
test,test_1212.jpg,28,7,8.25,10,33,2.25,메뉴·상품,10,10,6,7
test,test_1213.jpg,16,4,6.5,9,26,2.25,문자·간판 읽기,5,9,6,6
test,test_1214.jpg,31,6,17.5,20,70,1.0,기타,20,20,15,15
test,test_1215.jpg,27,6,16.0,21,64,3.75,기타,18,9,21,16
test,test_1216.jpg,29,7,1.5,2,6,1.0,기타,1,2,1,2
test,test_1217.jpg,30,7,9.0,12,36,2.75,기타,8,5,12,11
test,test_1218.jpg,60,15,28.25,29,113,5.0,날짜·시간,27,29,28,29
test,test_1219.jpg,31,7,13.5,17,54,4.25,기타,13,11,17,13
test,test_1220.jpg,20,5,6.25,7,25,2.0,문자·간판 읽기,6,7,6,6
test,test_1221.jpg,52,12,2.0,2,8,1.0,메뉴·상품,2,2,2,2
test,test_1222.jpg,27,6,6.0,6,24,1.0,가격·금액,6,6,6,6
test,test_1223.jpg,29,7,12.0,16,48,3.25,가격·금액,14,14,4,16
test,test_1224.jpg,31,7,5.5,7,22,2.25,날짜·시간,5,5,5,7
test,test_1225.jpg,40,10,2.25,3,9,1.0,위치·방향,2,3,2,2
test,test_1226.jpg,40,10,7.0,8,28,2.0,위치·방향,8,8,7,5
test,test_1227.jpg,31,9,2.0,2,8,1.0,수량·계수,2,2,2,2
test,test_1228.jpg,25,6,7.0,7,28,1.0,가격·금액,7,7,7,7
test,test_1229.jpg,52,12,10.75,15,43,2.25,문자·간판 읽기,11,6,15,11
test,test_1230.jpg,45,11,2.75,4,11,1.0,기타,2,4,3,2
test,test_1231.jpg,15,4,3.75,5,15,1.0,기타,5,3,3,4
test,test_1232.jpg,53,12,5.5,10,22,1.25,가격·금액,6,10,4,2
test,test_1233.jpg,32,9,6.0,8,24,2.25,문자·간판 읽기,5,6,8,5
test,test_1234.jpg,33,10,4.5,7,18,1.5,인물·대상,5,3,7,3
test,test_1235.jpg,21,6,7.5,9,30,2.0,문자·간판 읽기,9,6,6,9
test,test_1236.jpg,37,10,7.75,10,31,2.5,메뉴·상품,6,10,8,7
test,test_1237.jpg,36,9,5.0,5,20,1.0,기타,5,5,5,5
test,test_1238.jpg,27,6,5.0,5,20,1.0,문자·간판 읽기,5,5,5,5
test,test_1239.jpg,45,10,6.0,9,24,1.0,문자·간판 읽기,9,6,4,5
test,test_1240.jpg,43,8,2.0,2,8,1.0,수량·계수,2,2,2,2
test,test_1241.jpg,32,9,3.5,4,14,1.0,메뉴·상품,4,3,4,3
test,test_1242.jpg,32,8,4.75,5,19,1.0,문자·간판 읽기,5,5,4,5
test,test_1243.jpg,34,8,4.5,6,18,1.0,기타,4,4,4,6
test,test_1244.jpg,28,8,4.5,6,18,1.0,메뉴·상품,4,4,6,4
test,test_1245.jpg,30,9,3.5,4,14,1.0,기타,3,4,3,4
test,test_1246.jpg,30,8,4.75,6,19,1.0,문자·간판 읽기,4,4,5,6
test,test_1247.jpg,49,15,7.75,12,31,1.75,색상,12,6,5,8
test,test_1248.jpg,25,7,3.25,4,13,1.0,문자·간판 읽기,3,4,2,4
test,test_1249.jpg,25,7,3.0,3,12,1.0,기타,3,3,3,3
test,test_1250.jpg,24,7,6.0,6,24,1.0,가격·금액,6,6,6,6
test,test_1251.jpg,39,10,8.5,11,34,2.75,기타,9,11,8,6
test,test_1252.jpg,39,8,6.0,6,24,1.0,가격·금액,6,6,6,6
test,test_1253.jpg,37,9,22.75,24,91,4.75,기타,23,24,22,22
test,test_1254.jpg,24,6,6.5,8,26,2.0,문자·간판 읽기,6,8,6,6
test,test_1255.jpg,20,6,3.5,5,14,1.0,문자·간판 읽기,5,4,2,3
test,test_1256.jpg,25,7,6.5,8,26,1.5,문자·간판 읽기,5,8,5,8
test,test_1257.jpg,23,6,7.25,11,29,2.5,문자·간판 읽기,11,6,6,6
test,test_1258.jpg,23,6,15.75,17,63,4.0,문자·간판 읽기,15,17,16,15
test,test_1259.jpg,38,9,19.25,23,77,4.75,기타,17,17,23,20
test,test_1260.jpg,50,15,5.75,7,23,2.0,기타,6,5,5,7
test,test_1261.jpg,28,7,6.75,10,27,1.0,색상,6,6,10,5
test,test_1262.jpg,32,8,6.5,7,26,2.0,가격·금액,7,7,5,7
test,test_1263.jpg,43,9,12.75,13,51,3.0,가격·금액,13,13,12,13
test,test_1264.jpg,36,9,4.75,7,19,1.5,기타,3,6,7,3
test,test_1265.jpg,29,8,8.75,14,35,1.75,문자·간판 읽기,14,5,8,8
test,test_1266.jpg,24,6,12.0,12,48,4.0,전화번호,12,12,12,12
test,test_1267.jpg,20,5,20.5,25,82,6.25,문자·간판 읽기,16,25,21,20
test,test_1268.jpg,32,8,3.0,3,12,1.0,기타,3,3,3,3
test,test_1269.jpg,39,10,3.0,3,12,1.0,문자·간판 읽기,3,3,3,3
test,test_1270.jpg,16,4,7.5,13,30,1.25,문자·간판 읽기,13,7,3,7
test,test_1271.jpg,27,7,7.25,12,29,1.75,문자·간판 읽기,8,12,4,5
test,test_1272.jpg,18,4,5.75,7,23,1.0,가격·금액,6,7,6,4
test,test_1273.jpg,27,8,2.0,2,8,1.0,수량·계수,2,2,2,2
test,test_1274.jpg,29,6,10.0,10,40,1.0,날짜·시간,10,10,10,10
test,test_1275.jpg,55,11,7.0,7,28,1.0,가격·금액,7,7,7,7
test,test_1276.jpg,27,7,4.25,5,17,1.0,문자·간판 읽기,4,4,5,4
test,test_1277.jpg,27,8,10.0,12,40,3.5,문자·간판 읽기,9,9,12,10
test,test_1278.jpg,32,8,8.75,11,35,2.0,메뉴·상품,8,9,7,11
test,test_1279.jpg,48,12,12.5,13,50,1.0,문자·간판 읽기,13,11,13,13
test,test_1280.jpg,26,7,6.75,8,27,2.0,문자·간판 읽기,8,7,6,6
test,test_1281.jpg,25,7,12.25,19,49,2.0,문자·간판 읽기,11,19,11,8
test,test_1282.jpg,37,11,3.75,4,15,1.0,위치·방향,4,4,3,4
test,test_1283.jpg,23,5,4.25,5,17,1.0,기타,4,5,4,4
test,test_1284.jpg,61,15,9.0,11,36,3.0,위치·방향,9,8,11,8
test,test_1285.jpg,16,4,4.25,5,17,1.0,문자·간판 읽기,5,3,4,5
test,test_1286.jpg,21,5,4.5,5,18,1.0,기타,5,3,5,5
test,test_1287.jpg,25,7,8.0,9,32,2.25,문자·간판 읽기,7,9,8,8
test,test_1288.jpg,27,6,6.0,6,24,1.0,가격·금액,6,6,6,6
test,test_1289.jpg,23,6,5.5,9,22,1.25,문자·간판 읽기,4,5,4,9
test,test_1290.jpg,36,8,2.25,3,9,1.0,위치·방향,2,3,2,2
test,test_1291.jpg,62,16,4.0,4,16,1.0,기타,4,4,4,4
test,test_1292.jpg,23,5,16.25,20,65,2.75,기타,8,18,19,20
test,test_1293.jpg,33,8,6.25,10,25,2.0,기타,5,7,3,10
test,test_1294.jpg,29,7,8.0,11,32,2.25,문자·간판 읽기,6,11,8,7
test,test_1295.jpg,28,7,7.25,13,29,1.25,문자·간판 읽기,13,5,5,6
test,test_1296.jpg,41,10,10.5,18,42,3.5,문자·간판 읽기,7,10,7,18
test,test_1297.jpg,34,8,9.5,14,38,2.0,위치·방향,13,4,14,7
test,test_1298.jpg,37,9,9.0,12,36,2.75,기타,6,12,8,10
test,test_1299.jpg,34,9,7.0,12,28,2.25,날짜·시간,9,4,12,3
test,test_1300.jpg,46,12,14.5,17,58,4.0,문자·간판 읽기,14,14,13,17
test,test_1301.jpg,26,7,5.5,6,22,1.25,문자·간판 읽기,6,6,6,4
test,test_1302.jpg,23,6,3.0,4,12,1.0,위치·방향,2,3,4,3
test,test_1303.jpg,35,7,17.5,18,70,4.25,문자·간판 읽기,18,18,16,18
test,test_1304.jpg,46,12,7.25,9,29,2.75,위치·방향,9,7,6,7
test,test_1305.jpg,34,9,3.0,4,12,1.0,색상,2,2,4,4
test,test_1306.jpg,45,10,15.75,17,63,4.0,메뉴·상품,17,12,17,17
test,test_1307.jpg,26,8,3.5,5,14,1.0,문자·간판 읽기,5,3,3,3
test,test_1308.jpg,49,11,8.75,13,35,1.25,위치·방향,6,13,8,8
test,test_1309.jpg,33,8,5.0,5,20,1.0,가격·금액,5,5,5,5
test,test_1310.jpg,23,6,10.0,10,40,2.0,문자·간판 읽기,10,10,10,10
test,test_1311.jpg,30,7,2.0,3,8,1.0,메뉴·상품,1,2,3,2
test,test_1312.jpg,32,8,8.0,11,32,2.25,문자·간판 읽기,7,11,8,6
test,test_1313.jpg,45,9,3.0,3,12,1.0,가격·금액,3,3,3,3
test,test_1314.jpg,27,7,11.75,15,47,2.25,문자·간판 읽기,15,9,14,9
test,test_1315.jpg,32,8,4.75,11,19,1.5,색상,3,3,11,2
test,test_1316.jpg,36,10,9.75,11,39,2.25,문자·간판 읽기,10,10,11,8
test,test_1317.jpg,31,9,8.25,16,33,2.5,메뉴·상품,10,3,16,4
test,test_1318.jpg,67,16,6.25,7,25,2.0,날짜·시간,6,6,6,7
test,test_1319.jpg,45,10,6.25,7,25,1.0,가격·금액,6,6,6,7
test,test_1320.jpg,30,7,3.25,4,13,1.0,기타,3,3,3,4
test,test_1321.jpg,40,10,3.75,5,15,1.5,날짜·시간,3,5,4,3
test,test_1322.jpg,22,6,4.25,5,17,1.0,문자·간판 읽기,4,5,4,4
test,test_1323.jpg,28,7,6.75,9,27,1.5,위치·방향,8,9,5,5
test,test_1324.jpg,21,5,18.0,33,72,2.5,문자·간판 읽기,15,12,12,33
test,test_1325.jpg,38,10,5.75,6,23,1.0,색상,6,6,5,6
test,test_1326.jpg,39,11,7.0,9,28,1.25,문자·간판 읽기,7,8,4,9
test,test_1327.jpg,29,7,5.0,5,20,2.0,가격·금액,5,5,5,5
test,test_1328.jpg,33,7,4.5,6,18,1.0,가격·금액,4,4,4,6
test,test_1329.jpg,45,10,5.25,7,21,1.5,위치·방향,6,7,4,4
test,test_1330.jpg,34,8,7.5,12,30,1.0,전화번호,12,3,3,12
test,test_1331.jpg,41,10,6.75,7,27,1.0,가격·금액,7,7,6,7
test,test_1332.jpg,27,5,15.25,16,61,3.0,문자·간판 읽기,15,15,16,15
test,test_1333.jpg,34,6,6.0,6,24,1.0,가격·금액,6,6,6,6
test,test_1334.jpg,45,8,10.0,10,40,1.0,전화번호,10,10,10,10
test,test_1335.jpg,29,8,9.75,12,39,3.0,위치·방향,7,12,10,10
test,test_1336.jpg,25,7,5.0,6,20,1.0,문자·간판 읽기,6,4,6,4
test,test_1337.jpg,21,5,10.0,14,40,3.0,색상,14,3,12,11
test,test_1338.jpg,15,4,9.25,12,37,2.75,기타,12,9,9,7
test,test_1339.jpg,23,5,15.0,18,60,4.5,기타,13,16,18,13
test,test_1340.jpg,40,8,11.0,11,44,3.0,가격·금액,11,11,11,11
test,test_1341.jpg,28,8,3.5,4,14,1.0,메뉴·상품,3,4,4,3
test,test_1342.jpg,22,6,7.25,9,29,2.0,문자·간판 읽기,7,9,7,6
test,test_1343.jpg,44,13,23.0,39,92,7.5,위치·방향,17,39,17,19
test,test_1344.jpg,36,8,3.75,6,15,1.25,위치·방향,6,4,3,2
test,test_1345.jpg,23,6,3.0,4,12,1.0,문자·간판 읽기,3,2,3,4
test,test_1346.jpg,27,7,12.5,18,50,2.25,문자·간판 읽기,12,16,4,18
test,test_1347.jpg,28,6,8.25,15,33,1.5,기타,15,7,5,6
test,test_1348.jpg,29,8,2.5,3,10,1.0,메뉴·상품,2,3,2,3
test,test_1349.jpg,31,8,26.25,27,105,8.25,문자·간판 읽기,26,25,27,27
test,test_1350.jpg,27,7,7.5,9,30,1.25,문자·간판 읽기,7,6,8,9
test,test_1351.jpg,31,6,6.0,6,24,1.0,가격·금액,6,6,6,6
test,test_1352.jpg,32,7,6.25,11,25,1.5,메뉴·상품,3,4,7,11
test,test_1353.jpg,35,9,6.25,8,25,1.75,기타,7,6,8,4
test,test_1354.jpg,18,5,5.0,6,20,1.0,메뉴·상품,4,4,6,6
test,test_1355.jpg,29,8,9.0,13,36,1.75,문자·간판 읽기,13,6,9,8
test,test_1356.jpg,34,6,7.0,9,28,2.5,기타,6,5,9,8
test,test_1357.jpg,20,5,11.25,12,45,3.0,날짜·시간,11,11,11,12
test,test_1358.jpg,30,7,17.5,21,70,4.25,기타,17,16,16,21
test,test_1359.jpg,26,6,6.0,8,24,1.0,메뉴·상품,8,5,5,6
test,test_1360.jpg,33,9,15.0,21,60,3.5,문자·간판 읽기,21,13,14,12
test,test_1361.jpg,25,7,6.75,8,27,2.0,문자·간판 읽기,6,8,6,7
test,test_1362.jpg,20,5,11.0,11,44,2.0,메뉴·상품,11,11,11,11
test,test_1363.jpg,43,10,3.0,3,12,1.0,가격·금액,3,3,3,3
test,test_1364.jpg,44,10,13.0,13,52,3.0,날짜·시간,13,13,13,13
test,test_1365.jpg,42,13,22.5,25,90,5.5,메뉴·상품,25,20,25,20
test,test_1366.jpg,21,6,11.75,13,47,2.0,위치·방향,11,11,13,12
test,test_1367.jpg,25,6,8.0,11,32,2.75,색상,8,5,8,11
test,test_1368.jpg,56,14,18.25,23,73,5.5,날짜·시간,16,23,18,16
test,test_1369.jpg,32,6,11.75,13,47,1.0,전화번호,11,13,11,12
test,test_1370.jpg,53,13,8.0,9,32,2.0,문자·간판 읽기,8,7,8,9
test,test_1371.jpg,36,10,7.0,7,28,1.0,가격·금액,7,7,7,7
test,test_1372.jpg,23,6,7.5,9,30,1.75,문자·간판 읽기,9,7,7,7
test,test_1373.jpg,49,11,11.75,13,47,3.75,문자·간판 읽기,11,13,10,13
test,test_1374.jpg,19,4,11.0,14,44,3.5,메뉴·상품,14,9,12,9
test,test_1375.jpg,38,11,3.0,3,12,1.0,수량·계수,3,3,3,3
test,test_1376.jpg,34,9,15.75,25,63,3.75,문자·간판 읽기,11,17,25,10
test,test_1377.jpg,24,6,4.0,4,16,1.0,메뉴·상품,4,4,4,4
test,test_1378.jpg,39,11,9.75,13,39,2.0,문자·간판 읽기,12,2,12,13
test,test_1379.jpg,40,10,3.75,4,15,1.0,전화번호,3,4,4,4
test,test_1380.jpg,24,5,6.0,8,24,1.75,위치·방향,8,7,6,3
test,test_1381.jpg,22,5,5.0,5,20,1.0,가격·금액,5,5,5,5
test,test_1382.jpg,18,5,5.0,10,20,1.75,메뉴·상품,5,3,10,2
test,test_1383.jpg,36,7,8.0,8,32,1.0,전화번호,8,8,8,8
test,test_1384.jpg,38,8,12.0,12,48,3.0,위치·방향,12,12,12,12
test,test_1385.jpg,32,9,10.25,11,41,3.0,위치·방향,11,11,8,11
test,test_1386.jpg,49,10,10.0,13,40,1.0,전화번호,13,11,8,8
test,test_1387.jpg,38,9,3.75,5,15,1.0,메뉴·상품,4,3,5,3
test,test_1388.jpg,37,8,4.0,4,16,1.0,가격·금액,4,4,4,4
test,test_1389.jpg,34,8,6.0,6,24,1.0,가격·금액,6,6,6,6
test,test_1390.jpg,16,4,19.0,20,76,3.0,문자·간판 읽기,20,19,20,17
test,test_1391.jpg,25,6,10.5,11,42,2.0,기타,11,10,10,11
test,test_1392.jpg,34,10,6.0,6,24,2.0,위치·방향,6,6,6,6
test,test_1393.jpg,49,11,13.0,18,52,3.0,기타,12,10,12,18
test,test_1394.jpg,37,10,2.75,5,11,1.25,위치·방향,2,5,2,2
test,test_1395.jpg,30,7,12.5,13,50,1.0,전화번호,13,11,13,13
test,test_1396.jpg,29,7,12.0,12,48,1.0,전화번호,12,12,12,12
test,test_1397.jpg,20,5,11.5,12,46,2.0,문자·간판 읽기,12,12,11,11
test,test_1398.jpg,38,11,11.75,13,47,1.75,문자·간판 읽기,12,13,9,13
test,test_1399.jpg,36,7,23.0,28,92,3.75,메뉴·상품,28,21,22,21
test,test_1400.jpg,59,8,3.0,3,12,1.0,가격·금액,3,3,3,3
test,test_1401.jpg,25,6,7.75,10,31,2.0,기타,4,7,10,10
test,test_1402.jpg,44,10,5.75,6,23,2.0,기타,6,6,6,5
test,test_1403.jpg,37,10,4.25,5,17,1.0,위치·방향,5,4,3,5
test,test_1404.jpg,43,12,6.0,8,24,2.25,기타,8,5,6,5
test,test_1405.jpg,17,4,4.75,5,19,1.0,문자·간판 읽기,5,5,4,5
test,test_1406.jpg,20,5,19.25,20,77,3.0,메뉴·상품,19,19,20,19
test,test_1407.jpg,28,7,3.0,6,12,1.0,메뉴·상품,2,2,6,2
test,test_1408.jpg,34,9,2.0,2,8,1.0,위치·방향,2,2,2,2
test,test_1409.jpg,16,4,7.5,15,30,1.5,문자·간판 읽기,6,4,15,5
test,test_1410.jpg,32,7,10.0,10,40,1.0,전화번호,10,10,10,10
test,test_1411.jpg,18,4,8.0,8,32,1.0,전화번호,8,8,8,8
test,test_1412.jpg,33,9,8.75,13,35,1.25,문자·간판 읽기,7,8,7,13
test,test_1413.jpg,27,7,4.75,5,19,1.25,위치·방향,5,5,5,4
test,test_1414.jpg,24,6,14.0,15,56,2.0,문자·간판 읽기,14,13,14,15
test,test_1415.jpg,33,7,3.75,6,15,1.0,문자·간판 읽기,2,4,6,3
test,test_1416.jpg,58,16,5.25,7,21,1.75,메뉴·상품,5,3,7,6
test,test_1417.jpg,16,4,4.0,4,16,1.0,문자·간판 읽기,4,4,4,4
test,test_1418.jpg,27,7,9.75,11,39,2.0,문자·간판 읽기,10,8,11,10
test,test_1419.jpg,20,5,4.75,8,19,1.0,문자·간판 읽기,2,8,4,5
test,test_1420.jpg,37,10,8.5,12,34,1.25,위치·방향,12,4,9,9
test,test_1421.jpg,20,5,6.75,9,27,2.25,문자·간판 읽기,5,8,9,5
test,test_1422.jpg,34,8,10.0,10,40,2.0,가격·금액,10,10,10,10
test,test_1423.jpg,29,9,10.75,13,43,3.5,기타,6,12,13,12
test,test_1424.jpg,25,6,6.5,9,26,1.0,색상,3,9,9,5
test,test_1425.jpg,36,9,14.0,15,56,4.5,기타,15,15,14,12
test,test_1426.jpg,26,7,15.75,24,63,3.5,문자·간판 읽기,13,10,24,16
test,test_1427.jpg,17,4,6.0,7,24,2.0,문자·간판 읽기,6,5,6,7
test,test_1428.jpg,40,10,7.0,7,28,2.0,가격·금액,7,7,7,7
test,test_1429.jpg,26,7,8.75,18,35,2.25,문자·간판 읽기,11,2,4,18
test,test_1430.jpg,31,9,10.0,15,40,3.25,문자·간판 읽기,9,7,15,9
test,test_1431.jpg,56,14,20.75,30,83,5.75,기타,19,19,15,30
test,test_1432.jpg,26,6,5.0,8,20,1.0,기타,8,3,4,5
test,test_1433.jpg,17,4,12.5,16,50,3.0,기타,16,10,10,14
test,test_1434.jpg,42,11,7.5,9,30,1.0,문자·간판 읽기,9,5,9,7
test,test_1435.jpg,28,7,5.5,7,22,1.0,문자·간판 읽기,7,7,5,3
test,test_1436.jpg,39,11,1.0,1,4,1.0,기타,1,1,1,1
test,test_1437.jpg,25,6,2.0,2,8,1.0,문자·간판 읽기,2,2,2,2
test,test_1438.jpg,45,10,7.25,10,29,2.25,메뉴·상품,10,6,6,7
test,test_1439.jpg,32,7,12.5,13,50,1.0,전화번호,12,12,13,13
test,test_1440.jpg,40,9,21.25,22,85,4.0,가격·금액,21,21,22,21
test,test_1441.jpg,33,9,9.25,10,37,3.0,문자·간판 읽기,9,9,10,9
test,test_1442.jpg,23,6,6.0,6,24,1.0,가격·금액,6,6,6,6
test,test_1443.jpg,17,4,7.5,8,30,2.0,문자·간판 읽기,7,7,8,8
test,test_1444.jpg,26,7,4.0,4,16,1.0,문자·간판 읽기,4,4,4,4
test,test_1445.jpg,23,6,5.25,7,21,1.0,기타,5,7,5,4
test,test_1446.jpg,33,8,7.5,13,30,1.0,문자·간판 읽기,6,13,4,7
test,test_1447.jpg,27,7,3.5,6,14,1.0,메뉴·상품,2,2,6,4
test,test_1448.jpg,20,5,3.0,4,12,1.0,문자·간판 읽기,3,2,3,4
test,test_1449.jpg,29,8,7.0,10,28,2.0,메뉴·상품,7,6,10,5
test,test_1450.jpg,47,12,5.5,7,22,1.75,메뉴·상품,6,6,7,3
test,test_1451.jpg,35,9,18.25,19,73,6.0,문자·간판 읽기,17,18,19,19
test,test_1452.jpg,18,4,5.0,5,20,1.0,기타,5,5,5,5
test,test_1453.jpg,48,13,3.5,4,14,1.0,색상,3,4,4,3
test,test_1454.jpg,26,7,7.25,10,29,1.5,문자·간판 읽기,7,5,7,10
test,test_1455.jpg,25,7,11.25,13,45,2.0,문자·간판 읽기,11,10,13,11
test,test_1456.jpg,46,12,2.25,3,9,1.0,색상,2,2,3,2
test,test_1457.jpg,61,15,7.0,8,28,2.0,문자·간판 읽기,7,8,7,6
test,test_1458.jpg,28,7,5.75,7,23,1.25,위치·방향,7,3,6,7
test,test_1459.jpg,26,7,4.0,4,16,1.0,메뉴·상품,4,4,4,4
test,test_1460.jpg,34,8,7.25,8,29,2.0,가격·금액,7,8,8,6
test,test_1461.jpg,26,6,7.0,10,28,2.0,색상,7,10,6,5
test,test_1462.jpg,20,4,10.0,10,40,2.0,기타,10,10,10,10
test,test_1463.jpg,36,7,19.0,19,76,5.0,날짜·시간,19,19,19,19
test,test_1464.jpg,28,7,9.75,10,39,3.0,기타,10,9,10,10
test,test_1465.jpg,24,6,8.0,8,32,2.0,문자·간판 읽기,8,8,8,8
test,test_1466.jpg,18,4,13.0,19,52,3.5,문자·간판 읽기,12,8,19,13
test,test_1467.jpg,44,8,4.0,4,16,1.0,가격·금액,4,4,4,4
test,test_1468.jpg,31,7,7.75,8,31,2.0,가격·금액,8,7,8,8
test,test_1469.jpg,36,10,16.0,19,64,3.75,기타,15,17,19,13
test,test_1470.jpg,17,4,5.0,6,20,1.0,문자·간판 읽기,4,5,6,5
test,test_1471.jpg,26,7,18.0,26,72,5.0,문자·간판 읽기,13,26,17,16
test,test_1472.jpg,41,11,4.0,5,16,1.0,기타,5,3,5,3
test,test_1473.jpg,38,9,2.75,3,11,1.0,메뉴·상품,2,3,3,3
test,test_1474.jpg,16,4,8.5,9,34,2.0,메뉴·상품,9,8,8,9
test,test_1475.jpg,24,5,14.5,17,58,4.0,기타,17,12,14,15
test,test_1476.jpg,40,10,3.25,7,13,1.0,날짜·시간,2,2,7,2
test,test_1477.jpg,24,6,14.75,20,59,4.0,문자·간판 읽기,11,20,13,15
test,test_1478.jpg,24,6,14.75,20,59,3.0,위치·방향,11,11,17,20
test,test_1479.jpg,30,9,3.0,4,12,1.0,기타,3,2,4,3
test,test_1480.jpg,36,9,6.0,10,24,2.0,가격·금액,10,5,6,3
test,test_1481.jpg,25,6,3.5,4,14,1.0,메뉴·상품,3,3,4,4
test,test_1482.jpg,42,11,9.75,13,39,2.25,문자·간판 읽기,7,9,13,10
test,test_1483.jpg,31,7,2.0,2,8,1.0,수량·계수,2,2,2,2
test,test_1484.jpg,29,8,11.0,19,44,3.25,색상,7,9,19,9
test,test_1485.jpg,23,6,4.25,5,17,1.0,위치·방향,3,4,5,5
test,test_1486.jpg,31,7,6.0,6,24,1.0,가격·금액,6,6,6,6
test,test_1487.jpg,45,10,24.25,29,97,7.25,기타,24,29,18,26
test,test_1488.jpg,24,6,10.0,13,40,1.0,전화번호,9,9,9,13
test,test_1489.jpg,33,8,15.0,16,60,3.0,날짜·시간,16,15,14,15
test,test_1490.jpg,35,8,6.0,8,24,2.0,기타,6,5,5,8
test,test_1491.jpg,54,12,3.5,5,14,1.25,인물·대상,3,2,4,5
test,test_1492.jpg,27,7,5.75,6,23,2.0,날짜·시간,6,5,6,6
test,test_1493.jpg,26,7,7.0,8,28,2.25,문자·간판 읽기,6,6,8,8
test,test_1494.jpg,29,7,24.25,25,97,3.0,인물·대상,24,24,25,24
test,test_1495.jpg,35,6,7.0,7,28,1.0,기타,7,7,7,7
test,test_1496.jpg,39,11,5.5,7,22,1.25,문자·간판 읽기,4,5,6,7
test,test_1497.jpg,28,8,3.5,6,14,1.0,위치·방향,2,2,4,6
test,test_1498.jpg,22,6,3.0,3,12,1.0,기타,3,3,3,3
test,test_1499.jpg,40,9,10.5,21,42,3.5,기타,21,6,7,8
test,test_1500.jpg,28,8,20.75,22,83,5.0,문자·간판 읽기,19,22,21,21
test,test_1501.jpg,43,10,5.0,5,20,1.0,가격·금액,5,5,5,5
test,test_1502.jpg,28,7,5.75,8,23,1.0,메뉴·상품,5,5,5,8
test,test_1503.jpg,40,8,3.0,3,12,1.0,색상,3,3,3,3
test,test_1504.jpg,41,12,2.0,2,8,1.0,수량·계수,2,2,2,2
test,test_1505.jpg,24,6,12.75,15,51,2.5,문자·간판 읽기,10,15,11,15
test,test_1506.jpg,35,9,7.25,8,29,2.0,기타,8,6,7,8
test,test_1507.jpg,44,11,5.0,5,20,1.0,가격·금액,5,5,5,5
test,test_1508.jpg,31,9,7.5,10,30,1.25,색상,3,9,8,10
test,test_1509.jpg,19,5,2.0,2,8,1.0,문자·간판 읽기,2,2,2,2
test,test_1510.jpg,26,6,4.5,8,18,1.25,메뉴·상품,3,3,4,8
test,test_1511.jpg,24,6,6.0,6,24,1.0,문자·간판 읽기,6,6,6,6
test,test_1512.jpg,41,8,18.25,21,73,4.25,기타,18,17,21,17
test,test_1513.jpg,35,8,5.25,6,21,1.75,문자·간판 읽기,6,6,4,5
test,test_1514.jpg,25,7,4.5,6,18,1.0,문자·간판 읽기,4,5,6,3
test,test_1515.jpg,66,17,13.25,14,53,4.0,색상,13,13,13,14
test,test_1516.jpg,37,8,6.0,6,24,1.0,가격·금액,6,6,6,6
test,test_1517.jpg,36,11,3.25,5,13,1.0,문자·간판 읽기,3,3,5,2
test,test_1518.jpg,25,4,6.5,7,26,1.0,가격·금액,7,6,7,6
test,test_1519.jpg,55,14,11.0,11,44,1.0,날짜·시간,11,11,11,11
test,test_1520.jpg,15,4,10.25,13,41,3.0,기타,9,7,12,13
test,test_1521.jpg,31,8,14.5,16,58,4.0,인물·대상,14,14,14,16
test,test_1522.jpg,31,7,11.25,17,45,3.75,기타,17,10,9,9
test,test_1523.jpg,23,6,5.25,6,21,1.0,문자·간판 읽기,5,5,6,5
test,test_1524.jpg,17,4,6.0,6,24,2.0,문자·간판 읽기,6,6,6,6
test,test_1525.jpg,41,8,12.75,15,51,2.75,문자·간판 읽기,13,15,14,9
test,test_1526.jpg,36,9,16.75,17,67,4.0,메뉴·상품,17,17,17,16
test,test_1527.jpg,30,7,3.5,4,14,1.0,문자·간판 읽기,3,3,4,4
test,test_1528.jpg,26,7,5.75,6,23,1.0,메뉴·상품,6,6,6,5
test,test_1529.jpg,24,5,4.5,6,18,1.0,메뉴·상품,6,4,4,4
test,test_1530.jpg,37,10,27.0,34,108,6.5,문자·간판 읽기,29,24,21,34
test,test_1531.jpg,25,7,14.0,23,56,2.5,기타,11,11,23,11
test,test_1532.jpg,24,5,10.75,18,43,1.0,전화번호,10,8,18,7
test,test_1533.jpg,17,4,10.5,18,42,2.5,문자·간판 읽기,18,11,7,6
test,test_1534.jpg,27,7,3.25,4,13,1.0,가격·금액,4,3,3,3
test,test_1535.jpg,16,4,19.0,23,76,2.75,문자·간판 읽기,23,18,12,23
test,test_1536.jpg,28,7,8.75,13,35,1.25,문자·간판 읽기,9,5,13,8
test,test_1537.jpg,37,10,4.5,7,18,1.0,위치·방향,7,5,4,2
test,test_1538.jpg,29,8,2.25,3,9,1.0,기타,3,2,2,2
test,test_1539.jpg,34,7,2.25,3,9,1.0,기타,2,2,2,3
test,test_1540.jpg,25,6,6.5,8,26,1.75,가격·금액,8,8,4,6
test,test_1541.jpg,25,6,7.5,8,30,2.0,색상,8,6,8,8
test,test_1542.jpg,52,13,4.5,6,18,1.0,기타,3,6,3,6
test,test_1543.jpg,48,13,3.5,5,14,1.0,문자·간판 읽기,2,5,4,3
test,test_1544.jpg,16,4,2.5,4,10,1.0,문자·간판 읽기,2,2,2,4
test,test_1545.jpg,23,5,9.0,10,36,3.0,메뉴·상품,10,10,7,9
test,test_1546.jpg,30,7,38.25,45,153,9.5,기타,45,32,38,38
test,test_1547.jpg,31,7,7.0,7,28,1.0,가격·금액,7,7,7,7
test,test_1548.jpg,38,11,12.75,13,51,3.0,문자·간판 읽기,13,13,12,13
test,test_1549.jpg,26,6,13.5,26,54,2.0,위치·방향,5,13,26,10
test,test_1550.jpg,38,8,6.25,8,25,1.0,가격·금액,8,5,6,6
test,test_1551.jpg,39,11,11.5,21,46,3.25,문자·간판 읽기,21,9,10,6
test,test_1552.jpg,102,27,2.25,3,9,1.0,인물·대상,1,3,2,3
test,test_1553.jpg,38,8,20.5,25,82,5.0,문자·간판 읽기,22,25,14,21
test,test_1554.jpg,28,7,4.5,5,18,1.0,기타,4,5,4,5
test,test_1555.jpg,23,6,2.25,3,9,1.0,전화번호,2,3,2,2
test,test_1556.jpg,24,6,23.5,25,94,6.0,문자·간판 읽기,25,22,24,23
test,test_1557.jpg,16,4,6.75,8,27,2.0,문자·간판 읽기,8,6,7,6
test,test_1558.jpg,43,11,5.25,9,21,1.0,문자·간판 읽기,9,3,6,3
test,test_1559.jpg,30,8,12.75,19,51,3.0,문자·간판 읽기,9,8,19,15
test,test_1560.jpg,23,6,8.25,9,33,3.0,문자·간판 읽기,8,9,8,8
test,test_1561.jpg,34,10,3.25,4,13,1.0,문자·간판 읽기,4,3,3,3
test,test_1562.jpg,47,8,29.25,33,117,1.0,기타,27,33,33,24
test,test_1563.jpg,26,7,7.0,8,28,2.0,문자·간판 읽기,6,7,8,7
test,test_1564.jpg,21,6,4.75,6,19,1.0,문자·간판 읽기,3,6,6,4
test,test_1565.jpg,32,8,4.5,7,18,1.25,위치·방향,7,5,4,2
test,test_1566.jpg,25,7,5.75,6,23,2.0,문자·간판 읽기,5,6,6,6
test,test_1567.jpg,31,8,6.5,7,26,1.0,위치·방향,7,7,6,6
test,test_1568.jpg,27,5,9.5,11,38,1.25,기타,8,8,11,11
test,test_1569.jpg,42,10,4.25,5,17,1.0,위치·방향,5,4,4,4
test,test_1570.jpg,23,6,7.25,8,29,2.0,가격·금액,7,6,8,8
test,test_1571.jpg,32,7,2.25,3,9,1.0,위치·방향,2,2,2,3
test,test_1572.jpg,30,6,6.0,6,24,3.0,기타,6,6,6,6
test,test_1573.jpg,27,7,4.5,8,18,1.0,문자·간판 읽기,8,4,2,4
test,test_1574.jpg,31,8,7.0,7,28,2.0,문자·간판 읽기,7,7,7,7
test,test_1575.jpg,29,7,11.25,14,45,1.75,메뉴·상품,10,10,11,14
test,test_1576.jpg,30,8,4.5,6,18,1.0,문자·간판 읽기,4,4,4,6
test,test_1577.jpg,30,8,3.0,3,12,1.0,문자·간판 읽기,3,3,3,3
test,test_1578.jpg,26,7,7.0,8,28,1.5,문자·간판 읽기,8,6,7,7
test,test_1579.jpg,43,9,7.75,9,31,2.75,기타,6,7,9,9
test,test_1580.jpg,24,6,9.75,11,39,2.0,기타,9,11,9,10
test,test_1581.jpg,31,7,8.25,11,33,2.25,기타,5,7,10,11
test,test_1582.jpg,30,9,10.75,13,43,2.75,기타,9,13,10,11
test,test_1583.jpg,40,10,5.5,7,22,1.5,기타,4,5,6,7
test,test_1584.jpg,17,4,7.0,13,28,1.5,문자·간판 읽기,13,4,7,4
test,test_1585.jpg,41,10,5.0,5,20,1.0,위치·방향,5,5,5,5
test,test_1586.jpg,29,7,7.5,8,30,2.0,기타,7,8,8,7
test,test_1587.jpg,33,8,4.0,4,16,1.0,문자·간판 읽기,4,4,4,4
test,test_1588.jpg,30,8,3.0,4,12,1.0,날짜·시간,4,3,3,2
test,test_1589.jpg,29,7,13.5,18,54,3.0,기타,8,18,15,13
test,test_1590.jpg,44,9,17.5,18,70,1.0,위치·방향,18,17,17,18
test,test_1591.jpg,19,6,3.5,5,14,1.25,문자·간판 읽기,3,3,3,5
test,test_1592.jpg,27,8,11.25,12,45,3.25,문자·간판 읽기,11,11,11,12
test,test_1593.jpg,31,8,9.25,12,37,4.0,메뉴·상품,12,8,8,9
test,test_1594.jpg,23,6,7.0,7,28,2.0,문자·간판 읽기,7,7,7,7
test,test_1595.jpg,35,7,8.0,8,32,1.0,전화번호,8,8,8,8
test,test_1596.jpg,35,9,3.75,4,15,1.0,가격·금액,4,4,4,3
test,test_1597.jpg,20,5,17.0,21,68,2.5,문자·간판 읽기,21,15,19,13
test,test_1598.jpg,20,5,3.0,3,12,1.0,가격·금액,3,3,3,3
test,test_1599.jpg,32,8,3.75,4,15,1.0,가격·금액,4,3,4,4
test,test_1600.jpg,56,11,6.25,7,25,2.0,가격·금액,6,6,6,7
test,test_1601.jpg,16,4,6.25,7,25,1.0,문자·간판 읽기,6,7,6,6
test,test_1602.jpg,47,10,5.75,7,23,1.5,위치·방향,5,5,7,6
test,test_1603.jpg,23,4,14.75,18,59,3.0,날짜·시간,18,12,17,12
test,test_1604.jpg,43,10,34.0,44,136,9.0,메뉴·상품,29,39,44,24
test,test_1605.jpg,22,6,5.5,8,22,1.75,문자·간판 읽기,8,5,4,5
test,test_1606.jpg,40,7,16.5,25,66,4.5,기타,13,25,14,14
test,test_1607.jpg,48,12,6.0,6,24,1.75,문자·간판 읽기,6,6,6,6
test,test_1608.jpg,16,4,8.0,8,32,2.0,기타,8,8,8,8
test,test_1609.jpg,37,8,3.0,3,12,1.0,가격·금액,3,3,3,3
test,test_1610.jpg,46,12,6.25,7,25,1.75,메뉴·상품,5,6,7,7
test,test_1611.jpg,48,13,7.75,8,31,2.0,메뉴·상품,8,8,7,8
test,test_1612.jpg,28,6,4.75,5,19,2.0,가격·금액,5,4,5,5
test,test_1613.jpg,31,8,9.5,17,38,3.0,문자·간판 읽기,17,8,7,6
test,test_1614.jpg,25,6,7.0,7,28,1.0,가격·금액,7,7,7,7
test,test_1615.jpg,26,7,6.25,9,25,2.0,문자·간판 읽기,9,6,3,7
test,test_1616.jpg,33,9,4.0,4,16,1.0,가격·금액,4,4,4,4
test,test_1617.jpg,37,9,6.5,7,26,1.0,가격·금액,6,6,7,7
test,test_1618.jpg,23,6,3.25,4,13,1.0,문자·간판 읽기,3,4,3,3
test,test_1619.jpg,23,5,12.25,13,49,1.0,전화번호,12,12,12,13
test,test_1620.jpg,26,7,6.0,7,24,1.0,기타,6,4,7,7
test,test_1621.jpg,27,7,4.0,4,16,1.0,가격·금액,4,4,4,4
test,test_1622.jpg,23,6,3.0,3,12,1.0,문자·간판 읽기,3,3,3,3
test,test_1623.jpg,29,7,11.25,12,45,3.75,색상,11,12,10,12
test,test_1624.jpg,21,5,6.5,7,26,1.0,메뉴·상품,5,7,7,7
test,test_1625.jpg,33,9,5.0,8,20,1.5,메뉴·상품,5,4,3,8
test,test_1626.jpg,25,7,3.5,4,14,1.0,메뉴·상품,3,4,3,4
test,test_1627.jpg,21,6,3.25,4,13,1.0,문자·간판 읽기,3,3,3,4
test,test_1628.jpg,22,6,4.5,6,18,1.0,문자·간판 읽기,6,4,4,4
test,test_1629.jpg,28,6,24.5,29,98,6.5,기타,26,24,29,19
test,test_1630.jpg,26,6,12.75,16,51,4.0,위치·방향,12,12,11,16
test,test_1631.jpg,36,10,5.5,6,22,2.0,기타,6,5,5,6
test,test_1632.jpg,22,6,5.0,6,20,1.25,문자·간판 읽기,6,6,5,3
test,test_1633.jpg,38,10,9.0,9,36,1.0,전화번호,9,9,9,9
test,test_1634.jpg,35,9,15.5,19,62,4.0,날짜·시간,13,19,16,14
test,test_1635.jpg,40,8,9.25,10,37,1.0,기타,10,9,10,8
test,test_1636.jpg,23,6,6.0,7,24,2.0,문자·간판 읽기,5,7,6,6
test,test_1637.jpg,47,12,15.25,23,61,4.0,기타,13,12,13,23
test,test_1638.jpg,26,7,12.25,13,49,3.0,문자·간판 읽기,12,12,12,13
test,test_1639.jpg,29,8,18.0,19,72,4.5,문자·간판 읽기,17,19,19,17
test,test_1640.jpg,40,9,5.25,6,21,1.0,기타,5,5,6,5
test,test_1641.jpg,17,4,3.75,4,15,1.0,문자·간판 읽기,3,4,4,4
test,test_1642.jpg,19,5,2.0,2,8,1.0,문자·간판 읽기,2,2,2,2
test,test_1643.jpg,65,17,4.0,6,16,1.5,문자·간판 읽기,5,2,3,6
test,test_1644.jpg,23,5,7.5,9,30,2.25,기타,6,6,9,9
test,test_1645.jpg,39,10,5.25,13,21,2.0,문자·간판 읽기,3,2,13,3
test,test_1646.jpg,36,9,3.25,4,13,1.0,색상,3,3,3,4
test,test_1647.jpg,28,8,13.25,15,53,2.0,문자·간판 읽기,15,11,13,14
test,test_1648.jpg,42,11,4.25,8,17,1.25,메뉴·상품,3,8,3,3
test,test_1649.jpg,26,7,8.0,9,32,2.0,위치·방향,8,8,7,9
test,test_1650.jpg,30,7,21.0,30,84,4.75,문자·간판 읽기,18,19,30,17
test,test_1651.jpg,27,7,13.0,15,52,3.25,색상,15,9,14,14
test,test_1652.jpg,19,5,6.0,11,24,1.25,문자·간판 읽기,6,4,11,3
test,test_1653.jpg,28,7,4.0,4,16,1.0,문자·간판 읽기,4,4,4,4
test,test_1654.jpg,31,7,16.5,19,66,4.25,문자·간판 읽기,19,16,19,12
test,test_1655.jpg,34,9,11.0,11,44,3.75,문자·간판 읽기,11,11,11,11
test,test_1656.jpg,33,8,13.0,18,52,4.0,위치·방향,18,9,17,8
test,test_1657.jpg,20,5,8.25,10,33,2.5,위치·방향,10,6,8,9
test,test_1658.jpg,16,4,5.0,8,20,1.5,메뉴·상품,8,6,3,3
test,test_1659.jpg,39,11,7.0,10,28,2.0,기타,5,5,8,10
test,test_1660.jpg,35,9,21.25,24,85,3.25,문자·간판 읽기,23,24,16,22
test,test_1661.jpg,52,13,13.5,22,54,3.75,기타,10,12,10,22
test,test_1662.jpg,43,12,3.0,3,12,1.0,문자·간판 읽기,3,3,3,3
test,test_1663.jpg,40,7,14.0,17,56,1.0,기타,12,15,17,12
test,test_1664.jpg,32,8,15.0,15,60,3.0,기타,15,15,15,15
test,test_1665.jpg,30,8,8.5,9,34,1.0,문자·간판 읽기,9,9,7,9
test,test_1666.jpg,20,5,9.5,12,38,2.25,문자·간판 읽기,12,8,6,12
test,test_1667.jpg,27,7,10.0,13,40,2.75,기타,13,7,7,13
test,test_1668.jpg,31,9,12.5,13,50,3.0,문자·간판 읽기,12,12,13,13
test,test_1669.jpg,25,7,4.25,5,17,1.0,메뉴·상품,4,3,5,5
test,test_1670.jpg,39,10,8.75,12,35,3.0,기타,12,8,8,7
test,test_1671.jpg,43,12,10.5,11,42,3.0,기타,11,10,11,10
test,test_1672.jpg,29,6,3.0,4,12,1.0,메뉴·상품,3,4,3,2
test,test_1673.jpg,20,5,13.5,24,54,3.0,위치·방향,12,10,8,24
test,test_1674.jpg,26,7,14.0,16,56,3.0,문자·간판 읽기,13,15,12,16
test,test_1675.jpg,26,7,9.75,10,39,2.0,문자·간판 읽기,10,10,10,9
test,test_1676.jpg,43,10,8.5,11,34,2.5,날짜·시간,11,11,6,6
test,test_1677.jpg,22,6,8.0,9,32,1.0,문자·간판 읽기,9,9,7,7
test,test_1678.jpg,29,5,3.0,3,12,1.0,메뉴·상품,3,3,3,3
test,test_1679.jpg,29,8,8.75,9,35,3.0,문자·간판 읽기,9,9,8,9
test,test_1680.jpg,32,8,19.25,25,77,3.25,위치·방향,25,15,18,19
test,test_1681.jpg,40,9,22.5,23,90,5.0,날짜·시간,23,23,23,21
test,test_1682.jpg,38,7,6.0,6,24,1.0,가격·금액,6,6,6,6
test,test_1683.jpg,25,7,25.75,30,103,6.0,색상,30,19,30,24
test,test_1684.jpg,44,9,15.5,16,62,4.0,날짜·시간,15,16,16,15
test,test_1685.jpg,44,9,15.0,15,60,4.0,가격·금액,15,15,15,15
test,test_1686.jpg,23,6,11.0,13,44,2.0,문자·간판 읽기,10,11,10,13
test,test_1687.jpg,38,10,6.5,7,26,1.75,기타,6,7,7,6
test,test_1688.jpg,24,5,7.0,7,28,1.0,가격·금액,7,7,7,7
test,test_1689.jpg,53,13,8.0,13,32,2.5,메뉴·상품,5,10,4,13
test,test_1690.jpg,77,19,10.5,14,42,1.0,위치·방향,14,10,8,10
test,test_1691.jpg,33,9,2.25,3,9,1.0,메뉴·상품,2,3,2,2
test,test_1692.jpg,36,7,8.75,10,35,2.75,문자·간판 읽기,10,9,9,7
test,test_1693.jpg,16,4,7.5,13,30,2.0,문자·간판 읽기,6,6,5,13
test,test_1694.jpg,27,8,11.0,14,44,1.5,기타,14,10,6,14
test,test_1695.jpg,44,9,4.5,9,18,1.0,인물·대상,3,3,9,3
test,test_1696.jpg,56,13,11.75,21,47,3.5,기타,8,8,21,10
test,test_1697.jpg,26,7,9.0,12,36,2.0,위치·방향,10,12,5,9
test,test_1698.jpg,23,6,13.0,13,52,3.0,날짜·시간,13,13,13,13
test,test_1699.jpg,20,5,5.25,9,21,1.5,문자·간판 읽기,9,4,4,4
test,test_1700.jpg,41,9,5.0,6,20,1.0,문자·간판 읽기,6,4,4,6
test,test_1701.jpg,53,12,9.0,13,36,1.0,전화번호,7,11,5,13
test,test_1702.jpg,35,10,7.25,9,29,2.25,메뉴·상품,8,7,9,5
test,test_1703.jpg,32,9,11.5,19,46,2.25,기타,14,19,3,10
test,test_1704.jpg,47,10,10.0,11,40,2.5,문자·간판 읽기,9,11,9,11
test,test_1705.jpg,23,6,16.75,29,67,4.75,문자·간판 읽기,15,12,29,11
test,test_1706.jpg,23,6,22.75,32,91,4.25,메뉴·상품,17,32,21,21
test,test_1707.jpg,17,4,11.5,15,46,2.0,문자·간판 읽기,9,9,15,13
test,test_1708.jpg,27,5,9.25,10,37,1.0,전화번호,10,9,10,8
test,test_1709.jpg,47,11,7.5,12,30,2.25,메뉴·상품,6,6,12,6
test,test_1710.jpg,29,6,11.5,13,46,1.0,전화번호,13,13,8,12
test,test_1711.jpg,43,10,3.0,3,12,1.0,색상,3,3,3,3
test,test_1712.jpg,37,10,8.75,10,35,1.5,문자·간판 읽기,9,8,10,8
test,test_1713.jpg,22,6,6.0,7,24,1.5,문자·간판 읽기,6,7,6,5
test,test_1714.jpg,29,8,2.75,3,11,1.0,문자·간판 읽기,3,2,3,3
test,test_1715.jpg,30,9,9.5,15,38,2.75,기타,12,6,15,5
test,test_1716.jpg,38,7,6.0,7,24,1.25,메뉴·상품,6,6,5,7
test,test_1717.jpg,42,8,17.0,17,68,3.0,날짜·시간,17,17,17,17
test,test_1718.jpg,16,4,9.0,9,36,1.0,메뉴·상품,9,9,9,9
test,test_1719.jpg,27,7,25.25,27,101,4.0,문자·간판 읽기,25,26,23,27
test,test_1720.jpg,17,4,6.75,8,27,1.75,문자·간판 읽기,7,7,5,8
test,test_1721.jpg,17,4,12.25,13,49,4.0,기타,12,12,13,12
test,test_1722.jpg,27,6,29.0,32,116,1.0,기타,26,30,28,32
test,test_1723.jpg,34,9,12.25,16,49,3.75,문자·간판 읽기,10,13,16,10
test,test_1724.jpg,19,4,14.5,15,58,3.75,위치·방향,15,15,15,13
test,test_1725.jpg,31,8,3.75,4,15,1.0,가격·금액,4,4,3,4
test,test_1726.jpg,28,7,3.0,4,12,1.0,메뉴·상품,3,2,3,4
test,test_1727.jpg,28,7,10.0,13,40,2.25,메뉴·상품,11,7,13,9
test,test_1728.jpg,43,12,9.75,11,39,3.25,가격·금액,9,10,9,11
test,test_1729.jpg,16,4,4.5,5,18,1.0,문자·간판 읽기,4,5,5,4
test,test_1730.jpg,27,7,6.75,9,27,1.0,기타,9,7,4,7
test,test_1731.jpg,33,8,11.0,12,44,1.0,전화번호,12,8,12,12
test,test_1732.jpg,29,8,4.0,4,16,1.0,가격·금액,4,4,4,4
test,test_1733.jpg,28,8,7.25,8,29,2.0,문자·간판 읽기,7,8,7,7
test,test_1734.jpg,20,5,9.25,10,37,3.0,문자·간판 읽기,10,10,8,9
test,test_1735.jpg,35,5,12.0,13,48,3.0,날짜·시간,12,11,13,12
test,test_1736.jpg,33,9,11.0,12,44,2.75,문자·간판 읽기,11,9,12,12
test,test_1737.jpg,38,10,14.25,15,57,3.0,기타,14,15,14,14
test,test_1738.jpg,27,6,3.0,3,12,1.0,색상,3,3,3,3
test,test_1739.jpg,27,7,5.5,7,22,1.5,문자·간판 읽기,4,7,4,7
test,test_1740.jpg,15,4,7.25,10,29,2.25,문자·간판 읽기,7,10,6,6
test,test_1741.jpg,27,7,9.5,12,38,2.75,메뉴·상품,12,7,9,10
test,test_1742.jpg,24,7,3.75,5,15,1.25,문자·간판 읽기,3,5,4,3
test,test_1743.jpg,23,6,2.75,5,11,1.25,문자·간판 읽기,2,2,5,2
test,test_1744.jpg,32,8,4.75,6,19,1.0,메뉴·상품,4,4,5,6
test,test_1745.jpg,40,9,6.25,10,25,1.75,기타,8,10,3,4
test,test_1746.jpg,23,6,11.25,15,45,3.5,기타,10,11,9,15
test,test_1747.jpg,25,7,14.25,17,57,3.25,문자·간판 읽기,13,16,17,11
test,test_1748.jpg,23,6,9.75,10,39,1.0,문자·간판 읽기,9,10,10,10
test,test_1749.jpg,29,8,12.25,18,49,3.25,날짜·시간,16,6,9,18
test,test_1750.jpg,26,7,25.5,26,102,4.0,메뉴·상품,24,26,26,26
test,test_1751.jpg,61,14,11.75,16,47,3.25,기타,9,9,13,16
test,test_1752.jpg,38,9,5.0,8,20,1.5,위치·방향,8,3,7,2
test,test_1753.jpg,43,10,14.75,18,59,3.0,메뉴·상품,18,10,16,15
test,test_1754.jpg,52,12,2.0,2,8,1.0,수량·계수,2,2,2,2
test,test_1755.jpg,30,8,6.5,8,26,1.75,문자·간판 읽기,7,8,4,7
test,test_1756.jpg,35,8,4.75,5,19,1.0,전화번호,4,5,5,5
test,test_1757.jpg,31,7,3.5,7,14,1.25,위치·방향,7,2,2,3
test,test_1758.jpg,15,4,21.5,24,86,6.25,기타,22,19,21,24
test,test_1759.jpg,43,11,16.25,22,65,4.5,기타,22,15,15,13
test,test_1760.jpg,32,8,2.75,4,11,1.0,기타,3,2,2,4
test,test_1761.jpg,29,6,33.75,36,135,5.0,기타,33,34,32,36
test,test_1762.jpg,40,9,12.25,13,49,1.0,전화번호,12,12,12,13
test,test_1763.jpg,41,12,5.25,7,21,1.25,색상,4,5,7,5
test,test_1764.jpg,37,8,19.0,28,76,5.0,기타,16,14,28,18
test,test_1765.jpg,32,9,8.0,9,32,1.0,문자·간판 읽기,8,9,7,8
test,test_1766.jpg,23,6,13.75,26,55,2.5,문자·간판 읽기,26,9,11,9
test,test_1767.jpg,31,7,2.75,4,11,1.0,기타,3,2,2,4
test,test_1768.jpg,19,5,4.25,7,17,1.25,메뉴·상품,4,3,7,3
test,test_1769.jpg,21,6,6.5,7,26,1.0,가격·금액,7,6,7,6
test,test_1770.jpg,29,7,13.25,14,53,3.75,문자·간판 읽기,12,14,13,14
test,test_1771.jpg,38,7,23.25,27,93,5.25,문자·간판 읽기,19,27,20,27
test,test_1772.jpg,34,6,13.75,19,55,4.75,기타,19,8,19,9
test,test_1773.jpg,24,5,18.25,19,73,3.75,날짜·시간,19,16,19,19
test,test_1774.jpg,30,8,7.75,11,31,2.0,문자·간판 읽기,8,11,7,5
test,test_1775.jpg,27,7,7.0,11,28,1.75,문자·간판 읽기,5,4,11,8
test,test_1776.jpg,37,9,7.75,11,31,2.25,문자·간판 읽기,7,7,6,11
test,test_1777.jpg,34,9,2.25,3,9,1.0,문자·간판 읽기,2,2,2,3
test,test_1778.jpg,21,5,12.5,13,50,2.0,문자·간판 읽기,13,12,12,13
test,test_1779.jpg,32,6,8.75,9,35,3.0,기타,9,9,9,8
test,test_1780.jpg,51,13,8.75,11,35,2.5,위치·방향,7,7,11,10
test,test_1781.jpg,27,7,7.0,7,28,2.0,기타,7,7,7,7
test,test_1782.jpg,29,7,19.0,31,76,5.5,인물·대상,15,14,31,16
test,test_1783.jpg,15,4,4.0,4,16,1.0,문자·간판 읽기,4,4,4,4
test,test_1784.jpg,15,4,3.0,3,12,1.0,문자·간판 읽기,3,3,3,3
test,test_1785.jpg,27,6,6.0,8,24,1.5,기타,4,4,8,8
test,test_1786.jpg,16,4,4.5,6,18,1.0,문자·간판 읽기,4,4,4,6
test,test_1787.jpg,23,6,6.0,7,24,1.0,문자·간판 읽기,5,5,7,7
test,test_1788.jpg,34,9,3.5,5,14,1.0,위치·방향,3,5,3,3
test,test_1789.jpg,55,13,4.0,4,16,1.0,기타,4,4,4,4
test,test_1790.jpg,15,4,5.0,7,20,1.0,문자·간판 읽기,4,7,4,5
test,test_1791.jpg,38,8,20.25,21,81,5.0,날짜·시간,21,20,20,20
test,test_1792.jpg,29,8,7.75,12,31,1.75,문자·간판 읽기,5,12,8,6
test,test_1793.jpg,32,7,6.75,11,27,1.25,기타,6,11,4,6
test,test_1794.jpg,24,6,12.75,14,51,2.0,전화번호,12,13,12,14
test,test_1795.jpg,27,7,10.0,11,40,2.25,기타,10,10,11,9
test,test_1796.jpg,32,8,10.75,12,43,2.75,문자·간판 읽기,12,12,11,8
test,test_1797.jpg,33,6,8.0,10,32,2.0,가격·금액,8,7,10,7
test,test_1798.jpg,25,6,3.75,5,15,1.25,기타,5,2,3,5
test,test_1799.jpg,53,12,5.0,5,20,1.0,날짜·시간,5,5,5,5
test,test_1800.jpg,20,5,11.25,15,45,2.0,기타,7,15,11,12
test,test_1801.jpg,39,11,6.75,7,27,2.0,문자·간판 읽기,7,7,7,6
test,test_1802.jpg,24,4,3.0,3,12,1.0,기타,3,3,3,3
test,test_1803.jpg,45,12,7.25,9,29,1.0,날짜·시간,6,6,8,9
test,test_1804.jpg,26,7,4.0,4,16,1.0,날짜·시간,4,4,4,4
test,test_1805.jpg,24,6,10.75,14,43,3.25,위치·방향,9,11,14,9
test,test_1806.jpg,22,4,5.0,6,20,1.0,가격·금액,6,6,2,6
test,test_1807.jpg,33,11,12.25,13,49,3.0,색상,12,12,13,12
test,test_1808.jpg,38,10,11.25,12,45,4.0,색상,11,12,11,11
test,test_1809.jpg,32,8,8.5,9,34,2.0,문자·간판 읽기,9,9,8,8
test,test_1810.jpg,40,10,3.0,4,12,1.0,메뉴·상품,3,3,4,2
test,test_1811.jpg,35,9,3.0,3,12,1.0,기타,3,3,3,3
test,test_1812.jpg,44,11,3.0,3,12,1.0,색상,3,3,3,3
test,test_1813.jpg,27,7,8.75,9,35,2.0,문자·간판 읽기,8,9,9,9
test,test_1814.jpg,23,6,5.0,8,20,1.25,위치·방향,4,4,8,4
test,test_1815.jpg,48,11,39.5,46,158,4.5,문자·간판 읽기,38,39,35,46
test,test_1816.jpg,42,11,6.75,8,27,2.0,문자·간판 읽기,6,7,8,6
test,test_1817.jpg,19,4,6.0,6,24,1.0,가격·금액,6,6,6,6
test,test_1818.jpg,43,10,24.25,37,97,6.75,위치·방향,17,24,37,19
test,test_1819.jpg,31,8,21.5,22,86,5.25,기타,20,22,22,22
test,test_1820.jpg,27,8,3.5,5,14,1.0,위치·방향,3,3,5,3
test,test_1821.jpg,20,6,7.25,10,29,2.0,문자·간판 읽기,8,10,4,7
test,test_1822.jpg,30,7,8.5,13,34,2.5,문자·간판 읽기,13,8,7,6
test,test_1823.jpg,27,7,7.25,8,29,4.0,문자·간판 읽기,8,7,7,7
test,test_1824.jpg,31,9,13.25,15,53,3.5,기타,15,14,13,11
test,test_1825.jpg,29,7,10.5,13,42,1.75,메뉴·상품,10,10,9,13
test,test_1826.jpg,30,7,5.5,6,22,1.0,가격·금액,6,6,4,6
test,test_1827.jpg,43,10,8.75,12,35,2.0,문자·간판 읽기,6,6,11,12
test,test_1828.jpg,44,10,12.25,13,49,3.0,문자·간판 읽기,12,12,13,12
test,test_1829.jpg,40,9,15.0,16,60,4.0,가격·금액,15,14,16,15
test,test_1830.jpg,35,9,2.25,3,9,1.0,기타,2,2,3,2
test,test_1831.jpg,56,13,5.25,6,21,2.0,색상,5,5,6,5
test,test_1832.jpg,32,7,3.0,3,12,1.0,기타,3,3,3,3
test,test_1833.jpg,30,9,13.5,17,54,2.25,문자·간판 읽기,11,12,17,14
test,test_1834.jpg,50,12,9.0,9,36,3.0,인물·대상,9,9,9,9
test,test_1835.jpg,29,8,19.5,20,78,4.0,날짜·시간,20,18,20,20
test,test_1836.jpg,31,8,7.75,12,31,1.25,문자·간판 읽기,7,7,5,12
test,test_1837.jpg,43,10,2.5,4,10,1.0,위치·방향,2,2,4,2
test,test_1838.jpg,48,11,7.75,9,31,2.5,인물·대상,9,8,7,7
test,test_1839.jpg,23,6,11.75,12,47,1.75,문자·간판 읽기,12,12,11,12
test,test_1840.jpg,27,7,7.5,9,30,1.0,문자·간판 읽기,9,7,7,7
test,test_1841.jpg,35,8,3.75,5,15,1.0,메뉴·상품,3,3,5,4
test,test_1842.jpg,34,6,4.0,6,16,1.5,기타,6,2,3,5
test,test_1843.jpg,40,6,12.75,13,51,3.0,날짜·시간,13,12,13,13
test,test_1844.jpg,31,7,16.25,23,65,5.0,문자·간판 읽기,13,23,19,10
test,test_1845.jpg,33,8,10.25,14,41,3.25,기타,14,9,9,9
test,test_1846.jpg,49,11,22.75,26,91,3.0,위치·방향,23,26,24,18
test,test_1847.jpg,29,8,18.0,21,72,3.25,색상,15,19,17,21
test,test_1848.jpg,23,6,23.5,29,94,5.75,기타,23,29,22,20
test,test_1849.jpg,22,4,23.0,23,92,6.0,날짜·시간,23,23,23,23
test,test_1850.jpg,37,9,8.75,10,35,2.75,기타,9,10,6,10
test,test_1851.jpg,29,7,2.25,3,9,1.0,기타,2,2,2,3
test,test_1852.jpg,25,7,4.0,4,16,1.0,문자·간판 읽기,4,4,4,4
test,test_1853.jpg,19,5,2.25,3,9,1.0,문자·간판 읽기,2,2,2,3
test,test_1854.jpg,23,5,11.0,14,44,1.0,전화번호,14,13,8,9
test,test_1855.jpg,23,6,17.0,21,68,4.75,문자·간판 읽기,15,17,15,21
test,test_1856.jpg,30,8,9.5,12,38,1.75,문자·간판 읽기,12,6,8,12
test,test_1857.jpg,31,8,5.0,5,20,1.0,날짜·시간,5,5,5,5
test,test_1858.jpg,41,9,6.25,8,25,1.0,기타,5,8,6,6
test,test_1859.jpg,27,5,3.0,3,12,1.0,날짜·시간,3,3,3,3
test,test_1860.jpg,27,6,14.0,18,56,4.0,위치·방향,13,18,14,11
test,test_1861.jpg,41,9,11.5,13,46,2.5,전화번호,12,13,13,8
test,test_1862.jpg,30,7,11.25,14,45,2.5,위치·방향,11,10,14,10
test,test_1863.jpg,41,13,20.75,23,83,5.5,기타,19,22,19,23
test,test_1864.jpg,23,6,17.0,19,68,4.0,기타,16,17,19,16
test,test_1865.jpg,16,4,3.5,4,14,1.0,문자·간판 읽기,4,3,4,3
test,test_1866.jpg,22,4,7.0,7,28,1.0,가격·금액,7,7,7,7
test,test_1867.jpg,54,10,8.5,12,34,3.0,기타,6,8,12,8
test,test_1868.jpg,29,7,7.5,13,30,1.25,메뉴·상품,13,6,6,5
test,test_1869.jpg,37,8,5.0,5,20,1.0,가격·금액,5,5,5,5
test,test_1870.jpg,33,8,22.5,27,90,4.25,가격·금액,21,22,27,20
test,test_1871.jpg,31,8,3.5,5,14,1.25,메뉴·상품,5,4,2,3
test,test_1872.jpg,31,8,3.25,4,13,1.0,메뉴·상품,3,3,3,4
test,test_1873.jpg,26,7,2.25,3,9,1.0,문자·간판 읽기,2,2,3,2
test,test_1874.jpg,26,6,22.75,26,91,3.25,문자·간판 읽기,25,18,22,26
test,test_1875.jpg,43,12,12.5,14,50,1.0,전화번호,9,13,14,14
test,test_1876.jpg,30,7,6.0,6,24,1.0,가격·금액,6,6,6,6
test,test_1877.jpg,42,11,20.5,24,82,2.75,기타,13,23,22,24
test,test_1878.jpg,28,7,7.5,14,30,1.25,위치·방향,6,5,5,14
test,test_1879.jpg,26,6,3.5,4,14,1.0,기타,4,3,4,3
test,test_1880.jpg,25,7,4.0,7,16,1.0,메뉴·상품,3,4,7,2
test,test_1881.jpg,27,7,8.5,14,34,2.5,색상,14,8,5,7
test,test_1882.jpg,25,7,6.25,9,25,1.75,문자·간판 읽기,5,6,9,5
test,test_1883.jpg,33,9,5.0,6,20,2.0,기타,6,5,4,5
test,test_1884.jpg,29,6,8.0,8,32,1.0,전화번호,8,8,8,8
test,test_1885.jpg,45,11,2.25,3,9,1.0,위치·방향,2,2,2,3
test,test_1886.jpg,17,4,3.25,4,13,1.0,가격·금액,4,3,3,3
test,test_1887.jpg,26,7,8.0,8,32,2.0,가격·금액,8,8,8,8
test,test_1888.jpg,19,5,5.0,5,20,1.0,기타,5,5,5,5
test,test_1889.jpg,44,11,3.0,3,12,1.0,문자·간판 읽기,3,3,3,3
test,test_1890.jpg,16,4,4.75,7,19,1.5,메뉴·상품,7,4,3,5
test,test_1891.jpg,32,8,19.5,22,78,3.25,문자·간판 읽기,20,22,14,22
test,test_1892.jpg,26,7,16.0,16,64,4.0,문자·간판 읽기,16,16,16,16
test,test_1893.jpg,30,7,3.0,4,12,1.0,메뉴·상품,2,3,3,4
test,test_1894.jpg,54,15,14.5,17,58,3.5,문자·간판 읽기,11,17,16,14
test,test_1895.jpg,17,4,17.75,19,71,3.25,문자·간판 읽기,19,19,17,16
test,test_1896.jpg,36,10,6.0,7,24,2.0,문자·간판 읽기,6,6,7,5
test,test_1897.jpg,26,7,11.75,14,47,2.25,문자·간판 읽기,14,11,11,11
test,test_1898.jpg,61,12,4.0,4,16,1.0,가격·금액,4,4,4,4
test,test_1899.jpg,36,9,14.75,21,59,4.75,기타,12,12,14,21
test,test_1900.jpg,21,5,7.5,10,30,2.0,메뉴·상품,6,9,10,5
test,test_1901.jpg,23,6,4.0,4,16,2.0,전화번호,4,4,4,4
test,test_1902.jpg,30,7,3.5,5,14,1.0,기타,5,4,2,3
test,test_1903.jpg,27,7,6.0,6,24,2.0,기타,6,6,6,6
test,test_1904.jpg,44,12,4.0,4,16,1.0,수량·계수,4,4,4,4
test,test_1905.jpg,22,6,18.25,21,73,2.5,문자·간판 읽기,17,21,16,19
test,test_1906.jpg,23,5,2.0,3,8,1.0,메뉴·상품,1,2,2,3
test,test_1907.jpg,34,9,16.0,21,64,2.0,기타,14,21,15,14
test,test_1908.jpg,29,6,25.0,30,100,6.5,기타,20,27,30,23
test,test_1909.jpg,29,8,5.5,7,22,1.0,문자·간판 읽기,5,7,5,5
test,test_1910.jpg,31,8,4.5,6,18,2.0,메뉴·상품,6,4,4,4
test,test_1911.jpg,27,7,4.25,6,17,1.0,전화번호,6,3,4,4
test,test_1912.jpg,47,10,4.75,6,19,1.0,기타,6,5,4,4
test,test_1913.jpg,47,8,3.0,3,12,1.0,가격·금액,3,3,3,3
test,test_1914.jpg,51,11,28.5,37,114,6.25,위치·방향,22,33,22,37
test,test_1915.jpg,41,10,12.75,13,51,1.0,전화번호,12,13,13,13
test,test_1916.jpg,41,10,8.5,9,34,3.0,위치·방향,8,9,9,8
test,test_1917.jpg,28,7,7.25,8,29,2.0,문자·간판 읽기,6,7,8,8
test,test_1918.jpg,20,4,5.5,6,22,1.0,위치·방향,5,5,6,6
test,test_1919.jpg,36,9,8.5,9,34,3.0,기타,8,9,8,9
test,test_1920.jpg,21,5,4.5,5,18,1.0,기타,4,5,5,4
test,test_1921.jpg,31,8,2.75,5,11,1.25,수량·계수,2,5,2,2
test,test_1922.jpg,20,5,6.25,8,25,1.0,문자·간판 읽기,5,8,6,6
test,test_1923.jpg,32,8,6.25,7,25,1.0,가격·금액,7,6,6,6
test,test_1924.jpg,43,9,6.25,7,25,2.0,날짜·시간,6,6,6,7
test,test_1925.jpg,36,9,3.5,4,14,1.0,가격·금액,3,4,4,3
test,test_1926.jpg,29,8,10.25,18,41,2.0,문자·간판 읽기,9,18,5,9
test,test_1927.jpg,50,11,31.25,40,125,5.5,문자·간판 읽기,33,25,27,40
test,test_1928.jpg,28,7,6.0,6,24,2.0,문자·간판 읽기,6,6,6,6
test,test_1929.jpg,27,7,3.0,3,12,1.0,문자·간판 읽기,3,3,3,3
test,test_1930.jpg,70,16,16.75,18,67,5.75,메뉴·상품,14,17,18,18
test,test_1931.jpg,38,10,7.0,12,28,2.0,기타,12,7,6,3
test,test_1932.jpg,40,10,16.25,22,65,4.0,메뉴·상품,22,19,12,12
test,test_1933.jpg,16,4,2.75,4,11,1.0,메뉴·상품,2,4,3,2
test,test_1934.jpg,27,7,3.5,4,14,1.0,메뉴·상품,3,4,4,3
test,test_1935.jpg,36,10,2.5,4,10,1.0,색상,2,2,2,4
test,test_1936.jpg,60,11,7.25,8,29,1.0,가격·금액,7,7,7,8
test,test_1937.jpg,27,8,5.0,6,20,2.0,기타,4,6,5,5
test,test_1938.jpg,37,10,26.25,27,105,7.0,문자·간판 읽기,27,26,26,26
test,test_1939.jpg,29,8,46.0,60,184,9.0,색상,33,46,45,60
test,test_1940.jpg,31,8,12.0,14,48,3.5,기타,10,13,11,14
test,test_1941.jpg,43,10,2.75,5,11,1.0,위치·방향,5,2,2,2
test,test_1942.jpg,28,7,7.0,7,28,2.0,위치·방향,7,7,7,7
test,test_1943.jpg,22,6,3.0,3,12,2.0,문자·간판 읽기,3,3,3,3
test,test_1944.jpg,43,9,3.75,5,15,1.25,인물·대상,4,5,3,3
test,test_1945.jpg,39,9,7.0,7,28,1.0,가격·금액,7,7,7,7
test,test_1946.jpg,39,10,7.0,7,28,1.0,가격·금액,7,7,7,7
test,test_1947.jpg,23,5,12.75,26,51,2.25,색상,5,7,26,13
test,test_1948.jpg,16,4,10.75,11,43,2.75,메뉴·상품,11,10,11,11
test,test_1949.jpg,36,11,15.75,18,63,3.75,문자·간판 읽기,13,18,16,16
test,test_1950.jpg,40,10,3.0,4,12,1.0,색상,2,4,3,3
test,test_1951.jpg,49,10,13.0,13,52,2.0,가격·금액,13,13,13,13
test,test_1952.jpg,26,7,18.5,29,74,3.0,문자·간판 읽기,17,29,12,16
test,test_1953.jpg,52,13,3.0,3,12,1.0,색상,3,3,3,3
test,test_1954.jpg,24,6,6.0,8,24,1.5,문자·간판 읽기,8,5,4,7
test,test_1955.jpg,29,8,4.5,5,18,1.0,메뉴·상품,3,5,5,5
test,test_1956.jpg,31,7,12.75,15,51,2.5,색상,9,15,14,13
test,test_1957.jpg,25,6,11.5,13,46,1.0,전화번호,8,13,13,12
test,test_1958.jpg,24,7,23.5,24,94,7.0,문자·간판 읽기,23,24,23,24
test,test_1959.jpg,23,6,15.75,21,63,4.25,기타,16,13,13,21
test,test_1960.jpg,19,5,15.25,17,61,3.5,기타,15,15,17,14
test,test_1961.jpg,22,5,6.0,6,24,1.0,가격·금액,6,6,6,6
test,test_1962.jpg,34,8,22.5,30,90,5.75,기타,30,23,15,22
test,test_1963.jpg,33,8,13.75,14,55,2.0,메뉴·상품,14,13,14,14
test,test_1964.jpg,16,4,11.25,14,45,3.75,기타,10,14,10,11
test,test_1965.jpg,16,4,4.0,4,16,1.0,문자·간판 읽기,4,4,4,4
test,test_1966.jpg,49,13,10.5,16,42,3.5,기타,5,9,12,16
test,test_1967.jpg,16,4,8.0,10,32,2.5,기타,10,7,9,6
test,test_1968.jpg,17,4,3.75,4,15,1.0,문자·간판 읽기,4,4,4,3
test,test_1969.jpg,22,5,14.0,14,56,2.0,전화번호,14,14,14,14
test,test_1970.jpg,44,11,8.0,12,32,2.5,문자·간판 읽기,6,12,9,5
test,test_1971.jpg,31,8,4.25,6,17,1.0,색상,4,4,6,3
test,test_1972.jpg,38,10,2.0,2,8,1.0,수량·계수,2,2,2,2
test,test_1973.jpg,22,6,6.25,9,25,1.0,문자·간판 읽기,6,5,5,9
test,test_1974.jpg,32,8,8.0,14,32,1.75,기타,6,9,3,14
test,test_1975.jpg,23,6,17.75,18,71,4.0,문자·간판 읽기,17,18,18,18
test,test_1976.jpg,27,7,11.0,14,44,3.5,기타,8,13,14,9
test,test_1977.jpg,23,6,19.75,21,79,4.0,기타,18,20,20,21
test,test_1978.jpg,48,10,6.0,7,24,2.0,위치·방향,6,6,7,5
test,test_1979.jpg,36,9,5.0,5,20,2.0,위치·방향,5,5,5,5
test,test_1980.jpg,23,6,4.5,5,18,1.0,가격·금액,4,4,5,5
test,test_1981.jpg,33,8,15.75,18,63,4.5,날짜·시간,15,12,18,18
test,test_1982.jpg,31,7,6.25,7,25,1.0,가격·금액,6,6,7,6
test,test_1983.jpg,48,11,18.75,22,75,4.75,위치·방향,22,20,18,15
test,test_1984.jpg,36,9,5.75,7,23,2.25,가격·금액,5,6,7,5
test,test_1985.jpg,32,8,4.5,6,18,1.0,문자·간판 읽기,5,3,4,6
test,test_1986.jpg,24,6,8.0,10,32,1.0,문자·간판 읽기,5,9,10,8
test,test_1987.jpg,29,9,4.25,7,17,1.25,위치·방향,3,3,4,7
test,test_1988.jpg,20,5,3.0,3,12,1.0,문자·간판 읽기,3,3,3,3
test,test_1989.jpg,23,6,10.5,12,42,2.0,문자·간판 읽기,9,12,9,12
test,test_1990.jpg,48,14,9.25,15,37,2.75,기타,6,15,11,5
test,test_1991.jpg,26,7,3.5,5,14,1.0,문자·간판 읽기,3,5,3,3
test,test_1992.jpg,17,4,6.0,6,24,1.0,문자·간판 읽기,6,6,6,6
test,test_1993.jpg,33,9,6.0,8,24,1.0,문자·간판 읽기,6,5,8,5
test,test_1994.jpg,40,10,24.0,26,96,6.5,메뉴·상품,26,23,26,21
test,test_1995.jpg,17,4,9.25,10,37,3.0,문자·간판 읽기,9,9,9,10
test,test_1996.jpg,30,7,6.25,7,25,2.0,기타,6,7,6,6
test,test_1997.jpg,22,6,8.75,11,35,2.75,문자·간판 읽기,9,6,9,11
test,test_1998.jpg,25,6,6.25,12,25,1.75,위치·방향,12,6,4,3
test,test_1999.jpg,39,11,3.75,4,15,1.0,문자·간판 읽기,4,3,4,4
test,test_2000.jpg,27,7,13.25,16,53,3.5,기타,16,15,11,11
test,test_2001.jpg,30,8,16.5,17,66,3.0,문자·간판 읽기,16,17,17,16
test,test_2002.jpg,26,7,17.75,23,71,4.5,기타,15,23,18,15
test,test_2003.jpg,29,7,8.25,9,33,1.0,전화번호,8,9,8,8
test,test_2004.jpg,31,9,3.0,3,12,1.0,날짜·시간,3,3,3,3
test,test_2005.jpg,18,4,7.0,7,28,2.0,문자·간판 읽기,7,7,7,7
test,test_2006.jpg,48,12,8.0,8,32,1.0,전화번호,8,8,8,8
test,test_2007.jpg,31,9,9.0,13,36,2.75,문자·간판 읽기,13,7,8,8
test,test_2008.jpg,23,5,11.5,15,46,1.5,전화번호,15,9,9,13
test,test_2009.jpg,32,7,7.0,7,28,1.0,가격·금액,7,7,7,7
test,test_2010.jpg,35,9,6.0,7,24,2.0,인물·대상,6,5,7,6
test,test_2011.jpg,24,5,19.0,19,76,5.0,날짜·시간,19,19,19,19
test,test_2012.jpg,38,10,9.5,12,38,3.25,문자·간판 읽기,8,10,8,12
test,test_2013.jpg,38,10,10.75,12,43,2.75,가격·금액,11,12,11,9
test,test_2014.jpg,23,6,10.75,11,43,2.0,문자·간판 읽기,11,11,10,11
test,test_2015.jpg,17,4,12.0,12,48,3.0,날짜·시간,12,12,12,12
test,test_2016.jpg,24,6,3.5,4,14,1.0,문자·간판 읽기,3,4,4,3
test,test_2017.jpg,21,5,12.0,12,48,1.0,전화번호,12,12,12,12
test,test_2018.jpg,61,13,2.75,3,11,1.0,색상,3,3,3,2
test,test_2019.jpg,29,7,6.75,11,27,1.25,문자·간판 읽기,6,4,6,11
test,test_2020.jpg,25,6,3.75,5,15,1.5,메뉴·상품,2,3,5,5
test,test_2021.jpg,33,8,3.0,4,12,1.0,문자·간판 읽기,4,3,2,3
test,test_2022.jpg,25,7,18.5,20,74,3.25,문자·간판 읽기,17,18,19,20
test,test_2023.jpg,31,7,2.0,3,8,1.0,위치·방향,3,2,1,2
test,test_2024.jpg,35,10,8.75,13,35,2.25,문자·간판 읽기,7,13,8,7
test,test_2025.jpg,39,10,16.0,24,64,4.25,기타,24,12,12,16
test,test_2026.jpg,37,8,15.5,21,62,4.25,기타,11,17,21,13
test,test_2027.jpg,25,5,6.0,6,24,1.0,가격·금액,6,6,6,6
test,test_2028.jpg,24,5,3.5,5,14,1.25,기타,3,3,3,5
test,test_2029.jpg,58,14,21.75,26,87,6.0,메뉴·상품,21,19,21,26
test,test_2030.jpg,46,9,7.0,7,28,2.0,가격·금액,7,7,7,7
test,test_2031.jpg,14,3,5.0,8,20,1.0,문자·간판 읽기,3,4,8,5
test,test_2032.jpg,36,9,7.0,7,28,1.0,가격·금액,7,7,7,7
test,test_2033.jpg,29,7,12.75,13,51,1.0,전화번호,13,13,13,12
test,test_2034.jpg,41,10,16.25,18,65,4.0,메뉴·상품,14,18,15,18
test,test_2035.jpg,30,8,3.0,6,12,1.25,수량·계수,2,2,2,6
test,test_2036.jpg,45,11,15.0,18,60,5.0,위치·방향,16,12,18,14
test,test_2037.jpg,27,8,21.0,21,84,6.0,기타,21,21,21,21
test,test_2038.jpg,30,8,13.5,19,54,3.25,색상,14,11,19,10
test,test_2039.jpg,26,7,6.25,11,25,1.75,문자·간판 읽기,6,11,2,6
test,test_2040.jpg,26,6,5.25,6,21,1.0,기타,6,5,5,5
test,test_2041.jpg,30,6,10.0,12,40,3.25,기타,9,10,12,9
test,test_2042.jpg,28,7,8.5,13,34,2.5,문자·간판 읽기,5,10,13,6
test,test_2043.jpg,42,10,4.75,10,19,1.75,문자·간판 읽기,3,3,10,3
test,test_2044.jpg,28,7,11.75,14,47,2.25,문자·간판 읽기,14,12,11,10
test,test_2045.jpg,30,8,4.5,6,18,1.5,기타,4,6,4,4
test,test_2046.jpg,30,8,14.0,16,56,2.5,색상,14,14,12,16
test,test_2047.jpg,63,17,14.75,16,59,4.75,위치·방향,15,13,15,16
test,test_2048.jpg,36,9,11.5,17,46,3.5,메뉴·상품,9,9,17,11
test,test_2049.jpg,16,4,11.0,15,44,2.5,문자·간판 읽기,15,10,11,8
test,test_2050.jpg,33,9,20.0,23,80,3.5,문자·간판 읽기,17,23,20,20
test,test_2051.jpg,21,5,6.5,7,26,1.75,위치·방향,7,5,7,7
test,test_2052.jpg,24,7,7.75,10,31,1.5,문자·간판 읽기,7,8,6,10
test,test_2053.jpg,42,9,3.75,4,15,1.0,가격·금액,3,4,4,4
test,test_2054.jpg,31,9,2.0,2,8,1.0,수량·계수,2,2,2,2
test,test_2055.jpg,33,9,5.0,5,20,2.0,색상,5,5,5,5
test,test_2056.jpg,16,4,3.75,4,15,1.0,문자·간판 읽기,4,4,4,3
test,test_2057.jpg,25,6,5.0,5,20,2.0,위치·방향,5,5,5,5
test,test_2058.jpg,38,10,10.5,14,42,2.0,문자·간판 읽기,14,10,10,8
test,test_2059.jpg,26,7,11.5,16,46,3.5,문자·간판 읽기,14,16,9,7
test,test_2060.jpg,29,7,7.0,7,28,1.0,전화번호,7,7,7,7
test,test_2061.jpg,29,7,21.0,27,84,3.25,문자·간판 읽기,27,21,17,19
test,test_2062.jpg,23,6,15.75,20,63,4.5,문자·간판 읽기,17,12,14,20
test,test_2063.jpg,29,8,12.25,14,49,3.0,문자·간판 읽기,11,14,12,12
test,test_2064.jpg,23,6,4.5,6,18,1.0,문자·간판 읽기,4,4,4,6
test,test_2065.jpg,30,7,2.0,2,8,1.0,가격·금액,2,2,2,2
test,test_2066.jpg,19,5,13.0,13,52,3.0,가격·금액,13,13,13,13
test,test_2067.jpg,43,10,8.75,12,35,1.0,전화번호,12,9,7,7
test,test_2068.jpg,25,6,3.75,5,15,1.0,문자·간판 읽기,2,4,4,5
test,test_2069.jpg,28,8,4.5,5,18,1.0,문자·간판 읽기,3,5,5,5
test,test_2070.jpg,17,4,5.5,7,22,1.75,문자·간판 읽기,7,6,4,5
test,test_2071.jpg,28,8,16.0,16,64,5.0,문자·간판 읽기,16,16,16,16
test,test_2072.jpg,24,6,6.0,6,24,2.0,위치·방향,6,6,6,6
test,test_2073.jpg,36,8,16.25,17,65,3.0,기타,16,16,17,16
test,test_2074.jpg,26,5,10.0,10,40,1.0,날짜·시간,10,10,10,10
test,test_2075.jpg,60,14,3.25,5,13,1.25,기타,3,3,5,2
test,test_2076.jpg,47,11,12.75,14,51,3.25,색상,12,14,13,12
test,test_2077.jpg,25,6,10.25,13,41,1.0,전화번호,13,8,12,8
test,test_2078.jpg,29,7,2.25,3,9,1.0,위치·방향,2,3,2,2
test,test_2079.jpg,25,7,6.5,12,26,1.5,문자·간판 읽기,6,4,12,4
test,test_2080.jpg,16,4,13.25,14,53,2.0,문자·간판 읽기,13,14,13,13
test,test_2081.jpg,35,8,13.5,16,54,3.5,위치·방향,13,14,16,11
test,test_2082.jpg,29,7,1.5,2,6,1.0,전화번호,2,1,1,2
test,test_2083.jpg,26,6,9.25,14,37,2.75,색상,8,7,8,14
test,test_2084.jpg,30,7,3.0,3,12,1.0,인물·대상,3,3,3,3
test,test_2085.jpg,33,9,2.25,3,9,1.0,위치·방향,2,3,2,2
test,test_2086.jpg,20,4,6.0,6,24,1.0,가격·금액,6,6,6,6
test,test_2087.jpg,57,14,4.75,6,19,1.5,위치·방향,3,6,4,6
test,test_2088.jpg,30,8,2.0,2,8,1.0,문자·간판 읽기,2,2,2,2
test,test_2089.jpg,33,8,17.75,20,71,3.25,문자·간판 읽기,19,16,16,20
test,test_2090.jpg,53,13,13.75,17,55,2.0,색상,11,13,14,17
test,test_2091.jpg,33,9,3.75,5,15,1.0,색상,4,3,3,5
test,test_2092.jpg,20,5,3.0,3,12,1.0,문자·간판 읽기,3,3,3,3
test,test_2093.jpg,44,12,8.0,9,32,1.0,기타,6,8,9,9
test,test_2094.jpg,30,8,28.75,39,115,7.25,문자·간판 읽기,39,33,24,19
test,test_2095.jpg,62,17,17.75,21,71,4.0,위치·방향,18,21,18,14
test,test_2096.jpg,44,10,22.5,31,90,5.75,문자·간판 읽기,23,31,17,19
test,test_2097.jpg,16,4,21.0,34,84,4.25,문자·간판 읽기,20,14,34,16
test,test_2098.jpg,28,7,5.5,8,22,1.0,위치·방향,8,5,4,5
test,test_2099.jpg,48,11,7.25,9,29,2.25,문자·간판 읽기,6,6,9,8
test,test_2100.jpg,36,8,11.0,11,44,4.0,기타,11,11,11,11
test,test_2101.jpg,26,6,8.0,12,32,1.5,색상,12,11,5,4
test,test_2102.jpg,25,6,8.0,8,32,2.0,전화번호,8,8,8,8
test,test_2103.jpg,37,9,7.0,7,28,1.0,가격·금액,7,7,7,7
test,test_2104.jpg,28,8,4.0,4,16,1.0,문자·간판 읽기,4,4,4,4
test,test_2105.jpg,43,9,3.5,5,14,1.5,가격·금액,4,5,1,4
test,test_2106.jpg,36,11,8.25,10,33,1.0,기타,10,9,5,9
test,test_2107.jpg,27,6,7.5,10,30,2.0,위치·방향,10,6,7,7
test,test_2108.jpg,24,7,20.75,26,83,3.5,위치·방향,21,19,26,17
test,test_2109.jpg,16,4,4.0,5,16,1.0,문자·간판 읽기,5,4,4,3
test,test_2110.jpg,22,6,6.25,8,25,1.5,위치·방향,6,5,8,6
test,test_2111.jpg,29,7,21.0,21,84,4.0,문자·간판 읽기,21,21,21,21
test,test_2112.jpg,51,12,4.25,5,17,1.0,수량·계수,4,4,4,5
test,test_2113.jpg,20,5,4.0,7,16,1.25,메뉴·상품,4,2,3,7
test,test_2114.jpg,18,4,4.5,8,18,1.5,기타,8,3,3,4
test,test_2115.jpg,46,9,11.25,15,45,3.0,기타,8,14,8,15
test,test_2116.jpg,23,6,4.75,8,19,1.5,위치·방향,3,4,4,8
test,test_2117.jpg,21,5,9.25,13,37,1.75,문자·간판 읽기,13,8,12,4
test,test_2118.jpg,46,11,11.25,13,45,1.0,전화번호,10,13,12,10
test,test_2119.jpg,23,7,2.0,2,8,1.0,수량·계수,2,2,2,2
test,test_2120.jpg,33,8,11.5,16,46,3.75,기타,9,12,9,16
test,test_2121.jpg,33,11,11.0,18,44,3.0,기타,12,1,13,18
test,test_2122.jpg,29,8,5.5,6,22,1.75,위치·방향,6,4,6,6
test,test_2123.jpg,30,7,3.5,4,14,1.0,가격·금액,4,4,2,4
test,test_2124.jpg,35,9,3.0,3,12,1.0,날짜·시간,3,3,3,3
test,test_2125.jpg,47,10,20.0,20,80,5.0,가격·금액,20,20,20,20
test,test_2126.jpg,32,7,11.5,12,46,1.0,전화번호,10,12,12,12
test,test_2127.jpg,28,7,2.75,4,11,1.0,문자·간판 읽기,3,2,4,2
test,test_2128.jpg,31,8,3.0,4,12,1.0,위치·방향,2,3,3,4
test,test_2129.jpg,17,4,8.0,9,32,2.0,문자·간판 읽기,7,8,8,9
test,test_2130.jpg,35,8,3.5,7,14,1.0,위치·방향,2,3,2,7
test,test_2131.jpg,20,5,21.5,31,86,3.75,문자·간판 읽기,13,31,23,19
test,test_2132.jpg,36,8,8.25,10,33,2.5,전화번호,9,7,7,10
test,test_2133.jpg,33,9,8.5,12,34,1.5,위치·방향,7,7,12,8
test,test_2134.jpg,33,8,10.25,14,41,2.5,메뉴·상품,14,9,11,7
test,test_2135.jpg,21,5,4.5,8,18,1.25,문자·간판 읽기,2,4,4,8
test,test_2136.jpg,32,7,14.5,16,58,1.0,기타,15,14,16,13
test,test_2137.jpg,43,10,5.5,7,22,1.75,기타,5,4,7,6
test,test_2138.jpg,39,10,11.5,15,46,2.75,기타,10,12,9,15
test,test_2139.jpg,37,11,4.0,5,16,1.25,위치·방향,4,4,3,5
test,test_2140.jpg,20,6,6.75,8,27,2.0,문자·간판 읽기,8,6,8,5
test,test_2141.jpg,36,9,14.25,18,57,4.25,가격·금액,14,12,18,13
test,test_2142.jpg,28,8,3.5,5,14,1.0,가격·금액,5,5,2,2
test,test_2143.jpg,29,7,9.75,11,39,3.0,색상,11,10,9,9
test,test_2144.jpg,32,7,6.0,6,24,1.0,가격·금액,6,6,6,6
test,test_2145.jpg,34,9,6.0,6,24,1.0,가격·금액,6,6,6,6
test,test_2146.jpg,30,8,12.0,13,48,1.0,문자·간판 읽기,12,11,13,12
test,test_2147.jpg,20,5,6.0,6,24,1.0,문자·간판 읽기,6,6,6,6
test,test_2148.jpg,26,7,9.5,12,38,1.75,문자·간판 읽기,12,6,12,8
test,test_2149.jpg,32,6,8.75,13,35,1.25,기타,5,13,8,9
test,test_2150.jpg,26,7,4.5,7,18,1.25,메뉴·상품,4,4,7,3
test,test_2151.jpg,38,9,3.0,3,12,1.0,문자·간판 읽기,3,3,3,3
test,test_2152.jpg,30,8,6.0,6,24,1.0,가격·금액,6,6,6,6
test,test_2153.jpg,43,13,9.5,11,38,3.5,문자·간판 읽기,5,11,11,11
test,test_2154.jpg,43,12,20.25,21,81,5.0,메뉴·상품,21,20,20,20
test,test_2155.jpg,16,4,7.25,10,29,2.25,문자·간판 읽기,6,10,6,7
test,test_2156.jpg,32,9,5.75,6,23,1.0,문자·간판 읽기,5,6,6,6
test,test_2157.jpg,28,7,2.0,2,8,1.0,위치·방향,2,2,2,2
test,test_2158.jpg,31,9,3.0,3,12,1.0,문자·간판 읽기,3,3,3,3
test,test_2159.jpg,28,7,3.0,3,12,1.0,전화번호,3,3,3,3
test,test_2160.jpg,24,5,3.0,3,12,1.0,메뉴·상품,3,3,3,3
test,test_2161.jpg,19,5,7.75,10,31,2.0,기타,7,7,7,10
test,test_2162.jpg,32,6,6.75,7,27,1.0,가격·금액,6,7,7,7
test,test_2163.jpg,26,7,8.75,11,35,3.0,문자·간판 읽기,7,8,9,11
test,test_2164.jpg,33,9,4.75,5,19,1.0,문자·간판 읽기,5,5,5,4
test,test_2165.jpg,61,13,2.5,3,10,1.0,인물·대상,3,3,2,2
test,test_2166.jpg,42,8,9.0,9,36,2.0,가격·금액,9,9,9,9
test,test_2167.jpg,41,12,6.0,6,24,2.0,기타,6,6,6,6
test,test_2168.jpg,42,7,8.0,8,32,1.0,가격·금액,8,8,8,8
test,test_2169.jpg,39,9,9.5,10,38,2.75,메뉴·상품,10,10,9,9
test,test_2170.jpg,18,4,3.0,3,12,1.0,문자·간판 읽기,3,3,3,3
test,test_2171.jpg,25,6,2.25,3,9,1.0,메뉴·상품,2,2,2,3
test,test_2172.jpg,21,5,6.0,6,24,1.0,가격·금액,6,6,6,6
test,test_2173.jpg,23,6,3.0,3,12,1.0,가격·금액,3,3,3,3
test,test_2174.jpg,24,7,15.0,22,60,3.5,위치·방향,22,19,8,11
test,test_2175.jpg,27,5,7.5,8,30,1.0,가격·금액,7,7,8,8
test,test_2176.jpg,32,7,10.25,11,41,3.5,메뉴·상품,11,11,11,8
test,test_2177.jpg,27,8,11.25,14,45,3.75,인물·대상,11,14,8,12
test,test_2178.jpg,37,8,11.75,13,47,2.0,위치·방향,12,11,11,13
test,test_2179.jpg,32,7,7.75,11,31,2.25,기타,11,6,6,8
test,test_2180.jpg,42,10,3.5,4,14,1.0,기타,4,2,4,4
test,test_2181.jpg,30,8,19.5,23,78,6.0,문자·간판 읽기,17,19,19,23
test,test_2182.jpg,29,8,6.75,8,27,2.0,문자·간판 읽기,5,7,8,7
test,test_2183.jpg,24,6,10.25,15,41,1.5,문자·간판 읽기,5,14,7,15
test,test_2184.jpg,36,9,8.5,10,34,2.25,위치·방향,8,10,8,8
test,test_2185.jpg,50,9,4.25,5,17,1.0,가격·금액,5,5,5,2
test,test_2186.jpg,33,6,20.5,21,82,6.0,날짜·시간,21,21,20,20
test,test_2187.jpg,19,5,5.5,7,22,2.0,기타,7,5,5,5
test,test_2188.jpg,30,7,6.5,11,26,1.0,문자·간판 읽기,5,11,5,5
test,test_2189.jpg,33,7,6.0,6,24,1.0,가격·금액,6,6,6,6
test,test_2190.jpg,16,4,3.25,4,13,1.0,문자·간판 읽기,3,4,3,3
test,test_2191.jpg,32,8,13.25,19,53,2.75,문자·간판 읽기,11,19,10,13
test,test_2192.jpg,42,10,4.0,8,16,1.5,메뉴·상품,2,8,1,5
test,test_2193.jpg,23,6,3.5,6,14,1.5,문자·간판 읽기,2,6,4,2
test,test_2194.jpg,17,4,7.0,7,28,2.0,문자·간판 읽기,7,7,7,7
test,test_2195.jpg,26,7,3.0,3,12,1.0,문자·간판 읽기,3,3,3,3
test,test_2196.jpg,20,5,13.0,13,52,3.0,날짜·시간,13,13,13,13
test,test_2197.jpg,35,8,8.0,8,32,3.0,날짜·시간,8,8,8,8
test,test_2198.jpg,23,6,9.0,10,36,3.0,메뉴·상품,9,9,8,10
test,test_2199.jpg,33,7,3.5,4,14,1.0,가격·금액,3,4,3,4
test,test_2200.jpg,37,11,7.0,7,28,1.0,문자·간판 읽기,7,7,7,7
test,test_2201.jpg,29,7,7.25,8,29,2.25,메뉴·상품,8,6,8,7
test,test_2202.jpg,27,7,14.0,14,56,3.0,문자·간판 읽기,14,14,14,14
test,test_2203.jpg,39,10,14.5,25,58,3.5,기타,11,25,12,10
test,test_2204.jpg,37,9,3.0,3,12,1.0,색상,3,3,3,3
test,test_2205.jpg,21,5,4.5,5,18,1.0,위치·방향,4,4,5,5
test,test_2206.jpg,30,8,10.25,13,41,2.75,기타,11,13,11,6
test,test_2207.jpg,30,8,2.75,5,11,1.25,수량·계수,2,2,2,5
test,test_2208.jpg,28,6,5.0,5,20,2.0,메뉴·상품,5,5,5,5
test,test_2209.jpg,32,8,5.25,6,21,2.0,기타,6,5,5,5
test,test_2210.jpg,30,8,18.75,22,75,3.0,문자·간판 읽기,19,18,16,22
test,test_2211.jpg,51,12,18.0,20,72,4.25,기타,17,19,20,16
test,test_2212.jpg,25,6,4.75,5,19,1.0,문자·간판 읽기,5,5,4,5
test,test_2213.jpg,32,7,7.75,10,31,1.0,날짜·시간,7,10,7,7
test,test_2214.jpg,35,10,19.0,23,76,4.5,메뉴·상품,23,19,19,15
test,test_2215.jpg,44,9,4.0,4,16,1.0,가격·금액,4,4,4,4
test,test_2216.jpg,29,7,3.25,4,13,1.0,전화번호,3,3,3,4
test,test_2217.jpg,40,9,7.25,11,29,2.0,기타,6,7,11,5
test,test_2218.jpg,39,10,7.0,9,28,2.0,기타,9,6,6,7
test,test_2219.jpg,39,11,4.75,8,19,1.5,메뉴·상품,5,8,3,3
test,test_2220.jpg,36,10,10.25,11,41,2.75,기타,10,10,10,11
test,test_2221.jpg,34,9,8.0,8,32,2.0,문자·간판 읽기,8,8,8,8
test,test_2222.jpg,47,13,11.25,13,45,3.5,기타,13,12,11,9
test,test_2223.jpg,44,12,5.25,7,21,1.0,기타,6,7,4,4
test,test_2224.jpg,39,9,13.5,14,54,1.0,전화번호,12,14,14,14
test,test_2225.jpg,49,12,16.25,21,65,2.5,메뉴·상품,11,18,15,21
test,test_2226.jpg,25,6,12.0,13,48,1.0,전화번호,13,12,11,12
test,test_2227.jpg,34,9,16.25,21,65,4.25,문자·간판 읽기,21,14,14,16
test,test_2228.jpg,38,10,15.75,20,63,4.0,기타,20,14,19,10
test,test_2229.jpg,44,9,28.5,45,114,1.0,기타,45,30,17,22
test,test_2230.jpg,32,8,11.25,21,45,3.5,인물·대상,6,6,12,21
test,test_2231.jpg,25,5,6.0,6,24,1.0,가격·금액,6,6,6,6
test,test_2232.jpg,46,11,7.0,7,28,1.0,가격·금액,7,7,7,7
test,test_2233.jpg,42,12,8.25,9,33,3.0,날짜·시간,8,9,8,8
test,test_2234.jpg,39,9,13.5,20,54,3.5,기타,20,12,12,10
test,test_2235.jpg,38,9,7.0,9,28,2.5,기타,6,7,6,9
test,test_2236.jpg,31,8,4.25,6,17,1.0,색상,2,4,6,5
test,test_2237.jpg,36,9,7.25,8,29,2.0,색상,8,6,7,8
test,test_2238.jpg,31,7,3.5,4,14,1.0,위치·방향,4,3,4,3
test,test_2239.jpg,35,9,4.75,7,19,1.5,기타,5,3,4,7
test,test_2240.jpg,44,10,19.75,25,79,5.25,문자·간판 읽기,19,16,19,25
test,test_2241.jpg,26,7,8.0,9,32,2.25,문자·간판 읽기,9,8,7,8
test,test_2242.jpg,27,6,6.25,7,25,1.0,가격·금액,7,6,6,6
test,test_2243.jpg,51,9,19.75,25,79,5.25,기타,14,16,24,25
test,test_2244.jpg,19,5,2.5,3,10,1.0,문자·간판 읽기,3,2,3,2
test,test_2245.jpg,24,6,2.25,3,9,1.0,문자·간판 읽기,2,2,2,3
test,test_2246.jpg,40,12,13.0,16,52,2.75,문자·간판 읽기,14,11,11,16
test,test_2247.jpg,31,8,10.75,16,43,1.25,문자·간판 읽기,9,9,16,9
test,test_2248.jpg,23,6,3.25,4,13,1.0,문자·간판 읽기,4,3,4,2
test,test_2249.jpg,24,6,12.0,12,48,2.0,기타,12,12,12,12
test,test_2250.jpg,43,11,16.5,18,66,3.0,위치·방향,16,18,17,15
test,test_2251.jpg,28,5,9.5,12,38,1.0,전화번호,4,12,10,12
test,test_2252.jpg,24,6,9.0,10,36,3.0,메뉴·상품,9,7,10,10
test,test_2253.jpg,34,8,13.5,17,54,4.5,기타,12,16,17,9
test,test_2254.jpg,33,9,14.5,18,58,2.5,문자·간판 읽기,16,18,13,11
test,test_2255.jpg,25,6,4.25,7,17,1.0,기타,4,4,7,2
test,test_2256.jpg,23,6,20.0,20,80,6.0,가격·금액,20,20,20,20
test,test_2257.jpg,23,6,4.5,5,18,1.0,문자·간판 읽기,4,4,5,5
test,test_2258.jpg,49,13,6.0,6,24,2.0,기타,6,6,6,6
test,test_2259.jpg,24,6,10.0,12,40,2.75,문자·간판 읽기,8,10,10,12
test,test_2260.jpg,20,5,4.75,7,19,1.5,문자·간판 읽기,4,7,3,5
test,test_2261.jpg,16,4,3.0,3,12,1.0,문자·간판 읽기,3,3,3,3
test,test_2262.jpg,23,6,3.0,3,12,1.0,문자·간판 읽기,3,3,3,3
test,test_2263.jpg,29,5,9.75,11,39,2.0,가격·금액,9,9,11,10
test,test_2264.jpg,29,8,7.0,7,28,2.0,가격·금액,7,7,7,7
test,test_2265.jpg,42,9,13.5,21,54,3.75,문자·간판 읽기,10,21,11,12
test,test_2266.jpg,30,8,7.0,7,28,2.0,색상,7,7,7,7
test,test_2267.jpg,30,8,4.75,6,19,1.25,기타,4,4,6,5
test,test_2268.jpg,43,9,12.75,15,51,2.0,메뉴·상품,15,14,8,14
test,test_2269.jpg,28,6,6.0,6,24,1.0,가격·금액,6,6,6,6
test,test_2270.jpg,40,8,8.0,8,32,2.0,기타,8,8,8,8
test,test_2271.jpg,19,5,29.0,41,116,4.5,문자·간판 읽기,29,26,41,20
test,test_2272.jpg,29,8,5.0,5,20,1.0,위치·방향,5,5,5,5
test,test_2273.jpg,28,7,8.0,9,32,2.75,문자·간판 읽기,9,5,9,9
test,test_2274.jpg,32,8,6.25,7,25,1.0,가격·금액,6,7,6,6
test,test_2275.jpg,48,12,2.25,3,9,1.0,위치·방향,1,3,2,3
test,test_2276.jpg,48,11,7.75,10,31,2.25,위치·방향,7,6,8,10
test,test_2277.jpg,20,5,29.25,35,117,5.75,날짜·시간,31,32,19,35
test,test_2278.jpg,27,6,6.25,7,25,1.0,가격·금액,6,7,6,6
test,test_2279.jpg,27,7,8.0,11,32,1.5,위치·방향,4,10,11,7
test,test_2280.jpg,24,6,6.25,11,25,1.25,문자·간판 읽기,11,4,5,5
test,test_2281.jpg,38,11,6.25,9,25,1.25,기타,9,5,6,5
test,test_2282.jpg,26,7,22.75,25,91,5.75,문자·간판 읽기,25,22,22,22
test,test_2283.jpg,29,8,8.75,9,35,3.0,기타,9,9,8,9
test,test_2284.jpg,18,4,6.25,8,25,2.25,문자·간판 읽기,6,5,8,6
test,test_2285.jpg,41,11,12.0,14,48,3.25,문자·간판 읽기,11,11,12,14
test,test_2286.jpg,26,7,11.25,16,45,2.0,문자·간판 읽기,16,5,10,14
test,test_2287.jpg,16,4,6.25,8,25,1.75,문자·간판 읽기,4,6,8,7
test,test_2288.jpg,33,10,19.75,23,79,4.25,기타,19,23,19,18
test,test_2289.jpg,30,8,4.75,7,19,1.25,메뉴·상품,7,4,4,4
test,test_2290.jpg,22,6,18.75,25,75,4.5,메뉴·상품,19,15,25,16
test,test_2291.jpg,46,8,4.0,4,16,1.0,가격·금액,4,4,4,4
test,test_2292.jpg,44,10,7.25,8,29,2.0,색상,7,7,7,8
test,test_2293.jpg,26,6,13.0,13,52,3.0,날짜·시간,13,13,13,13
test,test_2294.jpg,39,8,7.0,9,28,2.0,메뉴·상품,7,9,9,3
test,test_2295.jpg,23,6,4.25,7,17,1.25,문자·간판 읽기,4,3,3,7
test,test_2296.jpg,42,10,19.25,20,77,4.0,기타,20,19,18,20
test,test_2297.jpg,33,9,21.25,26,85,5.25,기타,15,23,21,26
test,test_2298.jpg,44,10,3.0,3,12,1.0,색상,3,3,3,3
test,test_2299.jpg,23,5,5.5,8,22,1.0,문자·간판 읽기,8,8,4,2
test,test_2300.jpg,27,7,23.5,47,94,5.25,색상,47,18,12,17
test,test_2301.jpg,36,9,10.75,12,43,3.0,기타,12,10,11,10
test,test_2302.jpg,25,7,6.5,8,26,2.0,문자·간판 읽기,8,6,6,6
test,test_2303.jpg,34,10,5.75,6,23,1.0,문자·간판 읽기,6,6,6,5
test,test_2304.jpg,25,7,8.0,17,32,2.0,문자·간판 읽기,6,5,4,17
test,test_2305.jpg,24,5,13.25,19,53,2.5,기타,19,13,10,11
test,test_2306.jpg,23,6,4.25,5,17,1.0,문자·간판 읽기,5,4,4,4
test,test_2307.jpg,31,7,19.0,19,76,2.0,날짜·시간,19,19,19,19
test,test_2308.jpg,22,5,9.0,12,36,2.25,기타,8,8,12,8
test,test_2309.jpg,26,7,14.0,16,56,2.0,문자·간판 읽기,16,15,13,12
test,test_2310.jpg,33,8,3.0,3,12,1.0,가격·금액,3,3,3,3
test,test_2311.jpg,32,7,15.75,21,63,3.5,문자·간판 읽기,13,15,14,21
test,test_2312.jpg,29,8,21.5,22,86,4.0,문자·간판 읽기,21,21,22,22
test,test_2313.jpg,26,5,3.5,5,14,1.0,위치·방향,5,3,3,3
test,test_2314.jpg,24,6,12.25,15,49,2.0,위치·방향,13,15,9,12
test,test_2315.jpg,18,3,15.0,15,60,4.0,날짜·시간,15,15,15,15
test,test_2316.jpg,20,5,4.5,5,18,1.0,문자·간판 읽기,4,5,4,5
test,test_2317.jpg,24,6,6.25,8,25,1.75,문자·간판 읽기,8,4,6,7
test,test_2318.jpg,29,8,17.25,20,69,4.25,문자·간판 읽기,16,20,17,16
test,test_2319.jpg,15,4,3.0,3,12,1.0,인물·대상,3,3,3,3
test,test_2320.jpg,44,10,5.5,9,22,1.5,기타,9,4,3,6
test,test_2321.jpg,32,8,11.25,13,45,4.0,수량·계수,9,13,12,11
test,test_2322.jpg,28,7,11.0,14,44,2.75,문자·간판 읽기,8,12,10,14
test,test_2323.jpg,24,6,7.75,13,31,2.0,문자·간판 읽기,13,4,10,4
test,test_2324.jpg,16,4,13.75,19,55,2.5,문자·간판 읽기,19,10,12,14
test,test_2325.jpg,25,7,25.75,36,103,4.5,문자·간판 읽기,17,36,22,28
test,test_2326.jpg,34,10,3.75,4,15,1.25,문자·간판 읽기,4,4,3,4
test,test_2327.jpg,34,9,10.0,13,40,1.0,전화번호,9,9,9,13
test,test_2328.jpg,39,9,6.0,9,24,2.0,가격·금액,9,7,4,4
test,test_2329.jpg,26,6,4.75,6,19,1.25,문자·간판 읽기,4,4,5,6
test,test_2330.jpg,23,6,6.25,8,25,2.0,위치·방향,5,6,6,8
test,test_2331.jpg,28,7,7.25,8,29,2.0,가격·금액,7,7,8,7
test,test_2332.jpg,17,4,11.75,15,47,2.0,문자·간판 읽기,13,12,7,15
test,test_2333.jpg,20,5,6.75,7,27,1.0,가격·금액,7,7,6,7
test,test_2334.jpg,38,10,5.5,9,22,1.0,문자·간판 읽기,5,9,3,5
test,test_2335.jpg,30,8,10.0,13,40,2.0,문자·간판 읽기,10,8,9,13
test,test_2336.jpg,37,11,40.75,68,163,10.0,색상,30,31,34,68
test,test_2337.jpg,28,7,3.25,4,13,1.0,문자·간판 읽기,4,3,3,3
test,test_2338.jpg,37,10,6.25,7,25,1.0,가격·금액,6,7,6,6
test,test_2339.jpg,43,11,7.75,8,31,1.0,수량·계수,7,8,8,8
test,test_2340.jpg,21,6,14.5,21,58,2.25,문자·간판 읽기,13,21,12,12
test,test_2341.jpg,32,9,5.25,6,21,1.0,문자·간판 읽기,5,5,6,5
test,test_2342.jpg,48,12,9.25,10,37,2.0,기타,9,9,10,9
test,test_2343.jpg,32,8,2.75,3,11,1.0,가격·금액,3,3,2,3
test,test_2344.jpg,26,7,6.75,10,27,1.75,위치·방향,7,10,4,6
test,test_2345.jpg,42,10,14.25,15,57,2.0,위치·방향,14,15,14,14
test,test_2346.jpg,34,8,10.75,12,43,1.0,전화번호,12,9,11,11
test,test_2347.jpg,32,9,12.75,14,51,4.0,기타,12,14,13,12
test,test_2348.jpg,30,7,4.0,7,16,1.25,위치·방향,4,3,7,2
test,test_2349.jpg,33,10,9.0,16,36,2.25,기타,2,11,16,7
test,test_2350.jpg,32,7,12.5,15,50,1.75,전화번호,15,10,15,10
test,test_2351.jpg,54,14,2.25,3,9,1.0,날짜·시간,2,3,2,2
test,test_2352.jpg,20,5,9.5,11,38,2.75,문자·간판 읽기,11,7,9,11
test,test_2353.jpg,39,9,2.5,4,10,1.0,메뉴·상품,2,4,2,2
test,test_2354.jpg,17,4,3.75,7,15,1.25,문자·간판 읽기,3,2,3,7
test,test_2355.jpg,29,8,11.25,21,45,2.75,기타,21,11,6,7
test,test_2356.jpg,31,8,6.5,7,26,2.0,문자·간판 읽기,6,7,7,6
test,test_2357.jpg,34,9,4.75,7,19,1.0,메뉴·상품,5,7,4,3
test,test_2358.jpg,26,8,3.25,4,13,1.0,문자·간판 읽기,3,3,4,3
test,test_2359.jpg,20,5,5.25,8,21,1.0,문자·간판 읽기,3,8,3,7
test,test_2360.jpg,38,11,18.25,22,73,3.5,문자·간판 읽기,22,19,17,15
test,test_2361.jpg,34,9,14.25,16,57,2.5,가격·금액,16,13,15,13
test,test_2362.jpg,27,8,5.0,6,20,2.0,기타,6,5,5,4
test,test_2363.jpg,29,7,7.5,8,30,1.0,가격·금액,7,8,8,7
test,test_2364.jpg,24,5,29.25,34,117,5.0,색상,29,26,28,34
test,test_2365.jpg,16,4,9.5,10,38,2.0,문자·간판 읽기,10,9,10,9
test,test_2366.jpg,37,10,3.0,3,12,1.0,가격·금액,3,3,3,3
test,test_2367.jpg,31,7,7.75,16,31,2.75,기타,5,16,5,5
test,test_2368.jpg,46,12,21.25,29,85,5.5,메뉴·상품,16,17,29,23
test,test_2369.jpg,29,6,8.25,10,33,2.25,기타,8,10,6,9
test,test_2370.jpg,43,11,15.25,36,61,3.75,위치·방향,4,8,13,36
test,test_2371.jpg,48,14,18.0,29,72,5.25,문자·간판 읽기,9,16,18,29
test,test_2372.jpg,34,9,2.75,4,11,1.0,색상,2,3,2,4
test,test_2373.jpg,18,5,3.75,9,15,1.25,문자·간판 읽기,2,2,9,2
test,test_2374.jpg,27,8,5.25,9,21,1.25,문자·간판 읽기,9,4,4,4
test,test_2375.jpg,33,8,8.75,10,35,2.25,메뉴·상품,10,8,8,9
test,test_2376.jpg,25,6,11.0,12,44,3.0,가격·금액,11,11,12,10
test,test_2377.jpg,26,7,7.25,8,29,2.0,메뉴·상품,6,8,8,7
test,test_2378.jpg,26,6,11.75,21,47,3.75,기타,21,8,9,9
test,test_2379.jpg,30,8,27.0,27,108,9.0,기타,27,27,27,27
test,test_2380.jpg,35,7,22.0,22,88,5.0,날짜·시간,22,22,22,22
test,test_2381.jpg,33,8,12.25,16,49,4.0,색상,11,12,16,10
test,test_2382.jpg,42,9,21.0,21,84,1.0,날짜·시간,21,21,21,21
test,test_2383.jpg,32,9,7.0,9,28,1.0,위치·방향,5,7,9,7
test,test_2384.jpg,29,7,8.0,8,32,1.0,전화번호,8,8,8,8
test,test_2385.jpg,34,7,20.25,21,81,6.0,날짜·시간,20,21,20,20
test,test_2386.jpg,37,9,3.25,4,13,1.0,기타,3,4,3,3
test,test_2387.jpg,46,11,2.75,5,11,1.25,문자·간판 읽기,2,2,5,2
test,test_2388.jpg,20,5,3.5,4,14,1.0,기타,4,3,3,4
test,test_2389.jpg,43,11,7.75,9,31,1.25,문자·간판 읽기,7,7,9,8
test,test_2390.jpg,32,7,5.75,9,23,1.5,문자·간판 읽기,5,4,5,9
test,test_2391.jpg,45,12,4.0,5,16,1.25,문자·간판 읽기,3,4,4,5
test,test_2392.jpg,32,9,10.5,12,42,2.0,문자·간판 읽기,10,10,12,10
test,test_2393.jpg,16,4,3.0,3,12,1.0,기타,3,3,3,3
test,test_2394.jpg,16,4,4.25,5,17,1.0,문자·간판 읽기,4,4,5,4
test,test_2395.jpg,29,7,3.25,4,13,1.0,가격·금액,3,3,3,4
test,test_2396.jpg,36,9,11.25,12,45,3.0,가격·금액,10,12,12,11
test,test_2397.jpg,20,5,13.25,18,53,2.25,기타,9,18,12,14
test,test_2398.jpg,44,7,10.75,12,43,1.5,기타,11,11,12,9
test,test_2399.jpg,43,10,9.0,9,36,1.0,전화번호,9,9,9,9
test,test_2400.jpg,33,7,2.5,4,10,1.0,위치·방향,2,4,2,2
test,test_2401.jpg,39,9,6.0,6,24,1.0,가격·금액,6,6,6,6
test,test_2402.jpg,52,13,6.75,9,27,2.25,메뉴·상품,6,9,7,5
test,test_2403.jpg,23,6,5.75,7,23,1.0,메뉴·상품,6,5,5,7
test,test_2404.jpg,25,7,19.25,23,77,3.25,문자·간판 읽기,23,19,19,16
test,test_2405.jpg,35,9,13.75,26,55,2.75,색상,8,8,26,13
test,test_2406.jpg,63,12,7.75,14,31,2.25,메뉴·상품,5,14,7,5
test,test_2407.jpg,38,10,6.25,7,25,2.0,메뉴·상품,6,7,6,6
test,test_2408.jpg,24,6,5.75,10,23,1.75,문자·간판 읽기,6,10,5,2
test,test_2409.jpg,29,7,5.0,5,20,2.0,문자·간판 읽기,5,5,5,5
test,test_2410.jpg,45,9,14.75,24,59,1.5,위치·방향,11,13,24,11
test,test_2411.jpg,37,9,8.75,12,35,1.0,메뉴·상품,10,12,8,5
test,test_2412.jpg,23,6,5.75,8,23,1.0,문자·간판 읽기,8,7,4,4
test,test_2413.jpg,36,9,5.25,6,21,1.0,위치·방향,6,4,5,6
test,test_2414.jpg,32,9,15.0,15,60,1.0,문자·간판 읽기,15,15,15,15
test,test_2415.jpg,45,12,20.0,23,80,3.5,문자·간판 읽기,17,20,23,20
test,test_2416.jpg,24,6,4.5,7,18,1.25,메뉴·상품,4,4,7,3
test,test_2417.jpg,29,6,5.5,6,22,2.0,가격·금액,5,5,6,6
test,test_2418.jpg,39,10,7.0,7,28,1.0,가격·금액,7,7,7,7
test,test_2419.jpg,28,7,5.0,6,20,1.0,문자·간판 읽기,4,4,6,6
test,test_2420.jpg,20,5,6.5,9,26,2.0,기타,6,9,6,5
test,test_2421.jpg,37,9,7.0,15,28,2.0,인물·대상,6,4,15,3
test,test_2422.jpg,38,10,7.75,8,31,1.0,전화번호,8,8,8,7
test,test_2423.jpg,26,7,11.75,15,47,2.0,문자·간판 읽기,9,15,10,13
test,test_2424.jpg,30,8,4.0,4,16,1.0,가격·금액,4,4,4,4
test,test_2425.jpg,31,8,19.25,24,77,3.75,색상,15,19,19,24
test,test_2426.jpg,48,11,3.0,3,12,1.0,위치·방향,3,3,3,3
test,test_2427.jpg,27,5,9.0,9,36,1.0,전화번호,9,9,9,9
test,test_2428.jpg,42,10,4.0,4,16,1.0,가격·금액,4,4,4,4
test,test_2429.jpg,37,9,21.0,21,84,4.0,날짜·시간,21,21,21,21
test,test_2430.jpg,23,6,6.0,8,24,1.75,메뉴·상품,3,6,8,7
test,test_2431.jpg,66,16,10.0,13,40,2.25,문자·간판 읽기,9,9,9,13
test,test_2432.jpg,40,10,19.25,23,77,5.5,기타,17,23,20,17
test,test_2433.jpg,49,13,25.25,32,101,7.0,기타,32,17,32,20
test,test_2434.jpg,40,11,10.0,16,40,3.0,메뉴·상품,5,7,12,16
test,test_2435.jpg,30,8,4.5,6,18,1.5,기타,4,4,4,6
test,test_2436.jpg,34,7,14.0,17,56,4.5,메뉴·상품,17,17,12,10
test,test_2437.jpg,23,4,3.0,3,12,1.0,메뉴·상품,3,3,3,3
test,test_2438.jpg,27,5,13.0,18,52,1.0,전화번호,15,18,10,9
test,test_2439.jpg,19,5,7.0,7,28,2.0,위치·방향,7,7,7,7
test,test_2440.jpg,24,6,8.5,9,34,3.0,문자·간판 읽기,8,9,8,9
test,test_2441.jpg,33,6,12.25,13,49,1.5,전화번호,13,11,13,12
test,test_2442.jpg,22,6,6.0,7,24,2.75,문자·간판 읽기,6,7,5,6
test,test_2443.jpg,29,7,8.75,13,35,1.25,기타,8,4,10,13
test,test_2444.jpg,27,7,4.5,6,18,1.0,문자·간판 읽기,4,4,4,6
test,test_2445.jpg,35,7,12.0,12,48,3.0,날짜·시간,12,12,12,12
test,test_2446.jpg,27,6,4.0,6,16,1.0,위치·방향,4,3,6,3
test,test_2447.jpg,23,6,6.75,8,27,2.0,문자·간판 읽기,6,8,6,7
test,test_2448.jpg,33,8,3.0,3,12,1.0,가격·금액,3,3,3,3
test,test_2449.jpg,57,16,4.75,7,19,1.25,색상,7,3,4,5
test,test_2450.jpg,22,6,5.5,6,22,1.0,문자·간판 읽기,6,5,6,5
test,test_2451.jpg,30,7,7.25,10,29,2.5,문자·간판 읽기,6,10,5,8
test,test_2452.jpg,27,8,31.75,34,127,6.0,문자·간판 읽기,31,33,34,29
test,test_2453.jpg,33,8,6.5,7,26,3.5,문자·간판 읽기,7,6,7,6
test,test_2454.jpg,20,5,7.0,9,28,2.0,문자·간판 읽기,6,7,6,9
test,test_2455.jpg,34,8,4.0,4,16,1.0,메뉴·상품,4,4,4,4
test,test_2456.jpg,24,6,4.5,8,18,1.0,문자·간판 읽기,2,4,8,4
test,test_2457.jpg,46,12,8.0,11,32,1.5,전화번호,7,11,6,8
test,test_2458.jpg,25,6,6.0,7,24,1.0,문자·간판 읽기,5,5,7,7
test,test_2459.jpg,30,9,14.0,15,56,3.0,문자·간판 읽기,14,15,13,14
test,test_2460.jpg,27,7,8.25,9,33,1.75,문자·간판 읽기,7,9,8,9
test,test_2461.jpg,25,7,2.75,3,11,1.0,전화번호,3,3,2,3
test,test_2462.jpg,31,6,23.0,23,92,3.0,날짜·시간,23,23,23,23
test,test_2463.jpg,30,9,8.5,10,34,2.0,문자·간판 읽기,10,8,8,8
test,test_2464.jpg,33,9,3.5,5,14,1.5,문자·간판 읽기,5,2,5,2
test,test_2465.jpg,36,10,5.5,7,22,1.5,문자·간판 읽기,3,6,7,6
test,test_2466.jpg,39,9,10.25,11,41,3.0,기타,10,10,10,11
test,test_2467.jpg,33,7,4.0,4,16,1.0,가격·금액,4,4,4,4
test,test_2468.jpg,38,8,17.75,22,71,5.0,문자·간판 읽기,16,17,22,16
test,test_2469.jpg,40,9,7.0,7,28,1.0,가격·금액,7,7,7,7
test,test_2470.jpg,40,9,6.5,7,26,1.0,가격·금액,6,7,6,7
test,test_2471.jpg,33,7,6.25,7,25,1.0,가격·금액,6,6,7,6
test,test_2472.jpg,27,7,27.5,32,110,4.25,색상,32,29,29,20
test,test_2473.jpg,24,6,7.5,11,30,1.25,문자·간판 읽기,8,7,11,4
test,test_2474.jpg,40,12,2.0,3,8,1.0,문자·간판 읽기,3,3,1,1
test,test_2475.jpg,33,9,8.5,13,34,2.25,기타,8,13,6,7
test,test_2476.jpg,20,5,9.25,11,37,2.0,메뉴·상품,11,10,7,9
test,test_2477.jpg,52,11,4.0,8,16,1.25,인물·대상,2,3,3,8
test,test_2478.jpg,44,11,21.0,22,84,4.75,문자·간판 읽기,22,22,19,21
test,test_2479.jpg,42,11,11.25,13,45,2.75,기타,11,13,12,9
test,test_2480.jpg,42,10,3.0,3,12,1.0,인물·대상,3,3,3,3
test,test_2481.jpg,33,9,4.0,6,16,1.25,메뉴·상품,3,3,4,6
test,test_2482.jpg,19,5,14.25,15,57,3.0,기타,15,14,14,14
test,test_2483.jpg,24,6,5.5,6,22,1.0,가격·금액,4,6,6,6
test,test_2484.jpg,35,8,7.25,8,29,2.0,가격·금액,8,5,8,8
test,test_2485.jpg,38,8,3.75,4,15,1.0,기타,4,4,4,3
test,test_2486.jpg,30,8,2.75,5,11,1.0,문자·간판 읽기,2,2,5,2
test,test_2487.jpg,49,11,4.25,5,17,1.0,메뉴·상품,4,5,4,4
test,test_2488.jpg,18,5,8.0,8,32,1.0,가격·금액,8,8,8,8
test,test_2489.jpg,23,6,3.0,4,12,1.0,문자·간판 읽기,4,2,3,3
test,test_2490.jpg,23,6,4.5,6,18,1.25,위치·방향,4,6,3,5
test,test_2491.jpg,23,5,4.5,6,18,1.0,기타,6,4,4,4
test,test_2492.jpg,23,6,9.5,10,38,2.0,문자·간판 읽기,10,9,10,9
test,test_2493.jpg,24,6,13.0,18,52,2.25,문자·간판 읽기,12,18,8,14
test,test_2494.jpg,30,8,3.25,4,13,1.0,문자·간판 읽기,4,3,3,3
test,test_2495.jpg,45,13,10.5,16,42,2.5,메뉴·상품,10,16,8,8
test,test_2496.jpg,30,6,7.5,9,30,2.5,메뉴·상품,6,8,7,9
test,test_2497.jpg,37,10,2.5,3,10,1.0,색상,2,3,2,3
test,test_2498.jpg,31,9,5.25,9,21,1.5,문자·간판 읽기,9,6,3,3
test,test_2499.jpg,43,11,13.75,15,55,3.0,인물·대상,14,15,15,11
test,test_2500.jpg,34,10,4.5,6,18,1.25,문자·간판 읽기,6,3,4,5
test,test_2501.jpg,26,6,19.5,23,78,2.0,색상,18,18,19,23
test,test_2502.jpg,27,6,7.5,8,30,1.0,가격·금액,8,8,7,7
test,test_2503.jpg,41,10,6.5,9,26,2.25,문자·간판 읽기,6,5,6,9
test,test_2504.jpg,36,8,9.5,10,38,2.0,날짜·시간,9,10,9,10
test,test_2505.jpg,59,13,44.5,50,178,7.75,날짜·시간,41,41,50,46
test,test_2506.jpg,34,10,5.0,6,20,1.75,메뉴·상품,5,5,6,4
test,test_2507.jpg,35,8,4.75,6,19,1.5,문자·간판 읽기,6,2,5,6
test,test_2508.jpg,25,6,8.25,14,33,1.5,문자·간판 읽기,10,5,14,4
test,test_2509.jpg,68,18,8.25,16,33,2.25,문자·간판 읽기,2,8,7,16
test,test_2510.jpg,18,4,2.0,2,8,1.0,문자·간판 읽기,2,2,2,2
test,test_2511.jpg,26,6,5.0,6,20,1.25,기타,4,5,5,6
test,test_2512.jpg,17,4,6.75,10,27,1.25,문자·간판 읽기,4,10,6,7
test,test_2513.jpg,41,10,13.0,13,52,1.0,전화번호,13,13,13,13
test,test_2514.jpg,27,8,10.25,11,41,1.0,기타,10,11,10,10
test,test_2515.jpg,33,8,9.75,12,39,2.5,기타,9,8,10,12
test,test_2516.jpg,45,8,4.0,4,16,1.0,가격·금액,4,4,4,4
test,test_2517.jpg,36,10,4.5,5,18,1.0,색상,4,5,5,4
test,test_2518.jpg,25,7,4.0,5,16,1.0,문자·간판 읽기,5,3,4,4
test,test_2519.jpg,16,4,2.75,5,11,1.25,위치·방향,5,2,2,2
test,test_2520.jpg,15,4,16.75,22,67,4.75,기타,15,13,22,17
test,test_2521.jpg,22,5,8.5,9,34,1.0,문자·간판 읽기,8,9,8,9
test,test_2522.jpg,30,9,7.5,14,30,2.0,문자·간판 읽기,5,14,9,2
test,test_2523.jpg,25,7,3.0,4,12,1.0,메뉴·상품,4,3,3,2
test,test_2524.jpg,34,10,9.0,18,36,2.0,위치·방향,6,5,7,18
test,test_2525.jpg,21,6,3.75,6,15,1.25,기타,6,3,4,2
test,test_2526.jpg,33,8,13.0,17,52,2.0,문자·간판 읽기,11,12,12,17
test,test_2527.jpg,42,11,4.75,6,19,1.75,기타,5,4,4,6
test,test_2528.jpg,27,7,10.25,14,41,3.0,색상,8,14,8,11
test,test_2529.jpg,40,9,7.0,9,28,1.75,위치·방향,8,9,4,7
test,test_2530.jpg,16,4,7.0,7,28,1.0,가격·금액,7,7,7,7
test,test_2531.jpg,40,9,11.25,13,45,1.0,전화번호,13,13,8,11
test,test_2532.jpg,22,6,9.0,10,36,1.0,문자·간판 읽기,9,9,8,10
test,test_2533.jpg,23,6,2.75,5,11,1.0,문자·간판 읽기,1,5,1,4
test,test_2534.jpg,36,9,3.5,4,14,1.0,문자·간판 읽기,3,3,4,4
test,test_2535.jpg,39,9,20.25,25,81,4.0,기타,25,22,21,13
test,test_2536.jpg,37,10,7.5,10,30,1.25,문자·간판 읽기,5,7,8,10
test,test_2537.jpg,38,11,4.0,7,16,1.25,메뉴·상품,3,3,7,3
test,test_2538.jpg,30,8,6.75,9,27,1.0,기타,5,9,6,7
test,test_2539.jpg,33,6,2.25,3,9,1.0,메뉴·상품,2,2,3,2
test,test_2540.jpg,37,10,4.0,4,16,1.0,기타,4,4,4,4
test,test_2541.jpg,26,6,14.75,20,59,5.0,기타,14,13,12,20
test,test_2542.jpg,42,10,11.25,13,45,3.5,기타,11,12,13,9
test,test_2543.jpg,31,7,11.75,15,47,3.5,기타,14,10,15,8
test,test_2544.jpg,34,9,2.0,2,8,1.0,기타,2,2,2,2
test,test_2545.jpg,24,6,7.0,8,28,1.0,문자·간판 읽기,8,6,8,6
test,test_2546.jpg,21,5,8.75,19,35,1.75,문자·간판 읽기,2,6,19,8
test,test_2547.jpg,38,9,9.5,11,38,3.0,가격·금액,11,9,10,8
test,test_2548.jpg,33,9,3.0,3,12,1.0,색상,3,3,3,3
test,test_2549.jpg,24,6,6.0,6,24,2.0,문자·간판 읽기,6,6,6,6
test,test_2550.jpg,40,8,5.0,5,20,1.0,날짜·시간,5,5,5,5
test,test_2551.jpg,29,8,5.0,5,20,1.0,날짜·시간,5,5,5,5
test,test_2552.jpg,18,3,12.0,12,48,1.0,전화번호,12,12,12,12
test,test_2553.jpg,30,8,3.5,5,14,1.0,기타,3,3,5,3
test,test_2554.jpg,34,9,11.75,16,47,2.5,가격·금액,10,11,10,16
test,test_2555.jpg,40,12,7.75,10,31,2.75,기타,10,6,5,10
test,test_2556.jpg,10,2,8.0,8,32,2.0,위치·방향,8,8,8,8
test,test_2557.jpg,23,5,5.5,7,22,2.0,기타,5,5,5,7
test,test_2558.jpg,62,16,2.0,2,8,1.0,문자·간판 읽기,2,2,2,2
test,test_2559.jpg,34,9,7.5,10,30,2.0,색상,7,8,5,10
test,test_2560.jpg,40,10,4.0,4,16,1.0,가격·금액,4,4,4,4
test,test_2561.jpg,45,11,14.0,20,56,3.25,문자·간판 읽기,20,11,8,17
test,test_2562.jpg,40,9,20.75,23,83,3.25,메뉴·상품,23,21,21,18
test,test_2563.jpg,17,4,12.25,13,49,3.0,날짜·시간,12,12,13,12
test,test_2564.jpg,27,6,7.5,8,30,2.5,문자·간판 읽기,8,6,8,8
test,test_2565.jpg,30,7,5.5,7,22,1.0,위치·방향,6,5,7,4
test,test_2566.jpg,26,5,6.75,7,27,1.0,가격·금액,7,6,7,7
test,test_2567.jpg,16,4,6.75,8,27,2.0,문자·간판 읽기,6,6,8,7
test,test_2568.jpg,47,13,10.75,13,43,3.25,기타,13,9,11,10
test,test_2569.jpg,30,8,8.75,12,35,2.75,색상,12,8,7,8
test,test_2570.jpg,27,7,5.0,5,20,2.0,가격·금액,5,5,5,5
test,test_2571.jpg,32,8,4.0,4,16,1.0,메뉴·상품,4,4,4,4
test,test_2572.jpg,34,7,6.0,6,24,1.0,가격·금액,6,6,6,6
test,test_2573.jpg,23,6,9.25,12,37,2.5,문자·간판 읽기,6,8,12,11
test,test_2574.jpg,31,10,7.25,10,29,2.25,문자·간판 읽기,10,4,9,6
test,test_2575.jpg,15,4,3.5,4,14,1.0,기타,4,3,3,4
test,test_2576.jpg,25,7,4.0,4,16,1.0,문자·간판 읽기,4,4,4,4
test,test_2577.jpg,29,7,3.0,3,12,1.0,문자·간판 읽기,3,3,3,3
test,test_2578.jpg,19,5,3.75,4,15,1.0,문자·간판 읽기,4,4,3,4
test,test_2579.jpg,32,8,21.25,22,85,3.0,문자·간판 읽기,21,20,22,22
test,test_2580.jpg,21,6,18.75,25,75,2.5,문자·간판 읽기,18,16,25,16
test,test_2581.jpg,32,8,7.25,9,29,1.25,문자·간판 읽기,7,7,9,6
test,test_2582.jpg,24,6,4.5,6,18,1.0,문자·간판 읽기,4,4,4,6
test,test_2583.jpg,37,8,6.0,6,24,1.0,가격·금액,6,6,6,6
test,test_2584.jpg,16,4,3.5,4,14,1.0,문자·간판 읽기,4,3,4,3
test,test_2585.jpg,24,6,1.75,2,7,1.0,색상,2,2,1,2
test,test_2586.jpg,24,5,30.0,30,120,4.0,날짜·시간,30,30,30,30
test,test_2587.jpg,27,7,5.25,10,21,1.25,문자·간판 읽기,10,4,3,4
test,test_2588.jpg,29,6,5.75,6,23,2.0,날짜·시간,6,5,6,6
test,test_2589.jpg,31,8,6.5,7,26,1.75,메뉴·상품,7,7,7,5
test,test_2590.jpg,33,9,9.25,15,37,1.75,위치·방향,7,5,10,15
test,test_2591.jpg,28,7,11.5,12,46,2.0,문자·간판 읽기,12,12,11,11
test,test_2592.jpg,25,7,8.75,10,35,3.0,메뉴·상품,8,10,8,9
test,test_2593.jpg,29,6,11.75,13,47,1.0,전화번호,11,11,13,12
test,test_2594.jpg,24,6,18.75,24,75,2.5,문자·간판 읽기,21,14,16,24
test,test_2595.jpg,24,6,11.25,14,45,3.0,가격·금액,14,11,9,11
test,test_2596.jpg,44,11,11.0,17,44,2.75,기타,7,13,7,17
test,test_2597.jpg,24,6,3.75,5,15,1.0,문자·간판 읽기,4,5,3,3
test,test_2598.jpg,49,10,17.0,18,68,5.5,위치·방향,16,18,17,17
test,test_2599.jpg,22,5,5.75,10,23,2.25,메뉴·상품,5,10,4,4
test,test_2600.jpg,16,4,21.25,24,85,3.25,문자·간판 읽기,18,24,22,21
test,test_2601.jpg,15,4,10.5,13,42,3.0,기타,10,9,13,10
test,test_2602.jpg,24,7,15.0,21,60,3.75,문자·간판 읽기,21,12,14,13
test,test_2603.jpg,29,6,6.25,8,25,2.25,메뉴·상품,8,5,6,6
test,test_2604.jpg,42,12,3.0,4,12,1.0,위치·방향,3,4,3,2
test,test_2605.jpg,22,6,6.0,6,24,1.0,가격·금액,6,6,6,6
test,test_2606.jpg,29,6,21.5,24,86,4.75,색상,23,24,18,21
test,test_2607.jpg,30,6,2.25,3,9,1.0,기타,2,3,2,2
test,test_2608.jpg,27,7,4.5,9,18,1.25,문자·간판 읽기,9,4,3,2
test,test_2609.jpg,37,9,7.0,7,28,1.0,가격·금액,7,7,7,7
test,test_2610.jpg,20,5,3.0,3,12,1.0,가격·금액,3,3,3,3
test,test_2611.jpg,27,8,5.0,7,20,1.5,문자·간판 읽기,5,7,3,5
test,test_2612.jpg,28,8,5.0,5,20,1.0,전화번호,5,5,5,5
test,test_2613.jpg,35,9,16.5,18,66,4.25,기타,17,18,18,13
test,test_2614.jpg,17,4,8.0,9,32,1.75,문자·간판 읽기,9,8,7,8
test,test_2615.jpg,35,7,5.5,6,22,1.0,가격·금액,5,6,5,6
test,test_2616.jpg,40,9,5.0,5,20,1.0,날짜·시간,5,5,5,5
test,test_2617.jpg,42,10,18.5,21,74,4.5,문자·간판 읽기,16,21,20,17
test,test_2618.jpg,28,6,3.0,3,12,1.0,가격·금액,3,3,3,3
test,test_2619.jpg,24,6,3.75,4,15,1.0,문자·간판 읽기,3,4,4,4
test,test_2620.jpg,25,6,8.75,11,35,1.0,전화번호,8,11,8,8
test,test_2621.jpg,15,4,4.5,5,18,2.0,메뉴·상품,5,4,4,5
test,test_2622.jpg,23,6,4.0,5,16,1.0,문자·간판 읽기,5,5,3,3
test,test_2623.jpg,40,12,7.0,8,28,2.25,기타,8,7,6,7
test,test_2624.jpg,40,9,28.5,29,114,5.0,날짜·시간,29,28,28,29
test,test_2625.jpg,38,9,7.0,7,28,1.0,가격·금액,7,7,7,7
test,test_2626.jpg,53,14,9.0,9,36,3.0,가격·금액,9,9,9,9
test,test_2627.jpg,26,7,4.0,4,16,1.0,날짜·시간,4,4,4,4
test,test_2628.jpg,22,6,3.0,3,12,1.0,문자·간판 읽기,3,3,3,3
test,test_2629.jpg,22,6,5.75,8,23,1.75,기타,8,5,8,2
test,test_2630.jpg,23,6,15.25,22,61,2.25,문자·간판 읽기,14,14,11,22
test,test_2631.jpg,22,6,14.75,20,59,4.0,인물·대상,14,20,14,11
test,test_2632.jpg,28,8,5.0,8,20,1.0,색상,8,2,4,6
test,test_2633.jpg,29,8,4.25,6,17,1.25,기타,5,3,6,3
test,test_2634.jpg,16,4,4.0,5,16,1.0,문자·간판 읽기,3,5,4,4
test,test_2635.jpg,16,4,4.25,5,17,1.0,문자·간판 읽기,5,4,4,4
test,test_2636.jpg,26,7,11.0,18,44,1.75,문자·간판 읽기,18,9,8,9
test,test_2637.jpg,33,8,14.0,14,56,3.0,가격·금액,14,14,14,14
test,test_2638.jpg,38,10,9.5,14,38,1.75,색상,14,6,7,11
test,test_2639.jpg,25,7,14.5,21,58,4.0,인물·대상,21,11,12,14
test,test_2640.jpg,40,8,6.75,7,27,1.0,가격·금액,7,6,7,7
test,test_2641.jpg,40,11,17.0,17,68,4.0,문자·간판 읽기,17,17,17,17
test,test_2642.jpg,24,7,3.0,3,12,1.0,문자·간판 읽기,3,3,3,3
test,test_2643.jpg,23,4,13.0,13,52,3.0,날짜·시간,13,13,13,13
test,test_2644.jpg,16,4,8.75,18,35,2.25,문자·간판 읽기,6,18,7,4
test,test_2645.jpg,43,10,6.75,9,27,2.0,기타,3,9,8,7
test,test_2646.jpg,26,5,6.0,6,24,1.0,가격·금액,6,6,6,6
test,test_2647.jpg,18,5,10.25,12,41,2.0,문자·간판 읽기,8,9,12,12
test,test_2648.jpg,37,9,10.75,15,43,2.75,문자·간판 읽기,15,11,8,9
test,test_2649.jpg,30,9,7.25,13,29,1.25,문자·간판 읽기,4,13,4,8
test,test_2650.jpg,39,11,5.0,6,20,1.75,메뉴·상품,6,4,5,5
test,test_2651.jpg,30,7,12.0,13,48,1.0,전화번호,13,11,12,12
test,test_2652.jpg,32,7,12.0,13,48,1.5,전화번호,13,11,13,11
test,test_2653.jpg,30,8,8.0,14,32,2.25,문자·간판 읽기,6,6,14,6
test,test_2654.jpg,31,9,4.75,5,19,1.0,문자·간판 읽기,5,5,5,4
test,test_2655.jpg,19,5,4.0,4,16,1.0,문자·간판 읽기,4,4,4,4
test,test_2656.jpg,40,9,21.75,33,87,5.5,문자·간판 읽기,18,16,20,33
test,test_2657.jpg,41,9,12.5,21,50,2.0,가격·금액,6,12,21,11
test,test_2658.jpg,20,5,4.25,8,17,1.25,인물·대상,3,3,3,8
test,test_2659.jpg,24,5,25.0,25,100,3.0,날짜·시간,25,25,25,25
test,test_2660.jpg,25,7,2.0,2,8,1.0,메뉴·상품,2,2,2,2
test,test_2661.jpg,22,6,8.25,13,33,2.5,문자·간판 읽기,13,7,4,9
test,test_2662.jpg,29,8,4.75,7,19,1.25,문자·간판 읽기,7,3,4,5
test,test_2663.jpg,47,12,7.75,8,31,2.0,날짜·시간,8,7,8,8
test,test_2664.jpg,25,7,3.75,5,15,1.25,메뉴·상품,5,3,4,3
test,test_2665.jpg,28,6,5.25,7,21,1.25,문자·간판 읽기,7,4,3,7
test,test_2666.jpg,33,9,5.0,7,20,1.25,문자·간판 읽기,5,4,4,7
test,test_2667.jpg,16,4,4.0,4,16,1.0,문자·간판 읽기,4,4,4,4
test,test_2668.jpg,48,12,5.0,5,20,1.0,날짜·시간,5,5,5,5
test,test_2669.jpg,46,11,10.5,15,42,3.5,기타,11,6,15,10
test,test_2670.jpg,40,9,5.25,6,21,1.0,메뉴·상품,5,6,5,5
test,test_2671.jpg,25,6,5.0,5,20,1.0,가격·금액,5,5,5,5
test,test_2672.jpg,35,9,1.0,1,4,1.0,전화번호,1,1,1,1
test,test_2673.jpg,33,8,10.0,11,40,3.0,기타,9,11,9,11
test,test_2674.jpg,24,6,12.75,13,51,1.0,전화번호,13,13,13,12
test,test_2675.jpg,37,9,5.0,5,20,1.0,메뉴·상품,5,5,5,5
test,test_2676.jpg,29,8,7.25,9,29,1.75,문자·간판 읽기,9,8,8,4
test,test_2677.jpg,33,8,5.75,6,23,1.0,메뉴·상품,6,5,6,6
test,test_2678.jpg,23,6,3.5,5,14,1.0,문자·간판 읽기,5,3,3,3
test,test_2679.jpg,38,5,11.25,13,45,2.0,인물·대상,13,10,12,10
test,test_2680.jpg,26,6,9.5,16,38,3.25,기타,9,16,6,7
test,test_2681.jpg,25,7,14.5,21,58,2.0,메뉴·상품,17,21,16,4
test,test_2682.jpg,37,11,3.0,3,12,1.0,문자·간판 읽기,3,3,3,3
test,test_2683.jpg,29,7,6.75,8,27,1.0,문자·간판 읽기,8,7,6,6
test,test_2684.jpg,16,4,6.0,10,24,1.5,문자·간판 읽기,5,5,4,10
test,test_2685.jpg,55,13,6.75,8,27,2.0,메뉴·상품,6,8,6,7
test,test_2686.jpg,40,11,3.5,7,14,1.25,위치·방향,7,2,3,2
test,test_2687.jpg,39,9,3.5,5,14,1.0,가격·금액,3,5,3,3
test,test_2688.jpg,20,5,13.25,20,53,3.0,위치·방향,12,20,11,10
test,test_2689.jpg,34,8,5.75,8,23,2.25,기타,5,5,8,5
test,test_2690.jpg,32,9,12.5,17,50,1.0,기타,17,11,9,13
test,test_2691.jpg,32,8,9.25,14,37,2.25,색상,8,12,3,14
test,test_2692.jpg,23,5,11.0,12,44,1.0,전화번호,8,12,12,12
test,test_2693.jpg,28,7,3.0,3,12,1.0,기타,3,3,3,3
test,test_2694.jpg,34,9,7.0,12,28,1.5,색상,12,3,3,10
test,test_2695.jpg,45,11,6.0,6,24,1.0,가격·금액,6,6,6,6
test,test_2696.jpg,29,6,6.0,6,24,1.0,가격·금액,6,6,6,6
test,test_2697.jpg,29,7,6.0,7,24,2.0,기타,6,6,5,7
test,test_2698.jpg,32,6,5.5,6,22,2.0,기타,6,5,6,5
test,test_2699.jpg,28,7,26.75,31,107,6.75,날짜·시간,31,22,26,28
test,test_2700.jpg,16,4,7.75,10,31,2.0,메뉴·상품,10,7,7,7
test,test_2701.jpg,17,4,8.25,11,33,2.25,문자·간판 읽기,8,9,5,11
test,test_2702.jpg,30,8,5.0,8,20,1.25,색상,4,8,4,4
test,test_2703.jpg,32,9,6.25,9,25,2.25,문자·간판 읽기,9,5,5,6
test,test_2704.jpg,35,8,8.25,10,33,3.0,메뉴·상품,10,8,7,8
test,test_2705.jpg,22,5,20.75,30,83,2.5,문자·간판 읽기,12,30,15,26
test,test_2706.jpg,22,5,6.25,7,25,1.0,위치·방향,4,7,7,7
test,test_2707.jpg,12,3,4.75,5,19,1.0,기타,5,4,5,5
test,test_2708.jpg,37,10,6.0,6,24,2.0,전화번호,6,6,6,6
test,test_2709.jpg,38,10,4.0,4,16,1.0,전화번호,4,4,4,4
test,test_2710.jpg,33,9,8.0,10,32,2.0,문자·간판 읽기,10,6,7,9
test,test_2711.jpg,28,6,10.5,13,42,2.75,기타,9,12,8,13
test,test_2712.jpg,17,4,12.75,16,51,2.75,문자·간판 읽기,14,16,6,15
test,test_2713.jpg,34,8,9.25,10,37,3.0,가격·금액,9,9,9,10
test,test_2714.jpg,43,10,14.75,18,59,4.25,기타,16,12,18,13
test,test_2715.jpg,27,7,3.0,3,12,1.0,위치·방향,3,3,3,3
test,test_2716.jpg,49,12,7.0,10,28,2.25,위치·방향,6,6,6,10
test,test_2717.jpg,46,11,2.25,3,9,1.0,기타,2,2,3,2
test,test_2718.jpg,44,12,3.5,4,14,1.0,위치·방향,3,4,4,3
test,test_2719.jpg,25,4,12.25,13,49,3.0,날짜·시간,13,12,12,12
test,test_2720.jpg,35,8,6.0,6,24,1.0,가격·금액,6,6,6,6
test,test_2721.jpg,30,7,11.0,11,44,1.0,전화번호,11,11,11,11
test,test_2722.jpg,33,9,9.0,11,36,2.0,메뉴·상품,8,10,11,7
test,test_2723.jpg,31,9,4.25,5,17,1.0,문자·간판 읽기,4,4,4,5
test,test_2724.jpg,24,6,8.5,9,34,1.0,전화번호,9,8,8,9
test,test_2725.jpg,28,7,2.0,2,8,1.0,위치·방향,2,2,2,2
test,test_2726.jpg,34,6,11.0,11,44,1.0,날짜·시간,11,11,11,11
test,test_2727.jpg,26,7,5.0,5,20,2.0,수량·계수,5,5,5,5
test,test_2728.jpg,22,6,26.5,37,106,5.25,문자·간판 읽기,26,21,37,22
test,test_2729.jpg,20,5,15.5,16,62,4.0,기타,16,15,16,15
test,test_2730.jpg,31,8,6.25,8,25,2.0,색상,5,8,6,6
test,test_2731.jpg,27,7,10.75,17,43,2.75,날짜·시간,17,13,7,6
test,test_2732.jpg,22,6,11.5,15,46,2.0,문자·간판 읽기,12,15,10,9
test,test_2733.jpg,27,7,6.0,6,24,1.0,가격·금액,6,6,6,6
test,test_2734.jpg,24,6,8.0,8,32,1.0,전화번호,8,8,8,8
test,test_2735.jpg,23,6,4.0,4,16,1.0,문자·간판 읽기,4,4,4,4
test,test_2736.jpg,26,6,3.5,5,14,1.0,문자·간판 읽기,2,3,4,5
test,test_2737.jpg,20,5,8.0,8,32,3.0,문자·간판 읽기,8,8,8,8
test,test_2738.jpg,23,6,4.0,5,16,1.0,문자·간판 읽기,5,3,5,3
test,test_2739.jpg,26,7,8.0,11,32,1.0,문자·간판 읽기,9,7,11,5
test,test_2740.jpg,35,9,7.25,9,29,2.5,메뉴·상품,9,9,6,5
test,test_2741.jpg,15,4,7.0,7,28,2.0,기타,7,7,7,7
test,test_2742.jpg,34,8,5.5,12,22,1.5,기타,4,12,3,3
test,test_2743.jpg,46,11,8.0,8,32,2.0,색상,8,8,8,8
test,test_2744.jpg,56,14,20.0,23,80,4.5,위치·방향,23,22,18,17
test,test_2745.jpg,43,10,5.25,7,21,1.0,문자·간판 읽기,7,5,5,4
test,test_2746.jpg,20,5,4.0,4,16,1.0,문자·간판 읽기,4,4,4,4
test,test_2747.jpg,38,8,5.0,6,20,1.0,문자·간판 읽기,5,4,5,6
test,test_2748.jpg,43,10,7.75,8,31,2.0,기타,8,8,8,7
test,test_2749.jpg,23,7,5.0,5,20,1.0,날짜·시간,5,5,5,5
test,test_2750.jpg,32,7,11.25,13,45,3.5,기타,9,12,13,11
test,test_2751.jpg,38,11,7.0,9,28,2.75,색상,6,6,9,7
test,test_2752.jpg,34,8,8.75,11,35,2.25,기타,11,8,8,8
test,test_2753.jpg,22,6,9.25,11,37,1.25,문자·간판 읽기,7,11,9,10
test,test_2754.jpg,22,6,12.5,14,50,2.0,문자·간판 읽기,12,14,12,12
test,test_2755.jpg,16,4,8.0,8,32,2.0,기타,8,8,8,8
test,test_2756.jpg,20,5,9.0,9,36,3.0,문자·간판 읽기,9,9,9,9
test,test_2757.jpg,30,7,6.25,7,25,1.0,가격·금액,6,7,6,6
test,test_2758.jpg,27,7,19.25,21,77,2.75,문자·간판 읽기,18,19,19,21
test,test_2759.jpg,30,6,5.75,6,23,2.0,기타,5,6,6,6
test,test_2760.jpg,24,6,8.0,13,32,2.5,기타,6,8,5,13
test,test_2761.jpg,20,5,11.75,12,47,2.0,문자·간판 읽기,12,11,12,12
test,test_2762.jpg,20,5,2.0,2,8,1.0,가격·금액,2,2,2,2
test,test_2763.jpg,50,11,20.75,24,83,6.0,기타,24,11,24,24
test,test_2764.jpg,33,7,6.5,7,26,1.0,가격·금액,6,7,6,7
test,test_2765.jpg,27,8,9.0,9,36,3.0,문자·간판 읽기,9,9,9,9
test,test_2766.jpg,16,4,3.0,3,12,1.0,기타,3,3,3,3
test,test_2767.jpg,27,7,11.0,13,44,2.5,가격·금액,7,12,13,12
test,test_2768.jpg,27,7,6.25,7,25,2.0,메뉴·상품,6,6,7,6
test,test_2769.jpg,37,10,5.5,7,22,1.5,문자·간판 읽기,7,3,7,5
test,test_2770.jpg,40,6,4.0,4,16,1.0,가격·금액,4,4,4,4
test,test_2771.jpg,31,9,3.25,4,13,1.0,메뉴·상품,3,4,2,4
test,test_2772.jpg,42,12,17.75,20,71,5.5,기타,18,20,16,17
test,test_2773.jpg,29,9,10.25,15,41,2.75,기타,8,10,8,15
test,test_2774.jpg,27,5,6.0,6,24,1.0,가격·금액,6,6,6,6
test,test_2775.jpg,25,7,10.25,19,41,2.75,문자·간판 읽기,6,19,7,9
test,test_2776.jpg,22,5,12.25,13,49,3.0,문자·간판 읽기,13,12,12,12
test,test_2777.jpg,34,8,15.25,18,61,3.0,인물·대상,11,14,18,18
test,test_2778.jpg,24,6,6.75,10,27,1.5,문자·간판 읽기,5,8,4,10
test,test_2779.jpg,30,8,6.25,7,25,1.0,색상,7,6,6,6
test,test_2780.jpg,16,4,5.5,6,22,1.0,문자·간판 읽기,5,5,6,6
test,test_2781.jpg,39,10,18.0,19,72,4.0,문자·간판 읽기,18,18,17,19
test,test_2782.jpg,45,10,6.75,7,27,1.0,가격·금액,6,7,7,7
test,test_2783.jpg,47,11,15.5,16,62,4.0,날짜·시간,16,16,15,15
test,test_2784.jpg,35,9,7.0,11,28,1.25,메뉴·상품,6,6,5,11
test,test_2785.jpg,22,5,5.25,6,21,1.0,문자·간판 읽기,5,6,5,5
test,test_2786.jpg,24,6,4.75,5,19,1.0,문자·간판 읽기,4,5,5,5
test,test_2787.jpg,34,8,6.0,7,24,1.0,문자·간판 읽기,5,7,6,6
test,test_2788.jpg,26,5,6.25,7,25,1.0,가격·금액,6,6,6,7
test,test_2789.jpg,19,4,2.0,2,8,1.0,위치·방향,2,2,2,2
test,test_2790.jpg,40,10,21.75,29,87,5.5,기타,17,29,25,16
test,test_2791.jpg,21,6,3.0,3,12,1.0,전화번호,3,3,3,3
test,test_2792.jpg,29,8,10.25,11,41,2.0,메뉴·상품,10,11,9,11
test,test_2793.jpg,28,8,14.75,15,59,4.0,문자·간판 읽기,15,14,15,15
test,test_2794.jpg,33,8,7.25,8,29,2.0,위치·방향,8,7,7,7
test,test_2795.jpg,16,4,7.5,9,30,2.0,메뉴·상품,9,8,7,6
test,test_2796.jpg,29,7,6.5,7,26,2.0,위치·방향,6,7,7,6
test,test_2797.jpg,29,7,15.0,17,60,1.0,문자·간판 읽기,16,12,15,17
test,test_2798.jpg,39,7,23.5,30,94,4.0,기타,30,20,22,22
test,test_2799.jpg,24,6,4.0,4,16,1.0,메뉴·상품,4,4,4,4
test,test_2800.jpg,29,6,6.0,6,24,1.0,가격·금액,6,6,6,6
test,test_2801.jpg,40,8,4.75,7,19,1.0,가격·금액,7,6,4,2
test,test_2802.jpg,37,10,12.0,15,48,3.0,기타,9,10,14,15
test,test_2803.jpg,37,9,2.25,3,9,1.0,위치·방향,2,2,2,3
test,test_2804.jpg,16,4,5.0,6,20,1.0,문자·간판 읽기,4,5,6,5
test,test_2805.jpg,29,8,4.25,6,17,1.25,문자·간판 읽기,4,4,6,3
test,test_2806.jpg,28,7,4.0,5,16,1.0,문자·간판 읽기,2,4,5,5
test,test_2807.jpg,62,15,7.5,8,30,2.0,가격·금액,7,7,8,8
test,test_2808.jpg,42,11,14.75,20,59,3.75,날짜·시간,12,20,7,20
test,test_2809.jpg,33,7,8.0,8,32,2.0,문자·간판 읽기,8,8,8,8
test,test_2810.jpg,26,5,6.75,9,27,2.25,기타,7,9,6,5
test,test_2811.jpg,37,10,6.75,8,27,1.0,위치·방향,5,8,7,7
test,test_2812.jpg,37,8,2.5,4,10,1.0,기타,4,2,2,2
test,test_2813.jpg,28,7,28.25,36,113,4.5,문자·간판 읽기,24,29,24,36
test,test_2814.jpg,27,7,5.25,11,21,1.25,문자·간판 읽기,3,3,11,4
test,test_2815.jpg,27,7,11.75,14,47,2.0,문자·간판 읽기,8,11,14,14
test,test_2816.jpg,21,6,4.25,6,17,1.0,문자·간판 읽기,4,4,3,6
test,test_2817.jpg,26,7,10.5,12,42,2.5,문자·간판 읽기,9,12,10,11
test,test_2818.jpg,28,8,3.75,5,15,1.0,문자·간판 읽기,2,4,5,4
test,test_2819.jpg,19,3,9.25,10,37,1.0,전화번호,10,10,10,7
test,test_2820.jpg,27,7,11.75,21,47,2.25,문자·간판 읽기,11,21,6,9
test,test_2821.jpg,40,9,7.75,8,31,2.0,가격·금액,8,7,8,8
test,test_2822.jpg,39,10,3.75,5,15,1.0,인물·대상,3,5,3,4
test,test_2823.jpg,42,9,2.0,2,8,1.0,문자·간판 읽기,2,2,2,2
test,test_2824.jpg,36,8,5.25,6,21,1.75,기타,5,6,5,5
test,test_2825.jpg,45,11,9.25,11,37,3.25,문자·간판 읽기,9,8,11,9
test,test_2826.jpg,51,12,4.5,6,18,1.0,가격·금액,6,4,4,4
test,test_2827.jpg,45,12,11.5,14,46,3.5,기타,14,12,10,10
test,test_2828.jpg,40,11,4.25,5,17,1.0,문자·간판 읽기,4,4,4,5
test,test_2829.jpg,24,6,6.5,9,26,1.0,문자·간판 읽기,9,7,6,4
test,test_2830.jpg,36,8,4.25,5,17,1.0,가격·금액,5,4,4,4
test,test_2831.jpg,57,14,23.25,27,93,5.5,색상,22,27,24,20
test,test_2832.jpg,48,12,12.25,13,49,3.75,문자·간판 읽기,12,13,12,12
test,test_2833.jpg,36,7,6.5,7,26,1.0,가격·금액,6,7,7,6
test,test_2834.jpg,69,15,2.75,3,11,1.0,색상,3,2,3,3
test,test_2835.jpg,24,6,12.25,19,49,3.5,위치·방향,11,19,14,5
test,test_2836.jpg,26,8,6.25,9,25,2.25,위치·방향,5,7,4,9
test,test_2837.jpg,35,9,6.5,7,26,1.0,가격·금액,6,6,7,7
test,test_2838.jpg,24,5,6.25,7,25,1.0,가격·금액,6,7,6,6
test,test_2839.jpg,46,11,12.0,15,48,3.0,메뉴·상품,10,14,9,15
test,test_2840.jpg,67,18,18.5,21,74,4.75,기타,21,21,14,18
test,test_2841.jpg,38,10,29.75,41,119,8.75,메뉴·상품,31,41,22,25
test,test_2842.jpg,23,6,9.0,12,36,2.5,기타,7,10,7,12
test,test_2843.jpg,29,7,9.25,11,37,3.0,위치·방향,9,11,9,8
test,test_2844.jpg,27,8,15.25,20,61,3.75,문자·간판 읽기,20,13,15,13
test,test_2845.jpg,66,17,7.0,7,28,2.0,수량·계수,7,7,7,7
test,test_2846.jpg,23,6,16.75,19,67,2.25,문자·간판 읽기,12,19,18,18
test,test_2847.jpg,19,5,20.25,23,81,5.5,문자·간판 읽기,23,17,23,18
test,test_2848.jpg,38,7,6.0,6,24,1.0,가격·금액,6,6,6,6
test,test_2849.jpg,32,9,10.0,12,40,1.75,문자·간판 읽기,12,11,9,8
test,test_2850.jpg,30,8,7.75,9,31,2.5,인물·대상,9,7,7,8
test,test_2851.jpg,26,5,6.25,7,25,1.0,가격·금액,6,6,7,6
test,test_2852.jpg,16,4,4.5,5,18,1.0,문자·간판 읽기,4,5,5,4
test,test_2853.jpg,39,10,16.25,18,65,5.0,기타,18,17,15,15
test,test_2854.jpg,39,9,9.5,11,38,2.0,위치·방향,10,8,11,9
test,test_2855.jpg,23,6,10.25,13,41,2.0,문자·간판 읽기,13,8,11,9
test,test_2856.jpg,17,4,5.5,6,22,1.0,문자·간판 읽기,5,6,5,6
test,test_2857.jpg,26,7,2.0,2,8,1.0,가격·금액,2,2,2,2
test,test_2858.jpg,41,11,17.75,20,71,4.25,기타,20,20,18,13
test,test_2859.jpg,28,7,5.0,5,20,1.0,날짜·시간,5,5,5,5
test,test_2860.jpg,47,12,6.0,7,24,2.5,색상,5,7,5,7
test,test_2861.jpg,27,7,3.5,4,14,1.0,문자·간판 읽기,4,4,3,3
test,test_2862.jpg,24,6,6.75,8,27,1.0,위치·방향,8,6,7,6
test,test_2863.jpg,43,10,2.0,2,8,1.0,기타,2,2,2,2
test,test_2864.jpg,40,10,3.25,4,13,1.0,가격·금액,3,4,3,3
test,test_2865.jpg,41,9,21.75,29,87,3.0,가격·금액,9,24,25,29
test,test_2866.jpg,22,6,3.5,5,14,1.25,문자·간판 읽기,3,3,3,5
test,test_2867.jpg,55,11,17.0,22,68,4.25,기타,22,13,20,13
test,test_2868.jpg,27,7,2.0,2,8,1.0,문자·간판 읽기,2,2,2,2
test,test_2869.jpg,32,8,3.25,5,13,1.25,기타,3,3,5,2
test,test_2870.jpg,55,14,8.75,12,35,2.75,메뉴·상품,9,12,7,7
test,test_2871.jpg,29,7,6.25,8,25,1.75,문자·간판 읽기,8,3,8,6
test,test_2872.jpg,26,7,15.0,18,60,2.25,문자·간판 읽기,14,13,15,18
test,test_2873.jpg,19,5,15.0,16,60,3.0,기타,16,14,15,15
test,test_2874.jpg,37,12,9.75,15,39,3.25,기타,13,6,5,15
test,test_2875.jpg,32,10,5.25,9,21,1.25,문자·간판 읽기,4,9,4,4
test,test_2876.jpg,46,11,5.25,8,21,1.75,가격·금액,6,8,5,2
test,test_2877.jpg,33,8,4.25,7,17,1.25,기타,3,3,7,4
test,test_2878.jpg,36,9,7.0,7,28,1.0,가격·금액,7,7,7,7
test,test_2879.jpg,42,11,3.5,4,14,1.0,메뉴·상품,4,3,4,3
test,test_2880.jpg,40,10,11.5,15,46,2.5,위치·방향,15,12,11,8
test,test_2881.jpg,28,7,12.0,20,48,3.0,색상,10,11,20,7
test,test_2882.jpg,25,6,6.25,7,25,2.0,위치·방향,7,6,6,6
test,test_2883.jpg,41,12,3.0,3,12,1.0,전화번호,3,3,3,3
test,test_2884.jpg,23,6,7.5,13,30,1.75,문자·간판 읽기,5,13,8,4
test,test_2885.jpg,29,8,10.0,11,40,2.75,문자·간판 읽기,10,10,9,11
test,test_2886.jpg,29,8,10.0,12,40,1.75,문자·간판 읽기,9,8,12,11
test,test_2887.jpg,29,8,4.75,6,19,1.0,문자·간판 읽기,4,5,4,6
test,test_2888.jpg,37,9,18.25,26,73,4.75,기타,26,19,14,14
test,test_2889.jpg,67,17,3.0,3,12,1.0,기타,3,3,3,3
test,test_2890.jpg,36,11,4.75,5,19,2.0,위치·방향,5,5,4,5
test,test_2891.jpg,45,12,10.5,13,42,3.75,메뉴·상품,10,10,13,9
test,test_2892.jpg,26,8,21.0,26,84,5.25,기타,18,26,18,22
test,test_2893.jpg,31,9,5.25,8,21,1.5,메뉴·상품,3,8,4,6
test,test_2894.jpg,47,10,4.5,5,18,1.25,기타,5,4,5,4
test,test_2895.jpg,49,11,5.75,10,23,1.25,문자·간판 읽기,10,4,4,5
test,test_2896.jpg,32,8,8.25,9,33,2.0,위치·방향,8,8,9,8
test,test_2897.jpg,38,10,10.25,12,41,3.0,기타,12,12,9,8
test,test_2898.jpg,24,6,5.0,8,20,1.25,위치·방향,8,4,4,4
test,test_2899.jpg,41,9,17.75,19,71,3.75,기타,18,17,17,19
test,test_2900.jpg,68,13,6.0,9,24,1.0,가격·금액,9,5,5,5
test,test_2901.jpg,16,4,4.5,6,18,1.0,가격·금액,4,4,6,4
test,test_2902.jpg,44,12,4.5,5,18,1.0,위치·방향,5,4,5,4
test,test_2903.jpg,16,4,11.5,12,46,2.0,문자·간판 읽기,12,10,12,12
test,test_2904.jpg,38,10,7.0,8,28,3.0,위치·방향,7,8,6,7
test,test_2905.jpg,36,7,21.0,21,84,3.0,날짜·시간,21,21,21,21
test,test_2906.jpg,33,10,9.0,18,36,2.5,문자·간판 읽기,4,8,6,18
test,test_2907.jpg,41,10,12.75,19,51,2.5,색상,12,10,19,10
test,test_2908.jpg,33,7,11.25,13,45,1.0,가격·금액,11,10,11,13
test,test_2909.jpg,37,7,4.5,6,18,1.25,가격·금액,5,6,4,3
test,test_2910.jpg,40,12,3.0,3,12,1.0,문자·간판 읽기,3,3,3,3
test,test_2911.jpg,17,4,3.0,5,12,1.0,문자·간판 읽기,3,5,2,2
test,test_2912.jpg,24,7,4.0,5,16,1.0,문자·간판 읽기,4,4,5,3
test,test_2913.jpg,38,9,6.0,6,24,2.0,기타,6,6,6,6
test,test_2914.jpg,20,5,12.0,13,48,3.0,문자·간판 읽기,12,13,12,11
test,test_2915.jpg,32,9,4.25,5,17,1.0,위치·방향,4,5,4,4
test,test_2916.jpg,30,7,19.75,33,79,4.0,기타,24,33,11,11
test,test_2917.jpg,29,7,12.25,13,49,4.0,날짜·시간,12,13,12,12
test,test_2918.jpg,29,7,8.75,13,35,1.5,메뉴·상품,5,12,13,5
test,test_2919.jpg,32,9,7.5,10,30,1.25,위치·방향,9,5,6,10
test,test_2920.jpg,43,10,2.0,3,8,1.0,메뉴·상품,1,2,2,3
test,test_2921.jpg,28,7,11.25,12,45,3.0,메뉴·상품,11,12,11,11
test,test_2922.jpg,34,9,2.5,4,10,1.0,위치·방향,4,1,2,3
test,test_2923.jpg,44,11,12.75,16,51,3.75,기타,12,11,12,16
test,test_2924.jpg,43,10,6.5,10,26,1.5,문자·간판 읽기,4,10,5,7
test,test_2925.jpg,48,11,9.0,9,36,1.0,전화번호,9,9,9,9
test,test_2926.jpg,31,8,9.5,12,38,2.0,문자·간판 읽기,9,5,12,12
test,test_2927.jpg,38,10,12.0,12,48,3.0,가격·금액,12,12,12,12
test,test_2928.jpg,30,8,12.25,25,49,3.0,위치·방향,2,25,16,6
test,test_2929.jpg,57,12,16.0,17,64,4.0,기타,17,17,15,15
test,test_2930.jpg,32,8,7.0,7,28,2.0,기타,7,7,7,7
test,test_2931.jpg,26,6,10.25,15,41,2.5,날짜·시간,7,7,12,15
test,test_2932.jpg,34,9,20.5,24,82,5.25,색상,24,24,18,16
test,test_2933.jpg,31,10,5.75,7,23,1.75,기타,6,7,3,7
test,test_2934.jpg,27,7,16.75,21,67,2.5,메뉴·상품,21,15,13,18
test,test_2935.jpg,36,7,12.25,13,49,1.0,날짜·시간,11,13,12,13
test,test_2936.jpg,28,8,3.0,3,12,1.0,메뉴·상품,3,3,3,3
test,test_2937.jpg,40,10,10.5,15,42,3.0,문자·간판 읽기,10,7,10,15
test,test_2938.jpg,26,7,10.5,15,42,2.5,문자·간판 읽기,7,15,10,10
test,test_2939.jpg,34,7,35.5,41,142,5.75,기타,31,41,38,32
test,test_2940.jpg,45,9,18.75,25,75,5.75,문자·간판 읽기,25,15,17,18
test,test_2941.jpg,33,8,19.75,24,79,5.25,기타,24,23,13,19
test,test_2942.jpg,22,6,15.25,16,61,4.0,날짜·시간,16,15,15,15
test,test_2943.jpg,32,10,19.25,21,77,4.25,가격·금액,19,20,21,17
test,test_2944.jpg,30,8,12.0,12,48,4.0,날짜·시간,12,12,12,12
test,test_2945.jpg,29,7,3.25,4,13,1.0,문자·간판 읽기,4,3,3,3
test,test_2946.jpg,30,8,5.0,7,20,1.25,위치·방향,5,4,7,4
test,test_2947.jpg,22,6,10.5,12,42,4.0,기타,10,10,12,10
test,test_2948.jpg,25,6,5.25,8,21,1.25,문자·간판 읽기,3,5,5,8
test,test_2949.jpg,44,8,3.0,3,12,1.0,가격·금액,3,3,3,3
test,test_2950.jpg,22,4,12.0,13,48,1.0,전화번호,12,13,11,12
test,test_2951.jpg,30,6,6.0,6,24,1.0,가격·금액,6,6,6,6
test,test_2952.jpg,16,4,5.0,8,20,1.25,문자·간판 읽기,8,3,4,5
test,test_2953.jpg,27,6,5.0,7,20,1.0,기타,4,3,6,7
test,test_2954.jpg,45,11,3.0,3,12,1.0,위치·방향,3,3,3,3
test,test_2955.jpg,39,7,26.5,28,106,6.25,기타,23,27,28,28
test,test_2956.jpg,21,5,9.25,12,37,1.5,문자·간판 읽기,12,10,8,7
test,test_2957.jpg,35,9,13.75,14,55,4.0,메뉴·상품,13,14,14,14
test,test_2958.jpg,41,9,12.75,13,51,1.0,전화번호,13,13,13,12
test,test_2959.jpg,21,5,10.0,13,40,1.0,전화번호,12,9,13,6
test,test_2960.jpg,15,4,2.5,3,10,1.0,기타,3,3,2,2
test,test_2961.jpg,37,9,6.0,7,24,2.0,날짜·시간,6,7,5,6
test,test_2962.jpg,32,9,4.5,8,18,1.0,문자·간판 읽기,3,3,4,8
test,test_2963.jpg,31,8,7.25,9,29,1.0,위치·방향,5,6,9,9
test,test_2964.jpg,56,12,4.5,9,18,1.25,가격·금액,9,3,3,3
test,test_2965.jpg,38,9,3.0,3,12,1.0,기타,3,3,3,3
test,test_2966.jpg,15,4,12.75,17,51,3.75,기타,17,11,14,9
test,test_2967.jpg,23,6,5.0,8,20,1.25,문자·간판 읽기,4,4,8,4
test,test_2968.jpg,34,9,11.25,21,45,3.0,문자·간판 읽기,9,8,7,21
test,test_2969.jpg,37,9,11.5,13,46,1.0,전화번호,13,13,12,8
test,test_2970.jpg,39,9,10.5,11,42,3.0,문자·간판 읽기,11,11,10,10
test,test_2971.jpg,59,14,14.5,21,58,4.0,인물·대상,15,10,12,21
test,test_2972.jpg,25,7,2.0,2,8,1.0,문자·간판 읽기,2,2,2,2
test,test_2973.jpg,34,8,2.0,2,8,1.0,문자·간판 읽기,2,2,2,2
test,test_2974.jpg,31,6,6.0,6,24,1.0,가격·금액,6,6,6,6
test,test_2975.jpg,16,4,3.5,4,14,1.0,문자·간판 읽기,4,4,2,4
test,test_2976.jpg,25,6,6.0,9,24,2.0,메뉴·상품,9,3,9,3
test,test_2977.jpg,21,5,6.25,7,25,2.0,메뉴·상품,7,6,7,5
test,test_2978.jpg,35,11,12.25,16,49,2.75,문자·간판 읽기,5,16,12,16
test,test_2979.jpg,23,5,10.0,13,40,1.0,전화번호,11,8,8,13
test,test_2980.jpg,26,6,11.5,13,46,2.25,문자·간판 읽기,13,12,9,12
test,test_2981.jpg,31,7,13.0,18,52,3.0,기타,12,11,18,11
test,test_2982.jpg,21,5,4.25,5,17,1.0,기타,4,4,5,4
test,test_2983.jpg,52,12,3.0,3,12,1.0,위치·방향,3,3,3,3
test,test_2984.jpg,18,4,2.25,3,9,1.0,위치·방향,2,3,2,2
test,test_2985.jpg,39,9,9.0,9,36,1.0,전화번호,9,9,9,9
test,test_2986.jpg,20,5,6.0,6,24,1.0,메뉴·상품,6,6,6,6
test,test_2987.jpg,38,9,19.75,25,79,5.25,문자·간판 읽기,20,18,16,25
test,test_2988.jpg,60,14,26.25,28,105,6.5,문자·간판 읽기,25,26,28,26
test,test_2989.jpg,46,10,2.75,4,11,1.0,가격·금액,2,2,4,3
test,test_2990.jpg,32,7,2.25,3,9,1.0,위치·방향,3,2,2,2
test,test_2991.jpg,29,6,3.0,4,12,1.0,위치·방향,3,2,4,3
test,test_2992.jpg,48,13,3.25,6,13,1.25,색상,3,6,2,2
test,test_2993.jpg,48,10,17.25,20,69,2.75,기타,10,19,20,20
test,test_2994.jpg,31,6,12.75,16,51,3.5,기타,14,6,15,16
test,test_2995.jpg,28,8,8.5,9,34,2.0,기타,8,9,9,8
test,test_2996.jpg,15,4,12.0,14,48,2.5,기타,11,11,14,12
test,test_2997.jpg,39,11,5.25,6,21,2.0,기타,5,6,5,5
test,test_2998.jpg,28,7,6.0,8,24,1.5,기타,7,6,3,8
test,test_2999.jpg,40,8,2.25,3,9,1.0,기타,3,2,2,2
test,test_3000.jpg,44,12,8.0,15,32,1.75,문자·간판 읽기,4,3,10,15
test,test_3001.jpg,22,6,28.75,32,115,4.0,기타,29,28,26,32
test,test_3002.jpg,42,9,10.25,12,41,2.5,메뉴·상품,12,10,8,11
test,test_3003.jpg,22,5,17.75,27,71,4.5,문자·간판 읽기,27,13,14,17
test,test_3004.jpg,44,7,4.5,5,18,1.0,가격·금액,5,4,4,5
test,test_3005.jpg,35,8,9.25,10,37,3.0,가격·금액,9,9,9,10
test,test_3006.jpg,16,4,5.25,6,21,2.0,메뉴·상품,5,5,5,6
test,test_3007.jpg,25,5,5.0,5,20,1.0,가격·금액,5,5,5,5
test,test_3008.jpg,20,5,4.0,4,16,1.0,메뉴·상품,4,4,4,4
test,test_3009.jpg,38,10,5.0,6,20,1.0,위치·방향,6,6,4,4
test,test_3010.jpg,39,9,12.25,19,49,4.25,문자·간판 읽기,7,10,19,13
test,test_3011.jpg,37,8,3.25,4,13,1.0,가격·금액,3,4,3,3
test,test_3012.jpg,27,7,6.0,8,24,1.0,문자·간판 읽기,8,5,5,6
test,test_3013.jpg,29,9,15.5,16,62,4.0,문자·간판 읽기,15,15,16,16
test,test_3014.jpg,23,6,11.0,11,44,2.0,문자·간판 읽기,11,11,11,11
test,test_3015.jpg,23,4,3.0,3,12,1.0,메뉴·상품,3,3,3,3
test,test_3016.jpg,27,7,18.0,30,72,3.5,문자·간판 읽기,11,30,18,13
test,test_3017.jpg,44,8,10.5,15,42,3.0,기타,15,8,9,10
test,test_3018.jpg,43,12,19.5,36,78,6.25,색상,36,6,13,23
test,test_3019.jpg,26,7,4.75,7,19,1.0,문자·간판 읽기,7,4,4,4
test,test_3020.jpg,26,6,7.25,8,29,1.0,가격·금액,8,7,7,7
test,test_3021.jpg,23,6,6.5,12,26,2.0,위치·방향,12,4,6,4
test,test_3022.jpg,29,8,6.0,8,24,1.0,문자·간판 읽기,4,6,6,8
test,test_3023.jpg,30,7,4.0,4,16,1.0,가격·금액,4,4,4,4
test,test_3024.jpg,27,8,3.75,8,15,1.5,메뉴·상품,3,2,2,8
test,test_3025.jpg,28,8,10.0,19,40,2.0,문자·간판 읽기,19,9,5,7
test,test_3026.jpg,26,6,5.75,9,23,1.25,문자·간판 읽기,4,9,8,2
test,test_3027.jpg,28,7,38.5,41,154,8.5,문자·간판 읽기,38,41,35,40
test,test_3028.jpg,29,8,5.25,6,21,2.0,메뉴·상품,5,5,6,5
test,test_3029.jpg,25,6,6.25,7,25,1.0,가격·금액,6,6,7,6
test,test_3030.jpg,38,10,12.25,15,49,1.75,문자·간판 읽기,14,11,15,9
test,test_3031.jpg,28,6,5.5,6,22,1.0,가격·금액,4,6,6,6
test,test_3032.jpg,32,8,5.0,5,20,1.0,기타,5,5,5,5
test,test_3033.jpg,37,7,7.0,7,28,2.0,위치·방향,7,7,7,7
test,test_3034.jpg,16,4,7.5,9,30,1.0,문자·간판 읽기,9,9,4,8
test,test_3035.jpg,30,8,4.25,5,17,1.0,메뉴·상품,5,5,3,4
test,test_3036.jpg,22,6,16.25,19,65,3.0,문자·간판 읽기,16,14,16,19
test,test_3037.jpg,29,8,4.75,6,19,1.0,위치·방향,4,6,4,5
test,test_3038.jpg,23,6,10.0,11,40,3.25,문자·간판 읽기,11,11,9,9
test,test_3039.jpg,26,7,8.0,10,32,2.0,문자·간판 읽기,8,7,10,7
test,test_3040.jpg,30,8,7.0,7,28,1.0,가격·금액,7,7,7,7
test,test_3041.jpg,28,6,5.0,5,20,1.0,가격·금액,5,5,5,5
test,test_3042.jpg,31,8,18.25,19,73,3.0,문자·간판 읽기,19,17,19,18
test,test_3043.jpg,19,5,9.75,11,39,3.0,문자·간판 읽기,9,11,10,9
test,test_3044.jpg,34,9,16.0,22,64,2.5,문자·간판 읽기,11,10,22,21
test,test_3045.jpg,33,9,6.25,9,25,2.0,색상,9,6,7,3
test,test_3046.jpg,29,7,12.75,15,51,2.0,문자·간판 읽기,11,14,11,15
test,test_3047.jpg,22,6,6.0,10,24,1.5,문자·간판 읽기,4,6,10,4
test,test_3048.jpg,16,4,12.5,15,50,2.0,문자·간판 읽기,13,9,15,13
test,test_3049.jpg,24,7,14.25,16,57,2.75,문자·간판 읽기,11,15,15,16
test,test_3050.jpg,23,6,5.75,9,23,1.5,문자·간판 읽기,5,9,5,4
test,test_3051.jpg,42,7,4.0,4,16,1.0,가격·금액,4,4,4,4
test,test_3052.jpg,34,8,17.5,20,70,4.0,기타,17,18,15,20
test,test_3053.jpg,26,7,4.75,6,19,1.75,메뉴·상품,2,5,6,6
test,test_3054.jpg,54,12,6.75,12,27,1.75,문자·간판 읽기,3,7,5,12
test,test_3055.jpg,27,7,12.25,13,49,1.0,전화번호,12,12,13,12
test,test_3056.jpg,25,6,4.75,8,19,1.0,문자·간판 읽기,5,4,8,2
test,test_3057.jpg,39,11,6.5,7,26,1.0,위치·방향,7,7,7,5
test,test_3058.jpg,37,10,12.5,13,50,1.0,전화번호,12,13,12,13
test,test_3059.jpg,60,16,11.75,13,47,3.75,색상,11,13,11,12
test,test_3060.jpg,31,9,6.5,8,26,1.0,기타,7,8,5,6
test,test_3061.jpg,31,8,17.0,17,68,4.0,날짜·시간,17,17,17,17
test,test_3062.jpg,31,8,18.5,25,74,4.0,기타,17,15,25,17
test,test_3063.jpg,22,5,12.25,13,49,1.0,전화번호,12,12,13,12
test,test_3064.jpg,50,12,13.0,15,52,3.0,메뉴·상품,15,13,12,12
test,test_3065.jpg,47,11,6.25,7,25,1.0,가격·금액,7,6,6,6
test,test_3066.jpg,45,10,7.25,19,29,1.75,인물·대상,4,3,3,19
test,test_3067.jpg,41,11,12.5,13,50,2.0,가격·금액,12,13,13,12
test,test_3068.jpg,27,6,9.0,10,36,2.75,위치·방향,9,10,10,7
test,test_3069.jpg,22,6,6.5,8,26,2.0,기타,8,6,6,6
test,test_3070.jpg,37,10,19.0,20,76,4.0,기타,19,18,20,19
test,test_3071.jpg,28,8,4.0,4,16,1.0,문자·간판 읽기,4,4,4,4
test,test_3072.jpg,23,6,2.75,3,11,1.25,문자·간판 읽기,2,3,3,3
test,test_3073.jpg,30,7,4.25,5,17,1.0,기타,4,4,5,4
test,test_3074.jpg,34,9,8.25,9,33,1.0,색상,7,8,9,9
test,test_3075.jpg,52,9,5.0,6,20,1.25,위치·방향,4,4,6,6
test,test_3076.jpg,28,7,4.25,9,17,1.0,위치·방향,3,3,9,2
test,test_3077.jpg,38,9,6.0,8,24,1.75,메뉴·상품,4,6,8,6
test,test_3078.jpg,35,9,13.75,16,55,5.25,문자·간판 읽기,13,16,13,13
test,test_3079.jpg,30,7,1.75,2,7,1.0,기타,1,2,2,2
test,test_3080.jpg,38,9,8.0,12,32,2.5,문자·간판 읽기,6,12,6,8
test,test_3081.jpg,20,5,9.75,13,39,1.0,문자·간판 읽기,13,9,8,9
test,test_3082.jpg,16,4,6.25,11,25,1.5,문자·간판 읽기,11,4,8,2
test,test_3083.jpg,18,3,7.0,7,28,1.0,가격·금액,7,7,7,7
test,test_3084.jpg,23,6,21.25,30,85,5.75,문자·간판 읽기,18,30,21,16
test,test_3085.jpg,23,6,2.0,2,8,1.0,수량·계수,2,2,2,2
test,test_3086.jpg,23,6,7.0,7,28,1.0,문자·간판 읽기,7,7,7,7
test,test_3087.jpg,27,6,4.5,5,18,1.75,메뉴·상품,5,5,3,5
test,test_3088.jpg,44,12,10.5,12,42,2.5,기타,11,9,12,10
test,test_3089.jpg,41,10,2.25,3,9,1.0,위치·방향,2,3,2,2
test,test_3090.jpg,30,8,5.75,7,23,1.25,메뉴·상품,7,5,4,7
test,test_3091.jpg,22,6,3.0,3,12,1.0,문자·간판 읽기,3,3,3,3
test,test_3092.jpg,16,4,4.75,5,19,1.5,문자·간판 읽기,4,5,5,5
test,test_3093.jpg,24,6,6.0,6,24,1.0,기타,6,6,6,6
test,test_3094.jpg,43,11,18.0,30,72,4.75,문자·간판 읽기,30,13,15,14
test,test_3095.jpg,28,8,46.5,48,186,9.0,메뉴·상품,46,46,46,48
test,test_3096.jpg,32,9,13.0,13,52,3.0,날짜·시간,13,13,13,13
test,test_3097.jpg,40,11,7.0,7,28,2.0,전화번호,7,7,7,7
test,test_3098.jpg,49,13,26.5,36,106,6.5,기타,22,22,26,36
test,test_3099.jpg,43,12,6.25,8,25,1.5,위치·방향,5,6,8,6
test,test_3100.jpg,41,10,17.25,20,69,4.25,기타,17,17,15,20
test,test_3101.jpg,16,4,6.25,7,25,2.0,문자·간판 읽기,7,6,6,6
test,test_3102.jpg,22,6,21.75,24,87,3.25,문자·간판 읽기,22,23,18,24
test,test_3103.jpg,24,6,8.75,13,35,2.25,문자·간판 읽기,8,9,5,13
test,test_3104.jpg,50,11,4.75,7,19,1.5,기타,5,4,7,3
test,test_3105.jpg,27,6,6.25,7,25,2.0,메뉴·상품,6,6,7,6
test,test_3106.jpg,28,8,14.75,17,59,3.0,문자·간판 읽기,12,15,17,15
test,test_3107.jpg,16,4,18.0,19,72,2.0,문자·간판 읽기,17,19,18,18
test,test_3108.jpg,37,10,7.0,10,28,2.25,문자·간판 읽기,6,6,10,6
test,test_3109.jpg,25,7,3.25,4,13,1.0,문자·간판 읽기,3,3,4,3
test,test_3110.jpg,34,9,13.5,16,54,2.5,인물·대상,16,16,11,11
test,test_3111.jpg,22,5,6.0,6,24,1.0,가격·금액,6,6,6,6
test,test_3112.jpg,26,7,2.25,3,9,1.0,위치·방향,2,2,3,2
test,test_3113.jpg,26,7,6.0,6,24,1.0,문자·간판 읽기,6,6,6,6
test,test_3114.jpg,37,8,7.5,11,30,1.25,기타,10,4,11,5
test,test_3115.jpg,35,7,2.5,3,10,1.0,위치·방향,3,2,2,3
test,test_3116.jpg,53,14,9.75,11,39,3.25,위치·방향,9,11,9,10
test,test_3117.jpg,33,8,10.25,11,41,2.0,가격·금액,11,11,8,11
test,test_3118.jpg,40,10,9.5,13,38,2.0,기타,11,8,13,6
test,test_3119.jpg,47,13,6.25,7,25,1.0,기타,7,6,6,6
test,test_3120.jpg,44,13,5.0,5,20,1.0,위치·방향,5,5,5,5
test,test_3121.jpg,28,7,13.0,16,52,2.0,문자·간판 읽기,16,11,13,12
test,test_3122.jpg,45,11,11.5,13,46,3.5,문자·간판 읽기,9,13,12,12
test,test_3123.jpg,26,6,9.5,11,38,3.0,기타,11,9,9,9
test,test_3124.jpg,23,5,15.5,17,62,4.0,인물·대상,15,14,17,16
test,test_3125.jpg,37,8,14.5,20,58,3.5,문자·간판 읽기,9,15,14,20
test,test_3126.jpg,43,12,3.0,3,12,1.0,기타,3,3,3,3
test,test_3127.jpg,23,5,11.0,13,44,1.0,전화번호,8,12,11,13
test,test_3128.jpg,24,7,11.25,16,45,3.0,메뉴·상품,7,11,16,11
test,test_3129.jpg,17,4,10.75,11,43,2.0,문자·간판 읽기,11,11,11,10
test,test_3130.jpg,51,12,7.0,9,28,1.0,가격·금액,6,6,9,7
test,test_3131.jpg,33,7,13.25,15,53,3.5,문자·간판 읽기,15,12,14,12
test,test_3132.jpg,16,4,4.5,5,18,1.0,문자·간판 읽기,4,5,5,4
test,test_3133.jpg,34,7,4.0,4,16,1.0,가격·금액,4,4,4,4
test,test_3134.jpg,25,6,5.75,6,23,1.0,기타,6,6,6,5
test,test_3135.jpg,28,8,11.0,14,44,2.0,문자·간판 읽기,10,11,14,9
test,test_3136.jpg,35,9,3.25,5,13,1.0,위치·방향,2,2,5,4
test,test_3137.jpg,34,9,6.5,7,26,2.0,기타,6,6,7,7
test,test_3138.jpg,42,11,7.25,9,29,1.0,기타,9,6,6,8
test,test_3139.jpg,16,4,5.75,6,23,1.0,문자·간판 읽기,6,5,6,6
test,test_3140.jpg,26,6,8.5,10,34,2.0,문자·간판 읽기,8,8,8,10
test,test_3141.jpg,40,10,17.5,23,70,3.75,기타,21,13,13,23
test,test_3142.jpg,18,5,4.0,4,16,1.0,문자·간판 읽기,4,4,4,4
test,test_3143.jpg,32,8,6.5,8,26,2.25,메뉴·상품,7,6,8,5
test,test_3144.jpg,38,9,6.25,9,25,2.0,메뉴·상품,9,6,5,5
test,test_3145.jpg,22,5,6.0,8,24,1.0,문자·간판 읽기,4,7,8,5
test,test_3146.jpg,29,6,6.0,6,24,1.0,가격·금액,6,6,6,6
test,test_3147.jpg,28,9,14.25,19,57,2.5,문자·간판 읽기,16,14,19,8
test,test_3148.jpg,16,4,3.75,5,15,1.0,문자·간판 읽기,3,3,4,5
test,test_3149.jpg,17,4,6.75,12,27,1.75,문자·간판 읽기,7,1,7,12
test,test_3150.jpg,67,16,12.0,18,48,1.5,문자·간판 읽기,18,10,10,10
test,test_3151.jpg,35,9,4.0,5,16,1.0,색상,4,5,3,4
test,test_3152.jpg,45,11,3.5,5,14,1.0,전화번호,2,5,4,3
test,test_3153.jpg,21,5,5.75,6,23,2.0,문자·간판 읽기,6,6,6,5
test,test_3154.jpg,49,8,12.25,14,49,3.0,색상,12,14,10,13
test,test_3155.jpg,35,7,9.0,15,36,2.75,날짜·시간,15,4,6,11
test,test_3156.jpg,36,7,6.0,6,24,1.0,가격·금액,6,6,6,6
test,test_3157.jpg,30,7,7.0,7,28,1.0,가격·금액,7,7,7,7
test,test_3158.jpg,32,9,16.5,19,66,4.75,기타,15,13,19,19
test,test_3159.jpg,80,17,31.0,31,124,3.0,날짜·시간,31,31,31,31
test,test_3160.jpg,27,6,3.0,3,12,1.0,인물·대상,3,3,3,3
test,test_3161.jpg,44,12,2.5,4,10,1.0,가격·금액,2,4,2,2
test,test_3162.jpg,31,9,15.25,17,61,2.75,문자·간판 읽기,17,13,16,15
test,test_3163.jpg,44,12,11.5,12,46,3.0,위치·방향,12,12,10,12
test,test_3164.jpg,23,6,7.0,8,28,2.25,문자·간판 읽기,8,6,7,7
test,test_3165.jpg,50,12,6.25,7,25,1.0,전화번호,6,6,6,7
test,test_3166.jpg,34,9,8.75,10,35,2.25,위치·방향,10,9,8,8
test,test_3167.jpg,31,6,2.25,3,9,1.0,위치·방향,2,2,3,2
test,test_3168.jpg,41,10,3.5,4,14,1.0,가격·금액,3,3,4,4
test,test_3169.jpg,31,7,11.25,14,45,3.25,기타,9,13,9,14
test,test_3170.jpg,30,8,4.5,5,18,1.0,문자·간판 읽기,5,5,4,4
test,test_3171.jpg,31,8,20.5,26,82,4.5,문자·간판 읽기,17,20,26,19
test,test_3172.jpg,27,7,6.5,7,26,1.0,문자·간판 읽기,7,6,6,7
test,test_3173.jpg,23,6,4.75,9,19,1.5,문자·간판 읽기,4,9,2,4
test,test_3174.jpg,36,9,2.75,5,11,1.25,기타,5,2,2,2
test,test_3175.jpg,30,7,35.5,37,142,7.25,날짜·시간,35,37,35,35
test,test_3176.jpg,48,10,7.25,10,29,2.25,문자·간판 읽기,7,6,6,10
test,test_3177.jpg,20,5,2.0,2,8,1.0,문자·간판 읽기,2,2,2,2
test,test_3178.jpg,23,5,5.0,5,20,1.0,날짜·시간,5,5,5,5
test,test_3179.jpg,29,8,4.5,5,18,1.75,문자·간판 읽기,3,5,5,5
test,test_3180.jpg,35,8,19.5,32,78,4.75,기타,18,12,16,32
test,test_3181.jpg,34,10,12.25,14,49,3.25,인물·대상,11,12,14,12
test,test_3182.jpg,33,8,2.0,2,8,1.0,기타,2,2,2,2
test,test_3183.jpg,30,7,2.5,3,10,1.0,위치·방향,2,3,3,2
test,test_3184.jpg,50,12,10.5,11,42,4.0,문자·간판 읽기,11,10,10,11
test,test_3185.jpg,27,7,6.75,8,27,1.5,문자·간판 읽기,8,8,5,6
test,test_3186.jpg,32,9,8.0,8,32,2.0,문자·간판 읽기,8,8,8,8
test,test_3187.jpg,16,4,14.0,16,56,2.0,문자·간판 읽기,13,13,16,14
test,test_3188.jpg,44,9,19.0,21,76,5.75,문자·간판 읽기,18,17,20,21
test,test_3189.jpg,69,16,10.75,19,43,3.25,기타,9,8,7,19
test,test_3190.jpg,22,6,5.0,7,20,1.75,문자·간판 읽기,7,2,7,4
test,test_3191.jpg,41,11,13.5,14,54,2.0,기타,14,13,14,13
test,test_3192.jpg,30,7,3.0,3,12,1.0,가격·금액,3,3,3,3
test,test_3193.jpg,26,8,5.0,6,20,1.0,문자·간판 읽기,6,4,4,6
test,test_3194.jpg,28,8,8.25,12,33,2.25,색상,6,6,9,12
test,test_3195.jpg,28,7,3.0,3,12,1.0,기타,3,3,3,3
test,test_3196.jpg,33,8,14.0,14,56,3.0,문자·간판 읽기,14,14,14,14
test,test_3197.jpg,23,6,3.25,4,13,1.0,문자·간판 읽기,3,3,3,4
test,test_3198.jpg,28,8,3.5,4,14,1.0,메뉴·상품,4,3,4,3
test,test_3199.jpg,26,7,7.0,8,28,2.0,문자·간판 읽기,6,7,8,7
test,test_3200.jpg,60,15,6.0,10,24,2.0,메뉴·상품,4,10,5,5
test,test_3201.jpg,32,7,5.0,8,20,1.25,기타,8,4,4,4
test,test_3202.jpg,23,6,5.25,7,21,1.25,문자·간판 읽기,4,7,5,5
test,test_3203.jpg,38,9,2.75,3,11,1.0,색상,3,3,3,2
test,test_3204.jpg,27,7,2.0,2,8,1.0,문자·간판 읽기,2,2,2,2
test,test_3205.jpg,27,7,5.25,8,21,1.25,위치·방향,5,8,3,5
test,test_3206.jpg,35,7,11.75,16,47,2.5,기타,7,11,16,13
test,test_3207.jpg,29,8,22.0,32,88,6.5,기타,13,32,21,22
test,test_3208.jpg,33,7,6.5,13,26,1.5,메뉴·상품,4,13,3,6
test,test_3209.jpg,35,9,4.5,7,18,1.25,문자·간판 읽기,4,4,3,7
test,test_3210.jpg,37,10,5.0,7,20,1.0,문자·간판 읽기,7,6,3,4
test,test_3211.jpg,26,7,6.0,10,24,1.0,문자·간판 읽기,4,10,4,6
test,test_3212.jpg,53,12,3.75,5,15,1.0,날짜·시간,5,3,4,3
test,test_3213.jpg,45,13,6.5,8,26,1.0,문자·간판 읽기,6,8,4,8
test,test_3214.jpg,39,10,12.0,14,48,1.75,색상,13,7,14,14
test,test_3215.jpg,40,11,17.5,26,70,4.25,문자·간판 읽기,21,8,15,26
test,test_3216.jpg,20,5,3.5,4,14,1.0,문자·간판 읽기,4,4,3,3
test,test_3217.jpg,38,10,9.0,11,36,1.75,위치·방향,7,11,9,9
test,test_3218.jpg,35,7,22.5,24,90,4.0,색상,24,21,21,24
test,test_3219.jpg,28,7,16.5,19,66,3.0,문자·간판 읽기,16,19,16,15
test,test_3220.jpg,25,6,4.0,4,16,1.0,문자·간판 읽기,4,4,4,4
test,test_3221.jpg,31,8,8.0,9,32,3.0,문자·간판 읽기,7,9,7,9
test,test_3222.jpg,26,5,8.75,11,35,1.0,전화번호,11,8,7,9
test,test_3223.jpg,36,9,5.0,6,20,2.0,문자·간판 읽기,5,4,5,6
test,test_3224.jpg,23,6,6.25,7,25,1.0,문자·간판 읽기,6,7,6,6
test,test_3225.jpg,31,7,12.0,12,48,1.0,전화번호,12,12,12,12
test,test_3226.jpg,27,7,2.0,2,8,1.0,수량·계수,2,2,2,2
test,test_3227.jpg,23,6,4.25,5,17,1.0,기타,4,5,4,4
test,test_3228.jpg,42,11,14.75,21,59,4.0,기타,21,11,15,12
test,test_3229.jpg,22,5,4.0,4,16,1.0,가격·금액,4,4,4,4
test,test_3230.jpg,30,8,6.5,7,26,2.0,색상,7,5,7,7
test,test_3231.jpg,34,9,4.25,5,17,2.0,색상,4,4,4,5
test,test_3232.jpg,23,5,15.25,17,61,1.5,전화번호,16,12,16,17
test,test_3233.jpg,29,8,6.25,8,25,1.5,문자·간판 읽기,5,8,8,4
test,test_3234.jpg,44,14,9.0,14,36,2.0,위치·방향,6,14,12,4
test,test_3235.jpg,43,8,2.75,3,11,1.0,색상,2,3,3,3
test,test_3236.jpg,59,15,5.75,8,23,2.25,문자·간판 읽기,8,4,8,3
test,test_3237.jpg,35,9,9.75,11,39,2.25,문자·간판 읽기,9,9,11,10
test,test_3238.jpg,30,7,4.25,5,17,1.5,기타,5,2,5,5
test,test_3239.jpg,25,6,5.75,7,23,2.0,메뉴·상품,5,7,6,5
test,test_3240.jpg,36,8,7.5,10,30,2.5,기타,8,6,6,10
test,test_3241.jpg,26,4,13.0,13,52,3.0,날짜·시간,13,13,13,13
test,test_3242.jpg,43,12,6.25,8,25,1.0,인물·대상,8,3,7,7
test,test_3243.jpg,32,10,3.0,4,12,1.0,문자·간판 읽기,2,3,4,3
test,test_3244.jpg,36,8,12.75,17,51,2.0,문자·간판 읽기,12,17,10,12
test,test_3245.jpg,32,9,18.25,22,73,4.5,기타,18,22,12,21
test,test_3246.jpg,38,11,11.75,15,47,3.5,문자·간판 읽기,8,12,15,12
test,test_3247.jpg,54,11,16.75,17,67,5.0,날짜·시간,17,16,17,17
test,test_3248.jpg,25,5,4.75,7,19,1.0,가격·금액,7,4,4,4
test,test_3249.jpg,35,9,6.0,9,24,2.0,위치·방향,5,9,5,5
test,test_3250.jpg,16,4,5.25,6,21,1.0,가격·금액,5,5,5,6
test,test_3251.jpg,38,10,8.75,10,35,2.75,문자·간판 읽기,6,10,10,9
test,test_3252.jpg,26,4,12.75,13,51,3.0,날짜·시간,12,13,13,13
test,test_3253.jpg,34,10,5.0,5,20,2.0,메뉴·상품,5,5,5,5
test,test_3254.jpg,36,8,6.25,9,25,2.25,기타,6,5,5,9
test,test_3255.jpg,29,8,3.25,4,13,1.0,메뉴·상품,4,3,3,3
test,test_3256.jpg,37,10,4.75,6,19,1.75,문자·간판 읽기,3,6,4,6
test,test_3257.jpg,29,8,3.0,3,12,1.0,문자·간판 읽기,3,3,3,3
test,test_3258.jpg,27,7,8.5,13,34,2.0,가격·금액,13,6,8,7
test,test_3259.jpg,19,5,4.0,4,16,1.0,가격·금액,4,4,4,4
test,test_3260.jpg,51,11,17.25,18,69,3.75,기타,16,17,18,18
test,test_3261.jpg,22,5,5.5,9,22,1.0,문자·간판 읽기,5,4,9,4
test,test_3262.jpg,31,7,4.5,5,18,1.0,가격·금액,5,4,5,4
test,test_3263.jpg,52,13,24.25,31,97,4.0,메뉴·상품,31,17,31,18
test,test_3264.jpg,49,10,6.75,12,27,1.25,가격·금액,5,12,5,5
test,test_3265.jpg,23,5,11.0,11,44,1.0,날짜·시간,11,11,11,11
test,test_3266.jpg,52,11,6.25,8,25,2.25,색상,5,6,8,6
test,test_3267.jpg,45,11,8.25,9,33,3.0,메뉴·상품,8,7,9,9
test,test_3268.jpg,31,8,5.25,6,21,2.0,문자·간판 읽기,5,6,5,5
test,test_3269.jpg,26,6,2.25,3,9,1.0,문자·간판 읽기,2,2,2,3
test,test_3270.jpg,43,12,18.0,21,72,5.25,기타,18,15,18,21
test,test_3271.jpg,23,6,7.0,7,28,2.0,가격·금액,7,7,7,7
test,test_3272.jpg,29,7,6.75,7,27,1.0,가격·금액,7,7,7,6
test,test_3273.jpg,16,4,6.5,8,26,2.0,문자·간판 읽기,7,8,5,6
test,test_3274.jpg,46,11,3.5,5,14,1.25,문자·간판 읽기,2,5,3,4
test,test_3275.jpg,27,7,7.75,9,31,2.0,문자·간판 읽기,8,9,7,7
test,test_3276.jpg,27,5,3.5,4,14,1.0,가격·금액,4,4,3,3
test,test_3277.jpg,26,6,17.0,23,68,2.75,메뉴·상품,13,23,10,22
test,test_3278.jpg,23,5,9.0,12,36,2.75,위치·방향,12,11,7,6
test,test_3279.jpg,25,6,7.75,11,31,2.25,메뉴·상품,5,11,9,6
test,test_3280.jpg,55,14,9.75,10,39,4.0,위치·방향,10,10,9,10
test,test_3281.jpg,50,14,16.25,19,65,4.75,가격·금액,13,17,19,16
test,test_3282.jpg,23,6,10.75,12,43,2.75,문자·간판 읽기,10,11,10,12
test,test_3283.jpg,46,11,2.0,2,8,1.0,메뉴·상품,2,2,2,2
test,test_3284.jpg,33,9,11.75,12,47,2.0,문자·간판 읽기,11,12,12,12
test,test_3285.jpg,19,5,10.0,11,40,3.0,색상,10,9,10,11
test,test_3286.jpg,30,6,21.0,21,84,5.0,날짜·시간,21,21,21,21
test,test_3287.jpg,22,6,17.75,30,71,2.5,문자·간판 읽기,12,13,16,30
test,test_3288.jpg,47,12,12.25,13,49,3.0,가격·금액,12,13,12,12
test,test_3289.jpg,16,4,5.0,6,20,1.0,문자·간판 읽기,5,5,4,6
test,test_3290.jpg,12,3,5.75,6,23,2.0,기타,6,6,5,6
test,test_3291.jpg,52,11,2.5,3,10,1.0,수량·계수,3,2,2,3
test,test_3292.jpg,20,5,6.0,6,24,1.0,가격·금액,6,6,6,6
test,test_3293.jpg,20,3,6.0,6,24,1.0,가격·금액,6,6,6,6
test,test_3294.jpg,33,8,3.0,3,12,1.0,가격·금액,3,3,3,3
test,test_3295.jpg,28,7,15.5,21,62,4.0,문자·간판 읽기,21,16,12,13
test,test_3296.jpg,23,6,6.5,7,26,2.0,메뉴·상품,7,7,6,6
test,test_3297.jpg,38,9,7.0,9,28,2.0,기타,9,7,6,6
test,test_3298.jpg,29,8,18.25,30,73,5.25,문자·간판 읽기,30,13,16,14
test,test_3299.jpg,35,11,23.25,25,93,5.0,문자·간판 읽기,24,21,23,25
test,test_3300.jpg,42,11,21.0,26,84,5.25,가격·금액,22,15,26,21
test,test_3301.jpg,30,5,8.25,11,33,2.0,위치·방향,11,6,11,5
test,test_3302.jpg,45,10,25.0,25,100,3.0,날짜·시간,25,25,25,25
test,test_3303.jpg,18,4,28.75,30,115,6.75,날짜·시간,30,30,26,29
test,test_3304.jpg,34,9,13.0,13,52,1.0,전화번호,13,13,13,13
test,test_3305.jpg,27,8,9.0,10,36,2.5,문자·간판 읽기,10,8,9,9
test,test_3306.jpg,22,6,6.5,12,26,1.25,문자·간판 읽기,12,6,5,3
test,test_3307.jpg,29,6,6.0,6,24,1.0,가격·금액,6,6,6,6
test,test_3308.jpg,32,9,3.75,4,15,1.0,메뉴·상품,4,4,3,4
test,test_3309.jpg,24,7,9.75,13,39,1.75,위치·방향,10,13,7,9
test,test_3310.jpg,32,6,14.75,15,59,3.0,날짜·시간,14,15,15,15
test,test_3311.jpg,22,6,14.5,17,58,2.75,문자·간판 읽기,14,16,11,17
test,test_3312.jpg,30,7,21.5,22,86,5.0,날짜·시간,21,22,21,22
test,test_3313.jpg,28,6,16.0,16,64,5.0,기타,16,16,16,16
test,test_3314.jpg,25,7,10.0,11,40,2.0,문자·간판 읽기,10,11,10,9
test,test_3315.jpg,34,10,6.0,6,24,1.0,문자·간판 읽기,6,6,6,6
test,test_3316.jpg,28,8,22.25,30,89,5.25,기타,30,21,20,18
test,test_3317.jpg,28,6,6.0,6,24,1.0,가격·금액,6,6,6,6
test,test_3318.jpg,22,6,5.25,6,21,2.0,문자·간판 읽기,5,5,5,6
test,test_3319.jpg,23,6,7.25,10,29,1.25,문자·간판 읽기,8,10,7,4
test,test_3320.jpg,48,11,6.0,6,24,1.0,가격·금액,6,6,6,6
test,test_3321.jpg,32,8,11.0,13,44,3.0,색상,11,11,13,9
test,test_3322.jpg,38,11,5.25,6,21,1.0,문자·간판 읽기,5,6,5,5
test,test_3323.jpg,31,8,3.0,6,12,1.25,기타,6,2,2,2
test,test_3324.jpg,29,7,6.0,6,24,2.0,인물·대상,6,6,6,6
test,test_3325.jpg,25,6,9.5,11,38,2.75,기타,10,10,11,7
test,test_3326.jpg,16,4,11.25,13,45,2.0,문자·간판 읽기,10,11,13,11
test,test_3327.jpg,16,4,9.25,10,37,2.0,메뉴·상품,10,9,9,9
test,test_3328.jpg,19,5,6.25,7,25,2.0,가격·금액,6,6,7,6
test,test_3329.jpg,19,5,7.0,8,28,2.0,문자·간판 읽기,8,8,6,6
test,test_3330.jpg,17,4,6.25,11,25,1.25,메뉴·상품,3,11,5,6
test,test_3331.jpg,42,10,13.0,13,52,1.0,전화번호,13,13,13,13
test,test_3332.jpg,21,6,15.5,17,62,3.75,문자·간판 읽기,15,14,17,16
test,test_3333.jpg,36,10,2.75,4,11,1.0,문자·간판 읽기,2,4,2,3
test,test_3334.jpg,26,7,6.25,8,25,2.0,인물·대상,6,5,6,8
test,test_3335.jpg,43,12,7.25,11,29,1.5,문자·간판 읽기,5,8,11,5
test,test_3336.jpg,67,16,14.25,16,57,4.0,기타,13,14,14,16
test,test_3337.jpg,24,6,4.0,4,16,1.0,전화번호,4,4,4,4
test,test_3338.jpg,26,7,7.5,10,30,1.0,문자·간판 읽기,10,5,8,7
test,test_3339.jpg,34,8,2.0,2,8,1.0,수량·계수,2,2,2,2
test,test_3340.jpg,26,7,10.25,12,41,1.5,문자·간판 읽기,11,9,12,9
test,test_3341.jpg,31,10,13.5,18,54,2.0,메뉴·상품,18,9,15,12
test,test_3342.jpg,19,5,7.5,9,30,1.25,문자·간판 읽기,6,6,9,9
test,test_3343.jpg,26,6,3.0,3,12,1.0,인물·대상,3,3,3,3
test,test_3344.jpg,34,7,6.25,7,25,1.0,가격·금액,6,6,6,7
test,test_3345.jpg,43,10,5.5,6,22,2.0,날짜·시간,6,5,6,5
test,test_3346.jpg,33,9,7.0,7,28,1.5,위치·방향,7,7,7,7
test,test_3347.jpg,25,7,6.75,10,27,2.0,기타,8,6,10,3
test,test_3348.jpg,31,6,6.0,6,24,1.0,가격·금액,6,6,6,6
test,test_3349.jpg,25,5,8.25,17,33,2.0,기타,17,6,4,6
test,test_3350.jpg,23,6,3.0,4,12,1.0,문자·간판 읽기,3,3,4,2
test,test_3351.jpg,40,8,12.25,15,49,3.75,문자·간판 읽기,15,12,13,9
test,test_3352.jpg,43,10,3.25,4,13,1.0,문자·간판 읽기,3,4,3,3
test,test_3353.jpg,33,8,19.0,21,76,5.0,기타,20,16,21,19
test,test_3354.jpg,30,8,7.5,9,30,1.0,문자·간판 읽기,7,7,9,7
test,test_3355.jpg,25,7,15.75,19,63,3.5,문자·간판 읽기,14,14,16,19
test,test_3356.jpg,26,7,4.0,4,16,1.0,문자·간판 읽기,4,4,4,4
test,test_3357.jpg,16,4,10.0,16,40,1.75,메뉴·상품,9,2,13,16
test,test_3358.jpg,41,11,5.0,6,20,1.0,색상,5,5,6,4
test,test_3359.jpg,29,7,9.0,18,36,1.75,문자·간판 읽기,8,18,4,6
test,test_3360.jpg,42,9,12.5,14,50,3.5,가격·금액,14,14,14,8
test,test_3361.jpg,25,6,4.0,4,16,1.0,문자·간판 읽기,4,4,4,4
test,test_3362.jpg,24,7,19.75,27,79,4.5,문자·간판 읽기,18,18,27,16
test,test_3363.jpg,27,7,6.25,7,25,1.75,위치·방향,7,7,7,4
test,test_3364.jpg,16,4,9.5,11,38,3.0,문자·간판 읽기,9,9,11,9
test,test_3365.jpg,23,6,19.5,22,78,4.0,문자·간판 읽기,18,21,17,22
test,test_3366.jpg,26,7,5.0,6,20,2.0,기타,4,6,5,5
test,test_3367.jpg,25,6,3.25,4,13,1.0,문자·간판 읽기,3,3,3,4
test,test_3368.jpg,31,8,2.5,3,10,1.0,기타,2,3,3,2
test,test_3369.jpg,16,4,12.25,13,49,3.0,기타,12,12,13,12
test,test_3370.jpg,23,6,8.25,10,33,2.5,기타,9,6,10,8
test,test_3371.jpg,16,4,4.0,4,16,1.0,문자·간판 읽기,4,4,4,4
test,test_3372.jpg,26,7,6.75,11,27,1.75,문자·간판 읽기,4,11,7,5
test,test_3373.jpg,17,4,5.0,6,20,1.0,기타,4,6,5,5
test,test_3374.jpg,28,7,5.0,5,20,2.0,문자·간판 읽기,5,5,5,5
test,test_3375.jpg,23,6,4.0,6,16,1.0,문자·간판 읽기,6,4,3,3
test,test_3376.jpg,29,7,14.0,23,56,3.25,문자·간판 읽기,4,14,15,23
test,test_3377.jpg,25,7,8.0,9,32,1.0,문자·간판 읽기,9,7,7,9
test,test_3378.jpg,37,9,5.25,6,21,1.0,가격·금액,6,5,5,5
test,test_3379.jpg,16,4,8.0,9,32,2.75,메뉴·상품,9,8,8,7
test,test_3380.jpg,52,12,2.75,3,11,1.0,색상,3,2,3,3
test,test_3381.jpg,33,8,3.25,4,13,1.0,색상,3,3,3,4
test,test_3382.jpg,26,7,3.25,4,13,1.0,기타,3,4,3,3
test,test_3383.jpg,22,6,4.25,8,17,1.25,메뉴·상품,4,8,2,3
test,test_3384.jpg,42,11,15.0,19,60,4.5,기타,19,13,15,13
test,test_3385.jpg,34,8,8.0,8,32,1.0,가격·금액,8,8,8,8
test,test_3386.jpg,33,8,18.25,21,73,4.75,메뉴·상품,20,15,21,17
test,test_3387.jpg,32,8,7.25,9,29,1.0,메뉴·상품,6,6,8,9
test,test_3388.jpg,48,13,10.0,14,40,3.25,기타,9,9,8,14
test,test_3389.jpg,26,4,4.0,5,16,1.0,위치·방향,4,5,3,4
test,test_3390.jpg,26,7,17.75,22,71,4.75,문자·간판 읽기,14,19,22,16
test,test_3391.jpg,22,7,9.25,12,37,2.75,문자·간판 읽기,10,8,7,12
test,test_3392.jpg,33,8,6.0,6,24,1.0,가격·금액,6,6,6,6
test,test_3393.jpg,72,14,31.5,35,126,6.75,기타,31,29,35,31
test,test_3394.jpg,25,6,4.0,7,16,1.25,기타,5,2,2,7
test,test_3395.jpg,15,4,5.0,5,20,1.0,문자·간판 읽기,5,5,5,5
test,test_3396.jpg,35,9,6.25,7,25,1.25,문자·간판 읽기,7,6,5,7
test,test_3397.jpg,37,10,3.5,5,14,1.5,인물·대상,5,3,3,3
test,test_3398.jpg,23,6,13.5,21,54,3.25,문자·간판 읽기,21,10,10,13
test,test_3399.jpg,44,11,4.5,8,18,1.0,문자·간판 읽기,8,3,4,3
test,test_3400.jpg,25,7,3.0,4,12,1.0,문자·간판 읽기,4,2,3,3
test,test_3401.jpg,32,8,29.25,36,117,7.5,기타,24,36,24,33
test,test_3402.jpg,27,7,20.5,24,82,1.0,문자·간판 읽기,24,22,19,17
test,test_3403.jpg,29,6,6.5,7,26,1.0,가격·금액,6,7,7,6
test,test_3404.jpg,20,5,13.0,16,52,2.5,문자·간판 읽기,16,13,11,12
test,test_3405.jpg,21,5,12.25,15,49,1.25,문자·간판 읽기,15,12,11,11
test,test_3406.jpg,23,6,2.5,3,10,1.0,위치·방향,2,3,2,3
test,test_3407.jpg,34,9,7.5,9,30,1.75,메뉴·상품,9,5,8,8
test,test_3408.jpg,16,4,10.5,13,42,3.0,문자·간판 읽기,13,9,11,9
test,test_3409.jpg,27,7,4.25,5,17,1.0,문자·간판 읽기,4,4,5,4
test,test_3410.jpg,39,9,3.25,4,13,1.0,위치·방향,3,2,4,4
test,test_3411.jpg,19,5,6.5,8,26,1.75,기타,7,3,8,8
test,test_3412.jpg,42,11,2.75,5,11,1.0,위치·방향,2,5,2,2
test,test_3413.jpg,31,7,11.0,11,44,1.0,전화번호,11,11,11,11
test,test_3414.jpg,24,5,5.5,6,22,1.0,가격·금액,6,6,4,6
test,test_3415.jpg,27,7,4.5,5,18,1.0,가격·금액,4,4,5,5
test,test_3416.jpg,32,8,5.0,5,20,1.75,색상,5,5,5,5
test,test_3417.jpg,27,7,7.5,9,30,2.0,문자·간판 읽기,8,9,8,5
test,test_3418.jpg,22,6,5.0,5,20,1.0,문자·간판 읽기,5,5,5,5
test,test_3419.jpg,22,5,6.0,6,24,1.0,가격·금액,6,6,6,6
test,test_3420.jpg,44,11,3.0,3,12,1.0,위치·방향,3,3,3,3
test,test_3421.jpg,24,6,3.25,4,13,1.0,메뉴·상품,3,3,3,4
test,test_3422.jpg,26,7,4.0,5,16,1.0,문자·간판 읽기,5,3,3,5
test,test_3423.jpg,33,9,3.0,4,12,1.0,색상,3,4,1,4
test,test_3424.jpg,23,6,5.5,6,22,1.0,문자·간판 읽기,6,6,5,5
test,test_3425.jpg,38,10,11.5,15,46,2.75,문자·간판 읽기,7,10,14,15
test,test_3426.jpg,34,9,9.0,15,36,2.0,기타,12,3,15,6
test,test_3427.jpg,40,8,5.0,5,20,1.0,가격·금액,5,5,5,5
test,test_3428.jpg,31,8,12.0,12,48,1.0,전화번호,12,12,12,12
test,test_3429.jpg,22,6,3.5,4,14,1.0,색상,3,3,4,4
test,test_3430.jpg,26,7,6.0,8,24,2.0,위치·방향,8,5,5,6
test,test_3431.jpg,48,13,10.25,11,41,2.0,문자·간판 읽기,10,11,10,10
test,test_3432.jpg,31,6,6.25,7,25,1.0,가격·금액,7,6,6,6
test,test_3433.jpg,55,11,6.0,6,24,1.0,가격·금액,6,6,6,6
test,test_3434.jpg,30,8,12.25,15,49,3.5,날짜·시간,11,13,10,15
test,test_3435.jpg,44,12,19.5,25,78,5.0,문자·간판 읽기,15,16,25,22
test,test_3436.jpg,37,8,23.0,33,92,4.25,색상,23,16,33,20
test,test_3437.jpg,44,10,5.25,6,21,2.0,문자·간판 읽기,5,5,5,6
test,test_3438.jpg,28,7,9.5,14,38,2.0,문자·간판 읽기,9,14,8,7
test,test_3439.jpg,54,13,3.0,3,12,1.0,날짜·시간,3,3,3,3
test,test_3440.jpg,40,10,4.5,6,18,1.0,색상,6,4,3,5
test,test_3441.jpg,38,11,6.75,9,27,2.5,기타,5,8,5,9
test,test_3442.jpg,27,8,12.0,15,48,3.25,문자·간판 읽기,12,11,10,15
test,test_3443.jpg,25,7,19.25,21,77,3.25,문자·간판 읽기,18,19,19,21
test,test_3444.jpg,33,9,9.5,14,38,1.75,색상,10,5,14,9
test,test_3445.jpg,16,4,10.25,11,41,2.0,기타,10,10,11,10
test,test_3446.jpg,23,6,6.0,6,24,2.0,문자·간판 읽기,6,6,6,6
test,test_3447.jpg,34,10,25.75,26,103,5.0,문자·간판 읽기,25,26,26,26
test,test_3448.jpg,55,14,10.5,14,42,2.5,문자·간판 읽기,7,12,9,14
test,test_3449.jpg,31,8,5.0,5,20,1.0,가격·금액,5,5,5,5
test,test_3450.jpg,27,6,3.0,3,12,1.0,전화번호,3,3,3,3
test,test_3451.jpg,43,10,13.0,13,52,1.0,전화번호,13,13,13,13
test,test_3452.jpg,39,11,12.75,15,51,3.75,문자·간판 읽기,15,11,13,12
test,test_3453.jpg,35,10,6.0,9,24,1.5,위치·방향,8,3,9,4
test,test_3454.jpg,41,10,4.5,7,18,1.0,위치·방향,7,4,4,3
test,test_3455.jpg,46,13,9.75,11,39,2.75,기타,9,10,9,11
test,test_3456.jpg,44,10,7.25,10,29,3.25,기타,5,10,7,7
test,test_3457.jpg,26,7,6.5,7,26,1.75,문자·간판 읽기,5,7,7,7
test,test_3458.jpg,38,9,6.25,8,25,2.25,기타,5,5,7,8
test,test_3459.jpg,39,9,2.25,3,9,1.0,위치·방향,2,2,2,3
test,test_3460.jpg,15,4,3.5,4,14,1.0,메뉴·상품,3,4,4,3
test,test_3461.jpg,29,7,13.25,16,53,4.25,날짜·시간,12,12,13,16
test,test_3462.jpg,30,7,13.0,13,52,3.0,날짜·시간,13,13,13,13
test,test_3463.jpg,46,11,14.5,16,58,3.0,기타,14,14,14,16
test,test_3464.jpg,26,6,5.75,8,23,1.5,기타,5,5,5,8
test,test_3465.jpg,42,9,3.75,4,15,1.0,가격·금액,3,4,4,4
test,test_3466.jpg,34,9,4.75,5,19,1.0,가격·금액,4,5,5,5
test,test_3467.jpg,55,12,13.0,13,52,3.0,날짜·시간,13,13,13,13
test,test_3468.jpg,38,10,4.25,5,17,1.0,메뉴·상품,3,5,5,4
test,test_3469.jpg,22,6,2.25,3,9,1.0,메뉴·상품,2,2,2,3
test,test_3470.jpg,29,6,5.0,5,20,1.0,가격·금액,5,5,5,5
test,test_3471.jpg,35,8,7.5,11,30,2.75,기타,6,7,6,11
test,test_3472.jpg,37,11,9.0,18,36,3.25,문자·간판 읽기,8,5,5,18
test,test_3473.jpg,35,7,3.0,3,12,1.0,전화번호,3,3,3,3
test,test_3474.jpg,37,11,21.25,24,85,5.5,색상,23,19,24,19
test,test_3475.jpg,29,7,10.75,12,43,1.75,문자·간판 읽기,12,11,11,9
test,test_3476.jpg,23,5,12.75,15,51,2.0,문자·간판 읽기,10,13,15,13
test,test_3477.jpg,31,8,7.0,7,28,2.0,기타,7,7,7,7
test,test_3478.jpg,25,6,15.5,17,62,4.25,위치·방향,17,14,17,14
test,test_3479.jpg,30,7,7.75,8,31,2.0,가격·금액,8,7,8,8
test,test_3480.jpg,43,12,6.5,8,26,1.0,전화번호,8,3,7,8
test,test_3481.jpg,41,10,3.0,3,12,1.0,문자·간판 읽기,3,3,3,3
test,test_3482.jpg,25,6,12.75,13,51,1.0,전화번호,13,13,12,13
test,test_3483.jpg,38,9,6.0,6,24,1.0,가격·금액,6,6,6,6
test,test_3484.jpg,16,4,4.75,6,19,1.75,문자·간판 읽기,5,3,6,5
test,test_3485.jpg,27,7,22.25,39,89,2.5,문자·간판 읽기,17,15,18,39
test,test_3486.jpg,37,8,6.5,9,26,2.25,기타,9,4,5,8
test,test_3487.jpg,27,7,7.75,13,31,2.0,위치·방향,7,13,7,4
test,test_3488.jpg,25,6,5.0,7,20,2.0,가격·금액,4,3,6,7
test,test_3489.jpg,42,10,2.25,3,9,1.0,위치·방향,2,2,3,2
test,test_3490.jpg,33,8,7.25,9,29,2.0,기타,9,5,6,9
test,test_3491.jpg,32,6,10.0,10,40,2.0,가격·금액,10,10,10,10
test,test_3492.jpg,21,5,3.5,4,14,1.0,문자·간판 읽기,4,3,4,3
test,test_3493.jpg,39,9,6.0,6,24,1.0,가격·금액,6,6,6,6
test,test_3494.jpg,39,10,10.5,13,42,4.0,기타,11,13,8,10
test,test_3495.jpg,39,9,12.75,14,51,3.0,날짜·시간,13,14,12,12
test,test_3496.jpg,25,7,13.0,13,52,2.0,문자·간판 읽기,13,13,13,13
test,test_3497.jpg,52,15,6.75,8,27,1.75,인물·대상,8,3,8,8
test,test_3498.jpg,16,4,7.5,12,30,1.5,문자·간판 읽기,5,12,4,9
test,test_3499.jpg,37,8,2.5,3,10,1.0,메뉴·상품,3,3,2,2
test,test_3500.jpg,16,4,7.0,8,28,2.0,기타,6,6,8,8
test,test_3501.jpg,31,8,25.0,27,100,3.75,기타,25,23,25,27
test,test_3502.jpg,16,4,11.0,13,44,3.25,문자·간판 읽기,13,13,9,9
test,test_3503.jpg,18,4,4.5,5,18,1.0,메뉴·상품,4,5,5,4
test,test_3504.jpg,22,6,2.25,3,9,1.0,문자·간판 읽기,3,2,2,2
test,test_3505.jpg,42,11,5.5,10,22,1.5,위치·방향,6,10,2,4
test,test_3506.jpg,28,7,4.25,6,17,1.5,문자·간판 읽기,5,3,6,3
test,test_3507.jpg,24,6,8.5,9,34,2.25,문자·간판 읽기,9,8,8,9
test,test_3508.jpg,35,10,7.25,10,29,2.0,전화번호,5,10,7,7
test,test_3509.jpg,68,18,9.25,10,37,2.0,메뉴·상품,10,9,9,9
test,test_3510.jpg,37,10,4.5,7,18,1.5,위치·방향,5,2,4,7
test,test_3511.jpg,35,8,17.0,22,68,3.5,위치·방향,21,14,11,22
test,test_3512.jpg,30,8,5.25,7,21,1.5,문자·간판 읽기,4,4,6,7
test,test_3513.jpg,25,7,11.0,18,44,1.5,메뉴·상품,18,6,10,10
test,test_3514.jpg,54,8,6.0,6,24,1.0,가격·금액,6,6,6,6
test,test_3515.jpg,16,4,5.0,6,20,1.0,문자·간판 읽기,5,6,3,6
test,test_3516.jpg,36,9,5.5,6,22,2.0,문자·간판 읽기,6,5,5,6
test,test_3517.jpg,35,9,5.5,9,22,1.0,문자·간판 읽기,9,4,5,4
test,test_3518.jpg,43,10,7.5,8,30,2.5,기타,8,8,6,8
test,test_3519.jpg,36,8,3.0,3,12,1.0,문자·간판 읽기,3,3,3,3
test,test_3520.jpg,36,9,6.0,6,24,1.0,가격·금액,6,6,6,6
test,test_3521.jpg,18,4,15.25,19,61,2.0,문자·간판 읽기,15,14,19,13
test,test_3522.jpg,23,5,10.0,10,40,1.0,날짜·시간,10,10,10,10
test,test_3523.jpg,35,10,14.5,15,58,2.25,위치·방향,15,15,13,15
test,test_3524.jpg,23,6,12.0,13,48,2.0,위치·방향,11,12,13,12
test,test_3525.jpg,66,19,7.25,8,29,2.0,수량·계수,7,7,7,8
test,test_3526.jpg,16,4,5.75,7,23,1.25,문자·간판 읽기,7,5,5,6
test,test_3527.jpg,39,9,24.75,27,99,3.0,기타,25,27,24,23
test,test_3528.jpg,28,8,11.5,16,46,2.25,위치·방향,9,16,12,9
test,test_3529.jpg,32,8,14.5,21,58,2.5,위치·방향,21,16,9,12
test,test_3530.jpg,26,7,13.0,18,52,3.75,문자·간판 읽기,10,18,12,12
test,test_3531.jpg,24,6,13.75,14,55,2.0,문자·간판 읽기,14,14,14,13
test,test_3532.jpg,27,7,8.0,9,32,1.0,문자·간판 읽기,8,7,9,8
test,test_3533.jpg,32,7,7.0,7,28,1.0,가격·금액,7,7,7,7
test,test_3534.jpg,19,5,4.5,5,18,1.0,문자·간판 읽기,5,5,3,5
test,test_3535.jpg,36,5,2.0,2,8,1.0,위치·방향,2,2,2,2
test,test_3536.jpg,27,6,4.0,6,16,1.0,메뉴·상품,2,3,5,6
test,test_3537.jpg,32,8,4.5,6,18,1.75,가격·금액,4,5,6,3
test,test_3538.jpg,47,11,12.25,17,49,3.0,위치·방향,9,17,11,12
test,test_3539.jpg,34,7,5.0,5,20,1.0,가격·금액,5,5,5,5
test,test_3540.jpg,19,5,8.25,15,33,2.5,문자·간판 읽기,7,3,8,15
test,test_3541.jpg,28,6,22.5,23,90,4.0,날짜·시간,23,23,23,21
test,test_3542.jpg,41,11,13.5,16,54,3.75,위치·방향,12,11,16,15
test,test_3543.jpg,24,6,9.25,10,37,1.0,문자·간판 읽기,10,9,9,9
test,test_3544.jpg,32,6,5.75,7,23,1.25,메뉴·상품,7,7,5,4
test,test_3545.jpg,37,10,6.75,14,27,1.25,색상,4,4,14,5
test,test_3546.jpg,46,10,3.0,3,12,1.0,기타,3,3,3,3
test,test_3547.jpg,31,8,3.0,3,12,1.0,색상,3,3,3,3
test,test_3548.jpg,25,7,4.5,6,18,1.5,기타,4,4,6,4
test,test_3549.jpg,60,15,15.5,22,62,4.5,기타,12,13,22,15
test,test_3550.jpg,26,7,8.25,13,33,1.75,문자·간판 읽기,2,13,11,7
test,test_3551.jpg,16,4,6.0,6,24,1.0,문자·간판 읽기,6,6,6,6
test,test_3552.jpg,20,5,14.75,18,59,2.75,문자·간판 읽기,11,18,16,14
test,test_3553.jpg,23,6,12.0,13,48,3.0,문자·간판 읽기,12,11,12,13
test,test_3554.jpg,37,5,7.5,8,30,1.0,날짜·시간,7,8,8,7
test,test_3555.jpg,37,9,8.0,13,32,1.25,기타,13,10,5,4
test,test_3556.jpg,29,7,6.0,6,24,1.0,가격·금액,6,6,6,6
test,test_3557.jpg,24,6,5.25,6,21,2.0,문자·간판 읽기,5,6,5,5
test,test_3558.jpg,37,8,9.5,10,38,3.5,기타,10,10,8,10
test,test_3559.jpg,25,7,5.5,6,22,2.0,문자·간판 읽기,6,5,6,5
test,test_3560.jpg,30,5,12.0,13,48,2.0,가격·금액,13,11,11,13
test,test_3561.jpg,27,6,8.0,8,32,2.0,문자·간판 읽기,8,8,8,8
test,test_3562.jpg,36,8,8.0,10,32,1.0,문자·간판 읽기,10,5,9,8
test,test_3563.jpg,33,6,13.75,15,55,5.0,날짜·시간,14,13,13,15
test,test_3564.jpg,16,4,14.5,22,58,3.75,메뉴·상품,10,22,12,14
test,test_3565.jpg,26,6,5.0,6,20,1.0,문자·간판 읽기,5,6,4,5
test,test_3566.jpg,43,10,2.75,5,11,1.25,위치·방향,5,2,2,2
test,test_3567.jpg,23,6,5.0,7,20,1.0,문자·간판 읽기,7,2,7,4
test,test_3568.jpg,44,10,19.5,21,78,5.0,문자·간판 읽기,21,19,19,19
test,test_3569.jpg,24,7,7.0,7,28,2.0,기타,7,7,7,7
test,test_3570.jpg,20,5,29.5,30,118,5.0,문자·간판 읽기,29,30,30,29
test,test_3571.jpg,44,12,17.5,18,70,4.0,기타,18,16,18,18
test,test_3572.jpg,23,6,7.0,9,28,2.25,문자·간판 읽기,6,9,7,6
test,test_3573.jpg,18,5,35.5,42,142,8.25,날짜·시간,42,36,33,31
test,test_3574.jpg,24,6,7.75,12,31,2.0,문자·간판 읽기,5,6,8,12
test,test_3575.jpg,24,6,5.5,6,22,2.0,가격·금액,5,6,5,6
test,test_3576.jpg,41,11,8.0,12,32,3.0,메뉴·상품,7,8,5,12
test,test_3577.jpg,42,11,18.75,19,75,5.0,문자·간판 읽기,18,19,19,19
test,test_3578.jpg,28,6,3.5,4,14,1.0,메뉴·상품,3,4,4,3
test,test_3579.jpg,33,10,12.0,16,48,3.5,문자·간판 읽기,16,14,9,9
test,test_3580.jpg,39,8,17.5,19,70,4.5,기타,17,16,18,19
test,test_3581.jpg,41,10,4.0,7,16,1.25,가격·금액,7,3,3,3
test,test_3582.jpg,47,14,15.25,32,61,4.25,위치·방향,9,11,32,9
test,test_3583.jpg,31,10,13.0,13,52,3.0,문자·간판 읽기,13,13,13,13
test,test_3584.jpg,19,5,7.25,8,29,2.0,문자·간판 읽기,8,6,7,8
test,test_3585.jpg,26,7,15.25,16,61,4.0,위치·방향,15,15,15,16
test,test_3586.jpg,45,12,3.25,4,13,1.0,문자·간판 읽기,3,3,4,3
test,test_3587.jpg,37,9,14.75,20,59,4.25,기타,13,20,14,12
test,test_3588.jpg,30,8,2.25,3,9,1.0,위치·방향,2,2,3,2
test,test_3589.jpg,37,9,3.5,4,14,1.0,색상,3,4,4,3
test,test_3590.jpg,29,8,4.0,6,16,1.25,가격·금액,2,6,4,4
test,test_3591.jpg,28,7,6.0,6,24,1.0,색상,6,6,6,6
test,test_3592.jpg,30,7,9.75,10,39,3.0,기타,10,10,9,10
test,test_3593.jpg,34,9,7.75,8,31,3.0,위치·방향,8,7,8,8
test,test_3594.jpg,24,6,3.75,5,15,1.0,문자·간판 읽기,2,5,3,5
test,test_3595.jpg,26,6,3.25,4,13,1.0,문자·간판 읽기,4,3,3,3
test,test_3596.jpg,26,7,2.25,3,9,1.0,색상,2,2,2,3
test,test_3597.jpg,16,4,6.25,8,25,2.25,문자·간판 읽기,7,5,5,8
test,test_3598.jpg,22,6,11.0,11,44,4.0,문자·간판 읽기,11,11,11,11
test,test_3599.jpg,38,7,3.0,3,12,1.0,인물·대상,3,3,3,3
test,test_3600.jpg,21,5,7.25,9,29,2.25,메뉴·상품,9,8,6,6
test,test_3601.jpg,49,11,15.25,18,61,3.5,위치·방향,13,17,13,18
test,test_3602.jpg,42,12,6.75,8,27,2.25,메뉴·상품,6,8,6,7
test,test_3603.jpg,41,11,10.25,16,41,3.0,색상,16,8,9,8
test,test_3604.jpg,45,10,13.25,17,53,3.0,문자·간판 읽기,11,13,12,17
test,test_3605.jpg,23,6,7.0,7,28,1.0,가격·금액,7,7,7,7
test,test_3606.jpg,24,6,13.0,13,52,3.0,날짜·시간,13,13,13,13
test,test_3607.jpg,32,9,2.0,2,8,1.0,문자·간판 읽기,2,2,2,2
test,test_3608.jpg,43,13,13.75,17,55,4.0,문자·간판 읽기,13,14,11,17
test,test_3609.jpg,14,4,2.0,2,8,1.0,문자·간판 읽기,2,2,2,2
test,test_3610.jpg,26,7,23.5,26,94,5.0,기타,23,22,26,23
test,test_3611.jpg,23,6,4.0,4,16,1.0,문자·간판 읽기,4,4,4,4
test,test_3612.jpg,29,9,8.25,10,33,2.0,문자·간판 읽기,8,8,10,7
test,test_3613.jpg,39,10,6.25,8,25,1.25,메뉴·상품,7,8,6,4
test,test_3614.jpg,31,8,4.25,5,17,2.0,가격·금액,4,5,4,4
test,test_3615.jpg,37,11,14.25,17,57,4.5,날짜·시간,12,11,17,17
test,test_3616.jpg,30,9,8.75,17,35,2.0,메뉴·상품,8,5,5,17
test,test_3617.jpg,47,12,4.75,9,19,1.0,전화번호,4,9,3,3
test,test_3618.jpg,30,9,3.5,5,14,1.5,기타,5,2,2,5
test,test_3619.jpg,30,8,10.0,12,40,3.0,문자·간판 읽기,12,8,10,10
test,test_3620.jpg,24,6,4.5,5,18,1.0,가격·금액,4,5,5,4
test,test_3621.jpg,26,6,11.75,15,47,1.0,가격·금액,15,15,15,2
test,test_3622.jpg,19,5,12.0,12,48,4.0,문자·간판 읽기,12,12,12,12
test,test_3623.jpg,14,4,4.75,11,19,1.25,문자·간판 읽기,2,2,11,4
test,test_3624.jpg,38,11,4.5,7,18,1.5,메뉴·상품,7,2,6,3
test,test_3625.jpg,39,11,14.25,19,57,4.0,기타,12,12,14,19
test,test_3626.jpg,27,7,6.5,11,26,1.25,메뉴·상품,4,3,11,8
test,test_3627.jpg,33,10,8.0,8,32,3.0,날짜·시간,8,8,8,8
test,test_3628.jpg,31,9,12.25,13,49,4.0,문자·간판 읽기,12,13,12,12
test,test_3629.jpg,24,7,7.0,9,28,1.0,문자·간판 읽기,7,5,7,9
test,test_3630.jpg,30,8,8.5,13,34,2.5,메뉴·상품,5,13,10,6
test,test_3631.jpg,20,5,16.75,19,67,2.0,위치·방향,15,17,16,19
test,test_3632.jpg,16,4,7.25,9,29,2.25,문자·간판 읽기,6,8,6,9
test,test_3633.jpg,12,3,7.75,9,31,2.25,위치·방향,9,8,6,8
test,test_3634.jpg,26,6,2.0,2,8,1.0,위치·방향,2,2,2,2
test,test_3635.jpg,26,6,6.25,7,25,1.0,가격·금액,7,6,6,6
test,test_3636.jpg,26,7,3.75,6,15,1.25,문자·간판 읽기,3,3,3,6
test,test_3637.jpg,41,11,4.5,6,18,1.0,문자·간판 읽기,4,6,4,4
test,test_3638.jpg,37,9,7.75,8,31,1.0,전화번호,7,8,8,8
test,test_3639.jpg,30,8,6.75,7,27,2.0,문자·간판 읽기,6,7,7,7
test,test_3640.jpg,47,12,8.75,9,35,1.0,가격·금액,9,8,9,9
test,test_3641.jpg,19,4,12.25,13,49,2.0,문자·간판 읽기,13,12,12,12
test,test_3642.jpg,15,4,16.0,19,64,3.75,기타,16,16,13,19
test,test_3643.jpg,45,11,7.5,11,30,1.5,위치·방향,11,6,4,9
test,test_3644.jpg,24,6,9.0,10,36,3.0,문자·간판 읽기,9,8,9,10
test,test_3645.jpg,43,10,5.0,5,20,1.0,문자·간판 읽기,5,5,5,5
test,test_3646.jpg,25,5,19.0,19,76,5.0,날짜·시간,19,19,19,19
test,test_3647.jpg,37,9,22.25,33,89,5.0,기타,14,13,33,29
test,test_3648.jpg,29,7,19.75,21,79,2.0,문자·간판 읽기,20,20,21,18
test,test_3649.jpg,33,9,3.25,4,13,1.0,색상,3,3,4,3
test,test_3650.jpg,23,6,8.0,13,32,2.25,문자·간판 읽기,5,9,5,13
test,test_3651.jpg,20,4,6.0,6,24,1.0,가격·금액,6,6,6,6
test,test_3652.jpg,36,8,3.5,6,14,1.0,메뉴·상품,6,4,2,2
test,test_3653.jpg,34,6,9.25,10,37,3.0,위치·방향,9,9,9,10
test,test_3654.jpg,37,10,3.5,4,14,1.0,문자·간판 읽기,3,3,4,4
test,test_3655.jpg,54,15,35.25,49,141,6.25,위치·방향,40,49,23,29
test,test_3656.jpg,39,11,6.75,9,27,1.0,문자·간판 읽기,5,7,9,6
test,test_3657.jpg,30,7,7.0,8,28,1.0,문자·간판 읽기,8,7,7,6
test,test_3658.jpg,36,7,19.5,28,78,3.75,날짜·시간,17,17,16,28
test,test_3659.jpg,18,4,3.25,4,13,1.0,가격·금액,3,4,3,3
test,test_3660.jpg,26,7,4.25,5,17,2.0,기타,5,4,4,4
test,test_3661.jpg,26,7,5.5,8,22,1.5,기타,5,4,5,8
test,test_3662.jpg,48,12,18.25,22,73,5.5,기타,18,17,16,22
test,test_3663.jpg,33,9,5.75,7,23,1.75,인물·대상,5,6,7,5
test,test_3664.jpg,35,9,2.5,4,10,1.0,위치·방향,2,2,4,2
test,test_3665.jpg,37,8,5.25,6,21,1.0,가격·금액,5,5,6,5
test,test_3666.jpg,26,7,6.5,9,26,2.25,메뉴·상품,6,6,5,9
test,test_3667.jpg,37,10,3.0,3,12,1.0,문자·간판 읽기,3,3,3,3
test,test_3668.jpg,42,10,5.5,6,22,1.0,가격·금액,6,6,4,6
test,test_3669.jpg,23,6,10.75,12,43,3.25,문자·간판 읽기,12,8,12,11
test,test_3670.jpg,27,7,3.0,3,12,1.0,전화번호,3,3,3,3
test,test_3671.jpg,39,11,7.5,8,30,1.0,문자·간판 읽기,8,7,7,8
test,test_3672.jpg,27,7,5.25,7,21,1.5,문자·간판 읽기,6,7,4,4
test,test_3673.jpg,22,6,4.75,6,19,1.0,문자·간판 읽기,6,4,4,5
test,test_3674.jpg,45,13,7.0,7,28,1.0,가격·금액,7,7,7,7
test,test_3675.jpg,27,7,8.5,11,34,2.25,메뉴·상품,11,8,8,7
test,test_3676.jpg,30,7,10.5,16,42,1.5,가격·금액,10,16,6,10
test,test_3677.jpg,22,5,6.75,8,27,2.25,문자·간판 읽기,5,7,8,7
test,test_3678.jpg,30,8,29.75,32,119,5.0,색상,26,32,31,30
test,test_3679.jpg,17,4,4.75,7,19,1.25,문자·간판 읽기,5,4,7,3
test,test_3680.jpg,28,7,4.0,5,16,1.25,메뉴·상품,4,5,3,4
test,test_3681.jpg,37,10,9.75,19,39,1.5,문자·간판 읽기,3,12,5,19
test,test_3682.jpg,29,8,7.75,13,31,1.25,문자·간판 읽기,13,5,4,9
test,test_3683.jpg,40,11,5.25,7,21,2.25,색상,5,4,7,5
test,test_3684.jpg,26,7,2.0,2,8,1.0,가격·금액,2,2,2,2
test,test_3685.jpg,37,9,8.0,9,32,3.0,위치·방향,8,7,9,8
test,test_3686.jpg,23,6,9.5,11,38,2.25,문자·간판 읽기,8,11,9,10
test,test_3687.jpg,44,11,6.25,8,25,1.0,문자·간판 읽기,5,8,6,6
test,test_3688.jpg,35,10,18.0,23,72,4.25,기타,23,14,18,17
test,test_3689.jpg,34,10,3.75,5,15,1.0,기타,3,3,5,4
test,test_3690.jpg,34,8,7.0,7,28,1.0,가격·금액,7,7,7,7
test,test_3691.jpg,24,6,11.0,11,44,1.0,전화번호,11,11,11,11
test,test_3692.jpg,26,7,4.25,7,17,1.0,문자·간판 읽기,7,4,3,3
test,test_3693.jpg,37,8,4.5,5,18,2.0,문자·간판 읽기,4,5,5,4
test,test_3694.jpg,39,12,15.0,15,60,5.0,수량·계수,15,15,15,15
test,test_3695.jpg,31,6,16.5,17,66,4.0,날짜·시간,17,16,17,16
test,test_3696.jpg,17,4,6.5,7,26,2.0,기타,6,7,7,6
test,test_3697.jpg,39,8,6.25,7,25,1.0,가격·금액,7,5,7,6
test,test_3698.jpg,39,10,6.75,8,27,2.0,기타,7,8,4,8
test,test_3699.jpg,28,8,8.5,18,34,1.5,문자·간판 읽기,18,6,3,7
test,test_3700.jpg,19,5,2.75,4,11,1.0,문자·간판 읽기,4,3,2,2
test,test_3701.jpg,30,7,7.75,9,31,2.0,메뉴·상품,9,8,7,7
test,test_3702.jpg,24,6,10.75,18,43,2.0,문자·간판 읽기,5,8,18,12
test,test_3703.jpg,32,9,10.75,16,43,3.0,날짜·시간,16,7,15,5
test,test_3704.jpg,28,7,6.0,6,24,2.0,기타,6,6,6,6
test,test_3705.jpg,25,5,9.75,13,39,2.0,기타,8,13,8,10
test,test_3706.jpg,19,4,6.0,6,24,1.0,가격·금액,6,6,6,6
test,test_3707.jpg,28,6,5.5,6,22,1.0,가격·금액,5,6,6,5
test,test_3708.jpg,32,8,5.25,11,21,1.25,색상,6,11,3,1
test,test_3709.jpg,25,7,6.5,8,26,1.0,문자·간판 읽기,6,6,6,8
test,test_3710.jpg,44,13,10.0,10,40,3.0,기타,10,10,10,10
test,test_3711.jpg,32,8,11.5,16,46,2.0,위치·방향,7,16,16,7
test,test_3712.jpg,20,6,6.5,7,26,1.0,문자·간판 읽기,7,6,6,7
test,test_3713.jpg,47,13,15.75,19,63,3.5,기타,15,11,18,19
test,test_3714.jpg,45,8,10.0,10,40,3.0,날짜·시간,10,10,10,10
test,test_3715.jpg,30,8,6.5,8,26,1.0,문자·간판 읽기,6,8,4,8
test,test_3716.jpg,30,8,9.0,13,36,2.25,메뉴·상품,7,8,13,8
test,test_3717.jpg,29,8,9.25,14,37,2.75,색상,10,5,14,8
test,test_3718.jpg,27,7,40.5,43,162,5.25,문자·간판 읽기,40,43,39,40
test,test_3719.jpg,26,7,6.25,7,25,1.0,가격·금액,6,6,7,6
test,test_3720.jpg,41,10,7.0,7,28,2.0,위치·방향,7,7,7,7
test,test_3721.jpg,29,7,14.0,21,56,2.25,위치·방향,8,11,21,16
test,test_3722.jpg,32,7,23.25,30,93,3.5,기타,25,30,18,20
test,test_3723.jpg,26,5,4.0,4,16,1.0,가격·금액,4,4,4,4
test,test_3724.jpg,33,8,8.0,8,32,2.0,문자·간판 읽기,8,8,8,8
test,test_3725.jpg,19,5,3.75,5,15,1.0,문자·간판 읽기,3,3,4,5
test,test_3726.jpg,27,7,4.75,7,19,1.0,문자·간판 읽기,4,5,3,7
test,test_3727.jpg,43,10,4.25,5,17,1.0,위치·방향,5,3,5,4
test,test_3728.jpg,20,5,3.25,4,13,1.0,기타,3,3,3,4
test,test_3729.jpg,31,8,19.0,19,76,4.0,위치·방향,19,19,19,19
test,test_3730.jpg,35,6,6.0,6,24,1.0,가격·금액,6,6,6,6
test,test_3731.jpg,35,9,9.0,9,36,2.0,위치·방향,9,9,9,9
test,test_3732.jpg,18,4,8.0,14,32,1.75,문자·간판 읽기,14,6,8,4
test,test_3733.jpg,45,9,13.0,13,52,3.0,날짜·시간,13,13,13,13
test,test_3734.jpg,20,5,10.5,16,42,1.5,문자·간판 읽기,11,16,7,8
test,test_3735.jpg,40,11,18.75,20,75,3.0,문자·간판 읽기,17,20,20,18
test,test_3736.jpg,35,8,13.0,13,52,3.0,날짜·시간,13,13,13,13
test,test_3737.jpg,53,13,16.25,20,65,2.5,위치·방향,19,20,14,12
test,test_3738.jpg,26,7,3.0,4,12,1.0,문자·간판 읽기,4,2,4,2
test,test_3739.jpg,32,6,32.0,34,128,7.25,기타,31,32,31,34
test,test_3740.jpg,44,11,17.25,20,69,4.25,기타,20,17,18,14
test,test_3741.jpg,30,8,8.5,10,34,2.5,기타,10,10,8,6
test,test_3742.jpg,29,7,6.0,6,24,1.0,인물·대상,6,6,6,6
test,test_3743.jpg,17,4,4.0,5,16,1.0,문자·간판 읽기,5,3,4,4
test,test_3744.jpg,38,9,10.0,10,40,4.0,기타,10,10,10,10
test,test_3745.jpg,43,9,4.0,4,16,1.0,문자·간판 읽기,4,4,4,4
test,test_3746.jpg,24,6,3.5,4,14,1.0,문자·간판 읽기,3,4,4,3
test,test_3747.jpg,15,4,5.5,7,22,1.75,문자·간판 읽기,7,4,5,6
test,test_3748.jpg,36,9,5.5,6,22,1.0,가격·금액,5,6,6,5
test,test_3749.jpg,32,9,6.25,11,25,1.5,색상,6,6,2,11
test,test_3750.jpg,29,6,11.0,11,44,1.0,날짜·시간,11,11,11,11
test,test_3751.jpg,48,11,8.5,13,34,3.25,문자·간판 읽기,7,13,7,7
test,test_3752.jpg,28,8,17.0,17,68,3.0,문자·간판 읽기,17,17,17,17
test,test_3753.jpg,34,6,4.0,5,16,1.0,가격·금액,5,3,4,4
test,test_3754.jpg,26,6,5.0,6,20,1.0,기타,5,5,4,6
test,test_3755.jpg,33,8,4.0,6,16,1.5,위치·방향,5,3,6,2
test,test_3756.jpg,37,9,2.0,2,8,1.0,위치·방향,2,2,2,2
test,test_3757.jpg,32,6,6.75,7,27,1.0,가격·금액,7,7,6,7
test,test_3758.jpg,16,4,7.5,9,30,1.5,문자·간판 읽기,7,7,7,9
test,test_3759.jpg,16,4,4.25,5,17,1.0,문자·간판 읽기,4,5,4,4
test,test_3760.jpg,26,6,10.75,11,43,2.0,문자·간판 읽기,11,10,11,11
test,test_3761.jpg,16,4,4.25,5,17,1.0,메뉴·상품,4,5,4,4
test,test_3762.jpg,25,7,6.5,7,26,1.0,기타,7,6,7,6
test,test_3763.jpg,33,7,12.5,15,50,1.75,전화번호,10,15,15,10
test,test_3764.jpg,22,6,2.5,3,10,1.0,메뉴·상품,2,3,2,3
test,test_3765.jpg,55,15,13.0,13,52,1.0,전화번호,13,13,13,13
test,test_3766.jpg,29,8,6.0,6,24,2.0,기타,6,6,6,6
test,test_3767.jpg,22,6,9.0,10,36,2.0,날짜·시간,10,8,9,9
test,test_3768.jpg,26,7,9.75,11,39,2.0,문자·간판 읽기,10,11,10,8
test,test_3769.jpg,32,7,5.0,5,20,1.0,위치·방향,5,5,5,5
test,test_3770.jpg,27,7,11.25,19,45,1.75,문자·간판 읽기,19,10,9,7
test,test_3771.jpg,23,6,3.25,4,13,1.0,문자·간판 읽기,3,3,3,4
test,test_3772.jpg,26,6,5.25,6,21,1.0,위치·방향,5,4,6,6
test,test_3773.jpg,28,7,10.0,11,40,3.0,날짜·시간,10,11,9,10
test,test_3774.jpg,35,7,3.0,3,12,1.0,가격·금액,3,3,3,3
test,test_3775.jpg,20,6,9.5,11,38,1.0,문자·간판 읽기,11,10,7,10
test,test_3776.jpg,30,8,2.0,2,8,1.0,위치·방향,2,2,2,2
test,test_3777.jpg,40,10,7.0,7,28,1.0,가격·금액,7,7,7,7
test,test_3778.jpg,34,10,25.0,25,100,7.0,문자·간판 읽기,25,25,25,25
test,test_3779.jpg,33,8,8.25,17,33,2.75,위치·방향,5,6,5,17
test,test_3780.jpg,43,9,3.0,3,12,1.0,색상,3,3,3,3
test,test_3781.jpg,32,10,5.0,6,20,2.0,기타,4,5,6,5
test,test_3782.jpg,50,13,12.5,16,50,3.0,기타,11,16,11,12
test,test_3783.jpg,34,9,12.5,15,50,3.5,기타,14,11,15,10
test,test_3784.jpg,27,7,23.0,23,92,5.0,날짜·시간,23,23,23,23
test,test_3785.jpg,21,5,5.0,5,20,1.0,기타,5,5,5,5
test,test_3786.jpg,25,7,5.0,7,20,2.0,문자·간판 읽기,7,5,5,3
test,test_3787.jpg,22,6,6.75,7,27,2.75,문자·간판 읽기,7,6,7,7
test,test_3788.jpg,30,8,5.5,6,22,1.0,문자·간판 읽기,5,5,6,6
test,test_3789.jpg,39,10,7.0,7,28,1.0,문자·간판 읽기,7,7,7,7
test,test_3790.jpg,33,6,11.25,12,45,3.0,날짜·시간,11,12,11,11
test,test_3791.jpg,23,6,4.0,4,16,1.0,날짜·시간,4,4,4,4
test,test_3792.jpg,45,6,5.0,5,20,1.0,가격·금액,5,5,5,5
test,test_3793.jpg,48,9,7.0,7,28,1.0,가격·금액,7,7,7,7
test,test_3794.jpg,21,6,3.25,4,13,1.0,문자·간판 읽기,4,3,3,3
test,test_3795.jpg,30,7,7.0,7,28,1.0,가격·금액,7,7,7,7
test,test_3796.jpg,31,9,2.5,3,10,1.0,문자·간판 읽기,3,2,2,3
test,test_3797.jpg,33,8,8.5,9,34,2.75,위치·방향,9,8,9,8
test,test_3798.jpg,22,6,5.5,7,22,1.75,문자·간판 읽기,6,5,7,4
test,test_3799.jpg,16,4,6.0,6,24,2.0,문자·간판 읽기,6,6,6,6
test,test_3800.jpg,23,6,2.75,3,11,1.0,가격·금액,3,3,3,2
test,test_3801.jpg,31,9,2.5,4,10,1.0,위치·방향,2,4,2,2
test,test_3802.jpg,52,15,7.5,13,30,2.25,문자·간판 읽기,7,5,5,13
test,test_3803.jpg,38,10,31.75,42,127,7.5,인물·대상,29,42,26,30
test,test_3804.jpg,16,4,8.5,10,34,2.5,문자·간판 읽기,9,6,10,9
test,test_3805.jpg,24,6,11.0,11,44,1.0,전화번호,11,11,11,11
test,test_3806.jpg,20,5,4.25,6,17,1.25,문자·간판 읽기,3,5,6,3
test,test_3807.jpg,18,5,20.5,21,82,6.0,문자·간판 읽기,20,20,21,21
test,test_3808.jpg,36,7,25.0,25,100,4.0,가격·금액,25,25,25,25
test,test_3809.jpg,23,6,5.75,8,23,1.0,문자·간판 읽기,5,8,5,5
test,test_3810.jpg,40,10,4.25,6,17,1.0,메뉴·상품,6,2,4,5
test,test_3811.jpg,52,10,22.0,26,88,5.0,기타,20,26,16,26
test,test_3812.jpg,32,9,9.75,12,39,1.0,문자·간판 읽기,11,7,12,9
test,test_3813.jpg,23,6,3.25,4,13,1.0,문자·간판 읽기,2,4,3,4
test,test_3814.jpg,17,4,5.25,7,21,1.25,문자·간판 읽기,5,5,7,4
test,test_3815.jpg,28,8,21.5,22,86,4.25,문자·간판 읽기,22,22,21,21
test,test_3816.jpg,41,10,7.25,8,29,2.0,메뉴·상품,5,8,8,8
test,test_3817.jpg,23,6,2.75,3,11,1.0,문자·간판 읽기,2,3,3,3
test,test_3818.jpg,37,9,7.25,9,29,1.0,메뉴·상품,8,5,9,7
test,test_3819.jpg,21,5,13.0,13,52,1.0,전화번호,13,13,13,13
test,test_3820.jpg,65,15,24.0,26,96,4.0,가격·금액,26,26,22,22
test,test_3821.jpg,17,4,11.75,16,47,3.25,메뉴·상품,16,9,11,11
test,test_3822.jpg,36,9,12.5,15,50,2.75,기타,13,9,13,15
test,test_3823.jpg,44,11,4.0,5,16,1.0,색상,3,3,5,5
test,test_3824.jpg,33,8,2.75,3,11,1.0,메뉴·상품,3,2,3,3
test,test_3825.jpg,28,7,6.25,7,25,1.0,가격·금액,6,6,7,6
test,test_3826.jpg,40,8,8.0,9,32,2.0,기타,7,8,9,8
test,test_3827.jpg,34,10,3.0,3,12,1.0,가격·금액,3,3,3,3
test,test_3828.jpg,29,7,4.0,4,16,2.0,색상,4,4,4,4
test,test_3829.jpg,42,11,2.75,5,11,1.0,기타,2,2,5,2
test,test_3830.jpg,18,4,1.75,2,7,1.0,기타,2,1,2,2
test,test_3831.jpg,25,7,5.5,6,22,2.0,메뉴·상품,5,5,6,6
test,test_3832.jpg,37,5,7.25,8,29,1.0,가격·금액,7,8,7,7
test,test_3833.jpg,25,6,4.0,4,16,1.0,가격·금액,4,4,4,4
test,test_3834.jpg,38,9,10.0,11,40,1.5,기타,11,7,11,11
test,test_3835.jpg,16,3,7.0,8,28,1.75,위치·방향,6,6,8,8
test,test_3836.jpg,34,8,5.5,7,22,2.0,문자·간판 읽기,5,7,5,5
test,test_3837.jpg,69,17,17.5,24,70,5.0,인물·대상,24,13,15,18
test,test_3838.jpg,23,6,6.25,7,25,1.0,위치·방향,7,7,6,5
test,test_3839.jpg,42,10,26.0,29,104,6.25,위치·방향,29,21,29,25
test,test_3840.jpg,16,4,5.5,7,22,1.75,메뉴·상품,7,5,3,7
test,test_3841.jpg,51,12,12.5,15,50,2.5,위치·방향,9,14,12,15
test,test_3842.jpg,42,9,5.0,6,20,1.0,기타,4,5,5,6
test,test_3843.jpg,34,8,22.25,23,89,4.0,날짜·시간,22,22,22,23
test,test_3844.jpg,24,6,6.25,7,25,1.0,문자·간판 읽기,6,7,6,6
test,test_3845.jpg,27,7,7.75,12,31,2.25,위치·방향,12,4,9,6
test,test_3846.jpg,26,6,9.5,13,38,2.75,메뉴·상품,6,10,13,9
test,test_3847.jpg,21,5,9.0,9,36,2.0,가격·금액,9,9,9,9
test,test_3848.jpg,25,7,4.75,6,19,1.0,문자·간판 읽기,4,4,6,5
test,test_3849.jpg,19,5,3.75,4,15,1.0,문자·간판 읽기,3,4,4,4
test,test_3850.jpg,25,6,9.0,11,36,2.75,기타,11,7,9,9
test,test_3851.jpg,28,7,5.0,7,20,1.0,메뉴·상품,4,5,7,4
test,test_3852.jpg,37,7,8.5,14,34,2.25,기타,7,7,6,14
test,test_3853.jpg,22,6,3.0,3,12,1.0,전화번호,3,3,3,3
test,test_3854.jpg,30,7,11.0,12,44,3.25,기타,10,10,12,12
test,test_3855.jpg,29,6,23.75,25,95,6.0,날짜·시간,23,25,23,24
test,test_3856.jpg,24,6,8.5,9,34,3.0,문자·간판 읽기,9,8,9,8
test,test_3857.jpg,20,5,5.0,5,20,1.0,전화번호,5,5,5,5
test,test_3858.jpg,16,4,9.75,11,39,1.5,문자·간판 읽기,7,11,11,10
test,test_3859.jpg,25,6,8.75,13,35,2.5,문자·간판 읽기,13,7,2,13
test,test_3860.jpg,31,7,4.0,4,16,1.0,기타,4,4,4,4
test,test_3861.jpg,34,10,7.0,10,28,1.25,문자·간판 읽기,10,7,9,2
test,test_3862.jpg,33,9,11.25,14,45,3.25,위치·방향,14,12,10,9
test,test_3863.jpg,27,6,5.0,5,20,1.0,날짜·시간,5,5,5,5
test,test_3864.jpg,49,13,14.5,19,58,5.0,기타,11,16,19,12
test,test_3865.jpg,40,11,5.5,6,22,1.0,가격·금액,6,4,6,6
test,test_3866.jpg,31,9,10.5,14,42,3.0,기타,9,11,8,14
test,test_3867.jpg,28,5,3.0,3,12,1.0,가격·금액,3,3,3,3
test,test_3868.jpg,15,4,2.75,4,11,1.0,문자·간판 읽기,2,2,3,4
test,test_3869.jpg,56,10,7.5,10,30,2.25,가격·금액,6,5,10,9
test,test_3870.jpg,27,5,7.0,7,28,1.0,가격·금액,7,7,7,7
test,test_3871.jpg,38,9,4.0,6,16,1.0,가격·금액,3,3,6,4
test,test_3872.jpg,17,4,20.0,24,80,2.75,문자·간판 읽기,19,24,13,24
test,test_3873.jpg,44,12,12.75,14,51,3.0,문자·간판 읽기,14,9,14,14
test,test_3874.jpg,28,8,15.25,16,61,3.0,문자·간판 읽기,16,16,15,14
test,test_3875.jpg,38,11,5.75,7,23,1.0,위치·방향,7,7,4,5
test,test_3876.jpg,26,7,6.25,7,25,1.0,문자·간판 읽기,6,6,6,7
test,test_3877.jpg,25,6,4.75,5,19,1.0,메뉴·상품,4,5,5,5
test,test_3878.jpg,38,8,25.5,29,102,7.25,날짜·시간,20,27,26,29
test,test_3879.jpg,34,7,11.0,12,44,1.0,전화번호,12,11,10,11
test,test_3880.jpg,26,7,3.0,3,12,1.0,기타,3,3,3,3
test,test_3881.jpg,42,9,3.75,4,15,1.0,가격·금액,4,4,3,4
test,test_3882.jpg,28,6,10.25,15,41,2.75,위치·방향,7,6,15,13
test,test_3883.jpg,25,6,13.0,15,52,1.75,문자·간판 읽기,11,12,14,15
test,test_3884.jpg,30,6,7.0,7,28,2.0,가격·금액,7,7,7,7
test,test_3885.jpg,24,7,4.5,7,18,1.25,위치·방향,7,5,3,3
test,test_3886.jpg,28,7,8.5,20,34,1.25,문자·간판 읽기,5,5,4,20
test,test_3887.jpg,23,5,2.25,3,9,1.0,위치·방향,2,2,2,3
test,test_3888.jpg,40,10,12.0,12,48,1.0,전화번호,12,12,12,12
test,test_3889.jpg,51,11,6.25,8,25,2.0,문자·간판 읽기,5,8,6,6
test,test_3890.jpg,70,16,14.75,17,59,2.25,위치·방향,11,16,17,15
test,test_3891.jpg,26,7,5.75,7,23,2.0,위치·방향,5,6,5,7
test,test_3892.jpg,16,4,5.0,5,20,2.0,문자·간판 읽기,5,5,5,5
test,test_3893.jpg,34,9,5.25,6,21,1.5,가격·금액,5,5,6,5
test,test_3894.jpg,47,11,7.25,10,29,1.25,문자·간판 읽기,10,3,7,9
test,test_3895.jpg,26,8,2.0,2,8,1.0,기타,2,2,2,2
test,test_3896.jpg,21,5,12.75,20,51,4.5,색상,11,9,20,11
test,test_3897.jpg,16,4,9.0,10,36,2.75,문자·간판 읽기,9,7,10,10
test,test_3898.jpg,37,9,2.0,2,8,1.0,위치·방향,2,2,2,2
test,test_3899.jpg,39,8,7.0,9,28,1.75,문자·간판 읽기,5,9,7,7
test,test_3900.jpg,30,7,8.25,10,33,1.5,기타,7,8,10,8
test,test_3901.jpg,31,9,1.5,2,6,1.0,수량·계수,1,2,2,1
test,test_3902.jpg,50,13,2.75,3,11,1.0,색상,3,3,2,3
test,test_3903.jpg,41,10,2.25,3,9,1.0,위치·방향,2,3,2,2
test,test_3904.jpg,33,8,6.0,6,24,1.0,가격·금액,6,6,6,6
test,test_3905.jpg,35,9,3.75,6,15,1.5,문자·간판 읽기,2,6,5,2
test,test_3906.jpg,36,9,15.75,22,63,3.75,메뉴·상품,16,12,13,22
test,test_3907.jpg,28,8,21.0,22,84,4.0,문자·간판 읽기,22,21,21,20
test,test_3908.jpg,33,9,6.0,8,24,1.5,기타,8,4,6,6
test,test_3909.jpg,33,8,7.0,7,28,1.0,가격·금액,7,7,7,7
test,test_3910.jpg,53,11,7.0,7,28,4.0,문자·간판 읽기,7,7,7,7
test,test_3911.jpg,28,7,8.5,9,34,1.0,문자·간판 읽기,9,9,7,9
test,test_3912.jpg,35,10,16.0,19,64,3.25,문자·간판 읽기,15,14,19,16
test,test_3913.jpg,31,9,3.5,4,14,1.0,메뉴·상품,4,3,3,4
test,test_3914.jpg,31,9,3.5,5,14,1.0,문자·간판 읽기,3,5,3,3
test,test_3915.jpg,27,6,4.25,6,17,1.0,메뉴·상품,3,4,6,4
test,test_3916.jpg,17,4,4.25,5,17,1.0,메뉴·상품,4,5,4,4
test,test_3917.jpg,40,9,18.0,24,72,4.5,문자·간판 읽기,14,13,24,21
test,test_3918.jpg,31,7,10.75,19,43,3.25,메뉴·상품,7,10,7,19
test,test_3919.jpg,48,10,13.0,17,52,2.25,메뉴·상품,10,17,13,12
test,test_3920.jpg,17,4,12.0,12,48,3.0,날짜·시간,12,12,12,12
test,test_3921.jpg,30,9,12.0,12,48,3.0,기타,12,12,12,12
test,test_3922.jpg,35,9,21.75,38,87,6.5,메뉴·상품,38,14,24,11
test,test_3923.jpg,25,6,6.5,8,26,2.0,위치·방향,8,6,6,6
test,test_3924.jpg,62,14,10.75,13,43,2.5,전화번호,12,13,11,7
test,test_3925.jpg,45,11,5.0,11,20,1.25,메뉴·상품,11,4,2,3
test,test_3926.jpg,34,9,14.0,16,56,3.75,기타,15,16,10,15
test,test_3927.jpg,26,6,3.75,4,15,1.0,기타,4,3,4,4
test,test_3928.jpg,46,10,7.75,10,31,1.0,문자·간판 읽기,7,7,7,10
test,test_3929.jpg,35,11,19.5,24,78,4.75,색상,20,24,24,10
test,test_3930.jpg,41,11,16.5,19,66,4.5,기타,14,19,17,16
test,test_3931.jpg,16,4,7.0,7,28,1.0,가격·금액,7,7,7,7
test,test_3932.jpg,26,7,2.75,3,11,1.0,기타,2,3,3,3
test,test_3933.jpg,26,6,3.0,3,12,1.0,문자·간판 읽기,3,3,3,3
test,test_3934.jpg,42,12,5.25,9,21,2.0,색상,3,4,9,5
test,test_3935.jpg,29,8,10.25,15,41,2.25,문자·간판 읽기,15,10,9,7
test,test_3936.jpg,25,6,2.75,5,11,1.25,위치·방향,2,2,5,2
test,test_3937.jpg,34,8,32.25,67,129,7.75,기타,67,16,21,25
test,test_3938.jpg,32,8,13.5,14,54,3.5,문자·간판 읽기,13,14,13,14
test,test_3939.jpg,37,10,4.5,6,18,1.5,메뉴·상품,3,4,5,6
test,test_3940.jpg,35,7,7.75,8,31,1.0,가격·금액,7,8,8,8
test,test_3941.jpg,22,5,3.75,5,15,1.25,위치·방향,5,4,3,3
test,test_3942.jpg,27,7,14.25,26,57,4.5,색상,10,11,26,10
test,test_3943.jpg,29,7,12.75,15,51,3.75,가격·금액,15,14,14,8
test,test_3944.jpg,36,7,6.0,6,24,1.0,가격·금액,6,6,6,6
test,test_3945.jpg,30,8,10.0,11,40,2.5,문자·간판 읽기,9,10,11,10
test,test_3946.jpg,29,6,11.75,14,47,2.75,기타,12,14,11,10
test,test_3947.jpg,22,6,7.5,8,30,2.0,문자·간판 읽기,7,8,8,7
test,test_3948.jpg,25,7,4.5,6,18,1.5,문자·간판 읽기,3,4,6,5
test,test_3949.jpg,32,8,15.25,22,61,4.25,위치·방향,11,12,22,16
test,test_3950.jpg,29,7,4.75,5,19,2.0,위치·방향,5,5,4,5
test,test_3951.jpg,25,7,5.25,6,21,2.25,기타,6,5,5,5
test,test_3952.jpg,34,9,21.0,21,84,4.0,문자·간판 읽기,21,21,21,21
test,test_3953.jpg,48,10,20.75,31,83,5.5,기타,16,21,15,31
test,test_3954.jpg,41,10,4.0,4,16,1.0,기타,4,4,4,4
test,test_3955.jpg,17,4,4.75,5,19,1.0,문자·간판 읽기,5,5,4,5
test,test_3956.jpg,16,4,6.75,8,27,1.0,문자·간판 읽기,7,8,6,6
test,test_3957.jpg,61,16,6.5,8,26,1.0,가격·금액,8,6,4,8
test,test_3958.jpg,36,11,5.0,5,20,1.0,기타,5,5,5,5
test,test_3959.jpg,22,6,8.5,13,34,2.25,문자·간판 읽기,7,13,7,7
test,test_3960.jpg,41,9,16.75,17,67,3.0,날짜·시간,17,17,16,17
test,test_3961.jpg,27,8,8.0,10,32,1.25,문자·간판 읽기,10,6,8,8
test,test_3962.jpg,44,10,2.5,3,10,1.0,메뉴·상품,3,2,3,2
test,test_3963.jpg,25,6,4.75,7,19,1.5,문자·간판 읽기,3,7,6,3
test,test_3964.jpg,27,8,21.5,28,86,5.0,문자·간판 읽기,19,14,25,28
test,test_3965.jpg,18,4,5.75,10,23,1.0,위치·방향,6,4,10,3
test,test_3966.jpg,22,6,2.75,4,11,1.0,메뉴·상품,3,2,4,2
test,test_3967.jpg,33,8,1.5,2,6,1.0,메뉴·상품,2,2,1,1
test,test_3968.jpg,40,12,5.0,5,20,2.0,문자·간판 읽기,5,5,5,5
test,test_3969.jpg,35,8,2.25,3,9,1.0,위치·방향,3,2,2,2
test,test_3970.jpg,42,9,8.0,8,32,2.0,가격·금액,8,8,8,8
test,test_3971.jpg,20,5,13.25,14,53,3.25,기타,14,13,13,13
test,test_3972.jpg,30,8,11.0,17,44,3.25,메뉴·상품,5,12,10,17
test,test_3973.jpg,32,7,4.75,8,19,1.0,메뉴·상품,3,8,4,4
test,test_3974.jpg,20,5,8.25,13,33,1.25,가격·금액,6,7,13,7
test,test_3975.jpg,26,7,8.75,11,35,1.0,문자·간판 읽기,11,8,8,8
test,test_3976.jpg,31,9,7.0,7,28,2.0,문자·간판 읽기,7,7,7,7
test,test_3977.jpg,20,5,5.5,6,22,2.0,문자·간판 읽기,5,5,6,6
test,test_3978.jpg,40,11,11.25,16,45,3.75,문자·간판 읽기,12,16,11,6
test,test_3979.jpg,30,8,10.0,10,40,3.0,문자·간판 읽기,10,10,10,10
test,test_3980.jpg,40,11,14.75,21,59,4.25,기타,10,21,14,14
test,test_3981.jpg,37,10,16.5,18,66,3.0,가격·금액,16,16,18,16
test,test_3982.jpg,41,11,9.25,10,37,2.0,가격·금액,9,10,9,9
test,test_3983.jpg,27,8,11.5,14,46,1.75,문자·간판 읽기,11,12,9,14
test,test_3984.jpg,51,11,9.25,16,37,1.5,위치·방향,16,5,6,10
test,test_3985.jpg,19,5,7.25,8,29,2.0,메뉴·상품,7,7,7,8
test,test_3986.jpg,31,8,2.0,2,8,1.0,수량·계수,2,2,2,2
test,test_3987.jpg,49,11,5.25,7,21,1.5,메뉴·상품,4,3,7,7
test,test_3988.jpg,29,7,8.0,10,32,2.25,문자·간판 읽기,8,8,10,6
test,test_3989.jpg,44,11,11.75,13,47,3.0,날짜·시간,11,12,11,13
test,test_3990.jpg,46,12,5.75,6,23,2.0,문자·간판 읽기,6,6,6,5
test,test_3991.jpg,25,6,8.0,8,32,1.0,전화번호,8,8,8,8
test,test_3992.jpg,16,4,7.75,8,31,2.0,기타,7,8,8,8
test,test_3993.jpg,40,10,7.75,8,31,2.0,메뉴·상품,8,8,8,7
test,test_3994.jpg,26,7,5.0,6,20,1.75,메뉴·상품,5,5,4,6
test,test_3995.jpg,22,5,11.25,13,45,2.0,메뉴·상품,11,12,13,9
test,test_3996.jpg,30,8,15.25,16,61,4.0,가격·금액,15,15,16,15
test,test_3997.jpg,27,6,8.0,8,32,2.0,기타,8,8,8,8
test,test_3998.jpg,72,17,1.0,1,4,1.0,전화번호,1,1,1,1
test,test_3999.jpg,61,14,9.75,15,39,2.75,색상,8,8,8,15
test,test_4000.jpg,37,9,11.5,19,46,2.0,기타,19,10,5,12
test,test_4001.jpg,43,9,14.75,15,59,5.0,위치·방향,15,14,15,15
test,test_4002.jpg,28,7,14.5,19,58,3.75,문자·간판 읽기,12,15,19,12
test,test_4003.jpg,23,6,5.0,7,20,1.0,문자·간판 읽기,7,4,4,5
test,test_4004.jpg,20,5,10.75,11,43,3.25,위치·방향,10,11,11,11
test,test_4005.jpg,26,7,5.5,6,22,1.0,문자·간판 읽기,6,6,6,4
test,test_4006.jpg,19,5,7.75,9,31,2.0,메뉴·상품,9,8,6,8
test,test_4007.jpg,37,8,17.75,19,71,4.0,문자·간판 읽기,17,18,17,19
test,test_4008.jpg,34,10,8.5,10,34,1.75,기타,10,9,9,6
test,test_4009.jpg,16,4,8.0,11,32,1.0,위치·방향,11,7,7,7
test,test_4010.jpg,28,7,8.0,8,32,2.25,문자·간판 읽기,8,8,8,8
test,test_4011.jpg,38,11,8.75,10,35,2.25,문자·간판 읽기,7,9,9,10
test,test_4012.jpg,16,4,8.5,15,34,2.0,문자·간판 읽기,7,7,15,5
test,test_4013.jpg,38,10,7.25,8,29,2.5,위치·방향,7,6,8,8
test,test_4014.jpg,47,11,21.25,32,85,5.5,문자·간판 읽기,18,18,32,17
test,test_4015.jpg,15,4,3.75,4,15,1.0,문자·간판 읽기,4,4,4,3
test,test_4016.jpg,21,5,16.0,18,64,4.0,기타,18,15,16,15
test,test_4017.jpg,36,11,4.0,10,16,1.25,기타,2,10,2,2
test,test_4018.jpg,56,14,8.5,11,34,2.75,기타,6,8,11,9
test,test_4019.jpg,24,6,12.0,14,48,2.25,문자·간판 읽기,14,13,7,14
test,test_4020.jpg,26,7,7.5,12,30,2.0,문자·간판 읽기,12,9,3,6
test,test_4021.jpg,31,9,5.25,8,21,1.0,문자·간판 읽기,8,5,4,4
test,test_4022.jpg,33,7,5.25,6,21,1.5,기타,5,6,5,5
test,test_4023.jpg,31,7,10.0,12,40,3.0,위치·방향,10,12,9,9
test,test_4024.jpg,30,8,5.5,7,22,1.0,문자·간판 읽기,7,5,5,5
test,test_4025.jpg,34,9,13.75,18,55,3.75,기타,11,15,11,18
test,test_4026.jpg,31,8,4.5,6,18,1.0,문자·간판 읽기,6,3,4,5
test,test_4027.jpg,39,9,3.75,5,15,1.0,가격·금액,3,5,4,3
test,test_4028.jpg,51,11,21.0,22,84,5.75,기타,22,21,20,21
test,test_4029.jpg,30,8,5.5,9,22,1.75,위치·방향,9,3,4,6
test,test_4030.jpg,29,6,11.0,13,44,1.25,전화번호,10,13,10,11
test,test_4031.jpg,19,5,23.0,28,92,6.25,문자·간판 읽기,28,22,20,22
test,test_4032.jpg,27,8,10.0,11,40,2.0,기타,10,9,10,11
test,test_4033.jpg,25,6,16.75,26,67,3.0,기타,12,15,26,14
test,test_4034.jpg,23,3,8.0,8,32,1.0,전화번호,8,8,8,8
test,test_4035.jpg,26,5,5.25,6,21,1.75,날짜·시간,5,5,6,5
test,test_4036.jpg,30,9,17.25,20,69,4.25,문자·간판 읽기,20,17,16,16
test,test_4037.jpg,26,7,13.5,17,54,3.25,문자·간판 읽기,17,9,12,16
test,test_4038.jpg,29,8,3.25,4,13,1.0,문자·간판 읽기,3,4,3,3
test,test_4039.jpg,37,9,8.0,9,32,1.75,문자·간판 읽기,9,8,6,9
test,test_4040.jpg,21,6,6.0,7,24,1.0,문자·간판 읽기,6,5,7,6
test,test_4041.jpg,35,9,5.5,6,22,1.25,기타,6,6,5,5
test,test_4042.jpg,21,5,11.25,12,45,2.0,문자·간판 읽기,12,11,12,10
test,test_4043.jpg,33,9,9.75,13,39,3.25,위치·방향,13,9,9,8
test,test_4044.jpg,26,6,10.75,13,43,1.0,전화번호,13,9,12,9
test,test_4045.jpg,24,7,6.5,10,26,2.25,문자·간판 읽기,8,6,10,2
test,test_4046.jpg,22,6,3.25,4,13,1.0,메뉴·상품,3,3,4,3
test,test_4047.jpg,27,7,3.25,4,13,1.0,메뉴·상품,3,3,3,4
test,test_4048.jpg,44,11,6.0,8,24,1.75,기타,6,8,6,4
test,test_4049.jpg,21,5,5.5,8,22,1.0,문자·간판 읽기,8,4,6,4
test,test_4050.jpg,32,8,6.25,8,25,1.75,위치·방향,7,5,8,5
test,test_4051.jpg,61,13,8.75,11,35,2.5,위치·방향,11,10,7,7
test,test_4052.jpg,25,6,6.75,9,27,2.0,문자·간판 읽기,6,6,6,9
test,test_4053.jpg,34,9,11.0,17,44,3.0,날짜·시간,17,6,15,6
test,test_4054.jpg,37,8,2.5,3,10,1.0,메뉴·상품,3,3,2,2
test,test_4055.jpg,39,11,19.25,25,77,4.75,색상,25,17,18,17
test,test_4056.jpg,27,7,12.75,13,51,1.0,전화번호,12,13,13,13
test,test_4057.jpg,20,5,5.75,9,23,1.25,위치·방향,4,9,4,6
test,test_4058.jpg,40,9,12.5,19,50,3.75,기타,9,12,10,19
test,test_4059.jpg,26,7,17.0,18,68,3.25,문자·간판 읽기,16,17,18,17
test,test_4060.jpg,45,12,11.5,14,46,2.75,가격·금액,14,13,13,6
test,test_4061.jpg,25,4,5.75,6,23,2.0,날짜·시간,6,6,5,6
test,test_4062.jpg,36,9,7.5,10,30,2.5,인물·대상,5,9,10,6
test,test_4063.jpg,16,4,10.0,10,40,2.0,기타,10,10,10,10
test,test_4064.jpg,38,10,8.0,10,32,1.25,문자·간판 읽기,4,10,10,8
test,test_4065.jpg,34,9,20.0,27,80,4.75,메뉴·상품,20,16,27,17
test,test_4066.jpg,47,10,3.0,3,12,1.0,색상,3,3,3,3
test,test_4067.jpg,29,6,6.0,6,24,1.0,가격·금액,6,6,6,6
test,test_4068.jpg,15,4,15.0,16,60,2.0,문자·간판 읽기,15,16,16,13
test,test_4069.jpg,25,6,5.25,6,21,1.0,문자·간판 읽기,5,5,5,6
test,test_4070.jpg,38,10,6.5,13,26,1.75,문자·간판 읽기,6,3,13,4
test,test_4071.jpg,35,9,5.75,7,23,2.0,기타,6,5,7,5
test,test_4072.jpg,51,10,9.0,9,36,1.0,전화번호,9,9,9,9
test,test_4073.jpg,44,11,22.25,37,89,5.75,기타,37,19,16,17
test,test_4074.jpg,39,10,11.0,22,44,3.5,문자·간판 읽기,22,8,5,9
test,test_4075.jpg,38,8,12.0,12,48,1.0,전화번호,12,12,12,12
test,test_4076.jpg,47,13,17.0,17,68,4.0,문자·간판 읽기,17,17,17,17
test,test_4077.jpg,26,6,3.0,3,12,1.0,메뉴·상품,3,3,3,3
test,test_4078.jpg,20,5,13.75,20,55,3.0,메뉴·상품,13,20,9,13
test,test_4079.jpg,46,13,12.75,14,51,3.0,날짜·시간,14,12,12,13
test,test_4080.jpg,39,10,2.0,2,8,1.0,가격·금액,2,2,2,2
test,test_4081.jpg,26,7,6.0,11,24,1.5,문자·간판 읽기,4,3,6,11
test,test_4082.jpg,30,8,14.5,21,58,4.0,색상,21,9,20,8
test,test_4083.jpg,17,4,4.75,6,19,1.0,문자·간판 읽기,4,5,4,6
test,test_4084.jpg,52,13,6.5,8,26,2.25,기타,7,8,5,6
test,test_4085.jpg,35,9,3.0,3,12,1.0,가격·금액,3,3,3,3
test,test_4086.jpg,20,5,5.5,7,22,1.5,기타,3,6,7,6
test,test_4087.jpg,26,5,9.5,12,38,1.0,기타,10,9,7,12
test,test_4088.jpg,31,9,11.5,14,46,3.0,메뉴·상품,14,8,13,11
test,test_4089.jpg,34,8,7.75,9,31,2.0,메뉴·상품,9,7,7,8
test,test_4090.jpg,28,8,13.75,16,55,2.25,문자·간판 읽기,16,15,11,13
test,test_4091.jpg,32,7,13.5,21,54,1.0,기타,21,10,15,8
test,test_4092.jpg,16,4,2.75,4,11,1.0,문자·간판 읽기,3,2,4,2
test,test_4093.jpg,35,10,3.0,3,12,1.0,인물·대상,3,3,3,3
test,test_4094.jpg,26,6,3.75,5,15,1.0,위치·방향,3,4,5,3
test,test_4095.jpg,32,8,7.5,14,30,2.25,위치·방향,14,4,7,5
test,test_4096.jpg,30,8,12.75,13,51,3.0,위치·방향,13,13,13,12
test,test_4097.jpg,29,8,4.25,7,17,1.0,문자·간판 읽기,4,4,2,7
test,test_4098.jpg,29,8,7.5,9,30,2.5,메뉴·상품,9,9,6,6
test,test_4099.jpg,23,6,7.25,10,29,1.25,위치·방향,4,10,9,6
test,test_4100.jpg,20,5,5.5,6,22,1.0,가격·금액,6,4,6,6
test,test_4101.jpg,19,5,5.5,8,22,1.0,문자·간판 읽기,2,8,8,4
test,test_4102.jpg,19,5,6.0,9,24,2.25,메뉴·상품,4,6,9,5
test,test_4103.jpg,28,6,5.0,5,20,1.0,가격·금액,5,5,5,5
test,test_4104.jpg,23,6,4.75,5,19,1.0,문자·간판 읽기,4,5,5,5
test,test_4105.jpg,31,7,6.5,7,26,1.0,가격·금액,6,7,6,7
test,test_4106.jpg,30,8,4.0,4,16,1.0,문자·간판 읽기,4,4,4,4
test,test_4107.jpg,35,10,4.75,5,19,1.0,문자·간판 읽기,5,5,5,4
test,test_4108.jpg,39,9,25.25,35,101,5.25,날짜·시간,35,22,22,22
test,test_4109.jpg,31,6,2.75,4,11,1.0,위치·방향,3,2,4,2
test,test_4110.jpg,26,5,9.0,9,36,2.0,날짜·시간,9,9,9,9
test,test_4111.jpg,46,10,13.75,16,55,3.75,문자·간판 읽기,14,11,16,14
test,test_4112.jpg,22,6,8.0,8,32,2.0,문자·간판 읽기,8,8,8,8
test,test_4113.jpg,27,5,6.0,6,24,1.0,가격·금액,6,6,6,6
test,test_4114.jpg,16,4,12.0,12,48,2.0,문자·간판 읽기,12,12,12,12
test,test_4115.jpg,21,6,4.0,5,16,1.0,문자·간판 읽기,3,4,5,4
test,test_4116.jpg,17,4,4.0,4,16,1.0,문자·간판 읽기,4,4,4,4
test,test_4117.jpg,37,9,20.5,26,82,4.5,문자·간판 읽기,16,19,26,21
test,test_4118.jpg,23,6,5.0,5,20,1.0,가격·금액,5,5,5,5
test,test_4119.jpg,29,8,9.75,11,39,3.0,메뉴·상품,9,11,9,10
test,test_4120.jpg,37,9,4.0,4,16,1.0,가격·금액,4,4,4,4
test,test_4121.jpg,56,14,7.0,7,28,3.0,메뉴·상품,7,7,7,7
test,test_4122.jpg,27,6,5.0,5,20,1.0,가격·금액,5,5,5,5
test,test_4123.jpg,28,7,5.0,6,20,1.0,문자·간판 읽기,5,5,6,4
test,test_4124.jpg,25,6,9.25,10,37,2.0,문자·간판 읽기,9,10,9,9
test,test_4125.jpg,52,14,9.5,17,38,2.5,메뉴·상품,6,9,6,17
test,test_4126.jpg,23,6,10.5,18,42,2.75,문자·간판 읽기,18,8,6,10
test,test_4127.jpg,23,6,7.5,9,30,1.0,문자·간판 읽기,6,9,8,7
test,test_4128.jpg,25,5,5.0,5,20,1.0,가격·금액,5,5,5,5
test,test_4129.jpg,34,9,16.0,17,64,4.0,가격·금액,17,14,17,16
test,test_4130.jpg,40,11,14.0,17,56,4.25,날짜·시간,13,13,17,13
test,test_4131.jpg,26,7,14.0,23,56,3.75,기타,12,23,10,11
test,test_4132.jpg,33,8,11.5,18,46,3.0,위치·방향,7,10,18,11
test,test_4133.jpg,30,6,6.75,8,27,2.0,기타,7,5,8,7
test,test_4134.jpg,45,11,5.25,8,21,1.5,기타,3,4,8,6
test,test_4135.jpg,58,16,6.0,8,24,2.5,문자·간판 읽기,5,8,4,7
test,test_4136.jpg,35,5,6.0,6,24,1.0,가격·금액,6,6,6,6
test,test_4137.jpg,20,5,24.5,28,98,6.0,기타,23,21,28,26
test,test_4138.jpg,42,11,5.25,6,21,2.0,기타,5,5,5,6
test,test_4139.jpg,39,9,2.75,3,11,1.0,색상,3,2,3,3
test,test_4140.jpg,31,8,11.75,14,47,2.75,기타,7,13,13,14
test,test_4141.jpg,16,4,6.5,7,26,1.0,문자·간판 읽기,6,7,7,6
test,test_4142.jpg,40,11,14.25,15,57,3.0,가격·금액,15,15,12,15
test,test_4143.jpg,37,9,18.5,22,74,4.25,기타,19,16,17,22
test,test_4144.jpg,33,9,6.0,7,24,2.0,문자·간판 읽기,5,5,7,7
test,test_4145.jpg,31,8,7.0,11,28,1.5,문자·간판 읽기,8,4,5,11
test,test_4146.jpg,24,6,4.75,5,19,1.0,문자·간판 읽기,4,5,5,5
test,test_4147.jpg,25,7,9.0,27,36,2.25,문자·간판 읽기,3,4,2,27
test,test_4148.jpg,32,6,12.25,15,49,1.5,전화번호,14,10,10,15
test,test_4149.jpg,24,6,2.25,3,9,1.0,위치·방향,2,2,3,2
test,test_4150.jpg,25,6,4.0,4,16,1.0,문자·간판 읽기,4,4,4,4
test,test_4151.jpg,16,4,6.75,7,27,3.0,문자·간판 읽기,7,6,7,7
test,test_4152.jpg,44,13,19.25,20,77,6.0,날짜·시간,19,20,19,19
test,test_4153.jpg,28,6,11.25,13,45,1.0,전화번호,13,10,12,10
test,test_4154.jpg,33,5,6.0,6,24,1.0,가격·금액,6,6,6,6
test,test_4155.jpg,20,5,23.75,26,95,3.0,문자·간판 읽기,24,26,26,19
test,test_4156.jpg,49,12,15.0,23,60,4.75,메뉴·상품,13,23,11,13
test,test_4157.jpg,33,8,5.75,6,23,2.0,날짜·시간,6,6,5,6
test,test_4158.jpg,32,8,8.0,10,32,1.0,기타,10,7,7,8
test,test_4159.jpg,29,7,2.0,2,8,1.0,문자·간판 읽기,2,2,2,2
test,test_4160.jpg,34,10,5.25,7,21,1.0,기타,6,4,7,4
test,test_4161.jpg,33,8,11.75,14,47,2.0,메뉴·상품,9,14,13,11
test,test_4162.jpg,47,12,16.25,21,65,3.75,문자·간판 읽기,14,17,21,13
test,test_4163.jpg,25,6,6.5,9,26,1.25,기타,9,5,6,6
test,test_4164.jpg,27,7,9.5,12,38,3.0,기타,9,9,12,8
test,test_4165.jpg,38,8,9.25,13,37,1.0,전화번호,13,8,8,8
test,test_4166.jpg,27,6,5.0,5,20,1.0,가격·금액,5,5,5,5
test,test_4167.jpg,36,7,6.25,7,25,1.75,위치·방향,6,6,7,6
test,test_4168.jpg,26,6,5.25,7,21,1.25,문자·간판 읽기,6,4,4,7
test,test_4169.jpg,49,12,11.75,18,47,3.25,날짜·시간,16,18,7,6
test,test_4170.jpg,30,8,3.75,6,15,1.0,문자·간판 읽기,3,6,3,3
test,test_4171.jpg,36,9,16.0,22,64,4.25,색상,17,22,11,14
test,test_4172.jpg,31,8,3.0,3,12,1.0,기타,3,3,3,3
test,test_4173.jpg,36,9,2.0,2,8,1.0,수량·계수,2,2,2,2
test,test_4174.jpg,38,8,7.0,7,28,1.0,가격·금액,7,7,7,7
test,test_4175.jpg,56,13,3.0,3,12,1.0,색상,3,3,3,3
test,test_4176.jpg,16,4,3.0,3,12,1.0,문자·간판 읽기,3,3,3,3
test,test_4177.jpg,31,9,24.0,30,96,5.75,기타,30,26,24,16
test,test_4178.jpg,22,6,2.25,3,9,1.0,기타,2,3,2,2
test,test_4179.jpg,24,6,4.0,5,16,1.0,문자·간판 읽기,4,5,2,5
test,test_4180.jpg,29,8,9.75,12,39,1.75,문자·간판 읽기,9,12,7,11
test,test_4181.jpg,17,4,8.0,8,32,2.0,가격·금액,8,8,8,8
test,test_4182.jpg,42,11,14.75,23,59,4.25,문자·간판 읽기,14,10,23,12
test,test_4183.jpg,33,9,3.25,4,13,1.0,기타,3,2,4,4
test,test_4184.jpg,33,7,15.5,16,62,4.0,날짜·시간,15,15,16,16
test,test_4185.jpg,35,8,6.25,7,25,1.0,가격·금액,7,6,6,6
test,test_4186.jpg,24,6,7.5,11,30,1.25,문자·간판 읽기,3,10,11,6
test,test_4187.jpg,30,7,2.5,3,10,1.0,위치·방향,3,2,2,3
test,test_4188.jpg,43,10,11.0,11,44,3.0,문자·간판 읽기,11,11,11,11
test,test_4189.jpg,35,9,2.0,3,8,1.0,위치·방향,2,3,2,1
test,test_4190.jpg,38,9,18.25,38,73,5.25,기타,14,12,38,9
test,test_4191.jpg,35,7,3.0,3,12,1.0,가격·금액,3,3,3,3
test,test_4192.jpg,57,12,8.75,14,35,1.25,문자·간판 읽기,7,6,14,8
test,test_4193.jpg,22,6,5.25,7,21,1.0,기타,6,3,5,7
test,test_4194.jpg,25,7,20.25,24,81,3.25,위치·방향,20,24,18,19
test,test_4195.jpg,16,4,8.5,11,34,1.75,문자·간판 읽기,9,11,8,6
test,test_4196.jpg,36,9,11.5,13,46,2.5,위치·방향,13,10,10,13
test,test_4197.jpg,34,10,14.75,18,59,4.25,기타,18,16,15,10
test,test_4198.jpg,23,6,6.25,7,25,1.0,문자·간판 읽기,6,7,6,6
test,test_4199.jpg,31,7,6.0,6,24,1.0,가격·금액,6,6,6,6
test,test_4200.jpg,24,6,11.0,13,44,1.75,문자·간판 읽기,9,11,13,11
test,test_4201.jpg,19,5,3.0,3,12,1.0,문자·간판 읽기,3,3,3,3
test,test_4202.jpg,29,7,10.0,18,40,1.25,문자·간판 읽기,5,9,8,18
test,test_4203.jpg,15,4,6.75,7,27,1.0,가격·금액,7,7,7,6
test,test_4204.jpg,26,7,5.0,5,20,2.0,위치·방향,5,5,5,5
test,test_4205.jpg,23,6,4.25,5,17,1.0,문자·간판 읽기,4,4,4,5
test,test_4206.jpg,25,7,5.25,6,21,1.0,문자·간판 읽기,6,5,5,5
test,test_4207.jpg,46,13,2.0,2,8,1.0,위치·방향,2,2,2,2
test,test_4208.jpg,23,6,3.5,5,14,1.0,문자·간판 읽기,3,5,3,3
test,test_4209.jpg,17,4,5.25,7,21,1.0,문자·간판 읽기,5,6,3,7
test,test_4210.jpg,26,7,10.0,11,40,3.0,기타,10,9,10,11
test,test_4211.jpg,32,7,17.0,17,68,4.0,가격·금액,17,17,17,17
test,test_4212.jpg,23,6,13.75,18,55,4.25,메뉴·상품,18,15,12,10
test,test_4213.jpg,43,11,12.0,14,48,2.25,문자·간판 읽기,14,13,12,9
test,test_4214.jpg,33,9,1.0,1,4,1.0,색상,1,1,1,1
test,test_4215.jpg,42,11,6.25,7,25,2.0,문자·간판 읽기,6,5,7,7
test,test_4216.jpg,66,14,3.0,3,12,1.0,색상,3,3,3,3
test,test_4217.jpg,42,9,2.0,3,8,1.0,전화번호,1,3,3,1
test,test_4218.jpg,36,7,10.5,12,42,2.5,위치·방향,8,12,12,10
test,test_4219.jpg,32,9,8.0,11,32,2.75,가격·금액,10,6,5,11
test,test_4220.jpg,31,8,3.0,4,12,1.0,가격·금액,2,4,4,2
test,test_4221.jpg,60,10,11.25,12,45,2.0,가격·금액,11,11,11,12
test,test_4222.jpg,37,7,2.5,3,10,1.0,기타,2,3,2,3
test,test_4223.jpg,28,7,11.25,12,45,1.0,전화번호,11,12,11,11
test,test_4224.jpg,25,7,4.0,4,16,1.0,문자·간판 읽기,4,4,4,4
test,test_4225.jpg,28,6,6.0,6,24,1.0,가격·금액,6,6,6,6
test,test_4226.jpg,58,14,25.0,32,100,5.5,위치·방향,10,32,32,26
test,test_4227.jpg,37,10,14.25,18,57,3.25,위치·방향,18,12,14,13
test,test_4228.jpg,24,5,6.75,12,27,2.25,기타,6,12,3,6
test,test_4229.jpg,36,8,2.5,3,10,1.0,가격·금액,3,2,3,2
test,test_4230.jpg,45,12,6.0,7,24,2.75,문자·간판 읽기,7,6,5,6
test,test_4231.jpg,30,8,5.75,6,23,2.0,문자·간판 읽기,5,6,6,6
test,test_4232.jpg,16,4,14.5,16,58,2.0,문자·간판 읽기,14,15,16,13
test,test_4233.jpg,26,7,3.0,4,12,1.0,가격·금액,4,2,2,4
test,test_4234.jpg,35,7,19.0,19,76,5.0,날짜·시간,19,19,19,19
test,test_4235.jpg,40,9,3.25,4,13,1.0,메뉴·상품,3,4,3,3
test,test_4236.jpg,58,15,23.0,29,92,6.25,가격·금액,24,18,21,29
test,test_4237.jpg,22,6,10.75,15,43,2.0,메뉴·상품,10,9,9,15
test,test_4238.jpg,33,9,9.0,18,36,2.5,색상,18,4,8,6
test,test_4239.jpg,35,10,4.75,6,19,1.0,문자·간판 읽기,5,6,4,4
test,test_4240.jpg,25,7,21.5,27,86,5.25,문자·간판 읽기,20,18,27,21
test,test_4241.jpg,26,6,8.0,8,32,1.0,전화번호,8,8,8,8
test,test_4242.jpg,40,8,25.75,34,103,6.75,기타,34,21,24,24
test,test_4243.jpg,35,10,15.5,22,62,3.25,위치·방향,14,6,22,20
test,test_4244.jpg,28,8,17.75,21,71,3.0,문자·간판 읽기,18,21,16,16
test,test_4245.jpg,20,5,4.5,7,18,1.25,문자·간판 읽기,4,7,3,4
test,test_4246.jpg,43,9,11.5,13,46,1.0,전화번호,12,12,13,9
test,test_4247.jpg,25,5,12.75,13,51,1.0,전화번호,13,13,13,12
test,test_4248.jpg,19,5,6.25,8,25,2.0,문자·간판 읽기,5,5,7,8
test,test_4249.jpg,34,8,4.0,6,16,1.0,메뉴·상품,4,3,6,3
test,test_4250.jpg,41,11,18.5,27,74,5.0,기타,27,16,18,13
test,test_4251.jpg,53,13,14.0,16,56,4.0,문자·간판 읽기,14,14,12,16
test,test_4252.jpg,36,9,3.0,3,12,1.0,가격·금액,3,3,3,3
test,test_4253.jpg,20,5,5.25,8,21,1.0,문자·간판 읽기,4,2,8,7
test,test_4254.jpg,41,10,4.0,4,16,1.0,가격·금액,4,4,4,4
test,test_4255.jpg,26,6,13.0,13,52,3.0,날짜·시간,13,13,13,13
test,test_4256.jpg,35,8,2.0,2,8,1.0,수량·계수,2,2,2,2
test,test_4257.jpg,29,7,5.0,5,20,2.0,가격·금액,5,5,5,5
test,test_4258.jpg,31,8,4.75,6,19,1.5,문자·간판 읽기,3,5,5,6
test,test_4259.jpg,32,8,7.0,13,28,2.25,문자·간판 읽기,5,13,5,5
test,test_4260.jpg,38,10,4.25,5,17,1.75,문자·간판 읽기,5,5,2,5
test,test_4261.jpg,31,7,25.75,36,103,4.5,문자·간판 읽기,23,36,17,27
test,test_4262.jpg,32,9,10.75,18,43,2.0,위치·방향,18,15,5,5
test,test_4263.jpg,30,8,9.5,12,38,3.0,색상,12,9,8,9
test,test_4264.jpg,68,17,14.0,17,56,4.25,색상,12,17,15,12
test,test_4265.jpg,42,11,19.0,33,76,2.5,문자·간판 읽기,13,33,17,13
test,test_4266.jpg,28,7,3.5,4,14,1.0,문자·간판 읽기,3,3,4,4
test,test_4267.jpg,38,11,7.0,9,28,2.25,문자·간판 읽기,6,9,8,5
test,test_4268.jpg,52,14,8.0,10,32,2.75,문자·간판 읽기,8,9,5,10
test,test_4269.jpg,30,8,4.5,6,18,1.0,문자·간판 읽기,6,4,4,4
test,test_4270.jpg,27,6,14.5,15,58,3.0,날짜·시간,14,15,14,15
test,test_4271.jpg,16,4,5.75,7,23,2.0,문자·간판 읽기,4,6,7,6
test,test_4272.jpg,31,8,2.0,2,8,1.0,위치·방향,2,2,2,2
test,test_4273.jpg,24,6,4.5,6,18,1.0,문자·간판 읽기,6,4,4,4
test,test_4274.jpg,16,4,20.25,24,81,3.0,문자·간판 읽기,12,23,22,24
test,test_4275.jpg,36,9,4.25,7,17,1.0,문자·간판 읽기,4,3,3,7
test,test_4276.jpg,33,9,12.0,12,48,1.0,전화번호,12,12,12,12
test,test_4277.jpg,34,7,9.25,11,37,1.0,기타,9,9,8,11
test,test_4278.jpg,30,8,5.5,6,22,2.0,인물·대상,6,5,5,6
test,test_4279.jpg,34,8,8.5,11,34,2.0,기타,9,11,7,7
test,test_4280.jpg,16,4,5.75,7,23,2.0,문자·간판 읽기,5,5,7,6
test,test_4281.jpg,51,12,17.25,25,69,4.75,기타,20,15,25,9
test,test_4282.jpg,51,14,6.0,8,24,1.0,기타,8,3,8,5
test,test_4283.jpg,50,12,4.75,9,19,1.25,기타,2,4,4,9
test,test_4284.jpg,42,11,8.25,12,33,2.25,기타,8,7,12,6
test,test_4285.jpg,34,8,12.0,14,48,3.25,기타,10,13,14,11
test,test_4286.jpg,22,6,5.25,7,21,1.75,문자·간판 읽기,7,5,4,5
test,test_4287.jpg,27,8,9.5,12,38,2.0,기타,12,9,9,8
test,test_4288.jpg,24,4,26.25,27,105,7.0,날짜·시간,26,25,27,27
test,test_4289.jpg,29,7,3.25,4,13,1.0,문자·간판 읽기,2,3,4,4
test,test_4290.jpg,42,10,6.0,9,24,2.0,위치·방향,7,9,5,3
test,test_4291.jpg,34,8,2.25,3,9,1.0,기타,3,2,2,2
test,test_4292.jpg,22,5,3.75,6,15,1.0,문자·간판 읽기,6,2,4,3
test,test_4293.jpg,52,12,3.5,5,14,1.0,위치·방향,4,3,5,2
test,test_4294.jpg,22,5,6.5,7,26,1.25,위치·방향,7,7,6,6
test,test_4295.jpg,30,8,11.75,12,47,3.0,문자·간판 읽기,12,12,11,12
test,test_4296.jpg,16,4,33.75,34,135,5.0,문자·간판 읽기,34,33,34,34
test,test_4297.jpg,41,12,3.5,6,14,1.25,색상,6,2,2,4
test,test_4298.jpg,28,8,25.0,26,100,6.0,문자·간판 읽기,26,25,24,25
test,test_4299.jpg,21,5,15.0,19,60,4.0,기타,17,19,17,7
test,test_4300.jpg,51,12,5.25,8,21,1.5,문자·간판 읽기,5,5,3,8
test,test_4301.jpg,28,7,8.5,13,34,3.0,문자·간판 읽기,8,7,13,6
test,test_4302.jpg,20,4,7.5,9,30,1.0,기타,7,7,7,9
test,test_4303.jpg,40,11,4.0,4,16,1.0,색상,4,4,4,4
test,test_4304.jpg,30,8,9.25,14,37,1.75,문자·간판 읽기,8,14,9,6
test,test_4305.jpg,33,9,10.75,13,43,2.0,위치·방향,10,13,7,13
test,test_4306.jpg,27,7,7.25,11,29,1.75,문자·간판 읽기,5,8,5,11
test,test_4307.jpg,27,6,5.25,7,21,1.0,문자·간판 읽기,6,3,5,7
test,test_4308.jpg,28,7,10.25,13,41,3.0,문자·간판 읽기,7,11,13,10
test,test_4309.jpg,34,10,9.0,12,36,2.5,위치·방향,6,7,12,11
test,test_4310.jpg,53,12,17.75,24,71,4.25,기타,18,15,24,14
test,test_4311.jpg,15,3,14.0,18,56,2.25,날짜·시간,11,18,9,18
test,test_4312.jpg,37,11,5.0,8,20,1.25,기타,4,8,4,4
test,test_4313.jpg,30,8,7.75,10,31,2.5,기타,8,10,6,7
test,test_4314.jpg,42,9,8.5,9,34,2.0,가격·금액,8,8,9,9
test,test_4315.jpg,28,7,8.0,10,32,1.0,문자·간판 읽기,5,10,8,9
test,test_4316.jpg,30,7,10.0,15,40,2.5,문자·간판 읽기,5,10,15,10
test,test_4317.jpg,30,8,2.0,2,8,1.0,수량·계수,2,2,2,2
test,test_4318.jpg,47,11,7.75,10,31,1.0,인물·대상,10,6,5,10
test,test_4319.jpg,24,7,3.25,4,13,1.0,문자·간판 읽기,3,3,4,3
test,test_4320.jpg,25,7,7.5,9,30,1.0,문자·간판 읽기,9,6,9,6
test,test_4321.jpg,32,9,6.25,7,25,1.0,문자·간판 읽기,7,5,7,6
test,test_4322.jpg,26,7,5.75,7,23,1.0,문자·간판 읽기,6,7,5,5
test,test_4323.jpg,48,11,3.0,4,12,1.0,기타,4,4,2,2
test,test_4324.jpg,19,5,8.25,9,33,1.0,문자·간판 읽기,9,9,8,7
test,test_4325.jpg,25,7,6.75,8,27,2.25,메뉴·상품,8,7,6,6
test,test_4326.jpg,23,5,6.0,7,24,1.75,기타,7,5,7,5
test,test_4327.jpg,42,11,6.0,7,24,1.75,문자·간판 읽기,6,7,6,5
test,test_4328.jpg,27,7,11.0,13,44,2.5,문자·간판 읽기,13,13,10,8
test,test_4329.jpg,37,9,2.5,3,10,1.0,문자·간판 읽기,3,2,3,2
test,test_4330.jpg,22,6,7.5,13,30,2.25,위치·방향,9,13,2,6
test,test_4331.jpg,25,7,22.25,33,89,3.25,메뉴·상품,11,33,15,30
test,test_4332.jpg,36,8,4.0,4,16,1.0,가격·금액,4,4,4,4
test,test_4333.jpg,40,12,13.5,15,54,2.75,문자·간판 읽기,15,14,11,14
test,test_4334.jpg,25,7,7.0,11,28,1.5,문자·간판 읽기,11,5,7,5
test,test_4335.jpg,33,9,6.0,6,24,1.0,문자·간판 읽기,6,6,6,6
test,test_4336.jpg,47,11,11.25,12,45,3.0,기타,12,11,10,12
test,test_4337.jpg,36,10,3.25,7,13,1.25,색상,7,2,2,2
test,test_4338.jpg,39,10,19.5,24,78,3.5,가격·금액,17,24,16,21
test,test_4339.jpg,32,9,10.25,11,41,4.0,위치·방향,9,11,11,10
test,test_4340.jpg,49,13,4.5,5,18,1.0,문자·간판 읽기,5,5,4,4
test,test_4341.jpg,23,6,5.75,8,23,1.5,문자·간판 읽기,4,8,7,4
test,test_4342.jpg,26,6,6.0,6,24,2.0,가격·금액,6,6,6,6
test,test_4343.jpg,27,7,4.5,11,18,1.25,문자·간판 읽기,3,2,2,11
test,test_4344.jpg,42,10,2.0,3,8,1.0,문자·간판 읽기,2,1,2,3
test,test_4345.jpg,37,9,4.0,5,16,1.0,위치·방향,5,3,4,4
test,test_4346.jpg,46,12,6.25,7,25,2.0,위치·방향,6,6,6,7
test,test_4347.jpg,21,6,4.5,5,18,1.0,메뉴·상품,4,4,5,5
test,test_4348.jpg,26,6,8.0,13,32,1.25,기타,10,13,5,4
test,test_4349.jpg,26,7,7.0,9,28,1.0,문자·간판 읽기,7,6,9,6
test,test_4350.jpg,53,12,17.25,23,69,2.5,위치·방향,17,14,23,15
test,test_4351.jpg,27,7,9.0,11,36,2.0,문자·간판 읽기,8,11,9,8
test,test_4352.jpg,48,11,10.25,12,41,3.0,가격·금액,12,10,10,9
test,test_4353.jpg,32,7,3.0,5,12,1.25,메뉴·상품,2,3,5,2
test,test_4354.jpg,25,6,2.25,3,9,1.0,문자·간판 읽기,2,2,2,3
test,test_4355.jpg,31,8,6.0,6,24,1.0,가격·금액,6,6,6,6
test,test_4356.jpg,48,10,12.75,15,51,4.0,기타,14,13,9,15
test,test_4357.jpg,36,9,8.0,8,32,3.0,문자·간판 읽기,8,8,8,8
test,test_4358.jpg,40,12,3.0,3,12,1.0,색상,3,3,3,3
test,test_4359.jpg,17,4,6.25,7,25,2.0,문자·간판 읽기,6,7,6,6
test,test_4360.jpg,35,9,13.25,21,53,1.75,인물·대상,8,11,13,21
test,test_4361.jpg,26,7,5.75,6,23,1.0,문자·간판 읽기,6,6,5,6
test,test_4362.jpg,28,7,3.5,4,14,1.0,메뉴·상품,4,4,3,3
test,test_4363.jpg,46,11,24.25,27,97,5.25,색상,23,27,24,23
test,test_4364.jpg,28,7,7.75,9,31,2.5,문자·간판 읽기,8,7,7,9
test,test_4365.jpg,29,8,3.5,5,14,1.25,문자·간판 읽기,2,4,5,3
test,test_4366.jpg,57,12,4.0,4,16,1.0,가격·금액,4,4,4,4
test,test_4367.jpg,16,4,11.25,14,45,2.5,문자·간판 읽기,9,14,8,14
test,test_4368.jpg,21,6,4.0,6,16,1.0,문자·간판 읽기,6,3,3,4
test,test_4369.jpg,27,6,6.25,7,25,1.0,가격·금액,6,6,6,7
test,test_4370.jpg,72,17,14.5,26,58,1.25,문자·간판 읽기,26,9,10,13
test,test_4371.jpg,43,11,4.75,5,19,1.0,위치·방향,5,4,5,5
test,test_4372.jpg,23,6,10.25,19,41,3.5,메뉴·상품,8,6,19,8
test,test_4373.jpg,52,12,6.75,7,27,2.0,메뉴·상품,6,7,7,7
test,test_4374.jpg,20,6,5.75,7,23,1.25,문자·간판 읽기,5,5,7,6
test,test_4375.jpg,61,15,23.25,26,93,5.75,문자·간판 읽기,22,23,22,26
test,test_4376.jpg,31,8,6.5,8,26,2.25,문자·간판 읽기,8,5,8,5
test,test_4377.jpg,27,7,6.0,7,24,1.75,색상,6,7,5,6
test,test_4378.jpg,37,8,8.25,10,33,2.25,문자·간판 읽기,10,9,8,6
test,test_4379.jpg,40,12,2.0,2,8,1.0,수량·계수,2,2,2,2
test,test_4380.jpg,39,10,12.0,14,48,3.5,문자·간판 읽기,11,14,10,13
test,test_4381.jpg,23,6,4.5,8,18,1.25,문자·간판 읽기,8,2,4,4
test,test_4382.jpg,37,9,4.25,5,17,1.0,메뉴·상품,4,5,4,4
test,test_4383.jpg,20,5,4.5,5,18,1.0,문자·간판 읽기,5,4,5,4
test,test_4384.jpg,37,9,12.25,15,49,2.0,전화번호,11,11,15,12
test,test_4385.jpg,34,9,11.0,16,44,3.25,문자·간판 읽기,16,5,14,9
test,test_4386.jpg,40,11,6.0,7,24,1.0,문자·간판 읽기,7,7,3,7
test,test_4387.jpg,22,6,7.5,11,30,1.5,위치·방향,6,8,5,11
test,test_4388.jpg,27,7,8.0,9,32,1.25,색상,7,8,9,8
test,test_4389.jpg,40,11,10.5,13,42,2.0,문자·간판 읽기,10,10,13,9
test,test_4390.jpg,38,11,6.0,8,24,2.0,문자·간판 읽기,6,8,6,4
test,test_4391.jpg,42,10,9.0,14,36,2.25,문자·간판 읽기,7,7,8,14
test,test_4392.jpg,27,7,6.0,6,24,2.0,문자·간판 읽기,6,6,6,6
test,test_4393.jpg,31,9,16.25,22,65,3.5,문자·간판 읽기,15,22,15,13
test,test_4394.jpg,41,11,10.5,18,42,2.5,위치·방향,6,18,10,8
test,test_4395.jpg,33,8,10.75,13,43,2.25,위치·방향,13,10,10,10
test,test_4396.jpg,39,9,9.75,18,39,2.75,기타,7,7,18,7
test,test_4397.jpg,27,7,7.5,10,30,2.0,문자·간판 읽기,7,10,7,6
test,test_4398.jpg,31,8,5.0,5,20,1.0,날짜·시간,5,5,5,5
test,test_4399.jpg,60,14,7.25,8,29,1.0,가격·금액,7,7,8,7
test,test_4400.jpg,23,6,4.5,6,18,1.0,문자·간판 읽기,4,4,6,4
test,test_4401.jpg,49,13,7.5,12,30,2.0,위치·방향,9,4,5,12
test,test_4402.jpg,37,10,18.75,23,75,5.25,기타,18,17,17,23
test,test_4403.jpg,27,7,4.0,4,16,1.0,문자·간판 읽기,4,4,4,4
test,test_4404.jpg,34,9,20.75,31,83,4.0,위치·방향,14,31,19,19
test,test_4405.jpg,40,9,9.5,11,38,2.5,메뉴·상품,10,11,9,8
test,test_4406.jpg,33,8,23.0,23,92,3.0,날짜·시간,23,23,23,23
test,test_4407.jpg,37,9,13.75,14,55,3.0,기타,14,14,13,14
test,test_4408.jpg,23,6,6.5,11,26,1.75,위치·방향,4,5,11,6
test,test_4409.jpg,17,4,10.75,11,43,3.0,날짜·시간,11,11,11,10
test,test_4410.jpg,36,8,4.0,4,16,1.0,가격·금액,4,4,4,4
test,test_4411.jpg,35,9,11.5,13,46,1.0,전화번호,12,9,13,12
test,test_4412.jpg,24,6,8.25,9,33,1.0,문자·간판 읽기,7,8,9,9
test,test_4413.jpg,34,8,8.5,9,34,3.0,기타,8,9,8,9
test,test_4414.jpg,35,9,13.5,19,54,3.25,기타,19,15,16,4
test,test_4415.jpg,16,4,4.5,5,18,1.0,문자·간판 읽기,5,5,4,4
test,test_4416.jpg,27,7,6.75,7,27,1.0,문자·간판 읽기,7,7,7,6
test,test_4417.jpg,19,5,5.75,6,23,1.0,가격·금액,6,6,5,6
test,test_4418.jpg,45,10,8.0,8,32,1.0,전화번호,8,8,8,8
test,test_4419.jpg,48,13,9.75,12,39,1.25,색상,9,11,12,7
test,test_4420.jpg,28,8,14.75,16,59,2.0,문자·간판 읽기,16,14,15,14
test,test_4421.jpg,27,6,6.25,9,25,1.5,기타,4,6,9,6
test,test_4422.jpg,41,13,5.0,5,20,1.0,날짜·시간,5,5,5,5
test,test_4423.jpg,22,5,10.0,17,40,2.25,기타,7,17,7,9
test,test_4424.jpg,26,6,6.0,7,24,1.0,메뉴·상품,6,6,5,7
test,test_4425.jpg,37,9,12.75,13,51,4.0,날짜·시간,13,13,13,12
test,test_4426.jpg,23,6,7.75,13,31,2.0,문자·간판 읽기,5,13,7,6
test,test_4427.jpg,44,11,9.25,11,37,2.5,인물·대상,11,10,8,8
test,test_4428.jpg,43,10,7.25,9,29,2.5,기타,9,6,9,5
test,test_4429.jpg,41,8,15.5,32,62,4.25,기타,32,11,10,9
test,test_4430.jpg,27,6,9.75,10,39,1.0,전화번호,10,10,10,9
test,test_4431.jpg,21,5,15.25,19,61,4.25,기타,13,13,19,16
test,test_4432.jpg,31,6,15.0,19,60,2.0,인물·대상,16,19,13,12
test,test_4433.jpg,39,10,7.75,9,31,2.75,위치·방향,6,8,9,8
test,test_4434.jpg,29,7,3.0,5,12,1.25,기타,5,2,3,2
test,test_4435.jpg,38,11,4.75,5,19,1.0,색상,4,5,5,5
test,test_4436.jpg,31,6,36.0,36,144,6.0,날짜·시간,36,36,36,36
test,test_4437.jpg,35,9,5.0,5,20,2.0,기타,5,5,5,5
test,test_4438.jpg,26,7,16.5,18,66,3.5,색상,16,18,18,14
test,test_4439.jpg,37,10,29.75,31,119,12.0,문자·간판 읽기,29,30,29,31
test,test_4440.jpg,24,6,11.5,13,46,2.0,문자·간판 읽기,11,12,13,10
test,test_4441.jpg,35,9,5.5,6,22,2.0,메뉴·상품,5,5,6,6
test,test_4442.jpg,29,7,14.0,15,56,1.0,전화번호,15,15,11,15
test,test_4443.jpg,47,12,18.75,20,75,4.0,날짜·시간,17,19,20,19
test,test_4444.jpg,33,8,13.0,13,52,3.0,가격·금액,13,13,13,13
test,test_4445.jpg,29,6,7.5,10,30,1.0,전화번호,5,10,5,10
test,test_4446.jpg,50,11,9.5,10,38,3.0,위치·방향,9,10,10,9
test,test_4447.jpg,20,5,4.25,7,17,1.0,문자·간판 읽기,7,3,4,3
test,test_4448.jpg,23,6,19.25,21,77,4.0,문자·간판 읽기,19,19,18,21
test,test_4449.jpg,27,8,11.75,15,47,2.25,문자·간판 읽기,10,12,15,10
test,test_4450.jpg,41,11,9.0,12,36,2.25,문자·간판 읽기,12,7,8,9
test,test_4451.jpg,22,6,6.5,7,26,2.0,문자·간판 읽기,7,6,7,6
test,test_4452.jpg,25,6,8.0,13,32,1.5,문자·간판 읽기,6,13,7,6
test,test_4453.jpg,43,12,10.5,13,42,3.0,기타,8,13,9,12
test,test_4454.jpg,22,6,2.75,3,11,1.0,문자·간판 읽기,3,3,2,3
test,test_4455.jpg,33,9,13.0,13,52,1.0,전화번호,13,13,13,13
test,test_4456.jpg,30,8,7.0,7,28,1.0,가격·금액,7,7,7,7
test,test_4457.jpg,37,9,18.5,31,74,4.75,메뉴·상품,16,13,14,31
test,test_4458.jpg,32,8,6.5,7,26,2.0,문자·간판 읽기,7,6,6,7
test,test_4459.jpg,36,9,15.5,18,62,3.25,기타,18,14,15,15
test,test_4460.jpg,32,8,12.0,13,48,3.25,메뉴·상품,11,13,12,12
test,test_4461.jpg,22,5,6.75,8,27,2.0,메뉴·상품,8,6,6,7
test,test_4462.jpg,16,4,6.25,7,25,1.0,가격·금액,6,7,6,6
test,test_4463.jpg,30,7,8.0,8,32,1.0,전화번호,8,8,8,8
test,test_4464.jpg,24,6,7.0,7,28,1.0,가격·금액,7,7,7,7
test,test_4465.jpg,40,10,4.75,6,19,2.0,색상,5,4,6,4
test,test_4466.jpg,19,5,11.75,16,47,3.25,메뉴·상품,10,16,10,11
test,test_4467.jpg,30,7,4.5,6,18,1.0,가격·금액,4,6,3,5
test,test_4468.jpg,25,6,12.0,12,48,3.0,위치·방향,12,12,12,12
test,test_4469.jpg,16,4,28.25,30,113,4.0,문자·간판 읽기,30,29,27,27
test,test_4470.jpg,30,6,12.0,26,48,2.0,위치·방향,26,7,5,10
test,test_4471.jpg,30,7,6.5,7,26,1.0,가격·금액,7,6,7,6
test,test_4472.jpg,19,5,8.5,9,34,1.75,문자·간판 읽기,9,8,8,9
test,test_4473.jpg,36,11,5.0,5,20,1.0,가격·금액,5,5,5,5
test,test_4474.jpg,32,6,7.75,8,31,1.0,가격·금액,8,7,8,8
test,test_4475.jpg,35,7,12.5,22,50,3.25,기타,22,11,8,9
test,test_4476.jpg,18,5,16.75,18,67,3.0,문자·간판 읽기,18,17,16,16
test,test_4477.jpg,16,4,17.25,20,69,2.75,문자·간판 읽기,14,15,20,20
test,test_4478.jpg,58,14,5.0,5,20,1.0,날짜·시간,5,5,5,5
test,test_4479.jpg,43,11,3.0,3,12,1.0,색상,3,3,3,3
test,test_4480.jpg,40,10,22.5,27,90,5.25,기타,27,19,23,21
test,test_4481.jpg,38,9,6.0,8,24,2.0,가격·금액,5,5,8,6
test,test_4482.jpg,22,5,3.5,5,14,1.0,메뉴·상품,5,4,3,2
test,test_4483.jpg,33,9,5.75,7,23,1.0,가격·금액,3,7,7,6
test,test_4484.jpg,27,7,6.0,6,24,2.0,가격·금액,6,6,6,6
test,test_4485.jpg,28,7,4.0,8,16,1.25,문자·간판 읽기,3,2,8,3
test,test_4486.jpg,57,16,5.75,11,23,1.75,메뉴·상품,3,7,11,2
test,test_4487.jpg,40,12,12.0,13,48,2.25,위치·방향,13,11,11,13
test,test_4488.jpg,36,9,7.0,7,28,2.0,가격·금액,7,7,7,7
test,test_4489.jpg,15,4,15.0,28,60,3.25,기타,28,12,10,10
test,test_4490.jpg,24,6,4.25,5,17,1.0,문자·간판 읽기,4,4,5,4
test,test_4491.jpg,33,8,6.5,8,26,2.0,위치·방향,6,8,6,6
test,test_4492.jpg,56,15,11.75,13,47,4.0,기타,13,10,12,12
test,test_4493.jpg,24,6,11.5,13,46,2.0,메뉴·상품,11,9,13,13
test,test_4494.jpg,16,4,5.25,6,21,2.0,문자·간판 읽기,5,6,5,5
test,test_4495.jpg,30,6,4.75,6,19,1.5,메뉴·상품,3,6,4,6
test,test_4496.jpg,26,7,2.5,4,10,1.0,위치·방향,2,2,4,2
test,test_4497.jpg,32,9,9.0,12,36,1.0,문자·간판 읽기,9,9,12,6
test,test_4498.jpg,26,7,15.0,20,60,5.25,문자·간판 읽기,14,20,14,12
test,test_4499.jpg,38,10,6.25,7,25,2.0,문자·간판 읽기,7,7,6,5
test,test_4500.jpg,35,9,3.0,3,12,1.0,인물·대상,3,3,3,3
test,test_4501.jpg,32,6,13.0,14,52,1.0,날짜·시간,14,12,14,12
test,test_4502.jpg,21,5,3.0,4,12,1.0,문자·간판 읽기,2,4,3,3
test,test_4503.jpg,50,14,8.0,10,32,2.25,기타,6,10,8,8
test,test_4504.jpg,28,8,3.25,5,13,1.25,기타,2,5,4,2
test,test_4505.jpg,31,8,9.25,10,37,1.0,문자·간판 읽기,10,9,8,10
test,test_4506.jpg,16,4,5.75,6,23,2.0,메뉴·상품,6,6,6,5
test,test_4507.jpg,59,13,2.5,3,10,1.0,위치·방향,2,3,3,2
test,test_4508.jpg,34,9,10.0,10,40,1.0,전화번호,10,10,10,10
test,test_4509.jpg,28,8,8.75,13,35,2.25,문자·간판 읽기,5,13,8,9
test,test_4510.jpg,41,9,2.25,3,9,1.0,기타,3,2,2,2
test,test_4511.jpg,51,12,8.0,9,32,2.5,기타,9,9,8,6
test,test_4512.jpg,30,7,6.25,7,25,1.0,가격·금액,6,6,6,7
test,test_4513.jpg,53,11,7.0,7,28,2.0,가격·금액,7,7,7,7
test,test_4514.jpg,24,6,7.5,9,30,1.0,문자·간판 읽기,9,5,9,7
test,test_4515.jpg,20,5,3.25,4,13,1.0,문자·간판 읽기,3,4,2,4
test,test_4516.jpg,45,11,6.5,11,26,2.0,색상,3,2,10,11
test,test_4517.jpg,30,8,5.0,7,20,1.0,위치·방향,7,5,3,5
test,test_4518.jpg,16,4,7.5,9,30,2.0,문자·간판 읽기,8,9,6,7
test,test_4519.jpg,29,8,2.0,2,8,1.0,메뉴·상품,2,2,2,2
test,test_4520.jpg,34,8,7.0,7,28,1.0,가격·금액,7,7,7,7
test,test_4521.jpg,42,8,1.25,2,5,1.0,전화번호,1,2,1,1
test,test_4522.jpg,36,8,8.5,10,34,1.5,문자·간판 읽기,10,10,9,5
test,test_4523.jpg,38,11,3.0,3,12,1.0,문자·간판 읽기,3,3,3,3
test,test_4524.jpg,31,9,3.0,4,12,1.0,메뉴·상품,3,2,4,3
test,test_4525.jpg,39,10,11.5,13,46,2.75,기타,12,9,12,13
test,test_4526.jpg,16,4,5.5,6,22,2.0,문자·간판 읽기,6,5,6,5
test,test_4527.jpg,44,11,3.5,4,14,1.0,문자·간판 읽기,4,4,3,3
test,test_4528.jpg,26,7,8.25,13,33,2.25,문자·간판 읽기,6,8,13,6
test,test_4529.jpg,28,7,2.75,3,11,1.0,가격·금액,3,3,3,2
test,test_4530.jpg,22,5,12.0,12,48,3.0,날짜·시간,12,12,12,12
test,test_4531.jpg,35,9,4.0,4,16,1.0,가격·금액,4,4,4,4
test,test_4532.jpg,28,8,27.75,29,111,7.0,문자·간판 읽기,29,26,28,28
test,test_4533.jpg,31,6,7.75,9,31,1.0,전화번호,8,8,9,6
test,test_4534.jpg,30,9,12.0,15,48,2.0,문자·간판 읽기,14,9,10,15
test,test_4535.jpg,45,13,10.25,11,41,3.25,기타,10,10,11,10
test,test_4536.jpg,33,7,23.25,28,93,6.0,메뉴·상품,21,23,21,28
test,test_4537.jpg,33,6,9.0,9,36,1.0,전화번호,9,9,9,9
test,test_4538.jpg,42,10,6.0,6,24,2.0,문자·간판 읽기,6,6,6,6
test,test_4539.jpg,19,5,3.0,3,12,1.0,전화번호,3,3,3,3
test,test_4540.jpg,33,8,17.0,21,68,2.75,문자·간판 읽기,21,17,12,18
test,test_4541.jpg,24,6,4.5,6,18,1.0,문자·간판 읽기,4,4,4,6
test,test_4542.jpg,29,8,7.25,10,29,2.25,인물·대상,9,3,10,7
test,test_4543.jpg,15,4,7.75,8,31,1.0,가격·금액,8,7,8,8
test,test_4544.jpg,32,9,8.25,10,33,2.5,문자·간판 읽기,10,7,6,10
test,test_4545.jpg,23,6,5.75,6,23,2.0,날짜·시간,6,6,5,6
test,test_4546.jpg,39,11,8.5,10,34,2.75,문자·간판 읽기,8,8,8,10
test,test_4547.jpg,28,8,7.25,11,29,2.5,문자·간판 읽기,5,6,11,7
test,test_4548.jpg,40,8,7.5,8,30,2.5,문자·간판 읽기,6,8,8,8
test,test_4549.jpg,33,7,6.0,6,24,2.0,가격·금액,6,6,6,6
test,test_4550.jpg,36,7,6.0,6,24,1.0,가격·금액,6,6,6,6
test,test_4551.jpg,39,8,2.25,3,9,1.0,위치·방향,2,2,3,2
test,test_4552.jpg,37,8,7.0,7,28,1.0,가격·금액,7,7,7,7
test,test_4553.jpg,24,6,7.0,10,28,1.5,문자·간판 읽기,10,4,10,4
test,test_4554.jpg,22,6,11.0,11,44,4.0,위치·방향,11,11,11,11
test,test_4555.jpg,36,10,3.5,5,14,1.25,색상,5,3,3,3
test,test_4556.jpg,19,3,9.0,12,36,1.0,전화번호,8,8,12,8
test,test_4557.jpg,35,8,12.75,13,51,1.0,전화번호,12,13,13,13
test,test_4558.jpg,16,4,4.0,4,16,1.0,문자·간판 읽기,4,4,4,4
test,test_4559.jpg,58,13,6.0,6,24,1.0,가격·금액,6,6,6,6
test,test_4560.jpg,16,4,2.0,2,8,1.0,전화번호,2,2,2,2
test,test_4561.jpg,28,8,10.0,13,40,2.5,문자·간판 읽기,10,8,13,9
test,test_4562.jpg,29,7,20.0,21,80,6.0,날짜·시간,21,19,19,21
test,test_4563.jpg,31,7,15.5,17,62,3.0,문자·간판 읽기,15,17,15,15
test,test_4564.jpg,47,11,11.0,19,44,2.75,문자·간판 읽기,9,10,19,6
test,test_4565.jpg,24,6,9.75,14,39,2.0,문자·간판 읽기,7,4,14,14
test,test_4566.jpg,50,13,7.0,7,28,1.0,가격·금액,7,7,7,7
test,test_4567.jpg,30,8,6.75,9,27,1.25,기타,5,6,9,7
test,test_4568.jpg,29,7,13.0,13,52,3.0,날짜·시간,13,13,13,13
test,test_4569.jpg,35,8,5.0,6,20,1.0,색상,5,4,6,5
test,test_4570.jpg,35,10,2.0,2,8,1.0,전화번호,2,2,2,2
test,test_4571.jpg,27,7,6.75,9,27,2.25,위치·방향,6,6,9,6
test,test_4572.jpg,25,7,6.25,7,25,2.0,메뉴·상품,6,7,6,6
test,test_4573.jpg,18,4,13.0,13,52,5.0,날짜·시간,13,13,13,13
test,test_4574.jpg,45,12,2.0,2,8,1.0,문자·간판 읽기,2,2,2,2
test,test_4575.jpg,26,7,3.5,4,14,1.0,문자·간판 읽기,3,4,3,4
test,test_4576.jpg,23,5,6.0,6,24,1.0,가격·금액,6,6,6,6
test,test_4577.jpg,15,4,5.25,9,21,1.5,기타,3,9,6,3
test,test_4578.jpg,48,11,3.0,5,12,1.0,메뉴·상품,2,2,5,3
test,test_4579.jpg,58,12,12.0,14,48,3.25,문자·간판 읽기,9,13,14,12
test,test_4580.jpg,46,12,6.25,7,25,2.0,문자·간판 읽기,7,6,6,6
test,test_4581.jpg,27,7,6.5,9,26,2.0,문자·간판 읽기,6,5,6,9
test,test_4582.jpg,37,10,9.75,18,39,3.0,메뉴·상품,6,9,6,18
test,test_4583.jpg,24,6,4.0,4,16,1.0,문자·간판 읽기,4,4,4,4
test,test_4584.jpg,29,7,4.25,6,17,1.0,위치·방향,2,6,4,5
test,test_4585.jpg,33,9,21.0,24,84,3.75,가격·금액,18,24,23,19
test,test_4586.jpg,52,13,7.5,13,30,1.25,문자·간판 읽기,4,6,13,7
test,test_4587.jpg,34,9,11.0,12,44,2.25,메뉴·상품,11,10,12,11
test,test_4588.jpg,16,4,7.5,9,30,2.0,문자·간판 읽기,7,9,8,6
test,test_4589.jpg,25,6,6.0,6,24,1.0,가격·금액,6,6,6,6
test,test_4590.jpg,53,14,8.5,10,34,2.0,기타,8,10,8,8
test,test_4591.jpg,24,6,8.5,9,34,1.0,전화번호,8,9,8,9
test,test_4592.jpg,58,13,11.0,11,44,2.0,날짜·시간,11,11,11,11
test,test_4593.jpg,16,4,6.25,7,25,1.75,문자·간판 읽기,6,7,6,6
test,test_4594.jpg,32,7,10.25,13,41,1.0,전화번호,8,8,13,12
test,test_4595.jpg,41,9,5.75,7,23,1.5,기타,6,7,3,7
test,test_4596.jpg,31,7,19.5,31,78,4.75,문자·간판 읽기,16,31,16,15
test,test_4597.jpg,23,5,3.5,4,14,1.0,기타,4,4,3,3
test,test_4598.jpg,39,9,4.5,7,18,1.0,메뉴·상품,4,7,3,4
test,test_4599.jpg,21,6,3.0,4,12,1.0,문자·간판 읽기,4,3,3,2
test,test_4600.jpg,16,4,4.25,5,17,1.0,문자·간판 읽기,4,5,4,4
test,test_4601.jpg,53,12,12.0,13,48,1.0,전화번호,11,13,12,12
test,test_4602.jpg,44,8,3.25,4,13,1.0,가격·금액,3,3,4,3
test,test_4603.jpg,38,10,2.25,3,9,1.0,위치·방향,2,3,2,2
test,test_4604.jpg,34,10,24.0,34,96,4.75,색상,34,14,29,19
test,test_4605.jpg,16,4,6.5,8,26,1.0,문자·간판 읽기,8,5,7,6
test,test_4606.jpg,17,4,12.25,13,49,3.0,날짜·시간,12,12,13,12
test,test_4607.jpg,44,12,13.75,15,55,3.0,가격·금액,14,15,13,13
test,test_4608.jpg,29,6,6.75,7,27,1.0,가격·금액,7,7,7,6
test,test_4609.jpg,21,5,40.0,57,160,5.0,위치·방향,57,36,33,34
test,test_4610.jpg,22,6,4.0,4,16,1.0,기타,4,4,4,4
test,test_4611.jpg,24,6,11.0,17,44,2.0,문자·간판 읽기,17,7,11,9
test,test_4612.jpg,18,5,3.0,3,12,1.0,문자·간판 읽기,3,3,3,3
test,test_4613.jpg,32,8,7.0,13,28,2.25,위치·방향,13,5,5,5
test,test_4614.jpg,25,6,5.0,5,20,1.0,가격·금액,5,5,5,5
test,test_4615.jpg,25,6,6.5,8,26,2.0,메뉴·상품,6,6,6,8
test,test_4616.jpg,44,10,4.0,4,16,1.0,위치·방향,4,4,4,4
test,test_4617.jpg,28,7,14.25,21,57,2.25,위치·방향,15,21,11,10
test,test_4618.jpg,34,6,7.0,7,28,3.0,날짜·시간,7,7,7,7
test,test_4619.jpg,33,7,16.75,21,67,4.5,문자·간판 읽기,16,21,17,13
test,test_4620.jpg,22,7,3.25,4,13,1.0,수량·계수,3,3,4,3
test,test_4621.jpg,23,6,4.0,4,16,1.0,문자·간판 읽기,4,4,4,4
test,test_4622.jpg,33,8,8.5,10,34,2.25,색상,7,9,10,8
test,test_4623.jpg,41,11,17.75,40,71,4.5,기타,40,8,12,11
test,test_4624.jpg,34,8,11.5,15,46,2.25,문자·간판 읽기,10,15,11,10
test,test_4625.jpg,31,8,10.0,13,40,3.25,색상,13,9,9,9
test,test_4626.jpg,27,7,3.0,3,12,1.0,문자·간판 읽기,3,3,3,3
test,test_4627.jpg,43,13,15.0,17,60,3.5,문자·간판 읽기,15,17,14,14
test,test_4628.jpg,23,6,7.75,9,31,1.0,문자·간판 읽기,9,7,7,8
test,test_4629.jpg,17,4,5.75,6,23,2.0,문자·간판 읽기,5,6,6,6
test,test_4630.jpg,31,8,6.5,7,26,1.0,문자·간판 읽기,7,6,7,6
test,test_4631.jpg,35,8,18.25,29,73,5.0,기타,15,29,13,16
test,test_4632.jpg,16,4,4.5,5,18,1.0,문자·간판 읽기,5,4,5,4
test,test_4633.jpg,33,9,7.0,7,28,1.0,가격·금액,7,7,7,7
test,test_4634.jpg,40,7,6.0,7,24,1.0,기타,6,7,7,4
test,test_4635.jpg,23,5,13.75,16,55,2.75,문자·간판 읽기,16,15,11,13
test,test_4636.jpg,36,11,3.0,3,12,1.0,인물·대상,3,3,3,3
test,test_4637.jpg,45,11,4.0,5,16,1.0,가격·금액,5,2,4,5
test,test_4638.jpg,46,10,11.0,14,44,3.25,기타,11,9,10,14
test,test_4639.jpg,18,5,21.25,25,85,3.5,문자·간판 읽기,17,18,25,25
test,test_4640.jpg,46,12,17.25,26,69,3.5,문자·간판 읽기,6,19,26,18
test,test_4641.jpg,29,8,7.25,9,29,2.0,위치·방향,7,9,8,5
test,test_4642.jpg,22,6,31.5,33,126,6.0,문자·간판 읽기,32,30,31,33
test,test_4643.jpg,52,14,2.5,3,10,1.0,기타,3,2,3,2
test,test_4644.jpg,24,6,6.0,6,24,2.0,문자·간판 읽기,6,6,6,6
test,test_4645.jpg,48,11,5.5,6,22,2.0,기타,5,6,6,5
test,test_4646.jpg,39,11,9.0,9,36,3.0,수량·계수,9,9,9,9
test,test_4647.jpg,23,6,5.25,10,21,1.0,문자·간판 읽기,2,5,10,4
test,test_4648.jpg,23,6,18.5,20,74,3.0,문자·간판 읽기,17,20,17,20
test,test_4649.jpg,16,4,4.0,4,16,1.0,문자·간판 읽기,4,4,4,4
test,test_4650.jpg,37,10,15.0,15,60,2.0,문자·간판 읽기,15,15,15,15
test,test_4651.jpg,48,11,8.25,12,33,1.5,기타,7,12,9,5
test,test_4652.jpg,37,9,4.5,5,18,1.0,메뉴·상품,4,5,4,5
test,test_4653.jpg,27,6,4.0,5,16,1.25,기타,3,5,4,4
test,test_4654.jpg,33,9,15.0,28,60,4.0,기타,14,12,28,6
test,test_4655.jpg,48,13,21.5,26,86,3.75,문자·간판 읽기,26,23,17,20
test,test_4656.jpg,31,7,13.0,13,52,3.0,날짜·시간,13,13,13,13
test,test_4657.jpg,23,6,6.75,9,27,1.75,메뉴·상품,6,9,4,8
test,test_4658.jpg,22,6,8.5,14,34,2.25,문자·간판 읽기,6,7,7,14
test,test_4659.jpg,25,7,3.25,4,13,1.0,문자·간판 읽기,3,3,4,3
test,test_4660.jpg,36,9,2.0,2,8,1.0,수량·계수,2,2,2,2
test,test_4661.jpg,21,6,3.75,4,15,1.0,메뉴·상품,4,3,4,4
test,test_4662.jpg,38,9,11.75,18,47,3.5,문자·간판 읽기,9,11,18,9
test,test_4663.jpg,49,10,31.25,53,125,9.0,기타,22,22,53,28
test,test_4664.jpg,52,15,12.75,13,51,3.5,문자·간판 읽기,12,13,13,13
test,test_4665.jpg,30,8,3.75,5,15,1.0,문자·간판 읽기,4,4,5,2
test,test_4666.jpg,23,6,9.5,11,38,2.5,문자·간판 읽기,10,11,8,9
test,test_4667.jpg,22,6,8.0,8,32,2.0,문자·간판 읽기,8,8,8,8
test,test_4668.jpg,26,7,5.75,6,23,2.0,가격·금액,6,6,5,6
test,test_4669.jpg,27,7,4.0,6,16,1.0,인물·대상,2,5,3,6
test,test_4670.jpg,24,6,6.25,10,25,1.0,문자·간판 읽기,4,2,10,9
test,test_4671.jpg,40,12,13.25,19,53,3.75,색상,11,19,11,12
test,test_4672.jpg,17,4,4.75,9,19,1.25,문자·간판 읽기,3,4,3,9
test,test_4673.jpg,27,4,3.0,3,12,1.0,가격·금액,3,3,3,3
test,test_4674.jpg,15,4,9.75,12,39,2.0,문자·간판 읽기,10,9,8,12
test,test_4675.jpg,41,10,3.0,4,12,1.0,색상,2,3,3,4
test,test_4676.jpg,20,5,5.0,5,20,1.0,가격·금액,5,5,5,5
test,test_4677.jpg,27,6,13.0,17,52,2.0,문자·간판 읽기,17,11,13,11
test,test_4678.jpg,28,7,13.0,13,52,2.0,전화번호,13,13,13,13
test,test_4679.jpg,24,5,6.0,6,24,1.0,가격·금액,6,6,6,6
test,test_4680.jpg,17,4,17.0,24,68,2.5,기타,12,12,24,20
test,test_4681.jpg,49,12,13.5,17,54,4.0,문자·간판 읽기,11,11,17,15
test,test_4682.jpg,28,7,5.0,9,20,1.25,위치·방향,9,5,3,3
test,test_4683.jpg,22,6,5.5,6,22,2.0,날짜·시간,6,5,6,5
test,test_4684.jpg,29,7,5.25,6,21,1.0,문자·간판 읽기,5,5,5,6
test,test_4685.jpg,16,4,6.0,6,24,1.0,가격·금액,6,6,6,6
test,test_4686.jpg,33,9,6.25,7,25,2.0,색상,6,6,7,6
test,test_4687.jpg,26,7,11.25,13,45,3.5,메뉴·상품,10,12,13,10
test,test_4688.jpg,31,9,5.0,10,20,1.75,가격·금액,10,3,3,4
test,test_4689.jpg,30,6,3.0,3,12,1.0,가격·금액,3,3,3,3
test,test_4690.jpg,44,7,10.75,11,43,4.0,가격·금액,10,11,11,11
test,test_4691.jpg,22,6,4.5,5,18,2.0,문자·간판 읽기,5,4,5,4
test,test_4692.jpg,30,8,3.0,3,12,1.0,인물·대상,3,3,3,3
test,test_4693.jpg,27,7,5.25,6,21,2.0,색상,5,6,5,5
test,test_4694.jpg,33,8,6.25,7,25,1.0,가격·금액,7,6,6,6
test,test_4695.jpg,40,10,2.0,2,8,1.0,가격·금액,2,2,2,2
test,test_4696.jpg,19,5,3.25,4,13,1.0,메뉴·상품,3,3,3,4
test,test_4697.jpg,42,10,6.75,9,27,2.0,문자·간판 읽기,4,9,8,6
test,test_4698.jpg,38,9,8.75,9,35,2.0,날짜·시간,9,9,9,8
test,test_4699.jpg,33,7,4.0,4,16,1.0,가격·금액,4,4,4,4
test,test_4700.jpg,38,9,19.25,20,77,5.25,기타,20,19,18,20
test,test_4701.jpg,27,7,2.75,3,11,1.0,가격·금액,2,3,3,3
test,test_4702.jpg,25,6,5.0,5,20,1.0,가격·금액,5,5,5,5
test,test_4703.jpg,31,6,5.75,8,23,1.5,기타,8,5,5,5
test,test_4704.jpg,45,9,4.0,4,16,1.0,가격·금액,4,4,4,4
test,test_4705.jpg,16,4,9.25,13,37,1.0,문자·간판 읽기,13,8,7,9
test,test_4706.jpg,38,8,5.0,5,20,1.0,가격·금액,5,5,5,5
test,test_4707.jpg,19,5,12.0,13,48,2.0,문자·간판 읽기,13,12,11,12
test,test_4708.jpg,16,4,4.5,5,18,1.0,문자·간판 읽기,4,4,5,5
test,test_4709.jpg,34,9,10.0,11,40,1.75,색상,8,11,10,11
test,test_4710.jpg,28,5,6.5,7,26,1.0,가격·금액,6,6,7,7
test,test_4711.jpg,36,9,16.5,25,66,4.25,색상,25,16,11,14
test,test_4712.jpg,20,5,6.75,7,27,2.0,문자·간판 읽기,7,6,7,7
test,test_4713.jpg,24,6,5.0,5,20,1.0,문자·간판 읽기,5,5,5,5
test,test_4714.jpg,31,8,8.25,15,33,1.75,문자·간판 읽기,15,6,8,4
test,test_4715.jpg,31,8,4.25,5,17,1.0,위치·방향,4,4,5,4
test,test_4716.jpg,27,6,12.75,20,51,2.25,위치·방향,20,10,16,5
test,test_4717.jpg,42,7,47.5,53,190,7.25,날짜·시간,53,31,53,53
test,test_4718.jpg,41,9,3.75,4,15,1.0,가격·금액,4,3,4,4
test,test_4719.jpg,27,6,6.0,6,24,1.0,가격·금액,6,6,6,6
test,test_4720.jpg,32,7,9.75,12,39,2.0,위치·방향,12,9,9,9
test,test_4721.jpg,45,8,7.0,7,28,2.0,가격·금액,7,7,7,7
test,test_4722.jpg,27,7,12.5,25,50,2.0,문자·간판 읽기,7,12,6,25
test,test_4723.jpg,28,8,4.0,4,16,1.0,가격·금액,4,4,4,4
test,test_4724.jpg,28,7,4.0,4,16,2.0,전화번호,4,4,4,4
test,test_4725.jpg,23,5,8.75,11,35,3.0,기타,11,10,5,9
test,test_4726.jpg,17,4,4.0,5,16,1.0,문자·간판 읽기,3,4,5,4
test,test_4727.jpg,24,5,6.0,6,24,1.0,가격·금액,6,6,6,6
test,test_4728.jpg,37,7,1.0,1,4,1.0,가격·금액,1,1,1,1
test,test_4729.jpg,47,11,6.25,7,25,2.0,가격·금액,6,7,6,6
test,test_4730.jpg,27,7,6.25,13,25,1.25,문자·간판 읽기,3,4,13,5
test,test_4731.jpg,29,6,12.75,19,51,3.25,날짜·시간,15,19,9,8
test,test_4732.jpg,27,7,5.25,7,21,1.25,색상,4,6,7,4
test,test_4733.jpg,31,8,4.0,5,16,1.0,문자·간판 읽기,5,4,4,3
test,test_4734.jpg,46,10,3.75,5,15,1.0,가격·금액,5,4,3,3
test,test_4735.jpg,35,10,10.75,12,43,1.0,문자·간판 읽기,10,11,12,10
test,test_4736.jpg,25,5,6.5,8,26,3.0,메뉴·상품,6,6,6,8
test,test_4737.jpg,24,6,10.0,13,40,2.75,문자·간판 읽기,8,11,13,8
test,test_4738.jpg,24,7,21.5,22,86,2.75,메뉴·상품,21,22,21,22
test,test_4739.jpg,26,6,6.5,7,26,1.0,가격·금액,6,7,6,7
test,test_4740.jpg,34,9,12.75,13,51,1.0,전화번호,13,13,12,13
test,test_4741.jpg,44,11,9.5,10,38,1.0,가격·금액,10,8,10,10
test,test_4742.jpg,32,9,7.0,12,28,1.25,기타,5,12,4,7
test,test_4743.jpg,32,6,14.25,17,57,3.25,메뉴·상품,14,13,13,17
test,test_4744.jpg,30,8,9.25,10,37,2.75,색상,9,9,9,10
test,test_4745.jpg,17,4,4.75,5,19,1.0,문자·간판 읽기,4,5,5,5
test,test_4746.jpg,25,6,6.5,10,26,1.0,문자·간판 읽기,8,2,10,6
test,test_4747.jpg,32,9,3.0,3,12,1.0,색상,3,3,3,3
test,test_4748.jpg,20,5,4.5,6,18,1.25,위치·방향,6,4,4,4
test,test_4749.jpg,26,7,11.25,12,45,1.0,전화번호,11,12,11,11
test,test_4750.jpg,16,4,5.0,5,20,1.0,문자·간판 읽기,5,5,5,5
test,test_4751.jpg,26,7,4.25,5,17,1.0,문자·간판 읽기,4,4,4,5
test,test_4752.jpg,49,13,9.0,10,36,2.25,기타,10,8,8,10
test,test_4753.jpg,31,8,5.5,8,22,1.0,문자·간판 읽기,8,4,8,2
test,test_4754.jpg,23,6,6.5,8,26,1.25,문자·간판 읽기,6,7,8,5
test,test_4755.jpg,32,6,7.25,14,29,2.0,문자·간판 읽기,9,3,14,3
test,test_4756.jpg,27,7,8.25,14,33,2.0,문자·간판 읽기,7,7,5,14
test,test_4757.jpg,37,8,9.75,12,39,2.75,기타,8,9,10,12
test,test_4758.jpg,39,11,2.5,3,10,1.0,문자·간판 읽기,2,3,2,3
test,test_4759.jpg,28,8,2.0,2,8,1.0,가격·금액,2,2,2,2
test,test_4760.jpg,36,11,6.5,8,26,2.0,기타,6,8,6,6
test,test_4761.jpg,25,7,8.5,12,34,3.0,문자·간판 읽기,7,8,12,7
test,test_4762.jpg,18,5,6.25,9,25,1.25,문자·간판 읽기,9,5,6,5
test,test_4763.jpg,20,5,13.5,17,54,2.5,문자·간판 읽기,16,17,10,11
test,test_4764.jpg,25,7,4.75,9,19,1.5,문자·간판 읽기,4,3,3,9
test,test_4765.jpg,28,8,5.75,7,23,1.5,문자·간판 읽기,3,7,6,7
test,test_4766.jpg,32,8,8.0,11,32,2.5,문자·간판 읽기,8,7,6,11
test,test_4767.jpg,30,9,26.0,27,104,5.0,문자·간판 읽기,26,27,25,26
test,test_4768.jpg,30,9,18.0,18,72,4.0,문자·간판 읽기,18,18,18,18
test,test_4769.jpg,41,8,10.75,12,43,3.75,위치·방향,11,8,12,12
test,test_4770.jpg,35,9,4.5,6,18,1.0,가격·금액,6,4,3,5
test,test_4771.jpg,31,9,4.75,5,19,2.0,문자·간판 읽기,4,5,5,5
test,test_4772.jpg,28,7,6.25,10,25,2.0,메뉴·상품,3,4,8,10
test,test_4773.jpg,41,10,8.75,9,35,3.0,색상,9,9,9,8
test,test_4774.jpg,26,7,7.0,8,28,2.0,문자·간판 읽기,6,8,7,7
test,test_4775.jpg,41,9,4.0,6,16,1.25,문자·간판 읽기,4,3,6,3
test,test_4776.jpg,43,10,4.5,8,18,1.25,가격·금액,3,8,3,4
test,test_4777.jpg,24,6,13.5,18,54,2.0,문자·간판 읽기,17,10,9,18
test,test_4778.jpg,60,15,7.5,8,30,2.0,기타,8,8,8,6
test,test_4779.jpg,25,6,9.0,15,36,2.5,기타,15,10,5,6
test,test_4780.jpg,32,7,8.5,11,34,3.0,기타,8,6,9,11
test,test_4781.jpg,23,6,5.25,6,21,2.0,문자·간판 읽기,5,5,6,5
test,test_4782.jpg,16,4,13.75,15,55,3.0,문자·간판 읽기,14,13,15,13
test,test_4783.jpg,27,7,29.25,35,117,5.5,메뉴·상품,35,26,27,29
test,test_4784.jpg,36,7,7.5,10,30,2.25,기타,10,5,10,5
test,test_4785.jpg,34,9,4.75,8,19,1.0,문자·간판 읽기,4,5,8,2
test,test_4786.jpg,30,7,4.75,6,19,1.0,인물·대상,5,4,6,4
test,test_4787.jpg,29,8,5.25,6,21,2.0,메뉴·상품,5,5,5,6
test,test_4788.jpg,16,4,7.0,8,28,2.5,문자·간판 읽기,6,8,6,8
test,test_4789.jpg,29,8,9.75,15,39,1.0,메뉴·상품,4,9,15,11
test,test_4790.jpg,34,9,5.25,8,21,1.0,색상,4,8,3,6
test,test_4791.jpg,25,7,5.0,7,20,1.0,기타,5,4,4,7
test,test_4792.jpg,29,8,20.0,23,80,4.25,메뉴·상품,19,20,23,18
test,test_4793.jpg,24,6,5.0,5,20,1.0,문자·간판 읽기,5,5,5,5
test,test_4794.jpg,24,6,2.25,3,9,1.0,가격·금액,2,3,2,2
test,test_4795.jpg,29,7,2.5,3,10,1.0,메뉴·상품,3,3,2,2
test,test_4796.jpg,30,8,19.25,23,77,3.25,문자·간판 읽기,20,23,15,19
test,test_4797.jpg,34,7,11.25,13,45,2.25,문자·간판 읽기,9,11,13,12
test,test_4798.jpg,37,9,1.0,1,4,1.0,문자·간판 읽기,1,1,1,1
test,test_4799.jpg,34,9,3.5,4,14,1.0,메뉴·상품,4,4,3,3
test,test_4800.jpg,24,6,8.25,9,33,2.25,위치·방향,8,9,8,8
test,test_4801.jpg,23,5,4.25,5,17,1.0,메뉴·상품,4,5,4,4
test,test_4802.jpg,32,9,8.75,14,35,2.5,메뉴·상품,14,5,6,10
test,test_4803.jpg,35,9,7.0,9,28,1.5,문자·간판 읽기,9,8,4,7
test,test_4804.jpg,37,9,4.25,5,17,1.0,메뉴·상품,5,4,4,4
test,test_4805.jpg,44,9,11.0,11,44,3.0,날짜·시간,11,11,11,11
test,test_4806.jpg,23,6,4.75,5,19,2.0,인물·대상,4,5,5,5
test,test_4807.jpg,23,6,5.5,7,22,2.0,가격·금액,6,3,6,7
test,test_4808.jpg,40,10,12.75,19,51,3.25,기타,7,19,14,11
test,test_4809.jpg,58,15,4.0,6,16,1.0,가격·금액,4,4,2,6
test,test_4810.jpg,55,13,3.0,3,12,1.0,색상,3,3,3,3
test,test_4811.jpg,22,4,19.0,23,76,4.25,위치·방향,18,18,23,17
test,test_4812.jpg,37,7,6.5,8,26,1.0,메뉴·상품,6,5,7,8
test,test_4813.jpg,28,7,4.0,4,16,1.0,문자·간판 읽기,4,4,4,4
test,test_4814.jpg,28,8,3.25,4,13,1.0,메뉴·상품,4,4,2,3
test,test_4815.jpg,51,13,3.75,5,15,1.0,가격·금액,2,3,5,5
test,test_4816.jpg,41,11,10.5,11,42,1.0,문자·간판 읽기,11,10,10,11
test,test_4817.jpg,26,5,3.0,3,12,1.0,가격·금액,3,3,3,3
test,test_4818.jpg,26,7,4.75,6,19,1.75,메뉴·상품,6,5,2,6
test,test_4819.jpg,44,9,11.75,12,47,3.0,가격·금액,12,12,11,12
test,test_4820.jpg,39,9,2.25,3,9,1.0,메뉴·상품,3,1,2,3
test,test_4821.jpg,48,12,2.75,3,11,1.0,문자·간판 읽기,3,2,3,3
test,test_4822.jpg,48,8,5.75,6,23,1.0,가격·금액,5,6,6,6
test,test_4823.jpg,31,6,13.5,14,54,1.5,전화번호,14,13,14,13
test,test_4824.jpg,24,6,11.0,13,44,3.0,문자·간판 읽기,13,10,10,11
test,test_4825.jpg,34,10,5.0,5,20,2.0,문자·간판 읽기,5,5,5,5
test,test_4826.jpg,38,10,4.25,5,17,1.0,메뉴·상품,4,3,5,5
test,test_4827.jpg,19,5,4.0,5,16,1.0,위치·방향,3,5,5,3
test,test_4828.jpg,42,8,14.5,21,58,4.25,날짜·시간,21,13,12,12
test,test_4829.jpg,28,6,5.25,6,21,1.75,가격·금액,6,6,3,6
test,test_4830.jpg,26,6,11.75,15,47,3.0,위치·방향,10,12,15,10
test,test_4831.jpg,36,10,12.0,14,48,1.0,문자·간판 읽기,12,10,12,14
test,test_4832.jpg,34,10,2.0,2,8,1.0,수량·계수,2,2,2,2
test,test_4833.jpg,32,8,14.25,16,57,2.5,문자·간판 읽기,13,15,13,16
test,test_4834.jpg,56,15,18.0,21,72,2.5,문자·간판 읽기,19,21,12,20
test,test_4835.jpg,45,11,9.0,9,36,3.0,가격·금액,9,9,9,9
test,test_4836.jpg,43,11,17.0,20,68,4.5,기타,20,15,15,18
test,test_4837.jpg,34,8,6.5,8,26,2.0,기타,6,6,8,6
test,test_4838.jpg,32,7,11.25,12,45,1.0,전화번호,12,11,12,10
test,test_4839.jpg,24,7,5.25,6,21,1.0,문자·간판 읽기,6,5,5,5
test,test_4840.jpg,26,7,6.75,7,27,2.0,문자·간판 읽기,7,6,7,7
test,test_4841.jpg,25,6,4.0,7,16,1.25,가격·금액,7,3,3,3
test,test_4842.jpg,49,15,14.0,14,56,4.0,기타,14,14,14,14
test,test_4843.jpg,28,6,3.25,4,13,1.0,전화번호,3,4,3,3
test,test_4844.jpg,23,6,15.5,16,62,4.0,날짜·시간,16,15,15,16
test,test_4845.jpg,27,7,7.75,10,31,2.5,메뉴·상품,6,6,10,9
test,test_4846.jpg,32,10,5.0,5,20,2.0,수량·계수,5,5,5,5
test,test_4847.jpg,40,9,8.0,11,32,2.25,위치·방향,6,8,7,11
test,test_4848.jpg,28,7,5.0,7,20,1.5,색상,5,3,5,7
test,test_4849.jpg,28,7,3.25,4,13,1.0,인물·대상,3,4,2,4
test,test_4850.jpg,37,9,20.75,21,83,4.0,위치·방향,21,21,21,20
test,test_4851.jpg,26,7,10.25,24,41,2.75,문자·간판 읽기,4,6,24,7
test,test_4852.jpg,35,8,25.5,29,102,6.5,기타,25,25,29,23
test,test_4853.jpg,34,8,2.5,3,10,1.0,색상,3,2,2,3
test,test_4854.jpg,26,7,10.0,13,40,2.5,색상,11,10,6,13
test,test_4855.jpg,27,7,6.75,10,27,1.75,색상,10,4,3,10
test,test_4856.jpg,29,7,11.0,11,44,2.25,전화번호,11,11,11,11
test,test_4857.jpg,36,9,8.0,8,32,2.0,날짜·시간,8,8,8,8
test,test_4858.jpg,29,6,7.0,7,28,1.0,가격·금액,7,7,7,7
test,test_4859.jpg,39,10,12.0,13,48,3.0,메뉴·상품,11,13,12,12
test,test_4860.jpg,27,6,6.0,11,24,1.5,날짜·시간,4,11,3,6
test,test_4861.jpg,37,11,5.0,9,20,1.25,문자·간판 읽기,5,9,4,2
test,test_4862.jpg,39,9,9.5,10,38,2.0,가격·금액,10,9,10,9
test,test_4863.jpg,38,9,8.0,8,32,1.0,전화번호,8,8,8,8
test,test_4864.jpg,24,6,7.25,8,29,2.0,메뉴·상품,8,7,7,7
test,test_4865.jpg,86,20,15.5,19,62,4.5,기타,14,13,19,16
test,test_4866.jpg,25,5,6.0,6,24,2.0,날짜·시간,6,6,6,6
test,test_4867.jpg,32,8,4.5,5,18,1.0,색상,5,5,5,3
test,test_4868.jpg,30,8,8.75,15,35,1.75,위치·방향,15,3,9,8
test,test_4869.jpg,26,7,3.5,5,14,1.25,문자·간판 읽기,3,4,5,2
test,test_4870.jpg,22,5,8.25,15,33,2.5,문자·간판 읽기,4,15,6,8
test,test_4871.jpg,31,9,9.5,11,38,3.25,문자·간판 읽기,9,11,9,9
test,test_4872.jpg,34,9,2.5,4,10,1.0,위치·방향,4,2,2,2
test,test_4873.jpg,23,6,6.25,8,25,1.0,문자·간판 읽기,7,6,4,8
test,test_4874.jpg,25,7,2.0,2,8,1.0,문자·간판 읽기,2,2,2,2
test,test_4875.jpg,23,6,17.75,19,71,3.0,날짜·시간,17,17,18,19
test,test_4876.jpg,26,8,8.5,14,34,2.5,문자·간판 읽기,8,7,5,14
test,test_4877.jpg,24,6,4.0,8,16,1.0,기타,8,2,3,3
test,test_4878.jpg,28,6,6.25,7,25,1.0,가격·금액,6,6,6,7
test,test_4879.jpg,30,7,5.0,5,20,2.0,메뉴·상품,5,5,5,5
test,test_4880.jpg,34,10,16.25,23,65,2.75,문자·간판 읽기,20,15,23,7
test,test_4881.jpg,27,7,7.0,9,28,1.0,문자·간판 읽기,5,8,6,9
test,test_4882.jpg,43,12,3.5,5,14,1.0,문자·간판 읽기,3,3,5,3
test,test_4883.jpg,23,6,9.5,10,38,2.5,문자·간판 읽기,9,10,9,10
test,test_4884.jpg,43,10,16.0,17,64,4.0,문자·간판 읽기,17,15,15,17
test,test_4885.jpg,46,12,6.75,14,27,1.25,위치·방향,5,4,14,4
test,test_4886.jpg,16,4,4.0,5,16,1.0,문자·간판 읽기,4,3,4,5
test,test_4887.jpg,26,6,6.0,6,24,2.0,기타,6,6,6,6
test,test_4888.jpg,37,9,15.25,16,61,3.0,기타,16,15,14,16
test,test_4889.jpg,16,4,3.0,3,12,1.0,문자·간판 읽기,3,3,3,3
test,test_4890.jpg,45,9,5.5,6,22,1.75,위치·방향,6,5,5,6
test,test_4891.jpg,41,11,3.0,3,12,1.0,수량·계수,3,3,3,3
test,test_4892.jpg,13,3,2.0,2,8,1.0,기타,2,2,2,2
test,test_4893.jpg,20,6,6.25,9,25,1.5,기타,7,9,5,4
test,test_4894.jpg,25,6,4.25,5,17,2.0,색상,4,4,5,4
test,test_4895.jpg,28,7,12.75,20,51,4.25,기타,20,11,11,9
test,test_4896.jpg,60,15,6.5,9,26,2.25,가격·금액,9,6,6,5
test,test_4897.jpg,44,9,17.5,27,70,5.0,가격·금액,14,13,16,27
test,test_4898.jpg,28,7,4.5,6,18,1.0,기타,4,4,4,6
test,test_4899.jpg,29,8,7.5,11,30,1.0,가격·금액,6,11,6,7
test,test_4900.jpg,16,4,4.0,4,16,1.0,문자·간판 읽기,4,4,4,4
test,test_4901.jpg,35,8,8.75,11,35,2.75,메뉴·상품,11,8,9,7
test,test_4902.jpg,32,8,7.25,10,29,1.5,문자·간판 읽기,10,2,9,8
test,test_4903.jpg,43,10,16.5,20,66,3.75,기타,15,16,20,15
test,test_4904.jpg,43,10,2.0,2,8,1.0,기타,2,2,2,2
test,test_4905.jpg,26,7,3.75,4,15,1.0,문자·간판 읽기,4,4,3,4
test,test_4906.jpg,37,8,9.25,13,37,2.5,가격·금액,13,7,7,10
test,test_4907.jpg,43,11,15.25,22,61,2.25,색상,12,22,21,6
test,test_4908.jpg,46,11,18.25,24,73,4.0,메뉴·상품,16,18,24,15
test,test_4909.jpg,34,8,6.0,6,24,1.0,가격·금액,6,6,6,6
test,test_4910.jpg,29,8,3.25,5,13,1.0,문자·간판 읽기,5,1,4,3
test,test_4911.jpg,25,7,12.0,13,48,2.0,문자·간판 읽기,13,12,11,12
test,test_4912.jpg,17,4,6.0,6,24,1.0,문자·간판 읽기,6,6,6,6
test,test_4913.jpg,38,12,17.75,21,71,2.0,문자·간판 읽기,16,21,15,19
test,test_4914.jpg,28,6,10.25,15,41,2.75,날짜·시간,15,7,4,15
test,test_4915.jpg,29,7,6.5,7,26,1.0,가격·금액,7,6,7,6
test,test_4916.jpg,34,8,5.5,6,22,2.0,기타,5,5,6,6
test,test_4917.jpg,37,7,26.0,26,104,3.0,날짜·시간,26,26,26,26
test,test_4918.jpg,31,8,3.5,4,14,1.0,색상,4,4,3,3
test,test_4919.jpg,59,17,11.75,13,47,4.0,문자·간판 읽기,13,13,10,11
test,test_4920.jpg,30,8,5.0,5,20,1.0,문자·간판 읽기,5,5,5,5
test,test_4921.jpg,31,8,4.5,7,18,1.0,문자·간판 읽기,7,4,3,4
test,test_4922.jpg,25,6,9.5,10,38,3.0,문자·간판 읽기,10,9,10,9
test,test_4923.jpg,49,14,5.75,6,23,2.0,기타,6,6,6,5
test,test_4924.jpg,17,4,3.5,4,14,1.0,문자·간판 읽기,3,4,4,3
test,test_4925.jpg,33,8,6.5,12,26,1.5,인물·대상,6,2,6,12
test,test_4926.jpg,24,6,16.75,26,67,4.0,문자·간판 읽기,12,26,13,16
test,test_4927.jpg,28,7,8.5,9,34,1.0,전화번호,8,9,9,8
test,test_4928.jpg,28,8,4.0,4,16,1.0,문자·간판 읽기,4,4,4,4
test,test_4929.jpg,41,10,2.75,3,11,1.0,위치·방향,3,3,2,3
test,test_4930.jpg,42,12,6.25,7,25,1.0,수량·계수,6,6,7,6
test,test_4931.jpg,24,6,7.0,9,28,2.5,색상,5,7,7,9
test,test_4932.jpg,25,6,5.0,5,20,1.0,문자·간판 읽기,5,5,5,5
test,test_4933.jpg,22,5,10.0,12,40,3.5,기타,8,9,11,12
test,test_4934.jpg,46,12,4.0,4,16,1.0,가격·금액,4,4,4,4
test,test_4935.jpg,32,8,16.0,25,64,4.0,색상,15,11,13,25
test,test_4936.jpg,23,6,4.75,10,19,1.5,위치·방향,3,10,3,3
test,test_4937.jpg,23,6,4.75,6,19,1.0,문자·간판 읽기,5,4,6,4
test,test_4938.jpg,25,6,23.5,24,94,5.0,날짜·시간,24,23,24,23
test,test_4939.jpg,34,9,10.75,20,43,1.75,기타,20,8,10,5
test,test_4940.jpg,30,8,18.0,20,72,5.0,기타,17,19,16,20
test,test_4941.jpg,26,7,6.25,12,25,1.75,문자·간판 읽기,4,4,12,5
test,test_4942.jpg,20,5,5.0,9,20,1.25,문자·간판 읽기,4,9,3,4
test,test_4943.jpg,41,7,6.0,6,24,1.0,가격·금액,6,6,6,6
test,test_4944.jpg,27,6,6.5,9,26,1.0,문자·간판 읽기,9,5,5,7
test,test_4945.jpg,27,6,8.25,11,33,1.0,가격·금액,11,7,8,7
test,test_4946.jpg,32,8,10.5,20,42,2.0,인물·대상,20,5,7,10
test,test_4947.jpg,22,5,16.0,19,64,4.25,문자·간판 읽기,15,15,19,15
test,test_4948.jpg,20,5,2.5,3,10,1.0,위치·방향,2,2,3,3
test,test_4949.jpg,39,11,6.0,9,24,1.25,색상,9,8,2,5
test,test_4950.jpg,17,5,11.25,18,45,2.75,기타,18,10,10,7
test,test_4951.jpg,36,10,3.0,4,12,1.0,문자·간판 읽기,4,2,3,3
test,test_4952.jpg,18,4,13.25,20,53,4.25,문자·간판 읽기,20,12,11,10
test,test_4953.jpg,53,10,21.25,23,85,5.5,위치·방향,23,20,19,23
test,test_4954.jpg,31,9,13.25,18,53,3.5,기타,9,10,16,18
test,test_4955.jpg,30,8,9.75,10,39,3.0,위치·방향,10,9,10,10
test,test_4956.jpg,20,5,13.5,16,54,4.0,문자·간판 읽기,16,14,14,10
test,test_4957.jpg,35,10,10.5,17,42,2.75,문자·간판 읽기,17,6,11,8
test,test_4958.jpg,56,14,31.25,46,125,7.25,기타,27,46,29,23
test,test_4959.jpg,30,8,12.75,18,51,1.5,메뉴·상품,16,10,7,18
test,test_4960.jpg,36,9,5.75,8,23,2.0,색상,8,5,5,5
test,test_4961.jpg,31,7,4.0,4,16,1.0,가격·금액,4,4,4,4
test,test_4962.jpg,40,11,2.0,2,8,1.0,문자·간판 읽기,2,2,2,2
test,test_4963.jpg,17,4,12.5,14,50,2.0,문자·간판 읽기,13,11,14,12
test,test_4964.jpg,46,10,6.0,6,24,2.0,가격·금액,6,6,6,6
test,test_4965.jpg,39,9,13.75,17,55,3.25,메뉴·상품,13,17,12,13
test,test_4966.jpg,33,9,6.5,12,26,1.75,가격·금액,4,12,5,5
test,test_4967.jpg,34,8,3.75,7,15,1.25,문자·간판 읽기,3,7,3,2
test,test_4968.jpg,27,7,4.75,7,19,1.5,인물·대상,7,4,5,3
test,test_4969.jpg,34,10,10.0,13,40,1.75,문자·간판 읽기,11,12,13,4
test,test_4970.jpg,17,4,3.25,4,13,1.0,문자·간판 읽기,2,3,4,4
test,test_4971.jpg,30,8,5.5,7,22,1.25,색상,3,6,7,6
test,test_4972.jpg,30,8,10.75,16,43,1.75,문자·간판 읽기,12,16,7,8
test,test_4973.jpg,27,7,2.0,4,8,1.0,문자·간판 읽기,1,1,4,2
test,test_4974.jpg,21,5,8.75,15,35,1.25,인물·대상,15,6,6,8
test,test_4975.jpg,28,7,12.75,16,51,2.25,문자·간판 읽기,16,12,12,11
test,test_4976.jpg,24,6,6.25,7,25,1.0,문자·간판 읽기,6,6,6,7
test,test_4977.jpg,23,6,9.75,11,39,2.0,문자·간판 읽기,11,10,9,9
test,test_4978.jpg,34,9,5.25,7,21,2.0,기타,4,7,4,6
test,test_4979.jpg,33,7,6.0,8,24,1.5,기타,4,8,7,5
test,test_4980.jpg,41,9,5.5,8,22,1.25,문자·간판 읽기,4,6,8,4
test,test_4981.jpg,23,6,8.0,11,32,1.5,문자·간판 읽기,11,6,6,9
test,test_4982.jpg,30,8,12.25,24,49,1.75,문자·간판 읽기,12,24,5,8
test,test_4983.jpg,40,11,24.75,27,99,5.5,기타,23,22,27,27
test,test_4984.jpg,28,7,8.0,8,32,1.0,전화번호,8,8,8,8
test,test_4985.jpg,33,7,8.0,8,32,1.0,전화번호,8,8,8,8
test,test_4986.jpg,21,6,9.75,10,39,3.0,날짜·시간,10,9,10,10
test,test_4987.jpg,29,8,4.5,6,18,1.0,문자·간판 읽기,4,4,6,4
test,test_4988.jpg,50,15,2.75,3,11,1.0,색상,3,3,3,2
test,test_4989.jpg,46,10,2.5,3,10,1.0,메뉴·상품,2,2,3,3
test,test_4990.jpg,18,4,8.25,9,33,1.0,전화번호,9,8,8,8
test,test_4991.jpg,29,8,3.75,5,15,1.25,인물·대상,3,3,5,4
test,test_4992.jpg,24,4,6.0,6,24,1.0,가격·금액,6,6,6,6
test,test_4993.jpg,49,10,16.25,18,65,4.0,기타,15,16,18,16
test,test_4994.jpg,31,8,3.75,6,15,1.0,가격·금액,4,3,6,2
test,test_4995.jpg,45,11,9.0,15,36,3.0,기타,12,5,4,15
test,test_4996.jpg,30,9,4.0,7,16,1.0,문자·간판 읽기,3,3,7,3
test,test_4997.jpg,28,7,5.0,5,20,1.0,문자·간판 읽기,5,5,5,5
test,test_4998.jpg,24,7,9.5,12,38,1.75,기타,12,8,6,12
test,test_4999.jpg,31,8,7.25,14,29,2.0,위치·방향,7,14,5,3
test,test_5000.jpg,51,13,2.0,2,8,1.0,위치·방향,2,2,2,2
test,test_5001.jpg,45,11,2.75,4,11,1.0,기타,2,3,2,4
test,test_5002.jpg,42,9,2.0,2,8,1.0,문자·간판 읽기,2,2,2,2
test,test_5003.jpg,16,4,6.25,7,25,1.0,가격·금액,6,7,6,6
test,test_5004.jpg,42,11,4.5,6,18,1.25,기타,6,6,4,2
test,test_5005.jpg,16,4,3.5,4,14,1.0,메뉴·상품,3,4,4,3
test,test_5006.jpg,25,7,5.5,7,22,1.25,위치·방향,7,6,3,6
test,test_5007.jpg,22,6,3.25,4,13,1.0,문자·간판 읽기,3,4,3,3
test,test_5008.jpg,23,4,9.0,9,36,2.0,날짜·시간,9,9,9,9
test,test_5009.jpg,19,5,2.0,2,8,1.0,문자·간판 읽기,2,2,2,2
test,test_5010.jpg,27,8,8.0,13,32,1.25,기타,6,6,7,13
test,test_5011.jpg,32,8,6.25,11,25,1.75,기타,8,3,3,11
test,test_5012.jpg,41,12,8.0,10,32,1.75,색상,10,4,10,8
test,test_5013.jpg,40,10,4.5,5,18,1.0,메뉴·상품,5,5,4,4
test,test_5014.jpg,46,10,17.0,17,68,3.0,날짜·시간,17,17,17,17
test,test_5015.jpg,39,7,25.0,25,100,5.0,날짜·시간,25,25,25,25
test,test_5016.jpg,27,7,7.0,7,28,3.0,문자·간판 읽기,7,7,7,7
test,test_5017.jpg,38,11,7.5,8,30,3.0,기타,7,7,8,8
test,test_5018.jpg,25,7,7.5,8,30,1.0,문자·간판 읽기,8,8,7,7
test,test_5019.jpg,26,6,9.0,11,36,2.0,문자·간판 읽기,9,11,7,9
test,test_5020.jpg,60,12,22.0,30,88,6.25,날짜·시간,30,27,22,9
test,test_5021.jpg,29,7,13.0,13,52,3.0,날짜·시간,13,13,13,13
test,test_5022.jpg,42,10,3.75,5,15,1.0,메뉴·상품,3,5,3,4
test,test_5023.jpg,19,5,6.25,7,25,1.0,전화번호,6,6,7,6
test,test_5024.jpg,29,7,6.0,10,24,1.5,인물·대상,2,6,6,10
test,test_5025.jpg,35,9,5.5,6,22,2.5,문자·간판 읽기,6,5,6,5
test,test_5026.jpg,31,7,18.75,23,75,3.0,색상,19,23,16,17
test,test_5027.jpg,20,5,16.0,25,64,4.0,문자·간판 읽기,11,15,25,13
test,test_5028.jpg,23,5,8.5,13,34,2.0,위치·방향,3,13,12,6
test,test_5029.jpg,32,8,4.5,6,18,1.25,문자·간판 읽기,4,6,5,3
test,test_5030.jpg,32,8,5.5,6,22,2.0,가격·금액,5,6,6,5
test,test_5031.jpg,27,6,7.5,14,30,2.75,기타,14,5,8,3
test,test_5032.jpg,15,4,8.5,9,34,2.0,기타,9,9,8,8
test,test_5033.jpg,29,9,9.25,10,37,3.5,문자·간판 읽기,10,8,10,9
test,test_5034.jpg,19,5,4.25,6,17,1.0,문자·간판 읽기,4,2,5,6
test,test_5035.jpg,42,10,5.5,7,22,1.0,문자·간판 읽기,4,7,4,7
test,test_5036.jpg,57,12,14.0,20,56,2.25,색상,20,12,14,10
test,test_5037.jpg,43,10,6.0,6,24,1.0,가격·금액,6,6,6,6
test,test_5038.jpg,34,6,13.25,17,53,1.5,전화번호,11,12,13,17
test,test_5039.jpg,31,8,3.0,6,12,1.25,문자·간판 읽기,2,6,2,2
test,test_5040.jpg,28,8,5.25,9,21,1.25,문자·간판 읽기,4,9,4,4
test,test_5041.jpg,20,4,8.0,8,32,1.0,날짜·시간,8,8,8,8
test,test_5042.jpg,30,6,2.75,5,11,1.25,위치·방향,5,2,2,2
test,test_5043.jpg,26,7,7.0,7,28,2.0,문자·간판 읽기,7,7,7,7
test,test_5044.jpg,23,7,12.0,22,48,3.25,기타,22,7,11,8
test,test_5045.jpg,41,11,5.25,8,21,1.75,문자·간판 읽기,4,5,4,8
test,test_5046.jpg,37,10,4.5,6,18,1.0,문자·간판 읽기,4,3,6,5
test,test_5047.jpg,27,7,18.0,19,72,3.75,문자·간판 읽기,15,19,19,19
test,test_5048.jpg,40,8,8.75,10,35,2.0,문자·간판 읽기,10,10,5,10
test,test_5049.jpg,26,7,7.25,8,29,2.0,날짜·시간,8,7,7,7
test,test_5050.jpg,16,4,7.5,9,30,2.0,문자·간판 읽기,9,8,6,7
test,test_5051.jpg,31,8,6.5,8,26,1.0,기타,8,4,7,7
test,test_5052.jpg,26,7,4.25,6,17,1.0,문자·간판 읽기,4,6,4,3
test,test_5053.jpg,23,6,7.5,8,30,2.25,문자·간판 읽기,7,8,8,7
test,test_5054.jpg,28,7,5.0,6,20,1.0,문자·간판 읽기,6,4,5,5
test,test_5055.jpg,33,8,6.0,6,24,1.0,가격·금액,6,6,6,6
test,test_5056.jpg,42,9,15.0,15,60,3.0,날짜·시간,15,15,15,15
test,test_5057.jpg,25,6,2.5,3,10,1.0,기타,2,2,3,3
test,test_5058.jpg,42,9,3.0,4,12,1.0,메뉴·상품,3,3,4,2
test,test_5059.jpg,20,5,5.25,6,21,2.0,문자·간판 읽기,5,6,5,5
test,test_5060.jpg,26,6,6.0,6,24,1.0,가격·금액,6,6,6,6
test,test_5061.jpg,53,9,7.75,8,31,2.0,날짜·시간,8,7,8,8
test,test_5062.jpg,58,14,10.25,14,41,2.75,기타,14,11,8,8
test,test_5063.jpg,45,12,12.5,19,50,3.75,문자·간판 읽기,19,13,9,9
test,test_5064.jpg,54,15,13.0,13,52,2.0,기타,13,13,13,13
test,test_5065.jpg,34,9,3.0,3,12,1.0,가격·금액,3,3,3,3
test,test_5066.jpg,21,6,3.75,5,15,1.0,문자·간판 읽기,4,3,5,3
test,test_5067.jpg,23,6,4.5,5,18,1.0,문자·간판 읽기,4,4,5,5
test,test_5068.jpg,38,9,27.75,45,111,6.25,색상,25,45,19,22
test,test_5069.jpg,40,10,7.0,9,28,1.75,기타,9,8,7,4
test,test_5070.jpg,16,4,4.0,4,16,1.0,문자·간판 읽기,4,4,4,4
test,test_5071.jpg,24,6,9.0,14,36,1.75,문자·간판 읽기,4,13,14,5
test,test_5072.jpg,20,5,9.5,11,38,3.25,위치·방향,9,9,11,9
test,test_5073.jpg,30,8,6.75,8,27,2.5,기타,8,7,7,5
test,test_5074.jpg,36,7,23.25,36,93,5.25,기타,21,15,36,21
test,test_5075.jpg,21,6,7.0,11,28,1.25,기타,4,8,5,11
test,test_5076.jpg,24,6,4.0,4,16,1.0,문자·간판 읽기,4,4,4,4
test,test_5077.jpg,26,5,5.75,7,23,1.0,가격·금액,4,6,7,6
test,test_5078.jpg,17,4,4.5,6,18,1.0,문자·간판 읽기,4,6,4,4
test,test_5079.jpg,28,8,7.75,13,31,1.75,문자·간판 읽기,3,7,13,8
test,test_5080.jpg,26,7,4.5,6,18,1.25,문자·간판 읽기,5,3,4,6
test,test_5081.jpg,20,5,9.0,10,36,3.0,문자·간판 읽기,9,10,9,8
test,test_5082.jpg,30,7,6.25,7,25,2.0,문자·간판 읽기,7,5,6,7
test,test_5083.jpg,37,9,31.75,39,127,5.0,문자·간판 읽기,29,32,27,39
test,test_5084.jpg,27,7,7.5,12,30,1.75,색상,4,9,5,12
test,test_5085.jpg,25,6,3.75,5,15,1.0,메뉴·상품,3,2,5,5
test,test_5086.jpg,48,11,7.25,10,29,2.25,가격·금액,6,9,10,4
test,test_5087.jpg,22,5,4.0,4,16,1.0,문자·간판 읽기,4,4,4,4
test,test_5088.jpg,25,6,14.25,21,57,2.25,문자·간판 읽기,8,14,14,21
test,test_5089.jpg,35,9,2.75,4,11,1.0,기타,2,4,3,2
test,test_5090.jpg,20,5,15.5,21,62,3.75,문자·간판 읽기,10,19,12,21
test,test_5091.jpg,43,10,3.75,4,15,1.0,기타,4,3,4,4
test,test_5092.jpg,12,3,5.75,10,23,1.75,위치·방향,5,10,5,3
test,test_5093.jpg,43,10,11.25,12,45,3.0,문자·간판 읽기,10,11,12,12
test,test_5094.jpg,64,16,7.75,8,31,2.0,가격·금액,8,7,8,8
test,test_5095.jpg,32,8,3.0,3,12,1.0,위치·방향,3,3,3,3
test,test_5096.jpg,30,9,8.5,9,34,1.0,위치·방향,9,8,9,8
test,test_5097.jpg,16,4,6.5,8,26,2.0,문자·간판 읽기,6,8,6,6
test,test_5098.jpg,33,8,6.0,6,24,1.0,가격·금액,6,6,6,6
test,test_5099.jpg,38,10,4.25,5,17,1.0,색상,4,5,4,4
test,test_5100.jpg,33,7,13.75,22,55,2.75,기타,13,10,22,10
test,test_5101.jpg,27,6,14.0,15,56,5.0,날짜·시간,14,14,13,15
test,test_5102.jpg,42,9,18.75,19,75,6.0,날짜·시간,18,19,19,19
test,test_5103.jpg,27,7,8.0,10,32,2.0,문자·간판 읽기,6,6,10,10
test,test_5104.jpg,28,7,6.75,7,27,1.0,가격·금액,7,7,6,7
test,test_5105.jpg,30,8,17.25,20,69,3.0,메뉴·상품,19,15,20,15
test,test_5106.jpg,26,7,9.25,16,37,2.75,위치·방향,16,7,5,9
test,test_5107.jpg,30,8,6.5,7,26,1.0,가격·금액,6,7,7,6
test,test_5108.jpg,29,6,6.0,6,24,1.0,가격·금액,6,6,6,6
test,test_5109.jpg,28,7,7.5,9,30,2.0,메뉴·상품,8,9,7,6
test,test_5110.jpg,29,8,14.0,16,56,2.25,문자·간판 읽기,15,12,13,16
test,test_5111.jpg,19,5,4.0,4,16,1.0,문자·간판 읽기,4,4,4,4
test,test_5112.jpg,49,11,7.75,8,31,2.0,가격·금액,8,8,7,8
test,test_5113.jpg,54,11,7.25,10,29,2.25,위치·방향,3,10,6,10
test,test_5114.jpg,37,10,2.0,2,8,1.0,위치·방향,2,2,2,2
test,test_5115.jpg,36,8,2.25,3,9,1.0,위치·방향,3,2,2,2
test,test_5116.jpg,45,13,12.25,19,49,2.0,색상,7,19,8,15
test,test_5117.jpg,24,6,8.0,8,32,1.0,전화번호,8,8,8,8
test,test_5118.jpg,24,6,4.5,5,18,1.0,가격·금액,5,5,4,4
test,test_5119.jpg,27,7,7.75,9,31,1.75,위치·방향,9,9,6,7
test,test_5120.jpg,33,9,3.0,3,12,1.0,문자·간판 읽기,3,3,3,3
test,test_5121.jpg,31,8,11.0,12,44,3.0,메뉴·상품,11,12,10,11
test,test_5122.jpg,30,8,10.0,15,40,1.75,문자·간판 읽기,5,15,15,5
test,test_5123.jpg,26,5,6.0,6,24,1.0,가격·금액,6,6,6,6
test,test_5124.jpg,22,6,4.25,6,17,1.25,메뉴·상품,4,3,4,6
test,test_5125.jpg,25,7,4.0,4,16,1.0,문자·간판 읽기,4,4,4,4
test,test_5126.jpg,16,4,4.75,6,19,1.0,문자·간판 읽기,3,5,6,5
test,test_5127.jpg,24,6,6.0,7,24,2.0,문자·간판 읽기,6,5,6,7
test,test_5128.jpg,28,5,28.0,29,112,5.0,날짜·시간,29,27,29,27
test,test_5129.jpg,33,9,7.0,7,28,1.0,인물·대상,7,7,7,7
test,test_5130.jpg,27,7,11.75,13,47,1.0,전화번호,13,9,12,13
test,test_5131.jpg,39,11,6.75,11,27,1.0,문자·간판 읽기,4,11,7,5
test,test_5132.jpg,22,6,8.0,8,32,2.0,날짜·시간,8,8,8,8
test,test_5133.jpg,32,10,3.75,4,15,1.0,메뉴·상품,3,4,4,4
test,test_5134.jpg,32,8,5.0,5,20,1.0,날짜·시간,5,5,5,5
test,test_5135.jpg,19,5,3.75,5,15,1.0,위치·방향,4,5,3,3
test,test_5136.jpg,30,8,7.25,9,29,2.0,기타,8,9,6,6
test,test_5137.jpg,28,7,2.5,3,10,1.0,메뉴·상품,3,3,2,2
test,test_5138.jpg,58,16,8.25,9,33,2.0,가격·금액,8,8,9,8
test,test_5139.jpg,26,7,23.0,24,92,4.25,문자·간판 읽기,23,24,23,22
test,test_5140.jpg,23,6,6.75,7,27,3.0,가격·금액,6,7,7,7
test,test_5141.jpg,30,8,2.25,3,9,1.0,문자·간판 읽기,2,3,2,2
test,test_5142.jpg,33,11,7.0,7,28,2.0,날짜·시간,7,7,7,7
test,test_5143.jpg,50,12,2.0,2,8,1.0,위치·방향,2,2,2,2
test,test_5144.jpg,29,8,4.25,5,17,1.0,색상,4,5,4,4
test,test_5145.jpg,26,7,2.75,4,11,1.0,문자·간판 읽기,2,4,2,3
test,test_5146.jpg,17,4,6.5,7,26,2.0,문자·간판 읽기,6,6,7,7
test,test_5147.jpg,55,12,14.0,16,56,4.25,메뉴·상품,13,13,16,14
test,test_5148.jpg,49,11,11.0,11,44,1.0,날짜·시간,11,11,11,11
test,test_5149.jpg,29,8,6.0,6,24,1.0,가격·금액,6,6,6,6
test,test_5150.jpg,18,5,5.25,6,21,2.0,메뉴·상품,6,5,5,5
test,test_5151.jpg,22,6,6.5,8,26,2.5,메뉴·상품,5,8,5,8
test,test_5152.jpg,33,9,3.0,4,12,1.0,메뉴·상품,3,4,3,2
test,test_5153.jpg,28,6,19.0,22,76,6.0,날짜·시간,18,19,22,17
test,test_5154.jpg,27,8,7.25,10,29,1.25,메뉴·상품,5,8,10,6
test,test_5155.jpg,52,13,8.0,9,32,2.0,날짜·시간,7,8,9,8
test,test_5156.jpg,27,8,4.25,5,17,1.0,위치·방향,4,4,5,4
test,test_5157.jpg,26,7,4.25,7,17,1.75,문자·간판 읽기,2,5,7,3
test,test_5158.jpg,36,8,11.0,12,44,2.0,위치·방향,9,11,12,12
test,test_5159.jpg,33,9,5.0,5,20,2.0,색상,5,5,5,5
test,test_5160.jpg,32,9,4.75,6,19,1.0,문자·간판 읽기,3,5,6,5
test,test_5161.jpg,39,11,4.25,10,17,1.25,문자·간판 읽기,2,10,2,3
test,test_5162.jpg,24,5,6.0,6,24,2.0,가격·금액,6,6,6,6
test,test_5163.jpg,29,6,9.75,10,39,1.0,전화번호,10,9,10,10
test,test_5164.jpg,20,5,3.25,4,13,1.0,가격·금액,3,4,3,3
test,test_5165.jpg,34,9,3.0,3,12,1.0,색상,3,3,3,3
test,test_5166.jpg,16,4,13.0,15,52,2.75,메뉴·상품,9,13,15,15
test,test_5167.jpg,15,4,7.75,8,31,3.0,기타,7,8,8,8
test,test_5168.jpg,17,4,10.25,12,41,2.0,문자·간판 읽기,9,11,12,9
test,test_5169.jpg,37,10,4.0,4,16,1.0,가격·금액,4,4,4,4
test,test_5170.jpg,50,12,3.5,5,14,1.0,문자·간판 읽기,5,3,2,4
test,test_5171.jpg,21,6,4.75,6,19,1.0,문자·간판 읽기,5,4,6,4
test,test_5172.jpg,34,7,9.0,9,36,2.0,날짜·시간,9,9,9,9
test,test_5173.jpg,33,10,14.25,21,57,3.0,문자·간판 읽기,8,19,9,21
test,test_5174.jpg,34,7,2.5,3,10,1.0,위치·방향,2,3,3,2
test,test_5175.jpg,31,9,3.75,5,15,1.0,메뉴·상품,3,5,4,3
test,test_5176.jpg,32,10,6.0,6,24,1.5,인물·대상,6,6,6,6
test,test_5177.jpg,24,5,11.75,12,47,3.0,날짜·시간,12,12,11,12
test,test_5178.jpg,24,6,6.0,6,24,1.0,가격·금액,6,6,6,6
test,test_5179.jpg,33,8,3.5,5,14,1.25,위치·방향,3,5,3,3
test,test_5180.jpg,66,12,4.0,4,16,1.0,가격·금액,4,4,4,4
test,test_5181.jpg,20,6,3.0,3,12,1.0,날짜·시간,3,3,3,3
test,test_5182.jpg,41,11,7.25,9,29,2.0,기타,7,9,7,6
test,test_5183.jpg,32,7,6.0,6,24,1.0,가격·금액,6,6,6,6
test,test_5184.jpg,30,6,4.0,4,16,1.0,가격·금액,4,4,4,4
test,test_5185.jpg,28,8,13.0,15,52,2.0,문자·간판 읽기,15,13,12,12
test,test_5186.jpg,39,9,10.25,12,41,2.5,색상,8,12,10,11
test,test_5187.jpg,15,4,7.0,11,28,1.75,문자·간판 읽기,3,11,4,10
test,test_5188.jpg,42,9,3.25,4,13,1.0,가격·금액,4,3,3,3
test,test_5189.jpg,25,7,3.25,5,13,1.0,기타,3,3,5,2
test,test_5190.jpg,67,15,13.75,16,55,3.75,문자·간판 읽기,10,15,16,14
test,test_5191.jpg,28,7,4.0,4,16,1.0,문자·간판 읽기,4,4,4,4
test,test_5192.jpg,21,6,5.25,6,21,1.0,메뉴·상품,5,5,5,6
test,test_5193.jpg,36,10,8.75,13,35,1.25,문자·간판 읽기,4,7,13,11
test,test_5194.jpg,37,11,11.0,13,44,1.0,전화번호,13,10,8,13
test,test_5195.jpg,32,8,6.75,7,27,2.0,날짜·시간,7,6,7,7
test,test_5196.jpg,21,5,10.0,10,40,1.0,날짜·시간,10,10,10,10
test,test_5197.jpg,20,5,4.25,5,17,1.0,문자·간판 읽기,5,4,4,4
test,test_5198.jpg,31,9,18.5,21,74,4.75,문자·간판 읽기,16,21,16,21
test,test_5199.jpg,30,9,20.0,20,80,4.0,날짜·시간,20,20,20,20
test,test_5200.jpg,22,5,6.25,7,25,1.0,가격·금액,6,7,6,6
test,test_5201.jpg,26,4,6.75,7,27,1.0,가격·금액,6,7,7,7
test,test_5202.jpg,24,6,5.5,6,22,2.0,메뉴·상품,5,5,6,6
test,test_5203.jpg,33,8,8.25,10,33,2.0,기타,7,10,7,9
test,test_5204.jpg,26,6,4.0,4,16,1.0,가격·금액,4,4,4,4
test,test_5205.jpg,28,8,4.0,4,16,2.0,문자·간판 읽기,4,4,4,4
test,test_5206.jpg,35,8,5.5,7,22,1.25,문자·간판 읽기,5,5,5,7
test,test_5207.jpg,33,10,9.5,13,38,3.25,기타,8,13,8,9
test,test_5208.jpg,19,5,7.0,7,28,2.0,기타,7,7,7,7
test,test_5209.jpg,36,9,11.0,18,44,3.0,기타,7,8,11,18
test,test_5210.jpg,47,12,3.5,5,14,1.0,기타,3,4,5,2
test,test_5211.jpg,25,7,3.0,3,12,1.0,전화번호,3,3,3,3
test,test_5212.jpg,39,11,4.5,6,18,1.25,위치·방향,5,4,6,3
test,test_5213.jpg,36,9,5.0,8,20,1.25,색상,8,4,5,3
test,test_5214.jpg,60,13,16.75,20,67,4.25,날짜·시간,20,18,16,13
test,test_5215.jpg,26,6,6.25,7,25,1.0,가격·금액,7,6,6,6
test,test_5216.jpg,27,7,8.0,8,32,2.0,위치·방향,8,8,8,8
test,test_5217.jpg,38,10,2.0,2,8,1.0,기타,2,2,2,2
test,test_5218.jpg,35,9,4.5,5,18,1.0,가격·금액,4,5,4,5
test,test_5219.jpg,40,11,3.0,3,12,2.0,문자·간판 읽기,3,3,3,3
test,test_5220.jpg,32,8,10.75,14,43,3.5,기타,12,9,8,14
test,test_5221.jpg,20,5,7.75,10,31,1.5,문자·간판 읽기,9,10,8,4
test,test_5222.jpg,39,9,16.0,21,64,5.25,메뉴·상품,15,21,12,16
test,test_5223.jpg,36,8,4.0,4,16,1.0,가격·금액,4,4,4,4
test,test_5224.jpg,31,7,12.0,12,48,1.0,기타,12,12,12,12
test,test_5225.jpg,31,8,13.5,15,54,4.0,메뉴·상품,12,14,13,15
test,test_5226.jpg,33,8,18.0,20,72,3.0,문자·간판 읽기,19,20,19,14
test,test_5227.jpg,42,8,8.25,9,33,1.0,문자·간판 읽기,8,8,8,9
test,test_5228.jpg,30,7,5.5,6,22,1.0,가격·금액,4,6,6,6
test,test_5229.jpg,31,8,9.25,12,37,2.5,문자·간판 읽기,11,7,7,12
test,test_5230.jpg,18,4,5.5,6,22,1.0,문자·간판 읽기,5,6,5,6
test,test_5231.jpg,26,8,7.0,7,28,2.0,위치·방향,7,7,7,7
test,test_5232.jpg,16,4,4.25,5,17,1.0,문자·간판 읽기,4,4,4,5
test,test_5233.jpg,21,5,7.0,7,28,1.0,가격·금액,7,7,7,7
test,test_5234.jpg,31,8,2.75,3,11,1.0,수량·계수,3,2,3,3
test,test_5235.jpg,32,9,6.0,8,24,1.5,문자·간판 읽기,4,5,8,7
test,test_5236.jpg,28,8,5.75,8,23,1.75,문자·간판 읽기,3,8,6,6
test,test_5237.jpg,35,8,7.0,7,28,1.0,가격·금액,7,7,7,7
test,test_5238.jpg,39,10,10.0,11,40,3.0,메뉴·상품,10,10,11,9
test,test_5239.jpg,39,11,9.75,13,39,2.75,색상,8,10,8,13
test,test_5240.jpg,29,8,3.5,5,14,1.25,색상,3,3,3,5
test,test_5241.jpg,44,9,3.0,3,12,1.0,메뉴·상품,3,3,3,3
test,test_5242.jpg,33,9,24.0,29,96,7.0,기타,23,22,22,29
test,test_5243.jpg,31,9,5.25,7,21,1.25,기타,5,7,5,4
test,test_5244.jpg,26,7,11.75,15,47,2.75,메뉴·상품,8,15,12,12
test,test_5245.jpg,32,8,6.5,8,26,1.0,기타,6,8,5,7
test,test_5246.jpg,29,8,4.75,5,19,1.0,가격·금액,5,5,5,4
test,test_5247.jpg,38,9,4.5,7,18,1.0,가격·금액,4,3,7,4
test,test_5248.jpg,33,6,7.0,7,28,1.0,가격·금액,7,7,7,7
test,test_5249.jpg,31,8,10.75,22,43,2.5,기타,4,22,8,9
test,test_5250.jpg,32,8,2.75,3,11,1.0,가격·금액,3,3,2,3
test,test_5251.jpg,33,8,3.0,3,12,1.0,날짜·시간,3,3,3,3
test,test_5252.jpg,20,5,14.5,20,58,4.25,문자·간판 읽기,12,20,14,12
test,test_5253.jpg,45,11,5.0,7,20,1.0,문자·간판 읽기,5,4,4,7
test,test_5254.jpg,31,8,6.25,8,25,2.25,색상,6,5,6,8
test,test_5255.jpg,25,7,11.5,12,46,2.0,문자·간판 읽기,11,12,11,12
test,test_5256.jpg,25,6,6.25,7,25,2.0,메뉴·상품,6,7,6,6
test,test_5257.jpg,36,8,5.0,6,20,2.0,기타,5,4,5,6
test,test_5258.jpg,30,6,5.0,5,20,1.0,가격·금액,5,5,5,5
test,test_5259.jpg,33,10,8.0,8,32,2.0,기타,8,8,8,8
test,test_5260.jpg,48,12,11.0,11,44,3.0,문자·간판 읽기,11,11,11,11
test,test_5261.jpg,27,7,5.5,7,22,1.5,문자·간판 읽기,6,3,6,7
test,test_5262.jpg,28,8,19.5,25,78,5.25,기타,25,16,19,18
test,test_5263.jpg,50,13,8.25,9,33,2.0,기타,8,9,8,8
test,test_5264.jpg,35,9,22.5,25,90,6.0,위치·방향,22,22,21,25
test,test_5265.jpg,43,11,4.0,4,16,1.0,색상,4,4,4,4
test,test_5266.jpg,23,6,9.0,10,36,2.0,위치·방향,10,7,10,9
test,test_5267.jpg,22,6,13.0,13,52,3.0,날짜·시간,13,13,13,13
test,test_5268.jpg,35,10,4.25,6,17,1.0,메뉴·상품,4,6,4,3
test,test_5269.jpg,41,12,4.5,10,18,1.25,메뉴·상품,3,2,10,3
test,test_5270.jpg,33,9,9.75,18,39,2.25,위치·방향,18,7,6,8
test,test_5271.jpg,37,9,7.25,8,29,2.0,메뉴·상품,7,8,6,8
test,test_5272.jpg,41,10,5.75,6,23,2.0,날짜·시간,6,6,6,5
test,test_5273.jpg,17,4,5.5,8,22,1.0,기타,4,6,8,4
test,test_5274.jpg,45,13,5.0,5,20,2.0,기타,5,5,5,5
test,test_5275.jpg,36,10,3.75,4,15,1.0,위치·방향,4,4,4,3
test,test_5276.jpg,32,8,3.75,6,15,1.0,색상,4,3,2,6
test,test_5277.jpg,48,13,8.0,12,32,1.75,위치·방향,12,4,12,4
test,test_5278.jpg,25,6,12.0,12,48,4.0,문자·간판 읽기,12,12,12,12
test,test_5279.jpg,28,9,2.75,3,11,1.0,문자·간판 읽기,3,3,3,2
test,test_5280.jpg,27,7,9.75,13,39,2.0,문자·간판 읽기,13,9,11,6
test,test_5281.jpg,27,7,10.75,12,43,3.5,기타,9,12,10,12
test,test_5282.jpg,27,7,3.75,5,15,1.0,문자·간판 읽기,5,3,3,4
test,test_5283.jpg,33,9,10.75,18,43,2.75,색상,6,18,12,7
test,test_5284.jpg,50,11,11.75,14,47,3.0,기타,14,11,10,12
test,test_5285.jpg,52,13,12.75,14,51,2.75,위치·방향,14,14,13,10
test,test_5286.jpg,54,12,9.0,11,36,3.25,수량·계수,7,11,9,9
test,test_5287.jpg,35,11,11.5,14,46,3.5,문자·간판 읽기,8,13,11,14
test,test_5288.jpg,30,8,8.25,15,33,2.5,문자·간판 읽기,15,6,8,4
test,test_5289.jpg,75,17,23.25,28,93,3.0,위치·방향,28,17,27,21
test,test_5290.jpg,39,8,1.75,3,7,1.0,위치·방향,1,1,3,2
test,test_5291.jpg,34,8,3.5,5,14,1.0,위치·방향,3,3,5,3
test,test_5292.jpg,24,5,5.0,5,20,1.0,가격·금액,5,5,5,5
test,test_5293.jpg,24,6,6.0,6,24,2.0,가격·금액,6,6,6,6
test,test_5294.jpg,31,9,6.0,6,24,1.0,문자·간판 읽기,6,6,6,6
test,test_5295.jpg,23,6,9.0,11,36,1.0,문자·간판 읽기,10,8,11,7
test,test_5296.jpg,32,9,5.75,8,23,2.0,문자·간판 읽기,8,4,5,6
test,test_5297.jpg,22,6,6.75,8,27,2.0,문자·간판 읽기,6,7,8,6
test,test_5298.jpg,32,8,8.75,9,35,2.0,메뉴·상품,9,8,9,9
test,test_5299.jpg,33,9,9.5,15,38,1.75,문자·간판 읽기,7,15,7,9
test,test_5300.jpg,38,11,11.0,11,44,3.0,문자·간판 읽기,11,11,11,11
test,test_5301.jpg,26,7,3.5,4,14,1.0,메뉴·상품,3,3,4,4
test,test_5302.jpg,15,4,3.25,7,13,1.0,문자·간판 읽기,2,7,2,2
test,test_5303.jpg,37,9,6.5,9,26,1.0,문자·간판 읽기,8,9,5,4
test,test_5304.jpg,23,5,6.0,7,24,1.75,문자·간판 읽기,5,5,7,7
test,test_5305.jpg,33,10,2.75,4,11,1.0,문자·간판 읽기,2,4,2,3
test,test_5306.jpg,30,8,10.0,12,40,3.5,문자·간판 읽기,8,12,12,8
test,test_5307.jpg,27,7,3.5,5,14,1.25,메뉴·상품,3,3,5,3
test,test_5308.jpg,52,13,17.25,19,69,5.5,가격·금액,19,17,17,16
test,test_5309.jpg,52,11,8.75,10,35,1.75,기타,9,7,10,9
test,test_5310.jpg,26,7,2.5,3,10,1.0,문자·간판 읽기,2,3,3,2
test,test_5311.jpg,35,8,6.0,6,24,1.0,가격·금액,6,6,6,6
test,test_5312.jpg,29,6,12.25,15,49,3.0,메뉴·상품,10,12,12,15
test,test_5313.jpg,16,4,5.5,6,22,1.0,가격·금액,6,6,6,4
test,test_5314.jpg,31,9,8.25,16,33,2.25,문자·간판 읽기,16,5,6,6
test,test_5315.jpg,42,10,7.5,8,30,2.0,인물·대상,8,7,7,8
test,test_5316.jpg,37,9,6.25,7,25,1.0,위치·방향,6,7,5,7
test,test_5317.jpg,32,7,6.5,9,26,2.25,문자·간판 읽기,6,9,6,5
test,test_5318.jpg,45,13,9.25,11,37,2.5,문자·간판 읽기,11,10,8,8
test,test_5319.jpg,22,6,8.25,10,33,1.75,위치·방향,9,9,10,5
test,test_5320.jpg,17,4,16.25,31,65,3.5,기타,11,12,11,31
test,test_5321.jpg,30,9,8.0,9,32,2.75,문자·간판 읽기,9,6,9,8
test,test_5322.jpg,16,4,4.25,5,17,1.0,문자·간판 읽기,4,5,4,4
test,test_5323.jpg,25,7,8.0,8,32,2.0,가격·금액,8,8,8,8
test,test_5324.jpg,34,9,5.25,6,21,2.0,가격·금액,5,5,5,6
test,test_5325.jpg,23,5,16.5,18,66,4.0,기타,16,17,18,15
test,test_5326.jpg,17,4,4.0,4,16,1.0,가격·금액,4,4,4,4
test,test_5327.jpg,16,4,4.0,4,16,1.0,문자·간판 읽기,4,4,4,4
test,test_5328.jpg,16,4,6.25,8,25,1.0,문자·간판 읽기,5,6,6,8
test,test_5329.jpg,21,5,9.25,11,37,1.0,전화번호,8,10,11,8
test,test_5330.jpg,58,12,20.0,21,80,5.0,가격·금액,19,21,20,20
test,test_5331.jpg,33,8,2.0,2,8,1.0,색상,2,2,2,2
test,test_5332.jpg,25,7,7.5,9,30,1.0,문자·간판 읽기,7,7,9,7
test,test_5333.jpg,28,7,2.0,2,8,1.0,전화번호,2,2,2,2
test,test_5334.jpg,25,7,5.0,6,20,2.0,기타,5,5,6,4
test,test_5335.jpg,43,10,13.75,16,55,4.5,메뉴·상품,16,14,15,10
test,test_5336.jpg,32,6,3.0,3,12,1.0,문자·간판 읽기,3,3,3,3
test,test_5337.jpg,34,8,2.0,2,8,1.0,위치·방향,2,2,2,2
test,test_5338.jpg,32,9,15.25,18,61,4.5,기타,11,14,18,18
test,test_5339.jpg,35,7,4.0,4,16,1.0,가격·금액,4,4,4,4
test,test_5340.jpg,20,5,3.0,3,12,1.0,문자·간판 읽기,3,3,3,3
test,test_5341.jpg,17,4,9.25,11,37,1.0,메뉴·상품,8,11,8,10
test,test_5342.jpg,34,8,2.5,3,10,1.0,위치·방향,3,2,3,2
test,test_5343.jpg,47,12,16.5,21,66,4.25,색상,9,19,17,21
test,test_5344.jpg,22,6,4.75,6,19,1.5,문자·간판 읽기,4,4,5,6
test,test_5345.jpg,27,5,6.0,6,24,1.0,가격·금액,6,6,6,6
test,test_5346.jpg,26,7,8.0,8,32,1.0,전화번호,8,8,8,8
test,test_5347.jpg,31,8,5.0,5,20,2.0,전화번호,5,5,5,5
test,test_5348.jpg,23,6,7.25,10,29,1.5,문자·간판 읽기,4,10,6,9
test,test_5349.jpg,26,6,9.0,12,36,1.0,전화번호,8,8,8,12
test,test_5350.jpg,23,5,3.5,6,14,1.25,위치·방향,2,3,3,6
test,test_5351.jpg,25,6,9.0,14,36,3.0,문자·간판 읽기,7,7,14,8
test,test_5352.jpg,21,5,7.75,13,31,1.75,문자·간판 읽기,13,4,6,8
test,test_5353.jpg,73,16,5.0,6,20,2.0,위치·방향,6,5,5,4
test,test_5354.jpg,31,8,12.0,15,48,1.75,색상,15,7,14,12
test,test_5355.jpg,37,9,20.75,27,83,5.25,기타,27,21,17,18
test,test_5356.jpg,26,7,6.75,10,27,2.0,문자·간판 읽기,9,6,10,2
test,test_5357.jpg,24,5,12.75,13,51,1.0,전화번호,13,13,12,13
test,test_5358.jpg,32,8,3.25,4,13,1.0,가격·금액,3,3,4,3
test,test_5359.jpg,35,9,6.25,8,25,2.25,기타,5,6,8,6
test,test_5360.jpg,26,8,6.0,9,24,2.25,기타,6,9,4,5
test,test_5361.jpg,16,4,15.0,17,60,3.0,문자·간판 읽기,13,13,17,17
test,test_5362.jpg,30,9,4.5,6,18,1.0,메뉴·상품,4,6,5,3
test,test_5363.jpg,25,6,16.25,21,65,3.75,문자·간판 읽기,21,17,16,11
test,test_5364.jpg,31,8,6.25,8,25,2.25,문자·간판 읽기,6,5,8,6
test,test_5365.jpg,25,7,6.5,9,26,1.0,문자·간판 읽기,6,9,5,6
test,test_5366.jpg,31,9,12.0,12,48,4.0,문자·간판 읽기,12,12,12,12
test,test_5367.jpg,46,12,4.75,5,19,1.0,기타,4,5,5,5
test,test_5368.jpg,16,4,9.5,10,38,1.0,가격·금액,10,10,10,8
test,test_5369.jpg,19,5,6.0,6,24,1.0,가격·금액,6,6,6,6
test,test_5370.jpg,29,8,8.0,9,32,2.0,문자·간판 읽기,9,7,8,8
test,test_5371.jpg,28,7,13.75,18,55,4.0,기타,10,18,14,13
test,test_5372.jpg,26,6,4.5,6,18,1.0,문자·간판 읽기,5,4,6,3
test,test_5373.jpg,28,8,7.25,8,29,2.0,날짜·시간,7,7,7,8
test,test_5374.jpg,30,8,9.0,11,36,2.5,문자·간판 읽기,9,11,8,8
test,test_5375.jpg,16,4,15.25,31,61,2.5,기타,31,9,7,14
test,test_5376.jpg,26,7,13.0,13,52,1.0,전화번호,13,13,13,13
test,test_5377.jpg,35,8,8.0,8,32,2.0,전화번호,8,8,8,8
test,test_5378.jpg,38,10,8.0,8,32,2.0,가격·금액,8,8,8,8
test,test_5379.jpg,39,9,7.0,7,28,1.0,가격·금액,7,7,7,7
test,test_5380.jpg,32,8,5.25,6,21,2.0,메뉴·상품,5,6,5,5
test,test_5381.jpg,34,9,14.0,14,56,1.0,기타,14,14,14,14
test,test_5382.jpg,20,4,21.0,22,84,6.0,날짜·시간,21,22,20,21
test,test_5383.jpg,38,7,2.75,3,11,1.0,가격·금액,3,2,3,3
test,test_5384.jpg,25,6,4.0,4,16,1.0,문자·간판 읽기,4,4,4,4
test,test_5385.jpg,30,8,10.5,17,42,1.5,기타,7,7,11,17
test,test_5386.jpg,34,10,11.75,14,47,3.25,기타,14,14,7,12
test,test_5387.jpg,21,5,4.0,5,16,1.0,기타,2,4,5,5
test,test_5388.jpg,31,8,6.0,6,24,1.0,가격·금액,6,6,6,6
test,test_5389.jpg,41,11,11.0,12,44,2.75,기타,11,11,12,10
test,test_5390.jpg,25,7,4.0,4,16,1.0,문자·간판 읽기,4,4,4,4
test,test_5391.jpg,34,8,2.75,3,11,1.0,색상,3,3,2,3
test,test_5392.jpg,23,6,8.5,12,34,1.75,문자·간판 읽기,10,8,12,4
test,test_5393.jpg,37,9,3.0,3,12,1.0,색상,3,3,3,3
test,test_5394.jpg,21,5,12.25,13,49,1.0,전화번호,12,12,13,12
test,test_5395.jpg,17,4,2.0,2,8,1.0,위치·방향,2,2,2,2
test,test_5396.jpg,33,9,4.25,7,17,1.0,문자·간판 읽기,3,4,7,3
test,test_5397.jpg,26,7,7.0,7,28,2.0,위치·방향,7,7,7,7
test,test_5398.jpg,49,13,13.0,13,52,1.0,전화번호,13,13,13,13
test,test_5399.jpg,26,7,3.25,4,13,1.0,문자·간판 읽기,3,4,3,3
test,test_5400.jpg,37,9,20.25,24,81,5.25,기타,24,14,22,21
test,test_5401.jpg,32,9,5.75,7,23,1.0,문자·간판 읽기,5,5,6,7
test,test_5402.jpg,21,4,6.0,6,24,1.0,가격·금액,6,6,6,6
test,test_5403.jpg,25,6,8.25,12,33,2.5,기타,12,5,11,5
test,test_5404.jpg,33,6,5.5,8,22,2.25,기타,6,4,4,8
test,test_5405.jpg,30,7,15.25,19,61,5.0,기타,13,15,19,14
test,test_5406.jpg,21,6,2.5,3,10,1.0,문자·간판 읽기,2,3,2,3
test,test_5407.jpg,26,7,16.25,17,65,4.0,가격·금액,17,16,16,16
test,test_5408.jpg,32,7,6.5,7,26,1.0,가격·금액,7,7,6,6
test,test_5409.jpg,35,9,2.5,3,10,1.0,위치·방향,2,3,2,3
test,test_5410.jpg,32,8,7.25,9,29,1.75,기타,4,8,9,8
test,test_5411.jpg,38,11,10.25,17,41,2.25,기타,17,15,7,2
test,test_5412.jpg,22,6,5.25,6,21,1.0,가격·금액,5,5,6,5
test,test_5413.jpg,24,6,5.75,10,23,1.25,문자·간판 읽기,4,6,10,3
test,test_5414.jpg,54,13,7.5,8,30,2.0,가격·금액,7,7,8,8
test,test_5415.jpg,20,5,8.5,10,34,2.75,문자·간판 읽기,8,8,8,10
test,test_5416.jpg,48,11,7.0,9,28,2.25,위치·방향,5,6,8,9
test,test_5417.jpg,16,4,6.0,7,24,2.0,문자·간판 읽기,7,5,6,6
test,test_5418.jpg,24,7,3.75,5,15,1.25,문자·간판 읽기,3,5,4,3
test,test_5419.jpg,25,6,20.5,25,82,2.75,문자·간판 읽기,16,20,25,21
test,test_5420.jpg,42,12,22.75,34,91,7.25,기타,22,34,18,17
test,test_5421.jpg,26,7,4.25,6,17,1.5,문자·간판 읽기,5,3,3,6
test,test_5422.jpg,33,9,6.25,10,25,2.0,문자·간판 읽기,4,6,10,5
test,test_5423.jpg,46,11,4.5,7,18,1.5,메뉴·상품,3,7,6,2
test,test_5424.jpg,32,9,3.0,4,12,1.0,메뉴·상품,3,4,3,2
test,test_5425.jpg,59,12,26.25,27,105,7.0,날짜·시간,27,26,25,27
test,test_5426.jpg,30,9,19.5,30,78,5.5,문자·간판 읽기,30,16,16,16
test,test_5427.jpg,28,7,8.0,16,32,1.25,위치·방향,16,5,8,3
test,test_5428.jpg,24,7,8.75,12,35,3.0,문자·간판 읽기,5,12,9,9
test,test_5429.jpg,22,6,5.5,6,22,1.75,문자·간판 읽기,6,4,6,6
test,test_5430.jpg,42,12,4.5,9,18,1.5,인물·대상,3,3,3,9
test,test_5431.jpg,28,5,4.0,4,16,1.0,가격·금액,4,4,4,4
test,test_5432.jpg,29,8,23.5,26,94,5.25,기타,26,21,21,26
test,test_5433.jpg,20,5,5.5,9,22,1.5,문자·간판 읽기,4,4,9,5
test,test_5434.jpg,32,8,13.75,21,55,3.25,기타,8,21,13,13
test,test_5435.jpg,32,7,4.0,4,16,1.0,가격·금액,4,4,4,4
test,test_5436.jpg,33,8,3.25,4,13,1.0,문자·간판 읽기,4,3,4,2
test,test_5437.jpg,32,7,10.0,10,40,1.0,전화번호,10,10,10,10
test,test_5438.jpg,17,4,11.0,20,44,1.5,문자·간판 읽기,10,20,8,6
test,test_5439.jpg,23,5,18.0,18,72,3.0,날짜·시간,18,18,18,18
test,test_5440.jpg,48,12,22.75,26,91,4.0,문자·간판 읽기,26,20,25,20
test,test_5441.jpg,33,9,9.75,13,39,2.25,문자·간판 읽기,13,7,6,13
test,test_5442.jpg,36,10,10.5,13,42,3.25,색상,8,13,8,13
test,test_5443.jpg,43,10,12.75,13,51,1.0,전화번호,12,13,13,13
test,test_5444.jpg,17,4,9.5,16,38,2.0,문자·간판 읽기,5,9,16,8
test,test_5445.jpg,25,7,4.25,5,17,2.0,기타,4,4,4,5
test,test_5446.jpg,39,11,4.5,6,18,1.0,문자·간판 읽기,4,6,5,3
test,test_5447.jpg,43,11,12.75,15,51,3.75,문자·간판 읽기,15,13,10,13
test,test_5448.jpg,15,4,4.75,7,19,1.0,문자·간판 읽기,4,4,7,4
test,test_5449.jpg,17,4,2.25,3,9,1.0,인물·대상,2,3,2,2
test,test_5450.jpg,31,8,14.5,21,58,2.75,위치·방향,12,11,14,21
test,test_5451.jpg,30,8,3.5,4,14,1.0,문자·간판 읽기,4,2,4,4
test,test_5452.jpg,24,6,4.0,4,16,1.0,메뉴·상품,4,4,4,4
test,test_5453.jpg,32,9,7.75,10,31,2.0,기타,6,10,7,8
test,test_5454.jpg,25,7,4.75,8,19,1.25,메뉴·상품,3,4,8,4
test,test_5455.jpg,43,12,34.0,57,136,8.25,기타,29,30,20,57
test,test_5456.jpg,30,8,4.0,4,16,1.0,문자·간판 읽기,4,4,4,4
test,test_5457.jpg,24,6,3.0,3,12,1.0,문자·간판 읽기,3,3,3,3
test,test_5458.jpg,27,8,12.5,14,50,2.0,문자·간판 읽기,13,14,12,11
test,test_5459.jpg,44,10,12.0,22,48,1.5,기타,8,22,10,8
test,test_5460.jpg,43,7,13.0,16,52,2.0,문자·간판 읽기,11,14,16,11
test,test_5461.jpg,17,4,4.75,7,19,1.0,문자·간판 읽기,7,4,4,4
test,test_5462.jpg,16,4,12.25,19,49,3.25,기타,10,7,13,19
test,test_5463.jpg,27,8,3.75,6,15,1.5,위치·방향,3,2,4,6
test,test_5464.jpg,29,6,5.0,5,20,1.0,가격·금액,5,5,5,5
test,test_5465.jpg,34,8,6.75,7,27,1.0,가격·금액,7,7,6,7
test,test_5466.jpg,29,8,4.75,5,19,1.0,색상,5,4,5,5
test,test_5467.jpg,48,12,8.25,9,33,3.0,위치·방향,8,8,9,8
test,test_5468.jpg,27,6,26.25,35,105,7.25,기타,25,21,35,24
test,test_5469.jpg,57,14,8.0,12,32,2.5,색상,4,6,10,12
test,test_5470.jpg,42,11,12.5,15,50,3.25,색상,15,15,8,12
test,test_5471.jpg,24,6,5.0,8,20,1.5,문자·간판 읽기,3,5,4,8
test,test_5472.jpg,33,8,21.0,21,84,4.0,가격·금액,21,21,21,21
test,test_5473.jpg,42,9,15.0,15,60,3.0,날짜·시간,15,15,15,15
test,test_5474.jpg,44,9,5.75,8,23,2.25,기타,5,5,5,8
test,test_5475.jpg,27,8,12.25,15,49,3.0,기타,12,13,9,15
test,test_5476.jpg,32,9,6.0,9,24,1.25,메뉴·상품,5,9,5,5
test,test_5477.jpg,27,7,4.5,5,18,1.0,문자·간판 읽기,4,5,5,4
test,test_5478.jpg,22,6,16.0,16,64,4.0,문자·간판 읽기,16,16,16,16
test,test_5479.jpg,39,9,8.25,15,33,2.5,색상,6,6,6,15
test,test_5480.jpg,25,7,6.0,6,24,2.0,가격·금액,6,6,6,6
test,test_5481.jpg,35,9,2.75,3,11,1.0,가격·금액,3,2,3,3
test,test_5482.jpg,26,7,6.0,7,24,1.0,기타,6,5,7,6
test,test_5483.jpg,42,9,3.0,3,12,1.0,인물·대상,3,3,3,3
test,test_5484.jpg,23,6,4.5,6,18,1.0,문자·간판 읽기,4,4,4,6
test,test_5485.jpg,31,9,6.0,6,24,1.0,가격·금액,6,6,6,6
test,test_5486.jpg,38,11,9.75,12,39,2.0,위치·방향,12,7,9,11
test,test_5487.jpg,27,7,8.75,13,35,1.25,문자·간판 읽기,13,6,5,11
test,test_5488.jpg,17,3,10.0,10,40,3.0,기타,10,10,10,10
test,test_5489.jpg,30,9,23.0,27,92,5.25,문자·간판 읽기,18,27,20,27
test,test_5490.jpg,43,10,8.75,10,35,1.0,가격·금액,10,10,8,7
test,test_5491.jpg,32,7,14.75,24,59,4.25,기타,24,13,12,10
test,test_5492.jpg,25,6,7.25,9,29,2.5,기타,5,6,9,9
test,test_5493.jpg,37,10,3.25,4,13,1.0,색상,3,4,2,4
test,test_5494.jpg,17,4,4.75,6,19,1.0,문자·간판 읽기,6,3,4,6
test,test_5495.jpg,22,5,3.5,4,14,1.0,인물·대상,3,3,4,4
test,test_5496.jpg,24,6,6.0,8,24,1.75,메뉴·상품,6,3,8,7
test,test_5497.jpg,16,4,8.25,11,33,1.0,문자·간판 읽기,11,8,8,6
test,test_5498.jpg,18,4,1.75,2,7,1.0,기타,2,2,1,2
test,test_5499.jpg,17,4,20.5,31,82,3.25,문자·간판 읽기,20,8,23,31
test,test_5500.jpg,32,8,2.75,5,11,1.0,기타,2,5,2,2
test,test_5501.jpg,26,7,6.0,7,24,2.0,문자·간판 읽기,6,5,6,7
test,test_5502.jpg,40,8,19.0,22,76,4.25,가격·금액,14,20,22,20
test,test_5503.jpg,48,9,16.0,20,64,3.0,기타,20,14,16,14
test,test_5504.jpg,46,11,5.25,6,21,2.0,수량·계수,5,5,5,6
test,test_5505.jpg,34,7,7.0,7,28,1.0,가격·금액,7,7,7,7
test,test_5506.jpg,49,11,4.5,9,18,1.25,기타,3,3,9,3
test,test_5507.jpg,30,9,6.75,8,27,2.0,문자·간판 읽기,7,5,8,7
test,test_5508.jpg,25,5,6.0,6,24,1.0,가격·금액,6,6,6,6
test,test_5509.jpg,29,6,6.25,7,25,1.25,메뉴·상품,6,7,5,7
test,test_5510.jpg,45,10,4.25,6,17,1.0,문자·간판 읽기,6,2,4,5
test,test_5511.jpg,43,11,9.25,10,37,3.0,가격·금액,9,10,9,9
test,test_5512.jpg,29,7,12.0,13,48,1.0,전화번호,12,12,11,13
test,test_5513.jpg,29,8,12.75,13,51,2.0,문자·간판 읽기,13,13,13,12
test,test_5514.jpg,26,7,4.5,6,18,1.5,기타,4,6,4,4
test,test_5515.jpg,38,9,8.75,9,35,3.0,가격·금액,8,9,9,9
test,test_5516.jpg,47,12,4.25,5,17,2.0,수량·계수,4,4,4,5
test,test_5517.jpg,37,11,28.25,31,113,5.0,색상,31,26,28,28
test,test_5518.jpg,39,9,14.25,18,57,4.0,문자·간판 읽기,14,12,13,18
test,test_5519.jpg,28,8,7.25,9,29,2.0,문자·간판 읽기,6,7,9,7
test,test_5520.jpg,16,4,5.25,6,21,1.0,가격·금액,6,5,5,5
test,test_5521.jpg,27,8,6.0,11,24,1.25,문자·간판 읽기,11,4,3,6
test,test_5522.jpg,16,4,8.0,9,32,1.0,문자·간판 읽기,7,9,9,7
test,test_5523.jpg,37,10,3.75,4,15,2.0,가격·금액,4,3,4,4
test,test_5524.jpg,28,7,13.0,13,52,5.0,기타,13,13,13,13
test,test_5525.jpg,24,6,6.25,11,25,1.75,문자·간판 읽기,5,11,7,2
test,test_5526.jpg,41,11,3.75,4,15,1.0,문자·간판 읽기,4,4,3,4
test,test_5527.jpg,32,9,10.75,14,43,3.25,기타,14,9,13,7
test,test_5528.jpg,30,9,5.25,11,21,1.25,문자·간판 읽기,4,11,1,5
test,test_5529.jpg,19,5,7.5,11,30,2.5,기타,6,6,11,7
test,test_5530.jpg,24,6,5.25,6,21,1.0,문자·간판 읽기,6,6,5,4
test,test_5531.jpg,30,8,7.5,9,30,1.75,문자·간판 읽기,8,7,6,9
test,test_5532.jpg,47,11,6.5,7,26,2.0,메뉴·상품,7,6,6,7
test,test_5533.jpg,28,6,3.25,4,13,1.0,메뉴·상품,3,3,3,4
test,test_5534.jpg,34,6,7.0,7,28,1.0,가격·금액,7,7,7,7
test,test_5535.jpg,19,4,9.0,10,36,3.0,기타,9,9,10,8
test,test_5536.jpg,32,7,7.0,7,28,1.0,전화번호,7,7,7,7
test,test_5537.jpg,37,10,4.75,7,19,1.5,위치·방향,6,2,7,4
test,test_5538.jpg,41,11,11.25,17,45,2.75,기타,17,9,9,10
test,test_5539.jpg,32,8,4.25,5,17,1.0,전화번호,4,4,4,5
test,test_5540.jpg,31,7,16.75,20,67,4.5,색상,20,18,15,14
test,test_5541.jpg,31,8,15.5,21,62,4.25,위치·방향,15,15,11,21
test,test_5542.jpg,41,10,29.75,30,119,6.75,문자·간판 읽기,30,29,30,30
test,test_5543.jpg,27,7,7.25,11,29,2.0,기타,11,6,6,6
test,test_5544.jpg,20,5,6.0,7,24,1.0,문자·간판 읽기,7,5,5,7
test,test_5545.jpg,32,7,12.25,15,49,1.5,전화번호,10,14,10,15
test,test_5546.jpg,41,10,12.0,16,48,3.0,기타,14,16,10,8
test,test_5547.jpg,28,8,12.75,16,51,2.0,색상,10,16,13,12
test,test_5548.jpg,64,14,16.5,18,66,4.25,기타,18,14,16,18
test,test_5549.jpg,27,6,4.0,4,16,1.0,가격·금액,4,4,4,4
test,test_5550.jpg,43,10,15.5,21,62,4.25,메뉴·상품,21,17,10,14
test,test_5551.jpg,26,7,15.0,19,60,4.25,메뉴·상품,19,16,9,16
test,test_5552.jpg,33,9,12.75,19,51,1.5,문자·간판 읽기,16,19,7,9
test,test_5553.jpg,30,7,9.0,10,36,3.25,날짜·시간,9,10,9,8
test,test_5554.jpg,29,6,12.0,19,48,2.5,위치·방향,16,8,19,5
test,test_5555.jpg,25,7,6.25,9,25,1.5,문자·간판 읽기,5,6,9,5
test,test_5556.jpg,27,8,4.75,6,19,1.75,기타,4,5,4,6
test,test_5557.jpg,54,14,10.25,12,41,2.75,문자·간판 읽기,12,10,8,11
test,test_5558.jpg,16,4,13.25,14,53,3.75,메뉴·상품,13,12,14,14
test,test_5559.jpg,30,6,3.25,4,13,1.0,가격·금액,4,3,3,3
test,test_5560.jpg,36,8,5.5,6,22,1.0,가격·금액,6,6,6,4
test,test_5561.jpg,25,6,5.5,7,22,1.0,위치·방향,7,5,5,5
test,test_5562.jpg,17,4,9.0,9,36,2.0,위치·방향,9,9,9,9
test,test_5563.jpg,31,8,13.0,14,52,3.0,위치·방향,14,12,13,13
test,test_5564.jpg,27,7,4.5,5,18,1.0,기타,5,4,4,5
test,test_5565.jpg,29,8,11.25,12,45,3.75,문자·간판 읽기,12,11,11,11
test,test_5566.jpg,30,7,5.0,6,20,1.0,가격·금액,5,6,5,4
test,test_5567.jpg,28,8,11.75,12,47,3.0,날짜·시간,12,12,11,12
test,test_5568.jpg,23,6,13.0,13,52,1.0,전화번호,13,13,13,13
test,test_5569.jpg,16,4,5.0,5,20,2.0,문자·간판 읽기,5,5,5,5
test,test_5570.jpg,28,8,16.75,27,67,3.75,문자·간판 읽기,27,15,13,12
test,test_5571.jpg,16,4,10.0,15,40,3.0,문자·간판 읽기,8,15,9,8
test,test_5572.jpg,47,14,4.5,5,18,1.0,색상,5,4,4,5
test,test_5573.jpg,23,5,4.5,8,18,1.25,메뉴·상품,4,8,3,3
test,test_5574.jpg,26,6,2.25,3,9,1.0,가격·금액,2,2,2,3
test,test_5575.jpg,36,8,9.75,13,39,2.75,메뉴·상품,13,10,7,9
test,test_5576.jpg,39,8,4.5,8,18,1.0,메뉴·상품,8,3,4,3
test,test_5577.jpg,33,9,11.25,12,45,3.0,날짜·시간,11,12,11,11
test,test_5578.jpg,48,13,9.5,11,38,2.5,기타,7,10,11,10
test,test_5579.jpg,40,10,5.0,10,20,1.25,기타,10,3,4,3
test,test_5580.jpg,36,8,26.25,38,105,7.5,기타,24,38,19,24
test,test_5581.jpg,35,9,4.0,4,16,1.0,문자·간판 읽기,4,4,4,4
test,test_5582.jpg,32,9,15.0,20,60,2.75,기타,20,14,12,14
test,test_5583.jpg,33,8,3.75,4,15,1.0,기타,3,4,4,4
test,test_5584.jpg,27,6,2.5,3,10,1.0,위치·방향,3,2,3,2
test,test_5585.jpg,52,13,6.0,8,24,1.75,기타,3,7,8,6
test,test_5586.jpg,35,9,7.0,7,28,3.0,문자·간판 읽기,7,7,7,7
test,test_5587.jpg,31,7,11.75,13,47,1.0,전화번호,11,13,11,12
test,test_5588.jpg,41,11,2.0,2,8,1.0,위치·방향,2,2,2,2
test,test_5589.jpg,36,9,11.5,15,46,3.75,기타,15,11,12,8
test,test_5590.jpg,31,8,15.0,18,60,4.0,문자·간판 읽기,15,12,18,15
test,test_5591.jpg,43,12,4.5,5,18,2.0,날짜·시간,5,4,4,5
test,test_5592.jpg,29,8,4.5,6,18,1.0,문자·간판 읽기,5,6,3,4
test,test_5593.jpg,32,9,5.0,5,20,1.0,가격·금액,5,5,5,5
test,test_5594.jpg,27,7,9.0,9,36,1.0,날짜·시간,9,9,9,9
test,test_5595.jpg,18,4,11.5,13,46,2.0,문자·간판 읽기,11,11,11,13
test,test_5596.jpg,33,9,3.75,7,15,1.0,문자·간판 읽기,2,2,7,4
test,test_5597.jpg,53,10,20.5,23,82,6.5,가격·금액,17,23,21,21
test,test_5598.jpg,45,11,15.25,19,61,1.25,위치·방향,13,14,15,19
test,test_5599.jpg,26,6,6.25,7,25,1.0,가격·금액,6,6,7,6
test,test_5600.jpg,48,10,20.25,24,81,4.5,문자·간판 읽기,14,24,20,23
test,test_5601.jpg,43,11,21.75,24,87,3.75,문자·간판 읽기,24,21,21,21
test,test_5602.jpg,38,9,10.0,12,40,1.75,메뉴·상품,10,11,7,12
test,test_5603.jpg,21,6,7.5,8,30,2.0,문자·간판 읽기,8,7,7,8
test,test_5604.jpg,28,8,4.25,7,17,1.25,메뉴·상품,7,3,3,4
test,test_5605.jpg,30,9,7.5,8,30,2.0,문자·간판 읽기,8,7,8,7
test,test_5606.jpg,37,7,8.0,8,32,3.0,전화번호,8,8,8,8
test,test_5607.jpg,16,4,6.75,8,27,2.0,메뉴·상품,7,6,6,8
test,test_5608.jpg,39,9,19.75,22,79,5.0,기타,19,22,19,19
test,test_5609.jpg,27,6,7.0,7,28,1.0,가격·금액,7,7,7,7
test,test_5610.jpg,59,12,12.25,17,49,2.25,문자·간판 읽기,11,11,10,17
test,test_5611.jpg,42,14,5.0,5,20,1.0,날짜·시간,5,5,5,5
test,test_5612.jpg,24,7,4.75,6,19,1.25,문자·간판 읽기,6,5,5,3
test,test_5613.jpg,36,8,6.0,6,24,1.0,날짜·시간,6,6,6,6
test,test_5614.jpg,24,7,12.25,16,49,3.0,문자·간판 읽기,9,9,15,16
test,test_5615.jpg,32,6,10.75,11,43,2.0,날짜·시간,10,11,11,11
test,test_5616.jpg,54,13,4.75,5,19,1.0,가격·금액,4,5,5,5
test,test_5617.jpg,51,13,12.0,14,48,4.0,기타,14,13,9,12
test,test_5618.jpg,26,7,14.0,14,56,2.0,문자·간판 읽기,14,14,14,14
test,test_5619.jpg,38,10,11.75,12,47,3.25,인물·대상,11,12,12,12
test,test_5620.jpg,20,5,4.25,6,17,1.0,위치·방향,4,4,3,6
test,test_5621.jpg,44,9,12.5,14,50,2.25,기타,11,12,13,14
test,test_5622.jpg,26,7,12.25,13,49,4.0,문자·간판 읽기,11,12,13,13
test,test_5623.jpg,31,9,13.0,13,52,4.0,문자·간판 읽기,13,13,13,13
test,test_5624.jpg,55,13,15.5,27,62,2.5,기타,27,12,9,14
test,test_5625.jpg,38,10,15.25,18,61,2.25,문자·간판 읽기,14,15,18,14
test,test_5626.jpg,26,7,3.0,3,12,1.0,메뉴·상품,3,3,3,3
test,test_5627.jpg,32,8,2.0,2,8,1.0,기타,2,2,2,2
test,test_5628.jpg,24,6,3.75,5,15,1.0,문자·간판 읽기,3,3,5,4
test,test_5629.jpg,33,8,4.25,6,17,1.5,기타,6,6,2,3
test,test_5630.jpg,16,4,3.0,3,12,1.0,문자·간판 읽기,3,3,3,3
test,test_5631.jpg,26,6,5.0,5,20,1.0,가격·금액,5,5,5,5
test,test_5632.jpg,34,9,14.0,25,56,2.75,색상,25,10,8,13
test,test_5633.jpg,36,10,12.0,15,48,3.0,수량·계수,14,15,9,10
test,test_5634.jpg,24,6,4.5,6,18,1.0,위치·방향,4,6,3,5
test,test_5635.jpg,15,4,7.75,10,31,1.0,문자·간판 읽기,6,6,9,10
test,test_5636.jpg,20,5,8.5,15,34,2.5,문자·간판 읽기,15,8,6,5
test,test_5637.jpg,39,11,6.0,6,24,2.0,가격·금액,6,6,6,6
test,test_5638.jpg,15,4,15.25,22,61,2.5,기타,13,10,16,22
test,test_5639.jpg,49,12,7.25,12,29,1.75,메뉴·상품,6,8,12,3
test,test_5640.jpg,33,9,6.25,7,25,1.0,가격·금액,6,6,6,7
test,test_5641.jpg,17,5,16.0,20,64,2.0,기타,20,10,16,18
test,test_5642.jpg,29,5,2.0,2,8,1.0,수량·계수,2,2,2,2
test,test_5643.jpg,26,7,9.5,12,38,1.75,문자·간판 읽기,9,6,11,12
test,test_5644.jpg,16,4,7.0,9,28,2.0,문자·간판 읽기,9,6,8,5
test,test_5645.jpg,29,8,8.5,12,34,3.0,기타,12,9,8,5
test,test_5646.jpg,27,7,8.25,12,33,1.25,기타,9,12,6,6
test,test_5647.jpg,16,4,11.0,11,44,3.0,위치·방향,11,11,11,11
test,test_5648.jpg,27,8,4.25,5,17,1.0,문자·간판 읽기,4,4,4,5
test,test_5649.jpg,14,4,3.0,3,12,1.0,기타,3,3,3,3
test,test_5650.jpg,32,9,3.5,4,14,1.0,색상,4,4,2,4
test,test_5651.jpg,28,7,8.75,11,35,2.25,위치·방향,7,8,9,11
test,test_5652.jpg,51,11,7.0,10,28,1.5,메뉴·상품,5,5,10,8
test,test_5653.jpg,37,10,7.0,7,28,1.0,가격·금액,7,7,7,7
test,test_5654.jpg,38,10,22.5,26,90,5.75,기타,26,21,21,22
test,test_5655.jpg,54,11,24.0,31,96,5.75,기타,16,27,22,31
test,test_5656.jpg,28,7,2.25,3,9,1.0,메뉴·상품,3,2,2,2
test,test_5657.jpg,38,11,6.75,11,27,1.75,색상,11,4,4,8
test,test_5658.jpg,23,6,7.25,9,29,2.75,문자·간판 읽기,7,9,5,8
test,test_5659.jpg,37,10,5.5,8,22,1.5,문자·간판 읽기,8,6,4,4
test,test_5660.jpg,16,4,6.25,7,25,1.0,문자·간판 읽기,6,7,7,5
test,test_5661.jpg,19,5,7.25,8,29,2.0,기타,7,7,8,7
test,test_5662.jpg,33,8,3.75,4,15,1.0,전화번호,3,4,4,4
test,test_5663.jpg,23,6,7.5,8,30,1.0,문자·간판 읽기,8,7,8,7
test,test_5664.jpg,30,9,19.25,20,77,5.0,문자·간판 읽기,19,19,19,20
test,test_5665.jpg,24,5,13.5,14,54,1.0,전화번호,12,14,14,14
test,test_5666.jpg,32,8,1.0,1,4,1.0,문자·간판 읽기,1,1,1,1
test,test_5667.jpg,30,7,10.5,12,42,3.0,메뉴·상품,10,12,11,9
test,test_5668.jpg,33,8,9.25,12,37,2.75,위치·방향,12,9,9,7
test,test_5669.jpg,22,5,6.0,6,24,1.0,가격·금액,6,6,6,6
test,test_5670.jpg,54,11,21.5,23,86,5.75,날짜·시간,23,17,23,23
test,test_5671.jpg,33,8,10.75,12,43,3.0,메뉴·상품,11,9,11,12
test,test_5672.jpg,43,11,5.0,7,20,1.25,위치·방향,5,7,3,5
test,test_5673.jpg,35,9,6.0,6,24,2.0,기타,6,6,6,6
test,test_5674.jpg,31,10,3.25,4,13,1.0,메뉴·상품,3,3,3,4
test,test_5675.jpg,23,7,2.0,2,8,1.0,수량·계수,2,2,2,2
test,test_5676.jpg,21,5,5.75,7,23,1.5,문자·간판 읽기,7,7,5,4
test,test_5677.jpg,30,8,2.75,3,11,1.0,문자·간판 읽기,3,3,2,3
test,test_5678.jpg,26,7,2.75,3,11,1.0,문자·간판 읽기,3,2,3,3
test,test_5679.jpg,28,8,3.0,3,12,1.0,메뉴·상품,3,3,3,3
test,test_5680.jpg,33,10,18.25,20,73,2.0,문자·간판 읽기,17,20,16,20
test,test_5681.jpg,39,7,12.5,15,50,2.5,가격·금액,15,15,10,10
test,test_5682.jpg,42,12,2.25,3,9,1.0,위치·방향,2,2,3,2
test,test_5683.jpg,29,8,3.0,3,12,1.0,문자·간판 읽기,3,3,3,3
test,test_5684.jpg,29,8,5.0,5,20,1.0,문자·간판 읽기,5,5,5,5
test,test_5685.jpg,32,7,4.75,6,19,1.25,위치·방향,6,3,4,6
test,test_5686.jpg,24,6,9.5,17,38,2.75,문자·간판 읽기,8,17,5,8
test,test_5687.jpg,27,7,14.75,16,59,3.75,메뉴·상품,15,14,14,16
test,test_5688.jpg,26,7,7.75,10,31,2.5,문자·간판 읽기,8,10,7,6
test,test_5689.jpg,20,6,9.75,15,39,3.0,문자·간판 읽기,10,7,15,7
test,test_5690.jpg,32,7,16.0,23,64,1.75,전화번호,23,14,17,10
test,test_5691.jpg,27,7,12.0,15,48,2.0,문자·간판 읽기,15,12,10,11
test,test_5692.jpg,27,7,11.5,19,46,2.5,문자·간판 읽기,10,9,8,19
test,test_5693.jpg,15,4,6.25,8,25,2.0,기타,7,4,8,6
test,test_5694.jpg,39,10,10.75,12,43,3.0,문자·간판 읽기,12,10,10,11
test,test_5695.jpg,34,7,6.75,7,27,1.0,가격·금액,7,7,6,7
test,test_5696.jpg,19,5,5.5,7,22,2.0,문자·간판 읽기,7,5,5,5
test,test_5697.jpg,32,8,6.75,7,27,1.0,가격·금액,7,7,7,6
test,test_5698.jpg,24,6,3.75,4,15,1.0,위치·방향,4,4,3,4
test,test_5699.jpg,40,10,13.25,15,53,4.25,위치·방향,13,12,13,15
test,test_5700.jpg,39,10,8.5,10,34,1.0,기타,8,10,8,8
test,test_5701.jpg,34,10,5.5,6,22,2.0,기타,6,5,6,5
test,test_5702.jpg,25,7,3.0,3,12,1.0,위치·방향,3,3,3,3
test,test_5703.jpg,45,9,11.75,17,47,3.75,전화번호,12,17,8,10
test,test_5704.jpg,42,10,2.25,3,9,1.0,위치·방향,2,2,3,2
test,test_5705.jpg,24,7,2.25,3,9,1.0,기타,2,3,2,2
test,test_5706.jpg,26,8,11.25,17,45,2.75,기타,7,10,11,17
test,test_5707.jpg,48,11,6.5,7,26,2.0,기타,7,7,6,6
test,test_5708.jpg,30,8,5.5,7,22,1.5,문자·간판 읽기,7,6,6,3
test,test_5709.jpg,24,6,10.5,13,42,1.0,전화번호,8,13,13,8
test,test_5710.jpg,22,4,6.0,6,24,1.0,가격·금액,6,6,6,6
test,test_5711.jpg,33,8,7.5,9,30,1.75,위치·방향,8,5,9,8
test,test_5712.jpg,68,16,28.5,31,114,3.0,기타,31,30,27,26
test,test_5713.jpg,25,7,5.0,6,20,1.0,문자·간판 읽기,5,5,6,4
test,test_5714.jpg,37,10,4.75,5,19,1.25,위치·방향,5,5,4,5
test,test_5715.jpg,66,16,4.25,5,17,1.0,날짜·시간,4,4,4,5
test,test_5716.jpg,28,7,6.75,7,27,1.0,가격·금액,6,7,7,7
test,test_5717.jpg,37,10,11.0,14,44,3.5,문자·간판 읽기,14,11,10,9
test,test_5718.jpg,15,4,6.0,11,24,1.5,문자·간판 읽기,5,4,11,4
test,test_5719.jpg,37,8,8.0,8,32,2.0,가격·금액,8,8,8,8
test,test_5720.jpg,19,5,11.0,11,44,1.0,날짜·시간,11,11,11,11
test,test_5721.jpg,37,9,2.0,2,8,1.0,수량·계수,2,2,2,2
test,test_5722.jpg,16,4,12.25,18,49,3.5,문자·간판 읽기,11,10,18,10
test,test_5723.jpg,38,11,9.5,11,38,2.0,문자·간판 읽기,11,10,8,9
test,test_5724.jpg,29,8,6.25,7,25,2.0,문자·간판 읽기,7,6,7,5
test,test_5725.jpg,40,10,17.25,21,69,5.0,기타,21,19,15,14
test,test_5726.jpg,54,14,14.0,16,56,2.75,메뉴·상품,14,16,11,15
test,test_5727.jpg,16,4,5.5,6,22,1.0,가격·금액,6,6,6,4
test,test_5728.jpg,48,11,6.5,7,26,1.0,가격·금액,6,6,7,7
test,test_5729.jpg,19,5,22.5,24,90,4.0,문자·간판 읽기,24,24,19,23
test,test_5730.jpg,23,5,11.0,13,44,1.0,전화번호,11,12,8,13
test,test_5731.jpg,23,6,11.0,11,44,1.0,날짜·시간,11,11,11,11
test,test_5732.jpg,37,8,4.25,5,17,1.0,위치·방향,5,5,3,4
test,test_5733.jpg,26,6,7.0,8,28,2.0,문자·간판 읽기,7,6,7,8
test,test_5734.jpg,20,5,12.5,13,50,3.0,문자·간판 읽기,13,12,12,13
test,test_5735.jpg,43,9,8.0,8,32,1.0,가격·금액,8,8,8,8
test,test_5736.jpg,37,9,10.0,18,40,2.25,위치·방향,8,18,7,7
test,test_5737.jpg,37,8,1.5,2,6,1.0,위치·방향,2,2,1,1
test,test_5738.jpg,26,7,7.5,12,30,1.75,위치·방향,9,5,12,4
test,test_5739.jpg,30,7,12.25,13,49,1.25,전화번호,12,12,12,13
test,test_5740.jpg,49,14,10.5,11,42,2.0,기타,10,11,11,10
test,test_5741.jpg,28,5,6.75,9,27,1.75,기타,5,8,9,5
test,test_5742.jpg,32,8,12.5,15,50,2.5,인물·대상,15,9,11,15
test,test_5743.jpg,33,6,16.75,17,67,4.0,날짜·시간,16,17,17,17
test,test_5744.jpg,23,6,5.5,6,22,2.0,문자·간판 읽기,6,5,5,6
test,test_5745.jpg,32,9,4.25,5,17,1.0,문자·간판 읽기,4,5,4,4
test,test_5746.jpg,24,5,9.5,10,38,1.0,전화번호,8,10,10,10
test,test_5747.jpg,51,10,7.75,9,31,1.75,전화번호,9,9,5,8
test,test_5748.jpg,38,9,3.75,4,15,1.0,문자·간판 읽기,4,4,4,3
test,test_5749.jpg,26,7,5.0,5,20,2.0,전화번호,5,5,5,5
test,test_5750.jpg,36,9,16.5,17,66,3.0,날짜·시간,17,17,15,17
test,test_5751.jpg,37,10,5.25,8,21,1.25,색상,6,8,4,3
test,test_5752.jpg,24,7,11.25,13,45,2.0,위치·방향,13,11,11,10
test,test_5753.jpg,56,14,15.75,18,63,5.0,기타,14,18,16,15
test,test_5754.jpg,61,12,4.5,5,18,1.0,날짜·시간,4,5,4,5
test,test_5755.jpg,32,8,4.0,4,16,1.0,가격·금액,4,4,4,4
test,test_5756.jpg,33,8,11.75,13,47,1.0,전화번호,9,13,13,12
test,test_5757.jpg,20,5,2.75,3,11,1.0,위치·방향,2,3,3,3
test,test_5758.jpg,35,9,14.5,17,58,3.5,기타,15,13,17,13
test,test_5759.jpg,66,15,16.75,23,67,2.75,메뉴·상품,23,11,14,19
test,test_5760.jpg,27,7,5.5,6,22,1.0,문자·간판 읽기,4,6,6,6
test,test_5761.jpg,33,8,14.75,18,59,2.0,문자·간판 읽기,18,14,13,14
test,test_5762.jpg,29,7,7.0,7,28,1.0,가격·금액,7,7,7,7
test,test_5763.jpg,25,6,5.75,6,23,1.0,가격·금액,5,6,6,6
test,test_5764.jpg,43,8,15.0,19,60,4.0,날짜·시간,15,19,19,7
test,test_5765.jpg,33,9,10.5,29,42,3.25,색상,29,3,4,6
test,test_5766.jpg,25,7,4.5,7,18,1.0,문자·간판 읽기,5,7,3,3
test,test_5767.jpg,27,6,2.0,2,8,1.0,문자·간판 읽기,2,2,2,2
test,test_5768.jpg,36,8,6.0,6,24,1.0,가격·금액,6,6,6,6
test,test_5769.jpg,29,7,6.75,7,27,1.0,가격·금액,7,7,6,7
test,test_5770.jpg,31,8,6.0,6,24,1.0,가격·금액,6,6,6,6
test,test_5771.jpg,50,14,11.0,11,44,3.0,기타,11,11,11,11
test,test_5772.jpg,27,7,5.0,7,20,1.25,문자·간판 읽기,7,3,4,6
test,test_5773.jpg,30,7,3.0,3,12,1.0,문자·간판 읽기,3,3,3,3
test,test_5774.jpg,38,10,13.5,16,54,3.0,문자·간판 읽기,10,15,13,16
test,test_5775.jpg,26,7,3.5,4,14,1.0,문자·간판 읽기,3,4,4,3
test,test_5776.jpg,31,8,13.0,15,52,3.5,문자·간판 읽기,14,15,13,10
test,test_5777.jpg,29,8,8.0,8,32,2.0,전화번호,8,8,8,8
test,test_5778.jpg,36,10,7.75,15,31,2.75,문자·간판 읽기,5,15,5,6
test,test_5779.jpg,22,6,6.75,8,27,2.0,문자·간판 읽기,6,8,7,6
test,test_5780.jpg,55,14,4.5,9,18,1.25,위치·방향,3,2,9,4
test,test_5781.jpg,21,5,18.25,19,73,6.0,날짜·시간,18,18,18,19
test,test_5782.jpg,32,9,9.0,9,36,3.0,색상,9,9,9,9
test,test_5783.jpg,23,6,3.25,4,13,1.0,문자·간판 읽기,3,4,3,3
test,test_5784.jpg,38,11,17.25,23,69,5.5,기타,23,14,13,19
test,test_5785.jpg,25,7,11.5,14,46,2.0,문자·간판 읽기,14,10,13,9
test,test_5786.jpg,29,8,11.25,12,45,3.0,기타,12,10,11,12
test,test_5787.jpg,65,17,4.0,7,16,1.0,위치·방향,7,4,3,2
test,test_5788.jpg,25,6,8.5,12,34,1.5,문자·간판 읽기,12,12,7,3
test,test_5789.jpg,32,8,7.0,7,28,1.0,문자·간판 읽기,7,7,7,7
test,test_5790.jpg,22,6,2.0,3,8,1.0,문자·간판 읽기,3,2,1,2
test,test_5791.jpg,42,9,10.0,11,40,3.25,문자·간판 읽기,10,10,9,11
test,test_5792.jpg,16,4,2.25,3,9,1.0,기타,2,3,2,2
test,test_5793.jpg,24,4,28.25,29,113,5.0,날짜·시간,28,29,28,28
test,test_5794.jpg,44,10,5.0,5,20,1.0,날짜·시간,5,5,5,5
test,test_5795.jpg,27,6,4.5,7,18,1.0,기타,7,4,2,5
test,test_5796.jpg,25,7,20.0,20,80,4.0,날짜·시간,20,20,20,20
test,test_5797.jpg,42,10,6.75,8,27,1.0,기타,5,7,8,7
test,test_5798.jpg,32,9,13.75,20,55,4.25,문자·간판 읽기,12,11,12,20
test,test_5799.jpg,25,6,49.75,51,199,7.75,문자·간판 읽기,48,50,50,51
test,test_5800.jpg,27,7,10.0,19,40,3.0,문자·간판 읽기,19,5,8,8
test,test_5801.jpg,43,10,3.5,6,14,1.0,가격·금액,3,2,3,6
test,test_5802.jpg,45,11,6.75,8,27,2.5,기타,8,6,8,5
test,test_5803.jpg,34,9,5.0,5,20,1.0,날짜·시간,5,5,5,5
test,test_5804.jpg,36,8,3.5,4,14,1.0,메뉴·상품,3,3,4,4
test,test_5805.jpg,29,7,6.75,7,27,1.0,색상,6,7,7,7
test,test_5806.jpg,26,7,9.25,13,37,1.0,전화번호,8,8,13,8
test,test_5807.jpg,35,10,6.5,7,26,2.0,기타,6,6,7,7
test,test_5808.jpg,46,12,11.25,13,45,3.0,위치·방향,10,10,13,12
test,test_5809.jpg,24,5,3.0,3,12,1.0,문자·간판 읽기,3,3,3,3
test,test_5810.jpg,37,9,4.0,4,16,1.0,날짜·시간,4,4,4,4
test,test_5811.jpg,44,11,2.75,3,11,1.0,색상,3,3,2,3
test,test_5812.jpg,24,6,5.0,6,20,1.0,위치·방향,6,5,3,6
test,test_5813.jpg,33,9,16.75,22,67,1.5,문자·간판 읽기,16,11,18,22
test,test_5814.jpg,24,6,10.25,12,41,2.5,색상,10,7,12,12
test,test_5815.jpg,32,8,19.25,27,77,3.75,날짜·시간,17,27,19,14
test,test_5816.jpg,18,5,6.0,6,24,1.0,가격·금액,6,6,6,6
test,test_5817.jpg,16,4,10.25,11,41,3.0,문자·간판 읽기,10,10,10,11
test,test_5818.jpg,29,7,8.25,12,33,2.75,위치·방향,8,7,12,6
test,test_5819.jpg,15,4,8.5,11,34,2.25,기타,8,8,7,11
test,test_5820.jpg,31,8,7.5,9,30,2.5,문자·간판 읽기,9,5,8,8
test,test_5821.jpg,32,9,4.25,6,17,1.0,문자·간판 읽기,3,6,4,4
test,test_5822.jpg,36,7,9.5,11,38,2.25,가격·금액,10,7,11,10
test,test_5823.jpg,44,11,14.25,25,57,4.5,기타,11,11,25,10
test,test_5824.jpg,28,8,7.5,10,30,3.0,위치·방향,7,8,10,5
test,test_5825.jpg,16,4,9.25,12,37,2.0,문자·간판 읽기,10,6,12,9
test,test_5826.jpg,34,7,14.0,16,56,3.75,기타,12,16,16,12
test,test_5827.jpg,43,10,2.25,3,9,1.0,위치·방향,2,1,3,3
test,test_5828.jpg,26,6,3.0,4,12,1.0,문자·간판 읽기,3,4,2,3
test,test_5829.jpg,48,12,21.5,27,86,5.5,기타,22,27,18,19
test,test_5830.jpg,22,6,15.25,26,61,3.75,문자·간판 읽기,12,26,15,8
test,test_5831.jpg,27,6,3.5,4,14,1.0,기타,4,3,3,4
test,test_5832.jpg,31,7,6.5,7,26,2.0,메뉴·상품,6,7,6,7
test,test_5833.jpg,26,7,3.25,4,13,1.0,가격·금액,3,3,3,4
test,test_5834.jpg,25,6,2.75,4,11,1.0,문자·간판 읽기,4,2,3,2
test,test_5835.jpg,20,4,2.75,5,11,1.25,위치·방향,2,5,2,2
test,test_5836.jpg,41,9,7.75,8,31,2.0,위치·방향,8,8,7,8
test,test_5837.jpg,32,9,6.5,8,26,2.0,문자·간판 읽기,6,6,6,8
test,test_5838.jpg,44,10,2.75,4,11,1.0,위치·방향,3,2,4,2
test,test_5839.jpg,25,7,10.75,11,43,3.0,문자·간판 읽기,10,11,11,11
test,test_5840.jpg,16,4,8.0,10,32,2.0,문자·간판 읽기,6,10,7,9
test,test_5841.jpg,58,11,11.0,18,44,1.75,메뉴·상품,18,5,7,14
test,test_5842.jpg,27,7,13.0,13,52,3.0,문자·간판 읽기,13,13,13,13
test,test_5843.jpg,36,9,22.75,30,91,7.0,기타,21,20,20,30
test,test_5844.jpg,42,12,19.25,21,77,3.0,인물·대상,19,18,21,19
test,test_5845.jpg,25,6,10.5,12,42,3.5,인물·대상,12,11,9,10
test,test_5846.jpg,23,6,14.25,15,57,4.0,문자·간판 읽기,14,14,14,15
test,test_5847.jpg,26,7,25.75,32,103,6.5,가격·금액,21,32,19,31
test,test_5848.jpg,35,9,11.75,13,47,3.0,문자·간판 읽기,13,11,11,12
test,test_5849.jpg,23,5,13.25,15,53,2.0,문자·간판 읽기,15,12,12,14
test,test_5850.jpg,28,7,2.0,2,8,1.0,가격·금액,2,2,2,2
test,test_5851.jpg,26,7,15.25,17,61,4.25,문자·간판 읽기,15,17,15,14
test,test_5852.jpg,29,7,10.25,20,41,2.0,문자·간판 읽기,7,20,9,5
test,test_5853.jpg,31,9,9.0,9,36,3.0,위치·방향,9,9,9,9
test,test_5854.jpg,21,6,19.0,20,76,3.0,문자·간판 읽기,18,19,20,19
test,test_5855.jpg,28,6,11.0,11,44,3.0,날짜·시간,11,11,11,11
test,test_5856.jpg,42,12,2.25,3,9,1.0,기타,2,2,2,3
test,test_5857.jpg,37,11,9.25,10,37,3.0,메뉴·상품,9,9,10,9
test,test_5858.jpg,41,9,4.0,7,16,1.0,색상,7,3,4,2
test,test_5859.jpg,31,7,2.0,2,8,1.0,위치·방향,2,2,2,2
test,test_5860.jpg,24,6,4.0,4,16,1.0,가격·금액,4,4,4,4
test,test_5861.jpg,33,7,9.0,9,36,3.0,가격·금액,9,9,9,9
test,test_5862.jpg,40,9,7.0,8,28,2.0,메뉴·상품,6,7,8,7
test,test_5863.jpg,29,8,7.25,9,29,2.0,문자·간판 읽기,7,7,9,6
test,test_5864.jpg,38,8,4.25,9,17,1.5,기타,9,4,2,2
test,test_5865.jpg,27,6,12.0,23,48,3.5,기타,23,6,9,10
test,test_5866.jpg,20,5,6.0,7,24,1.75,문자·간판 읽기,7,5,6,6
test,test_5867.jpg,39,10,8.25,12,33,1.5,문자·간판 읽기,7,6,8,12
test,test_5868.jpg,34,9,1.0,1,4,1.0,색상,1,1,1,1
test,test_5869.jpg,48,10,19.25,35,77,4.75,기타,14,35,14,14
test,test_5870.jpg,27,6,6.0,6,24,1.0,가격·금액,6,6,6,6
test,test_5871.jpg,34,7,5.0,5,20,1.0,날짜·시간,5,5,5,5
test,test_5872.jpg,21,5,6.75,7,27,1.0,가격·금액,6,7,7,7
test,test_5873.jpg,38,9,7.25,8,29,2.0,가격·금액,7,7,8,7
test,test_5874.jpg,16,4,7.75,11,31,2.0,문자·간판 읽기,8,7,11,5
test,test_5875.jpg,45,11,12.25,16,49,4.0,기타,8,16,9,16
test,test_5876.jpg,36,7,15.5,24,62,4.75,메뉴·상품,13,10,24,15
test,test_5877.jpg,16,4,7.25,17,29,1.75,문자·간판 읽기,4,17,4,4
test,test_5878.jpg,23,6,10.75,14,43,2.0,문자·간판 읽기,9,12,8,14
test,test_5879.jpg,46,10,11.75,15,47,2.75,문자·간판 읽기,10,15,10,12
test,test_5880.jpg,29,8,20.25,22,81,3.75,문자·간판 읽기,19,19,21,22
test,test_5881.jpg,23,6,3.5,5,14,1.25,문자·간판 읽기,3,5,3,3
test,test_5882.jpg,32,10,5.0,5,20,1.0,날짜·시간,5,5,5,5
test,test_5883.jpg,27,7,10.5,13,42,1.5,문자·간판 읽기,8,12,13,9
test,test_5884.jpg,28,7,5.5,7,22,1.0,메뉴·상품,4,7,6,5
test,test_5885.jpg,57,11,22.0,22,88,4.0,가격·금액,22,22,22,22
test,test_5886.jpg,44,9,2.0,2,8,1.0,색상,2,2,2,2
test,test_5887.jpg,25,6,14.0,15,56,2.0,문자·간판 읽기,15,15,13,13
test,test_5888.jpg,19,5,3.5,4,14,1.0,메뉴·상품,4,4,3,3
test,test_5889.jpg,29,7,4.75,7,19,1.25,문자·간판 읽기,7,2,5,5
test,test_5890.jpg,34,9,9.75,12,39,2.0,문자·간판 읽기,8,12,11,8
test,test_5891.jpg,24,6,18.75,22,75,4.25,문자·간판 읽기,17,22,14,22
test,test_5892.jpg,17,4,6.75,7,27,1.0,문자·간판 읽기,7,7,7,6
test,test_5893.jpg,29,6,4.0,4,16,1.0,가격·금액,4,4,4,4
test,test_5894.jpg,45,11,3.75,6,15,1.25,메뉴·상품,3,2,4,6
test,test_5895.jpg,25,7,2.75,4,11,1.0,메뉴·상품,2,2,4,3
test,test_5896.jpg,18,5,4.5,8,18,1.0,문자·간판 읽기,3,4,3,8
test,test_5897.jpg,28,7,23.75,43,95,3.75,문자·간판 읽기,13,16,43,23
test,test_5898.jpg,46,11,16.0,20,64,4.0,기타,20,16,13,15
test,test_5899.jpg,16,4,14.25,16,57,2.0,메뉴·상품,14,14,16,13
test,test_5900.jpg,21,5,2.75,3,11,1.0,색상,2,3,3,3
test,test_5901.jpg,17,4,4.75,8,19,1.5,문자·간판 읽기,3,8,5,3
test,test_5902.jpg,50,12,13.0,13,52,3.0,날짜·시간,13,13,13,13
test,test_5903.jpg,23,6,7.5,11,30,3.0,문자·간판 읽기,4,8,7,11
test,test_5904.jpg,44,11,9.5,14,38,2.75,기타,7,14,9,8
test,test_5905.jpg,27,7,16.0,19,64,2.75,문자·간판 읽기,19,13,17,15
test,test_5906.jpg,34,9,6.75,8,27,2.5,문자·간판 읽기,8,6,6,7
test,test_5907.jpg,36,9,8.25,10,33,2.75,색상,6,10,8,9
test,test_5908.jpg,16,4,3.75,4,15,1.0,문자·간판 읽기,4,4,3,4
test,test_5909.jpg,23,6,10.5,18,42,3.25,문자·간판 읽기,8,8,8,18
test,test_5910.jpg,35,7,2.25,3,9,1.0,위치·방향,3,2,2,2
test,test_5911.jpg,37,9,3.5,7,14,1.25,위치·방향,3,2,2,7
test,test_5912.jpg,24,6,4.0,4,16,1.0,문자·간판 읽기,4,4,4,4
test,test_5913.jpg,30,8,5.75,8,23,1.5,색상,4,4,7,8
test,test_5914.jpg,33,9,2.5,3,10,1.0,가격·금액,2,3,2,3
test,test_5915.jpg,26,7,7.5,9,30,1.0,메뉴·상품,7,6,9,8
test,test_5916.jpg,34,9,4.75,7,19,1.25,문자·간판 읽기,7,4,4,4
test,test_5917.jpg,21,6,4.75,8,19,1.0,문자·간판 읽기,4,8,5,2
test,test_5918.jpg,42,11,29.25,34,117,5.0,문자·간판 읽기,23,31,29,34
test,test_5919.jpg,35,9,3.5,6,14,1.0,기타,3,3,2,6
test,test_5920.jpg,37,7,6.25,8,25,1.0,위치·방향,8,5,5,7
test,test_5921.jpg,30,8,5.75,8,23,2.25,위치·방향,2,8,5,8
test,test_5922.jpg,32,8,6.0,6,24,2.0,기타,6,6,6,6
test,test_5923.jpg,28,7,6.0,9,24,1.25,문자·간판 읽기,4,6,5,9
test,test_5924.jpg,60,16,14.75,15,59,4.0,위치·방향,15,14,15,15
test,test_5925.jpg,16,4,4.5,5,18,1.0,문자·간판 읽기,5,4,4,5
test,test_5926.jpg,25,6,8.0,12,32,1.0,위치·방향,4,10,12,6
test,test_5927.jpg,38,8,3.0,3,12,1.0,가격·금액,3,3,3,3
test,test_5928.jpg,31,8,7.0,8,28,1.0,문자·간판 읽기,7,6,8,7
test,test_5929.jpg,25,7,10.5,13,42,3.25,메뉴·상품,13,9,7,13
test,test_5930.jpg,15,4,20.75,23,83,4.25,기타,23,18,21,21
test,test_5931.jpg,21,5,11.5,15,46,2.25,문자·간판 읽기,10,11,15,10
test,test_5932.jpg,42,11,3.25,4,13,1.0,문자·간판 읽기,4,3,4,2
test,test_5933.jpg,26,7,4.25,5,17,1.0,수량·계수,4,4,5,4
test,test_5934.jpg,27,7,4.0,5,16,1.0,문자·간판 읽기,3,5,4,4
test,test_5935.jpg,50,12,4.25,8,17,1.25,문자·간판 읽기,8,3,3,3
test,test_5936.jpg,19,5,5.5,8,22,1.25,메뉴·상품,3,7,4,8
test,test_5937.jpg,55,12,4.5,5,18,1.0,메뉴·상품,5,4,4,5
test,test_5938.jpg,21,6,4.0,5,16,1.0,문자·간판 읽기,5,3,4,4
test,test_5939.jpg,23,6,9.0,15,36,1.5,문자·간판 읽기,15,9,5,7
test,test_5940.jpg,39,9,21.25,33,85,6.0,위치·방향,16,15,21,33
test,test_5941.jpg,17,4,5.0,5,20,1.0,문자·간판 읽기,5,5,5,5
test,test_5942.jpg,25,5,4.75,5,19,1.0,가격·금액,5,5,4,5
test,test_5943.jpg,19,5,8.75,9,35,3.0,문자·간판 읽기,8,9,9,9
test,test_5944.jpg,28,8,19.25,21,77,5.25,문자·간판 읽기,18,19,21,19
test,test_5945.jpg,27,8,3.75,5,15,1.0,문자·간판 읽기,5,3,4,3
test,test_5946.jpg,27,8,6.75,9,27,1.75,문자·간판 읽기,5,9,8,5
test,test_5947.jpg,24,6,11.0,12,44,2.0,메뉴·상품,12,10,10,12
test,test_5948.jpg,23,6,15.25,18,61,3.25,문자·간판 읽기,15,18,12,16
test,test_5949.jpg,38,11,6.0,9,24,2.0,기타,9,6,3,6
test,test_5950.jpg,48,12,6.25,10,25,1.75,메뉴·상품,6,5,4,10
test,test_5951.jpg,33,9,3.25,4,13,1.0,문자·간판 읽기,4,3,3,3
test,test_5952.jpg,37,9,20.0,20,80,4.0,날짜·시간,20,20,20,20
test,test_5953.jpg,25,5,5.0,5,20,1.0,가격·금액,5,5,5,5
test,test_5954.jpg,28,7,9.75,11,39,2.0,문자·간판 읽기,9,11,10,9
test,test_5955.jpg,26,6,17.0,17,68,3.0,가격·금액,17,17,17,17
test,test_5956.jpg,26,6,8.75,9,35,2.0,문자·간판 읽기,8,9,9,9
test,test_5957.jpg,33,8,8.5,10,34,2.0,문자·간판 읽기,8,10,8,8
test,test_5958.jpg,31,9,4.25,5,17,1.0,위치·방향,3,5,5,4
test,test_5959.jpg,18,4,4.25,5,17,1.0,문자·간판 읽기,4,4,4,5
test,test_5960.jpg,33,7,5.75,8,23,1.5,문자·간판 읽기,7,4,4,8
test,test_5961.jpg,33,7,7.75,15,31,1.5,문자·간판 읽기,7,5,4,15
test,test_5962.jpg,22,6,13.0,16,52,2.5,문자·간판 읽기,15,16,10,11
test,test_5963.jpg,17,4,8.5,9,34,3.0,문자·간판 읽기,9,8,8,9
test,test_5964.jpg,16,4,10.75,12,43,2.0,문자·간판 읽기,11,11,12,9
test,test_5965.jpg,39,11,3.5,5,14,1.0,색상,3,4,2,5
test,test_5966.jpg,53,13,19.5,21,78,4.0,문자·간판 읽기,19,19,19,21
test,test_5967.jpg,33,8,4.25,8,17,1.25,색상,3,3,8,3
test,test_5968.jpg,30,8,6.0,6,24,1.0,가격·금액,6,6,6,6
test,test_5969.jpg,37,8,6.75,7,27,1.0,가격·금액,7,7,7,6
test,test_5970.jpg,31,7,4.75,5,19,1.0,가격·금액,4,5,5,5
test,test_5971.jpg,35,10,5.25,7,21,1.5,메뉴·상품,7,7,3,4
test,test_5972.jpg,22,6,6.5,8,26,2.0,문자·간판 읽기,6,5,7,8
test,test_5973.jpg,39,9,2.25,3,9,1.0,문자·간판 읽기,3,2,2,2
test,test_5974.jpg,30,7,3.0,3,12,1.0,가격·금액,3,3,3,3
test,test_5975.jpg,24,7,9.25,10,37,1.75,메뉴·상품,9,9,10,9
test,test_5976.jpg,28,7,17.75,27,71,2.75,문자·간판 읽기,12,11,27,21
test,test_5977.jpg,34,10,29.0,53,116,6.0,문자·간판 읽기,29,53,12,22
test,test_5978.jpg,26,7,6.0,6,24,1.0,가격·금액,6,6,6,6
test,test_5979.jpg,27,5,4.5,5,18,1.0,가격·금액,4,5,4,5
test,test_5980.jpg,78,20,4.75,5,19,1.0,가격·금액,4,5,5,5
test,test_5981.jpg,43,11,10.5,13,42,1.0,전화번호,13,8,8,13
test,test_5982.jpg,70,19,10.0,10,40,2.0,기타,10,10,10,10
test,test_5983.jpg,41,9,3.0,3,12,1.0,인물·대상,3,3,3,3
test,test_5984.jpg,33,8,4.5,8,18,1.75,위치·방향,3,8,5,2
test,test_5985.jpg,34,9,5.75,12,23,1.75,문자·간판 읽기,3,4,4,12
test,test_5986.jpg,35,8,13.5,16,54,3.5,기타,12,11,16,15
test,test_5987.jpg,31,7,9.25,10,37,1.0,전화번호,10,9,10,8
test,test_5988.jpg,36,10,9.0,9,36,2.0,날짜·시간,9,9,9,9
test,test_5989.jpg,48,11,6.75,9,27,1.25,문자·간판 읽기,7,9,7,4
test,test_5990.jpg,37,8,9.75,15,39,2.75,기타,12,7,5,15
test,test_5991.jpg,16,4,8.25,10,33,2.5,문자·간판 읽기,10,7,7,9
test,test_5992.jpg,45,10,11.0,12,44,3.0,문자·간판 읽기,12,11,10,11
test,test_5993.jpg,69,15,13.75,19,55,2.0,위치·방향,9,15,12,19
test,test_5994.jpg,35,9,7.0,7,28,1.0,가격·금액,7,7,7,7
test,test_5995.jpg,31,7,2.75,5,11,1.25,위치·방향,2,5,2,2
test,test_5996.jpg,24,6,7.25,14,29,1.5,위치·방향,5,6,14,4
test,test_5997.jpg,27,7,6.75,7,27,1.0,문자·간판 읽기,6,7,7,7
test,test_5998.jpg,22,6,6.5,14,26,1.25,위치·방향,6,2,14,4
test,test_5999.jpg,34,6,4.0,6,16,1.5,기타,5,6,3,2
test,test_6000.jpg,43,8,11.5,16,46,2.75,기타,16,8,8,14
test,test_6001.jpg,31,8,7.0,8,28,1.0,문자·간판 읽기,6,7,8,7
test,test_6002.jpg,33,8,20.25,25,81,4.75,기타,25,21,14,21
test,test_6003.jpg,28,6,6.75,10,27,2.0,위치·방향,10,6,8,3
test,test_6004.jpg,36,8,13.5,18,54,4.25,문자·간판 읽기,12,13,18,11
test,test_6005.jpg,39,11,4.0,6,16,1.0,위치·방향,4,6,3,3
test,test_6006.jpg,26,7,4.0,5,16,1.0,색상,4,4,3,5
test,test_6007.jpg,39,8,6.0,6,24,1.0,가격·금액,6,6,6,6
test,test_6008.jpg,36,10,8.0,10,32,2.5,가격·금액,10,10,6,6
test,test_6009.jpg,20,5,11.5,15,46,2.25,문자·간판 읽기,15,12,11,8
test,test_6010.jpg,35,10,19.0,21,76,4.75,기타,21,17,18,20
test,test_6011.jpg,35,11,5.0,8,20,1.25,문자·간판 읽기,3,8,5,4
test,test_6012.jpg,39,10,9.0,9,36,3.0,가격·금액,9,9,9,9
test,test_6013.jpg,35,8,2.5,3,10,1.0,기타,2,2,3,3
test,test_6014.jpg,28,7,4.75,11,19,1.5,기타,3,2,11,3
test,test_6015.jpg,33,9,2.75,4,11,1.0,문자·간판 읽기,2,3,4,2
test,test_6016.jpg,37,9,2.25,3,9,1.0,위치·방향,2,2,3,2
test,test_6017.jpg,27,8,13.25,16,53,3.0,문자·간판 읽기,16,12,12,13
test,test_6018.jpg,42,11,27.5,34,110,6.75,문자·간판 읽기,29,27,20,34
test,test_6019.jpg,25,6,3.0,3,12,1.0,문자·간판 읽기,3,3,3,3
test,test_6020.jpg,26,7,11.0,15,44,2.25,문자·간판 읽기,10,15,9,10
test,test_6021.jpg,35,9,62.0,71,248,14.25,문자·간판 읽기,49,62,66,71
test,test_6022.jpg,47,14,4.0,4,16,2.0,색상,4,4,4,4
test,test_6023.jpg,31,7,8.0,9,32,2.0,기타,9,5,9,9
test,test_6024.jpg,33,8,12.25,20,49,1.0,문자·간판 읽기,8,20,10,11
test,test_6025.jpg,25,6,4.75,8,19,1.0,문자·간판 읽기,2,5,8,4
test,test_6026.jpg,28,7,3.0,3,12,1.0,문자·간판 읽기,3,3,3,3
test,test_6027.jpg,36,8,14.0,14,56,5.0,기타,14,14,14,14
test,test_6028.jpg,28,7,12.0,13,48,1.0,전화번호,13,12,12,11
test,test_6029.jpg,22,6,11.0,13,44,1.5,문자·간판 읽기,13,11,11,9
test,test_6030.jpg,23,6,3.25,4,13,1.0,문자·간판 읽기,4,4,2,3
test,test_6031.jpg,55,15,4.25,6,17,1.0,문자·간판 읽기,4,6,4,3
test,test_6032.jpg,33,9,6.75,10,27,2.25,문자·간판 읽기,6,5,10,6
test,test_6033.jpg,36,11,8.0,10,32,2.25,메뉴·상품,10,7,8,7
test,test_6034.jpg,39,9,5.5,7,22,1.5,문자·간판 읽기,7,4,7,4
test,test_6035.jpg,23,6,4.25,5,17,1.0,문자·간판 읽기,4,4,4,5
test,test_6036.jpg,34,9,7.5,9,30,2.0,기타,7,7,7,9
test,test_6037.jpg,48,7,23.0,23,92,6.0,기타,23,23,23,23
test,test_6038.jpg,24,6,26.0,29,104,4.75,색상,29,25,21,29
test,test_6039.jpg,46,11,5.0,8,20,1.5,메뉴·상품,3,3,6,8
test,test_6040.jpg,20,5,22.0,32,88,3.25,메뉴·상품,17,32,23,16
test,test_6041.jpg,45,12,3.25,4,13,1.0,색상,3,4,3,3
test,test_6042.jpg,40,8,4.5,5,18,1.0,문자·간판 읽기,5,4,5,4
test,test_6043.jpg,34,9,13.5,15,54,2.0,인물·대상,13,13,15,13
test,test_6044.jpg,31,9,10.0,14,40,2.0,문자·간판 읽기,11,14,7,8
test,test_6045.jpg,17,4,3.0,3,12,1.0,가격·금액,3,3,3,3
test,test_6046.jpg,43,11,3.0,3,12,1.0,전화번호,3,3,3,3
test,test_6047.jpg,29,6,18.0,22,72,3.75,기타,17,15,22,18
test,test_6048.jpg,19,5,3.0,3,12,1.0,문자·간판 읽기,3,3,3,3
test,test_6049.jpg,25,6,6.75,7,27,1.0,가격·금액,7,6,7,7
test,test_6050.jpg,34,7,6.75,7,27,2.0,가격·금액,7,6,7,7
test,test_6051.jpg,26,7,6.5,8,26,1.0,색상,8,7,5,6
test,test_6052.jpg,33,8,14.5,17,58,2.0,메뉴·상품,17,13,15,13
test,test_6053.jpg,16,4,7.0,7,28,1.0,가격·금액,7,7,7,7
test,test_6054.jpg,27,8,6.75,10,27,1.5,색상,7,6,4,10
test,test_6055.jpg,37,9,3.0,3,12,1.0,문자·간판 읽기,3,3,3,3
test,test_6056.jpg,41,10,11.5,13,46,3.75,기타,9,12,13,12
test,test_6057.jpg,28,7,5.75,6,23,1.0,기타,5,6,6,6
test,test_6058.jpg,37,9,15.0,19,60,3.5,문자·간판 읽기,19,12,11,18
test,test_6059.jpg,34,8,6.0,6,24,1.0,가격·금액,6,6,6,6
test,test_6060.jpg,37,9,4.25,10,17,1.5,위치·방향,3,2,2,10
test,test_6061.jpg,44,12,2.5,4,10,1.0,문자·간판 읽기,2,2,4,2
test,test_6062.jpg,29,6,4.75,5,19,1.0,가격·금액,4,5,5,5
test,test_6063.jpg,33,8,4.0,4,16,1.0,가격·금액,4,4,4,4
test,test_6064.jpg,47,11,10.25,18,41,3.0,날짜·시간,10,7,6,18
test,test_6065.jpg,34,10,8.25,11,33,2.25,가격·금액,11,3,8,11
test,test_6066.jpg,29,6,5.25,9,21,1.25,문자·간판 읽기,4,9,4,4
test,test_6067.jpg,22,5,6.0,6,24,1.0,가격·금액,6,6,6,6
test,test_6068.jpg,42,11,19.0,19,76,4.0,문자·간판 읽기,19,19,19,19
test,test_6069.jpg,40,8,13.5,17,54,1.0,기타,12,15,10,17
test,test_6070.jpg,50,12,7.0,11,28,2.25,문자·간판 읽기,6,11,6,5
test,test_6071.jpg,16,4,4.0,4,16,1.0,문자·간판 읽기,4,4,4,4
test,test_6072.jpg,28,8,4.25,5,17,2.0,메뉴·상품,5,4,4,4
test,test_6073.jpg,38,7,5.5,6,22,2.0,문자·간판 읽기,5,6,5,6
test,test_6074.jpg,69,17,18.25,28,73,5.5,문자·간판 읽기,19,28,8,18
test,test_6075.jpg,39,11,6.5,9,26,2.0,기타,4,9,9,4
test,test_6076.jpg,51,12,11.25,12,45,3.0,기타,11,11,11,12
test,test_6077.jpg,20,5,4.75,5,19,1.0,문자·간판 읽기,4,5,5,5
test,test_6078.jpg,32,7,13.0,15,52,3.0,메뉴·상품,14,15,14,9
test,test_6079.jpg,26,7,6.0,6,24,1.0,문자·간판 읽기,6,6,6,6
test,test_6080.jpg,19,5,5.25,6,21,2.0,기타,5,6,5,5
test,test_6081.jpg,20,5,4.25,5,17,1.75,기타,5,5,2,5
test,test_6082.jpg,20,5,6.25,9,25,1.25,메뉴·상품,5,9,6,5
test,test_6083.jpg,35,7,10.25,18,41,1.25,전화번호,7,8,8,18
test,test_6084.jpg,23,6,16.0,18,64,1.5,기타,18,16,14,16
test,test_6085.jpg,38,10,6.0,7,24,1.0,위치·방향,5,6,6,7
test,test_6086.jpg,29,8,3.75,5,15,1.0,문자·간판 읽기,3,4,3,5
test,test_6087.jpg,47,10,12.75,16,51,4.0,문자·간판 읽기,16,14,11,10
test,test_6088.jpg,38,11,10.75,17,43,2.75,기타,17,10,10,6
test,test_6089.jpg,30,8,4.5,7,18,1.0,메뉴·상품,3,4,4,7
test,test_6090.jpg,17,4,7.25,8,29,1.0,가격·금액,7,8,7,7
test,test_6091.jpg,41,10,13.25,17,53,3.5,문자·간판 읽기,11,17,11,14
test,test_6092.jpg,32,8,13.0,16,52,2.0,메뉴·상품,11,12,13,16
test,test_6093.jpg,25,6,16.25,24,65,2.25,메뉴·상품,19,24,15,7
test,test_6094.jpg,56,14,20.25,31,81,4.75,위치·방향,14,26,31,10
test,test_6095.jpg,22,6,6.75,10,27,2.25,위치·방향,10,6,5,6
test,test_6096.jpg,32,9,5.75,8,23,2.25,색상,8,5,5,5
test,test_6097.jpg,33,9,10.75,11,43,1.0,날짜·시간,10,11,11,11
test,test_6098.jpg,32,9,8.0,11,32,2.25,위치·방향,5,5,11,11
test,test_6099.jpg,28,7,6.75,12,27,1.25,위치·방향,12,5,5,5
test,test_6100.jpg,50,12,10.75,12,43,3.0,기타,10,12,10,11
test,test_6101.jpg,45,9,12.5,13,50,1.0,전화번호,12,12,13,13
test,test_6102.jpg,30,6,6.25,13,25,2.5,문자·간판 읽기,4,4,4,13
test,test_6103.jpg,36,8,2.25,3,9,1.0,메뉴·상품,2,2,3,2
test,test_6104.jpg,49,11,9.25,12,37,2.5,기타,10,7,8,12
test,test_6105.jpg,28,7,4.0,4,16,1.0,문자·간판 읽기,4,4,4,4
test,test_6106.jpg,19,5,6.5,12,26,2.25,문자·간판 읽기,5,6,3,12
test,test_6107.jpg,38,7,6.0,6,24,1.0,가격·금액,6,6,6,6
test,test_6108.jpg,30,8,6.25,7,25,2.0,메뉴·상품,6,7,5,7
test,test_6109.jpg,41,10,5.25,6,21,2.0,가격·금액,5,6,5,5
test,test_6110.jpg,19,4,10.75,13,43,1.0,전화번호,13,9,12,9
test,test_6111.jpg,28,7,10.0,15,40,1.75,문자·간판 읽기,7,15,8,10
test,test_6112.jpg,16,4,11.0,15,44,3.25,문자·간판 읽기,10,15,10,9
test,test_6113.jpg,41,10,6.0,7,24,1.5,메뉴·상품,5,7,7,5
test,test_6114.jpg,45,9,3.5,4,14,1.0,가격·금액,4,2,4,4
test,test_6115.jpg,27,7,4.75,6,19,1.0,문자·간판 읽기,6,4,5,4
test,test_6116.jpg,34,9,8.5,12,34,2.5,메뉴·상품,8,7,7,12
test,test_6117.jpg,33,8,2.25,3,9,1.0,기타,3,3,1,2
test,test_6118.jpg,16,4,6.25,7,25,1.0,가격·금액,7,7,7,4
test,test_6119.jpg,26,6,7.5,11,30,1.25,문자·간판 읽기,10,11,3,6
test,test_6120.jpg,32,7,24.5,38,98,6.75,기타,23,20,38,17
test,test_6121.jpg,29,8,6.5,7,26,2.0,기타,7,6,7,6
test,test_6122.jpg,50,12,14.25,19,57,3.0,인물·대상,10,11,19,17
test,test_6123.jpg,48,12,4.0,5,16,1.0,문자·간판 읽기,4,5,4,3
test,test_6124.jpg,35,7,3.0,4,12,1.0,기타,4,3,2,3
test,test_6125.jpg,19,4,10.0,13,40,1.0,전화번호,13,8,11,8
test,test_6126.jpg,27,7,4.5,5,18,1.0,가격·금액,5,4,4,5
test,test_6127.jpg,32,7,2.25,3,9,1.25,기타,1,3,2,3
test,test_6128.jpg,38,9,17.0,22,68,4.0,가격·금액,15,16,22,15
test,test_6129.jpg,31,8,6.0,6,24,1.0,가격·금액,6,6,6,6
test,test_6130.jpg,23,5,6.0,6,24,1.0,가격·금액,6,6,6,6
test,test_6131.jpg,26,7,4.25,5,17,1.0,문자·간판 읽기,4,5,4,4
test,test_6132.jpg,16,4,5.75,7,23,1.5,문자·간판 읽기,6,7,4,6
test,test_6133.jpg,37,10,13.0,13,52,3.0,날짜·시간,13,13,13,13
test,test_6134.jpg,51,13,3.0,3,12,1.0,위치·방향,3,3,3,3
test,test_6135.jpg,33,7,3.25,4,13,1.0,가격·금액,3,3,4,3
test,test_6136.jpg,44,12,12.5,16,50,3.0,기타,13,16,8,13
test,test_6137.jpg,27,6,18.75,19,75,4.0,가격·금액,18,19,19,19
test,test_6138.jpg,33,7,7.75,9,31,2.0,기타,8,6,8,9
test,test_6139.jpg,29,6,18.5,26,74,4.5,기타,26,17,15,16
test,test_6140.jpg,30,7,22.0,26,88,3.75,가격·금액,23,22,17,26
test,test_6141.jpg,22,5,5.5,6,22,1.0,가격·금액,6,6,4,6
test,test_6142.jpg,26,7,5.75,7,23,1.0,문자·간판 읽기,7,5,6,5
test,test_6143.jpg,30,6,5.0,5,20,1.0,가격·금액,5,5,5,5
test,test_6144.jpg,43,11,6.0,7,24,2.0,위치·방향,6,7,6,5
test,test_6145.jpg,35,7,7.25,13,29,2.25,가격·금액,6,13,5,5
test,test_6146.jpg,24,6,8.75,11,35,3.25,문자·간판 읽기,11,8,8,8
test,test_6147.jpg,23,6,6.5,9,26,1.25,문자·간판 읽기,9,4,4,9
test,test_6148.jpg,43,11,4.5,7,18,1.5,위치·방향,2,6,7,3
test,test_6149.jpg,22,6,4.25,7,17,1.5,위치·방향,2,5,7,3
test,test_6150.jpg,33,7,9.5,11,38,1.0,전화번호,8,11,8,11
test,test_6151.jpg,33,9,5.25,8,21,2.25,기타,8,4,5,4
test,test_6152.jpg,22,6,7.0,8,28,2.0,문자·간판 읽기,8,7,6,7
test,test_6153.jpg,51,13,3.0,3,12,1.0,색상,3,3,3,3
test,test_6154.jpg,20,5,11.5,13,46,2.0,문자·간판 읽기,13,12,10,11
test,test_6155.jpg,31,9,7.75,14,31,2.75,기타,11,14,4,2
test,test_6156.jpg,32,7,6.0,6,24,1.0,가격·금액,6,6,6,6
test,test_6157.jpg,20,5,5.0,5,20,1.0,가격·금액,5,5,5,5
test,test_6158.jpg,54,12,20.5,21,82,6.0,날짜·시간,21,20,20,21
test,test_6159.jpg,27,5,5.5,6,22,1.0,가격·금액,4,6,6,6
test,test_6160.jpg,24,6,5.75,7,23,2.0,날짜·시간,5,7,6,5
test,test_6161.jpg,19,5,9.75,14,39,3.0,문자·간판 읽기,7,9,9,14
test,test_6162.jpg,23,5,6.0,6,24,1.0,가격·금액,6,6,6,6
test,test_6163.jpg,31,7,3.0,3,12,1.0,인물·대상,3,3,3,3
test,test_6164.jpg,25,7,4.0,4,16,1.0,문자·간판 읽기,4,4,4,4
test,test_6165.jpg,23,6,9.25,12,37,3.0,위치·방향,9,6,12,10
test,test_6166.jpg,35,9,10.25,14,41,4.0,위치·방향,9,8,14,10
test,test_6167.jpg,23,5,5.5,9,22,2.0,기타,2,6,9,5
test,test_6168.jpg,54,15,6.75,9,27,1.25,메뉴·상품,8,9,7,3
test,test_6169.jpg,24,6,9.25,12,37,1.5,위치·방향,6,12,8,11
test,test_6170.jpg,37,10,3.0,4,12,1.0,위치·방향,2,3,4,3
test,test_6171.jpg,25,7,7.0,7,28,2.0,메뉴·상품,7,7,7,7
test,test_6172.jpg,27,5,2.75,4,11,1.0,기타,2,2,4,3
test,test_6173.jpg,46,10,10.75,12,43,3.0,위치·방향,12,11,8,12
test,test_6174.jpg,21,5,9.25,10,37,2.0,색상,9,10,9,9
test,test_6175.jpg,36,9,8.0,9,32,1.0,문자·간판 읽기,8,9,8,7
test,test_6176.jpg,24,6,11.0,11,44,3.0,전화번호,11,11,11,11
test,test_6177.jpg,44,11,15.25,20,61,4.5,기타,13,12,16,20
test,test_6178.jpg,27,7,3.5,4,14,1.0,문자·간판 읽기,4,4,4,2
test,test_6179.jpg,26,7,4.0,4,16,1.0,문자·간판 읽기,4,4,4,4
test,test_6180.jpg,35,9,3.0,3,12,1.0,전화번호,3,3,3,3
test,test_6181.jpg,59,16,6.75,8,27,2.25,기타,6,7,8,6
test,test_6182.jpg,26,6,12.25,17,49,2.25,기타,17,10,11,11
test,test_6183.jpg,48,11,30.75,47,123,7.5,전화번호,23,24,29,47
test,test_6184.jpg,32,9,5.25,8,21,1.5,문자·간판 읽기,8,6,4,3
test,test_6185.jpg,37,9,5.0,5,20,1.0,가격·금액,5,5,5,5
test,test_6186.jpg,21,5,7.5,12,30,2.5,날짜·시간,5,5,8,12
test,test_6187.jpg,46,11,7.75,15,31,1.5,기타,2,8,15,6
test,test_6188.jpg,29,7,3.0,4,12,1.0,메뉴·상품,2,3,3,4
test,test_6189.jpg,49,10,7.75,13,31,1.0,메뉴·상품,9,4,5,13
test,test_6190.jpg,16,4,4.0,4,16,1.0,문자·간판 읽기,4,4,4,4
test,test_6191.jpg,23,7,3.0,3,12,1.0,날짜·시간,3,3,3,3
test,test_6192.jpg,28,7,9.75,11,39,2.0,문자·간판 읽기,9,9,11,10
test,test_6193.jpg,21,5,4.0,4,16,1.0,가격·금액,4,4,4,4
test,test_6194.jpg,19,5,7.75,12,31,2.5,기타,6,12,6,7
test,test_6195.jpg,25,7,4.25,6,17,1.25,문자·간판 읽기,2,4,5,6
test,test_6196.jpg,26,7,8.0,9,32,2.25,문자·간판 읽기,7,8,9,8
test,test_6197.jpg,37,8,29.0,35,116,6.5,위치·방향,28,29,24,35
test,test_6198.jpg,35,8,28.25,29,113,5.0,가격·금액,28,28,28,29
test,test_6199.jpg,51,14,2.5,3,10,1.0,기타,3,3,2,2
test,test_6200.jpg,25,6,6.0,6,24,1.0,가격·금액,6,6,6,6
test,test_6201.jpg,31,7,13.5,17,54,4.0,기타,11,13,17,13
test,test_6202.jpg,32,8,4.5,7,18,1.0,메뉴·상품,4,4,3,7
test,test_6203.jpg,44,10,6.5,8,26,2.25,기타,8,7,6,5
test,test_6204.jpg,29,9,14.0,15,56,5.0,기타,13,15,14,14
test,test_6205.jpg,38,8,16.0,16,64,4.0,날짜·시간,16,16,16,16
test,test_6206.jpg,28,7,4.0,5,16,1.0,메뉴·상품,4,3,5,4
test,test_6207.jpg,38,8,20.5,23,82,4.5,문자·간판 읽기,21,19,23,19
test,test_6208.jpg,27,7,16.5,23,66,2.5,문자·간판 읽기,14,14,23,15
test,test_6209.jpg,22,6,25.75,34,103,6.5,기타,34,17,24,28
test,test_6210.jpg,33,8,2.75,5,11,1.25,수량·계수,2,2,5,2
test,test_6211.jpg,25,7,11.0,14,44,3.0,메뉴·상품,10,10,10,14
test,test_6212.jpg,49,10,2.75,5,11,1.0,가격·금액,2,2,2,5
test,test_6213.jpg,36,9,4.0,5,16,1.0,색상,4,4,3,5
test,test_6214.jpg,36,9,35.75,38,143,7.0,색상,38,36,33,36
test,test_6215.jpg,54,14,3.0,3,12,1.0,색상,3,3,3,3
test,test_6216.jpg,26,5,7.25,8,29,1.0,가격·금액,7,7,8,7
test,test_6217.jpg,16,4,10.5,13,42,1.75,문자·간판 읽기,13,11,7,11
test,test_6218.jpg,26,8,10.75,17,43,2.75,문자·간판 읽기,10,6,10,17
test,test_6219.jpg,23,6,2.5,3,10,1.0,기타,3,3,2,2
test,test_6220.jpg,22,6,14.75,21,59,2.0,문자·간판 읽기,13,13,21,12
test,test_6221.jpg,22,5,7.75,9,31,3.0,메뉴·상품,9,8,7,7
test,test_6222.jpg,46,12,12.5,13,50,3.0,위치·방향,12,12,13,13
test,test_6223.jpg,45,11,2.25,3,9,1.0,기타,2,3,2,2
test,test_6224.jpg,25,7,17.0,18,68,4.75,색상,16,16,18,18
test,test_6225.jpg,44,11,4.25,5,17,1.0,가격·금액,4,4,5,4
test,test_6226.jpg,44,8,21.0,22,84,6.0,날짜·시간,22,21,21,20
test,test_6227.jpg,28,7,2.25,3,9,1.0,메뉴·상품,2,3,2,2
test,test_6228.jpg,43,10,8.25,9,33,2.5,기타,8,8,8,9
test,test_6229.jpg,23,6,8.25,9,33,3.0,문자·간판 읽기,9,8,8,8
test,test_6230.jpg,26,6,10.0,20,40,1.75,기타,20,5,6,9
test,test_6231.jpg,16,4,13.0,13,52,2.0,기타,13,13,13,13
test,test_6232.jpg,37,11,6.0,7,24,2.0,기타,6,6,5,7
test,test_6233.jpg,21,5,4.0,4,16,1.0,문자·간판 읽기,4,4,4,4
test,test_6234.jpg,56,14,3.5,5,14,1.0,문자·간판 읽기,3,5,3,3
test,test_6235.jpg,47,11,2.5,3,10,1.0,메뉴·상품,2,3,3,2
test,test_6236.jpg,22,6,10.0,15,40,2.5,기타,15,7,8,10
test,test_6237.jpg,37,9,6.0,8,24,1.25,색상,4,6,6,8
test,test_6238.jpg,30,5,9.5,12,38,1.0,기타,11,12,7,8
test,test_6239.jpg,43,11,13.25,14,53,4.0,색상,13,14,13,13
test,test_6240.jpg,39,9,8.75,10,35,1.0,기타,8,7,10,10
test,test_6241.jpg,30,7,8.75,10,35,2.25,문자·간판 읽기,8,8,9,10
test,test_6242.jpg,30,8,1.0,1,4,1.0,기타,1,1,1,1
test,test_6243.jpg,39,9,10.75,14,43,3.0,메뉴·상품,9,10,14,10
test,test_6244.jpg,35,8,5.25,6,21,2.0,가격·금액,6,6,6,3
test,test_6245.jpg,32,7,20.0,21,80,3.0,날짜·시간,21,19,21,19
test,test_6246.jpg,28,4,7.75,8,31,1.0,가격·금액,8,7,8,8
test,test_6247.jpg,46,11,12.5,19,50,3.5,가격·금액,10,12,19,9
test,test_6248.jpg,22,5,14.0,14,56,4.0,색상,14,14,14,14
test,test_6249.jpg,39,9,7.0,8,28,1.25,문자·간판 읽기,8,6,6,8
test,test_6250.jpg,18,5,4.25,5,17,1.0,기타,4,5,3,5
test,test_6251.jpg,23,7,13.75,16,55,4.5,기타,16,16,10,13
test,test_6252.jpg,34,6,5.5,6,22,1.0,가격·금액,4,6,6,6
test,test_6253.jpg,58,13,4.25,5,17,1.0,문자·간판 읽기,5,4,4,4
test,test_6254.jpg,27,6,3.25,4,13,1.0,메뉴·상품,4,4,2,3
test,test_6255.jpg,27,6,4.5,7,18,1.25,기타,5,7,2,4
test,test_6256.jpg,29,8,5.25,7,21,1.0,메뉴·상품,7,4,5,5
test,test_6257.jpg,44,11,3.5,7,14,1.0,문자·간판 읽기,7,3,2,2
test,test_6258.jpg,28,7,17.0,17,68,4.0,날짜·시간,17,17,17,17
test,test_6259.jpg,33,7,13.0,13,52,4.0,날짜·시간,13,13,13,13
test,test_6260.jpg,30,6,7.5,8,30,2.0,위치·방향,8,7,7,8
test,test_6261.jpg,19,5,13.0,15,52,2.0,문자·간판 읽기,12,12,15,13
test,test_6262.jpg,43,11,3.75,4,15,1.0,메뉴·상품,4,3,4,4
test,test_6263.jpg,23,5,9.0,10,36,2.0,가격·금액,10,6,10,10
test,test_6264.jpg,18,4,12.0,13,48,1.0,전화번호,11,12,12,13
test,test_6265.jpg,46,13,13.25,14,53,4.0,기타,14,13,13,13
test,test_6266.jpg,24,6,7.75,10,31,1.25,문자·간판 읽기,10,5,7,9
test,test_6267.jpg,24,6,3.75,4,15,1.0,문자·간판 읽기,3,4,4,4
test,test_6268.jpg,30,8,25.5,26,102,7.0,색상,26,25,26,25
test,test_6269.jpg,27,8,2.25,3,9,1.0,기타,2,3,2,2
test,test_6270.jpg,25,7,11.0,17,44,2.0,문자·간판 읽기,17,9,10,8
test,test_6271.jpg,31,7,4.25,6,17,1.0,메뉴·상품,6,4,4,3
test,test_6272.jpg,25,6,6.0,6,24,1.0,가격·금액,6,6,6,6
test,test_6273.jpg,52,13,18.25,33,73,5.25,기타,12,33,15,13
test,test_6274.jpg,29,7,5.25,6,21,1.75,기타,6,6,5,4
test,test_6275.jpg,23,6,4.25,5,17,1.0,메뉴·상품,4,5,4,4
test,test_6276.jpg,32,8,8.5,9,34,3.0,날짜·시간,9,8,8,9
test,test_6277.jpg,36,10,27.5,42,110,4.5,메뉴·상품,22,27,19,42
test,test_6278.jpg,38,10,9.25,13,37,2.25,기타,10,13,10,4
test,test_6279.jpg,40,10,2.0,2,8,1.0,기타,2,2,2,2
test,test_6280.jpg,50,13,2.0,2,8,1.0,위치·방향,2,2,2,2
test,test_6281.jpg,17,4,7.25,10,29,1.5,문자·간판 읽기,7,6,10,6
test,test_6282.jpg,29,7,10.0,10,40,1.0,전화번호,10,10,10,10
test,test_6283.jpg,40,8,7.5,11,30,1.25,문자·간판 읽기,6,11,5,8
test,test_6284.jpg,26,5,13.25,16,53,1.0,전화번호,14,16,12,11
test,test_6285.jpg,55,15,6.0,6,24,2.0,색상,6,6,6,6
test,test_6286.jpg,33,9,4.5,6,18,1.0,위치·방향,4,4,4,6
test,test_6287.jpg,19,5,5.25,8,21,1.25,문자·간판 읽기,4,5,4,8
test,test_6288.jpg,35,7,15.5,17,62,2.75,날짜·시간,13,17,17,15
test,test_6289.jpg,34,9,15.25,25,61,2.0,색상,16,11,9,25
test,test_6290.jpg,26,7,5.75,8,23,1.5,문자·간판 읽기,7,3,5,8
test,test_6291.jpg,16,4,18.0,19,72,2.0,문자·간판 읽기,19,17,19,17
test,test_6292.jpg,16,4,6.25,7,25,1.0,문자·간판 읽기,6,6,7,6
test,test_6293.jpg,33,10,9.75,11,39,2.0,메뉴·상품,8,11,11,9
test,test_6294.jpg,55,11,2.5,4,10,1.0,위치·방향,2,2,4,2
test,test_6295.jpg,19,5,12.0,17,48,2.25,메뉴·상품,6,9,16,17
test,test_6296.jpg,36,8,9.5,13,38,3.0,가격·금액,13,13,6,6
test,test_6297.jpg,18,4,3.0,3,12,1.0,문자·간판 읽기,3,3,3,3
test,test_6298.jpg,25,6,5.5,9,22,1.0,문자·간판 읽기,2,4,7,9
test,test_6299.jpg,33,9,6.75,7,27,1.0,가격·금액,6,7,7,7
test,test_6300.jpg,45,9,6.0,6,24,1.0,가격·금액,6,6,6,6
test,test_6301.jpg,38,10,5.25,10,21,1.25,색상,10,2,5,4
test,test_6302.jpg,49,11,8.75,10,35,2.0,메뉴·상품,9,8,10,8
test,test_6303.jpg,18,4,6.0,6,24,1.0,가격·금액,6,6,6,6
test,test_6304.jpg,70,16,21.75,26,87,6.0,기타,19,26,23,19
test,test_6305.jpg,24,7,5.5,11,22,1.25,날짜·시간,4,3,4,11
test,test_6306.jpg,32,6,13.0,13,52,3.0,날짜·시간,13,13,13,13
test,test_6307.jpg,38,9,8.0,10,32,2.5,문자·간판 읽기,10,6,7,9
test,test_6308.jpg,44,11,11.5,16,46,3.0,문자·간판 읽기,16,8,8,14
test,test_6309.jpg,27,7,11.75,19,47,3.75,문자·간판 읽기,19,10,9,9
test,test_6310.jpg,36,8,10.0,13,40,1.0,전화번호,13,11,8,8
test,test_6311.jpg,29,8,8.5,14,34,1.25,문자·간판 읽기,9,5,14,6
test,test_6312.jpg,49,12,17.0,19,68,1.0,문자·간판 읽기,18,18,19,13
test,test_6313.jpg,48,12,6.25,7,25,1.0,가격·금액,6,7,6,6
test,test_6314.jpg,42,11,4.75,5,19,1.0,가격·금액,5,5,5,4
test,test_6315.jpg,17,4,14.0,14,56,3.0,기타,14,14,14,14
test,test_6316.jpg,21,4,6.0,6,24,1.0,가격·금액,6,6,6,6
test,test_6317.jpg,31,6,9.75,11,39,1.25,전화번호,9,9,10,11
test,test_6318.jpg,26,5,13.0,13,52,3.0,날짜·시간,13,13,13,13
test,test_6319.jpg,40,7,5.25,7,21,1.5,기타,4,6,4,7
test,test_6320.jpg,28,7,3.75,5,15,1.0,가격·금액,3,5,4,3
test,test_6321.jpg,37,8,7.0,7,28,1.0,가격·금액,7,7,7,7
test,test_6322.jpg,34,10,4.25,6,17,1.25,기타,4,6,4,3
test,test_6323.jpg,41,10,21.75,29,87,6.25,기타,21,17,29,20
test,test_6324.jpg,30,7,5.0,5,20,1.0,인물·대상,5,5,5,5
test,test_6325.jpg,33,8,7.25,9,29,1.25,문자·간판 읽기,8,5,9,7
test,test_6326.jpg,38,9,7.75,9,31,2.5,메뉴·상품,6,9,7,9
test,test_6327.jpg,22,6,3.0,3,12,1.0,문자·간판 읽기,3,3,3,3
test,test_6328.jpg,26,6,5.5,8,22,1.0,위치·방향,4,8,8,2
test,test_6329.jpg,23,6,6.0,6,24,1.0,문자·간판 읽기,6,6,6,6
test,test_6330.jpg,27,7,7.25,10,29,2.25,문자·간판 읽기,10,8,5,6
test,test_6331.jpg,26,6,10.0,10,40,1.0,문자·간판 읽기,10,10,10,10
test,test_6332.jpg,45,12,4.25,5,17,1.0,메뉴·상품,4,5,5,3
test,test_6333.jpg,28,5,6.0,6,24,1.0,가격·금액,6,6,6,6
test,test_6334.jpg,54,12,20.0,20,80,4.0,위치·방향,20,20,20,20
test,test_6335.jpg,26,7,14.0,19,56,2.75,문자·간판 읽기,16,14,7,19
test,test_6336.jpg,38,10,4.5,7,18,1.25,문자·간판 읽기,7,5,4,2
test,test_6337.jpg,24,6,6.25,8,25,1.75,문자·간판 읽기,6,5,8,6
test,test_6338.jpg,28,8,12.25,16,49,3.5,기타,16,12,10,11
test,test_6339.jpg,26,7,6.25,8,25,2.25,메뉴·상품,8,5,5,7
test,test_6340.jpg,67,14,8.25,11,33,1.5,문자·간판 읽기,11,8,3,11
test,test_6341.jpg,51,12,7.25,8,29,2.0,가격·금액,7,7,7,8
test,test_6342.jpg,32,7,11.75,20,47,4.0,기타,8,9,20,10
test,test_6343.jpg,22,5,9.25,15,37,1.75,문자·간판 읽기,9,15,6,7
test,test_6344.jpg,22,6,3.5,6,14,1.25,문자·간판 읽기,2,6,3,3
test,test_6345.jpg,30,8,6.25,7,25,1.0,색상,6,7,5,7
test,test_6346.jpg,33,8,7.5,12,30,2.25,기타,6,6,6,12
test,test_6347.jpg,34,8,3.25,5,13,1.0,메뉴·상품,4,2,2,5
test,test_6348.jpg,20,5,6.5,7,26,2.0,문자·간판 읽기,7,6,6,7
test,test_6349.jpg,38,7,4.0,4,16,2.0,가격·금액,4,4,4,4
test,test_6350.jpg,35,9,6.5,7,26,2.0,위치·방향,6,7,7,6
test,test_6351.jpg,41,8,6.75,7,27,1.0,가격·금액,6,7,7,7
test,test_6352.jpg,45,12,6.75,12,27,1.75,날짜·시간,12,4,4,7
test,test_6353.jpg,52,14,6.25,10,25,1.0,문자·간판 읽기,4,4,10,7
test,test_6354.jpg,39,11,10.0,10,40,3.0,문자·간판 읽기,10,10,10,10
test,test_6355.jpg,46,9,6.0,6,24,1.0,가격·금액,6,6,6,6
test,test_6356.jpg,29,8,4.25,5,17,1.0,메뉴·상품,4,4,5,4
test,test_6357.jpg,32,7,4.75,9,19,1.5,가격·금액,9,3,4,3
test,test_6358.jpg,33,9,6.25,11,25,1.5,색상,4,11,6,4
test,test_6359.jpg,20,5,8.75,9,35,3.0,날짜·시간,9,9,8,9
test,test_6360.jpg,55,12,8.25,10,33,2.0,인물·대상,7,7,10,9
test,test_6361.jpg,51,12,2.5,4,10,1.0,위치·방향,2,2,4,2
test,test_6362.jpg,22,6,12.25,15,49,3.5,문자·간판 읽기,15,11,10,13
test,test_6363.jpg,48,9,7.5,11,30,1.0,메뉴·상품,6,9,4,11
test,test_6364.jpg,26,8,11.0,13,44,2.5,기타,11,13,7,13
test,test_6365.jpg,30,7,19.5,29,78,5.25,색상,11,29,15,23
test,test_6366.jpg,28,7,10.0,17,40,1.25,문자·간판 읽기,17,9,7,7
test,test_6367.jpg,46,11,4.5,10,18,1.25,메뉴·상품,3,10,3,2
test,test_6368.jpg,31,8,11.0,13,44,2.0,색상,12,9,13,10
test,test_6369.jpg,43,11,8.0,9,32,2.75,위치·방향,7,7,9,9
test,test_6370.jpg,20,5,22.5,28,90,4.0,가격·금액,21,20,21,28
test,test_6371.jpg,30,8,9.25,16,37,1.5,색상,3,13,16,5
test,test_6372.jpg,20,5,10.25,14,41,3.0,문자·간판 읽기,8,8,14,11
test,test_6373.jpg,51,9,26.75,28,107,7.0,날짜·시간,25,28,27,27
test,test_6374.jpg,28,7,14.5,17,58,3.5,문자·간판 읽기,13,15,17,13
test,test_6375.jpg,64,15,6.25,7,25,1.0,가격·금액,6,6,6,7
test,test_6376.jpg,24,6,5.5,8,22,1.0,문자·간판 읽기,4,8,8,2
test,test_6377.jpg,16,4,11.5,17,46,3.5,메뉴·상품,10,8,17,11
test,test_6378.jpg,30,7,7.5,9,30,2.5,기타,9,8,6,7
test,test_6379.jpg,47,11,5.25,6,21,2.0,위치·방향,6,5,5,5
test,test_6380.jpg,20,5,2.0,2,8,1.0,가격·금액,2,2,2,2
test,test_6381.jpg,21,5,7.75,8,31,2.0,날짜·시간,7,8,8,8
test,test_6382.jpg,50,13,3.0,3,12,1.0,가격·금액,3,3,3,3
test,test_6383.jpg,27,7,6.5,9,26,1.25,문자·간판 읽기,8,7,2,9
test,test_6384.jpg,27,7,9.5,12,38,1.75,색상,8,12,9,9
test,test_6385.jpg,48,13,9.25,11,37,3.25,문자·간판 읽기,11,8,8,10
test,test_6386.jpg,31,8,6.25,8,25,2.25,문자·간판 읽기,8,7,5,5
test,test_6387.jpg,18,5,5.25,6,21,2.25,문자·간판 읽기,6,5,5,5
test,test_6388.jpg,22,6,18.0,29,72,4.75,위치·방향,15,16,12,29
test,test_6389.jpg,19,5,9.0,10,36,2.25,메뉴·상품,10,9,9,8
test,test_6390.jpg,25,6,7.5,11,30,1.25,문자·간판 읽기,10,6,3,11
test,test_6391.jpg,34,8,10.25,11,41,1.0,전화번호,11,11,11,8
test,test_6392.jpg,30,9,3.75,4,15,1.0,문자·간판 읽기,4,4,3,4
test,test_6393.jpg,40,9,7.0,13,28,2.0,위치·방향,13,5,8,2
test,test_6394.jpg,27,6,6.0,6,24,1.0,가격·금액,6,6,6,6
test,test_6395.jpg,24,6,6.25,7,25,1.0,위치·방향,6,6,7,6
test,test_6396.jpg,15,4,17.5,23,70,4.75,위치·방향,18,23,18,11
test,test_6397.jpg,22,6,13.5,17,54,3.0,문자·간판 읽기,13,11,13,17
test,test_6398.jpg,16,4,4.5,5,18,1.0,문자·간판 읽기,5,5,4,4
test,test_6399.jpg,15,4,17.0,27,68,4.25,위치·방향,14,14,27,13
test,test_6400.jpg,24,6,8.25,14,33,1.75,문자·간판 읽기,5,6,8,14
test,test_6401.jpg,25,6,8.25,18,33,1.5,기타,18,4,5,6
test,test_6402.jpg,28,7,7.0,7,28,1.0,가격·금액,7,7,7,7
test,test_6403.jpg,42,11,8.25,11,33,2.25,메뉴·상품,7,11,9,6
test,test_6404.jpg,29,4,6.25,7,25,1.0,가격·금액,6,6,7,6
test,test_6405.jpg,33,8,5.75,11,23,2.25,기타,4,11,3,5
test,test_6406.jpg,24,6,3.75,4,15,1.0,문자·간판 읽기,4,4,4,3
test,test_6407.jpg,30,9,10.75,16,43,2.75,문자·간판 읽기,8,8,16,11
test,test_6408.jpg,19,5,5.0,6,20,1.0,문자·간판 읽기,5,5,6,4
test,test_6409.jpg,45,10,8.5,10,34,2.5,메뉴·상품,9,6,10,9
test,test_6410.jpg,25,5,6.0,6,24,1.0,가격·금액,6,6,6,6
test,test_6411.jpg,40,9,4.25,6,17,1.5,기타,6,6,2,3
test,test_6412.jpg,32,10,3.25,6,13,1.25,기타,2,2,6,3
test,test_6413.jpg,30,8,14.25,17,57,4.0,문자·간판 읽기,10,17,16,14
test,test_6414.jpg,16,4,5.75,10,23,1.5,문자·간판 읽기,10,4,6,3
test,test_6415.jpg,22,6,6.5,9,26,2.25,기타,5,6,6,9
test,test_6416.jpg,53,14,3.0,3,12,1.0,문자·간판 읽기,3,3,3,3
test,test_6417.jpg,24,5,3.0,5,12,1.25,메뉴·상품,2,2,5,3
test,test_6418.jpg,44,13,7.75,9,31,2.75,기타,9,5,8,9
test,test_6419.jpg,40,10,6.5,7,26,2.0,기타,5,7,7,7
test,test_6420.jpg,33,9,7.5,8,30,1.0,문자·간판 읽기,8,8,7,7
test,test_6421.jpg,36,9,5.75,8,23,2.0,기타,8,3,6,6
test,test_6422.jpg,27,7,11.0,11,44,1.0,전화번호,11,11,11,11
test,test_6423.jpg,32,9,16.25,21,65,4.25,메뉴·상품,13,14,21,17
test,test_6424.jpg,38,8,9.5,12,38,1.25,가격·금액,8,12,7,11
test,test_6425.jpg,16,4,22.0,22,88,3.0,문자·간판 읽기,22,22,22,22
test,test_6426.jpg,42,10,17.0,22,68,5.0,위치·방향,12,22,19,15
test,test_6427.jpg,23,6,24.0,24,96,4.0,위치·방향,24,24,24,24
test,test_6428.jpg,60,13,6.5,10,26,1.75,문자·간판 읽기,6,5,10,5
test,test_6429.jpg,16,3,3.75,4,15,1.0,가격·금액,4,3,4,4
test,test_6430.jpg,17,4,6.5,9,26,2.0,기타,6,5,9,6
test,test_6431.jpg,35,7,9.5,11,38,1.0,전화번호,8,11,10,9
test,test_6432.jpg,19,5,6.5,9,26,2.25,기타,9,5,6,6
test,test_6433.jpg,45,11,19.25,22,77,4.75,문자·간판 읽기,22,17,19,19
test,test_6434.jpg,18,5,4.0,4,16,1.0,기타,4,4,4,4
test,test_6435.jpg,16,4,4.0,4,16,1.0,문자·간판 읽기,4,4,4,4
test,test_6436.jpg,26,6,5.25,6,21,2.0,문자·간판 읽기,6,5,5,5
test,test_6437.jpg,22,6,5.0,7,20,1.25,문자·간판 읽기,5,4,7,4
test,test_6438.jpg,47,12,3.0,5,12,1.25,기타,3,5,2,2
test,test_6439.jpg,29,8,2.0,2,8,1.0,문자·간판 읽기,2,2,2,2
test,test_6440.jpg,29,8,4.0,4,16,1.0,문자·간판 읽기,4,4,4,4
test,test_6441.jpg,45,8,41.0,50,164,5.5,기타,50,50,31,33
test,test_6442.jpg,19,5,8.5,10,34,2.0,메뉴·상품,10,7,8,9
test,test_6443.jpg,47,11,5.5,7,22,1.25,전화번호,4,7,6,5
test,test_6444.jpg,35,9,24.5,27,98,5.5,기타,25,22,27,24
test,test_6445.jpg,28,7,22.75,26,91,3.75,문자·간판 읽기,26,20,24,21
test,test_6446.jpg,34,6,7.25,10,29,2.5,기타,10,8,6,5
test,test_6447.jpg,50,14,9.5,15,38,2.75,날짜·시간,15,9,5,9
test,test_6448.jpg,25,7,18.5,19,74,3.25,문자·간판 읽기,19,18,18,19
test,test_6449.jpg,15,4,7.5,8,30,2.0,문자·간판 읽기,7,8,7,8
test,test_6450.jpg,16,4,18.0,22,72,3.0,문자·간판 읽기,14,20,22,16
test,test_6451.jpg,47,12,2.25,4,9,1.0,메뉴·상품,2,4,2,1
test,test_6452.jpg,29,8,28.5,39,114,4.25,메뉴·상품,22,39,24,29
test,test_6453.jpg,36,7,7.0,7,28,1.0,가격·금액,7,7,7,7
test,test_6454.jpg,32,6,4.0,5,16,1.0,가격·금액,5,3,5,3
test,test_6455.jpg,65,15,7.0,7,28,2.0,날짜·시간,7,7,7,7
test,test_6456.jpg,27,7,7.0,9,28,1.75,문자·간판 읽기,5,7,7,9
test,test_6457.jpg,25,6,5.5,14,22,1.25,기타,2,2,4,14
test,test_6458.jpg,37,10,5.75,8,23,2.25,기타,8,5,5,5
test,test_6459.jpg,28,7,5.0,5,20,1.0,가격·금액,5,5,5,5
test,test_6460.jpg,36,8,3.0,3,12,1.0,인물·대상,3,3,3,3
test,test_6461.jpg,31,8,5.5,6,22,2.0,색상,6,6,5,5
test,test_6462.jpg,25,7,2.0,2,8,1.0,문자·간판 읽기,2,2,2,2
test,test_6463.jpg,29,8,7.5,10,30,1.5,메뉴·상품,10,7,7,6
test,test_6464.jpg,37,10,17.5,23,70,4.5,기타,19,16,23,12
test,test_6465.jpg,40,9,2.25,3,9,1.0,기타,2,3,2,2
test,test_6466.jpg,37,10,25.0,36,100,5.75,기타,36,21,17,26
test,test_6467.jpg,27,7,15.5,28,62,4.25,문자·간판 읽기,11,12,28,11
test,test_6468.jpg,28,7,7.25,10,29,2.25,문자·간판 읽기,7,7,10,5
test,test_6469.jpg,46,12,2.75,3,11,1.0,색상,3,3,3,2
test,test_6470.jpg,53,13,15.0,22,60,4.75,문자·간판 읽기,22,8,13,17
test,test_6471.jpg,35,9,6.25,7,25,2.0,가격·금액,7,6,6,6
test,test_6472.jpg,27,7,3.0,3,12,1.0,인물·대상,3,3,3,3
test,test_6473.jpg,23,7,6.25,7,25,2.0,문자·간판 읽기,7,7,5,6
test,test_6474.jpg,40,10,5.25,6,21,1.75,가격·금액,6,3,6,6
test,test_6475.jpg,30,9,21.25,23,85,3.0,문자·간판 읽기,20,21,23,21
test,test_6476.jpg,17,4,7.0,10,28,2.25,문자·간판 읽기,6,10,6,6
test,test_6477.jpg,34,10,5.75,8,23,2.25,수량·계수,8,5,5,5
test,test_6478.jpg,20,5,11.75,20,47,3.25,메뉴·상품,10,20,9,8
test,test_6479.jpg,43,12,4.75,5,19,1.0,가격·금액,4,5,5,5
test,test_6480.jpg,24,5,19.0,20,76,3.0,날짜·시간,19,19,18,20
test,test_6481.jpg,17,4,13.0,14,52,2.0,문자·간판 읽기,14,13,11,14
test,test_6482.jpg,50,14,3.5,5,14,1.0,색상,3,3,5,3
test,test_6483.jpg,26,7,7.5,13,30,1.75,위치·방향,3,10,13,4
test,test_6484.jpg,22,6,3.0,3,12,1.0,문자·간판 읽기,3,3,3,3
test,test_6485.jpg,29,7,2.0,2,8,1.0,문자·간판 읽기,2,2,2,2
test,test_6486.jpg,41,10,24.5,26,98,5.5,문자·간판 읽기,26,26,23,23
test,test_6487.jpg,18,3,8.0,13,32,1.0,전화번호,8,13,3,8
test,test_6488.jpg,21,5,11.0,13,44,2.0,문자·간판 읽기,10,13,9,12
test,test_6489.jpg,49,12,10.5,15,42,3.0,위치·방향,15,12,8,7
test,test_6490.jpg,22,6,7.0,11,28,1.75,기타,9,4,4,11
test,test_6491.jpg,20,5,15.0,18,60,4.75,문자·간판 읽기,13,14,18,15
test,test_6492.jpg,22,5,6.0,6,24,1.0,가격·금액,6,6,6,6
test,test_6493.jpg,38,10,2.75,5,11,1.25,수량·계수,2,5,2,2
test,test_6494.jpg,34,9,2.75,4,11,1.0,위치·방향,2,2,3,4
test,test_6495.jpg,35,11,6.5,7,26,2.25,메뉴·상품,7,7,5,7
test,test_6496.jpg,38,9,6.0,6,24,1.0,가격·금액,6,6,6,6
test,test_6497.jpg,20,4,2.5,3,10,1.0,가격·금액,2,2,3,3
test,test_6498.jpg,15,4,12.5,14,50,3.0,기타,12,14,11,13
test,test_6499.jpg,24,6,6.25,8,25,2.0,위치·방향,8,6,7,4
test,test_6500.jpg,30,7,7.5,16,30,2.5,기타,5,5,16,4
test,test_6501.jpg,42,10,2.0,2,8,1.0,가격·금액,2,2,2,2
test,test_6502.jpg,61,13,6.75,7,27,1.0,가격·금액,7,6,7,7
test,test_6503.jpg,44,8,3.75,4,15,1.0,가격·금액,4,3,4,4
test,test_6504.jpg,32,7,18.5,19,74,2.5,전화번호,18,19,19,18
test,test_6505.jpg,50,13,5.5,10,22,1.75,문자·간판 읽기,6,2,4,10
test,test_6506.jpg,40,10,3.0,3,12,1.0,색상,3,3,3,3
test,test_6507.jpg,30,7,6.0,6,24,1.0,가격·금액,6,6,6,6
test,test_6508.jpg,24,6,15.0,19,60,2.5,문자·간판 읽기,12,17,19,12
test,test_6509.jpg,30,8,8.0,11,32,1.25,문자·간판 읽기,7,7,7,11
test,test_6510.jpg,36,8,11.5,13,46,1.0,전화번호,12,13,8,13
test,test_6511.jpg,42,9,5.0,5,20,1.0,가격·금액,5,5,5,5
test,test_6512.jpg,22,5,9.25,10,37,2.0,문자·간판 읽기,8,10,9,10
test,test_6513.jpg,29,6,6.0,6,24,1.0,가격·금액,6,6,6,6
test,test_6514.jpg,26,7,8.75,9,35,2.0,문자·간판 읽기,9,8,9,9
test,test_6515.jpg,22,5,8.75,17,35,1.75,기타,4,17,5,9
test,test_6516.jpg,38,10,5.25,6,21,2.0,색상,6,5,5,5
test,test_6517.jpg,36,11,27.75,33,111,4.0,문자·간판 읽기,31,33,26,21
test,test_6518.jpg,36,6,22.5,25,90,5.25,기타,25,18,24,23
test,test_6519.jpg,27,6,8.0,14,32,2.0,문자·간판 읽기,14,12,3,3
test,test_6520.jpg,39,9,14.25,18,57,5.0,날짜·시간,11,12,18,16
test,test_6521.jpg,24,6,35.75,51,143,6.75,기타,29,51,34,29
test,test_6522.jpg,16,4,6.25,7,25,1.0,문자·간판 읽기,7,6,6,6
test,test_6523.jpg,23,6,6.5,7,26,1.0,문자·간판 읽기,7,7,6,6
test,test_6524.jpg,42,11,5.0,7,20,1.5,문자·간판 읽기,3,7,4,6
test,test_6525.jpg,39,9,39.0,51,156,7.5,색상,25,51,46,34
test,test_6526.jpg,32,8,9.0,11,36,2.5,메뉴·상품,9,9,7,11
test,test_6527.jpg,24,6,5.0,5,20,1.0,가격·금액,5,5,5,5
test,test_6528.jpg,28,7,8.25,12,33,2.25,문자·간판 읽기,12,4,9,8
test,test_6529.jpg,23,6,4.0,5,16,1.0,메뉴·상품,5,3,5,3
test,test_6530.jpg,20,4,3.75,6,15,1.0,전화번호,4,2,3,6
test,test_6531.jpg,17,4,4.75,5,19,1.0,문자·간판 읽기,4,5,5,5
test,test_6532.jpg,31,7,4.0,5,16,1.0,색상,4,2,5,5
test,test_6533.jpg,40,10,25.0,37,100,4.5,기타,18,24,37,21
test,test_6534.jpg,29,7,4.75,6,19,1.75,문자·간판 읽기,5,6,4,4
test,test_6535.jpg,39,11,8.0,8,32,2.0,색상,8,8,8,8
test,test_6536.jpg,34,9,8.25,9,33,2.0,메뉴·상품,8,8,9,8
test,test_6537.jpg,56,13,3.25,5,13,1.0,위치·방향,1,5,4,3
test,test_6538.jpg,36,11,4.0,4,16,1.0,문자·간판 읽기,4,4,4,4
test,test_6539.jpg,16,4,16.25,17,65,4.0,문자·간판 읽기,16,17,16,16
test,test_6540.jpg,53,12,16.5,18,66,4.0,날짜·시간,18,16,16,16
test,test_6541.jpg,27,7,4.0,4,16,2.0,가격·금액,4,4,4,4
test,test_6542.jpg,23,6,4.0,4,16,1.0,문자·간판 읽기,4,4,4,4
test,test_6543.jpg,57,15,3.0,3,12,1.0,가격·금액,3,3,3,3
test,test_6544.jpg,20,5,6.75,7,27,2.0,문자·간판 읽기,7,7,7,6
test,test_6545.jpg,21,5,3.0,3,12,1.0,인물·대상,3,3,3,3
test,test_6546.jpg,31,9,9.5,13,38,2.75,기타,13,3,13,9
test,test_6547.jpg,53,13,13.25,17,53,2.5,위치·방향,12,9,15,17
test,test_6548.jpg,54,13,4.0,4,16,2.0,인물·대상,4,4,4,4
test,test_6549.jpg,23,5,4.5,7,18,1.0,기타,7,3,5,3
test,test_6550.jpg,25,6,11.25,14,45,2.0,문자·간판 읽기,14,9,11,11
test,test_6551.jpg,29,8,6.0,6,24,2.0,문자·간판 읽기,6,6,6,6
test,test_6552.jpg,46,11,16.5,18,66,4.25,기타,15,17,18,16
test,test_6553.jpg,21,5,3.75,4,15,1.0,문자·간판 읽기,4,4,3,4
test,test_6554.jpg,19,5,6.0,6,24,1.0,가격·금액,6,6,6,6
test,test_6555.jpg,16,4,4.25,5,17,1.0,메뉴·상품,4,4,5,4
test,test_6556.jpg,26,7,18.5,19,74,3.0,문자·간판 읽기,19,19,18,18
test,test_6557.jpg,38,9,5.0,8,20,1.0,전화번호,5,3,8,4
test,test_6558.jpg,15,4,13.25,18,53,2.75,기타,16,6,18,13
test,test_6559.jpg,25,6,8.0,9,32,1.0,문자·간판 읽기,9,8,8,7
test,test_6560.jpg,36,10,3.25,7,13,1.25,기타,2,2,2,7
test,test_6561.jpg,34,7,14.75,24,59,3.5,기타,12,12,24,11
test,test_6562.jpg,26,6,7.0,16,28,1.0,기타,4,16,4,4
test,test_6563.jpg,26,7,4.25,5,17,1.0,날짜·시간,4,4,5,4
test,test_6564.jpg,16,4,14.0,20,56,2.0,문자·간판 읽기,20,14,8,14
test,test_6565.jpg,20,5,8.0,8,32,2.0,위치·방향,8,8,8,8
test,test_6566.jpg,44,12,8.0,10,32,2.0,기타,4,10,8,10
test,test_6567.jpg,16,4,8.0,8,32,2.0,기타,8,8,8,8
test,test_6568.jpg,32,8,8.0,8,32,2.0,문자·간판 읽기,8,8,8,8
test,test_6569.jpg,26,7,6.25,9,25,1.5,메뉴·상품,4,7,5,9
test,test_6570.jpg,23,6,18.5,21,74,3.0,문자·간판 읽기,18,21,15,20
test,test_6571.jpg,39,9,12.0,12,48,3.0,위치·방향,12,12,12,12
test,test_6572.jpg,24,6,6.0,7,24,1.0,기타,5,6,6,7
test,test_6573.jpg,49,12,8.0,9,32,1.0,위치·방향,9,6,8,9
test,test_6574.jpg,35,9,8.5,9,34,2.0,위치·방향,9,9,9,7
test,test_6575.jpg,25,7,4.0,4,16,1.0,문자·간판 읽기,4,4,4,4
test,test_6576.jpg,54,13,14.75,19,59,3.25,기타,13,15,12,19
test,test_6577.jpg,45,14,11.75,13,47,3.0,기타,12,13,10,12
test,test_6578.jpg,28,7,6.5,8,26,2.0,기타,8,8,4,6
test,test_6579.jpg,28,7,12.25,13,49,2.0,문자·간판 읽기,12,12,12,13
test,test_6580.jpg,45,11,2.5,3,10,1.0,위치·방향,3,2,2,3
test,test_6581.jpg,31,8,8.5,14,34,1.5,위치·방향,4,14,7,9
test,test_6582.jpg,33,10,12.5,13,50,3.0,문자·간판 읽기,12,13,13,12
test,test_6583.jpg,20,5,11.5,13,46,3.0,문자·간판 읽기,13,10,12,11
test,test_6584.jpg,23,6,3.75,5,15,1.0,문자·간판 읽기,3,4,5,3
test,test_6585.jpg,30,9,25.0,37,100,6.25,문자·간판 읽기,21,37,17,25
test,test_6586.jpg,23,6,13.25,14,53,4.0,문자·간판 읽기,13,14,14,12
test,test_6587.jpg,29,6,4.5,6,18,1.0,가격·금액,3,3,6,6
test,test_6588.jpg,25,6,4.75,8,19,1.0,문자·간판 읽기,4,8,5,2
test,test_6589.jpg,25,5,6.75,7,27,1.0,가격·금액,7,7,7,6
test,test_6590.jpg,25,6,6.5,7,26,1.0,가격·금액,6,6,7,7
test,test_6591.jpg,30,8,30.0,30,120,7.0,가격·금액,30,30,30,30
test,test_6592.jpg,43,10,23.25,28,93,5.75,기타,26,21,18,28
test,test_6593.jpg,29,8,13.0,16,52,2.0,문자·간판 읽기,11,13,16,12
test,test_6594.jpg,24,6,1.0,1,4,1.0,전화번호,1,1,1,1
test,test_6595.jpg,34,9,10.25,11,41,1.25,문자·간판 읽기,10,10,10,11
test,test_6596.jpg,41,9,3.25,4,13,1.0,가격·금액,4,3,3,3
test,test_6597.jpg,32,9,8.5,10,34,2.75,기타,8,10,8,8
test,test_6598.jpg,29,6,25.75,27,103,6.0,날짜·시간,26,25,25,27
test,test_6599.jpg,17,4,15.75,16,63,2.0,문자·간판 읽기,16,16,15,16
test,test_6600.jpg,32,9,6.0,7,24,1.75,메뉴·상품,7,6,5,6
test,test_6601.jpg,22,6,8.0,8,32,1.0,가격·금액,8,8,8,8
test,test_6602.jpg,60,15,5.0,5,20,1.0,가격·금액,5,5,5,5
test,test_6603.jpg,55,14,5.75,8,23,1.0,문자·간판 읽기,8,4,7,4
test,test_6604.jpg,20,5,8.75,13,35,1.25,문자·간판 읽기,5,13,11,6
test,test_6605.jpg,23,5,9.25,14,37,2.75,위치·방향,9,7,14,7
test,test_6606.jpg,31,7,1.0,1,4,1.0,기타,1,1,1,1
test,test_6607.jpg,20,5,6.25,11,25,1.25,문자·간판 읽기,7,11,3,4
test,test_6608.jpg,27,8,20.75,28,83,3.5,문자·간판 읽기,13,21,21,28
test,test_6609.jpg,27,7,19.75,22,79,3.0,문자·간판 읽기,22,18,19,20
test,test_6610.jpg,32,9,5.0,5,20,1.0,가격·금액,5,5,5,5
test,test_6611.jpg,62,11,10.0,18,40,1.25,기타,18,9,8,5
test,test_6612.jpg,38,7,7.5,9,30,2.5,기타,6,9,9,6
test,test_6613.jpg,27,7,5.0,6,20,2.0,기타,5,4,6,5
test,test_6614.jpg,26,7,3.25,4,13,1.0,위치·방향,4,4,3,2
test,test_6615.jpg,20,5,16.5,17,66,4.0,문자·간판 읽기,16,17,17,16
test,test_6616.jpg,33,9,3.25,4,13,1.0,위치·방향,4,3,3,3
test,test_6617.jpg,26,6,19.25,21,77,3.5,메뉴·상품,16,21,20,20
test,test_6618.jpg,21,5,27.5,28,110,6.0,색상,28,26,28,28
test,test_6619.jpg,16,4,4.0,4,16,1.0,문자·간판 읽기,4,4,4,4
test,test_6620.jpg,30,7,12.25,13,49,1.0,전화번호,12,12,12,13
test,test_6621.jpg,21,5,17.25,26,69,2.5,문자·간판 읽기,17,14,12,26
test,test_6622.jpg,35,9,12.25,13,49,3.0,위치·방향,12,12,12,13
test,test_6623.jpg,36,10,7.25,9,29,1.75,문자·간판 읽기,5,7,9,8
test,test_6624.jpg,17,4,4.0,4,16,1.0,문자·간판 읽기,4,4,4,4
test,test_6625.jpg,53,13,2.25,3,9,1.0,기타,2,2,3,2
test,test_6626.jpg,32,8,16.25,17,65,5.0,기타,16,17,16,16
test,test_6627.jpg,29,8,7.0,11,28,2.25,문자·간판 읽기,11,6,6,5
test,test_6628.jpg,45,11,7.75,10,31,2.5,전화번호,7,6,10,8
test,test_6629.jpg,23,6,11.0,19,44,2.0,메뉴·상품,19,10,8,7
test,test_6630.jpg,25,5,7.0,7,28,1.0,가격·금액,7,7,7,7
test,test_6631.jpg,72,16,52.25,53,209,12.0,기타,53,52,53,51
test,test_6632.jpg,18,4,27.0,35,108,3.75,문자·간판 읽기,35,20,30,23
test,test_6633.jpg,54,14,1.0,1,4,1.0,문자·간판 읽기,1,1,1,1
test,test_6634.jpg,24,6,8.75,9,35,1.0,문자·간판 읽기,8,9,9,9
test,test_6635.jpg,27,8,5.0,6,20,2.0,기타,4,6,5,5
test,test_6636.jpg,26,6,3.0,3,12,1.0,가격·금액,3,3,3,3
test,test_6637.jpg,34,8,10.0,10,40,1.0,날짜·시간,10,10,10,10
test,test_6638.jpg,27,7,9.75,12,39,2.5,문자·간판 읽기,9,12,11,7
test,test_6639.jpg,30,9,25.75,33,103,6.75,문자·간판 읽기,33,27,18,25
test,test_6640.jpg,18,5,12.5,14,50,1.75,문자·간판 읽기,11,14,11,14
test,test_6641.jpg,34,9,3.75,4,15,1.0,문자·간판 읽기,4,4,3,4
test,test_6642.jpg,28,8,37.25,40,149,6.25,기타,36,40,40,33
test,test_6643.jpg,48,13,18.5,25,74,4.75,문자·간판 읽기,14,25,16,19
test,test_6644.jpg,27,8,4.0,4,16,1.0,문자·간판 읽기,4,4,4,4
test,test_6645.jpg,43,12,8.5,10,34,1.5,위치·방향,10,6,9,9
test,test_6646.jpg,38,9,8.25,10,33,1.25,기타,5,8,10,10
test,test_6647.jpg,32,9,2.0,2,8,1.0,위치·방향,2,2,2,2
test,test_6648.jpg,26,6,6.75,12,27,1.25,문자·간판 읽기,5,4,12,6
test,test_6649.jpg,27,8,2.5,3,10,1.0,문자·간판 읽기,2,3,3,2
test,test_6650.jpg,64,13,21.0,28,84,4.0,문자·간판 읽기,26,18,12,28
test,test_6651.jpg,53,14,3.0,3,12,1.0,색상,3,3,3,3
test,test_6652.jpg,37,8,4.0,4,16,1.0,가격·금액,4,4,4,4
test,test_6653.jpg,28,9,7.25,9,29,2.25,기타,7,9,7,6
test,test_6654.jpg,16,4,21.25,39,85,4.25,문자·간판 읽기,39,10,18,18
test,test_6655.jpg,32,8,10.0,11,40,3.75,가격·금액,9,10,10,11
test,test_6656.jpg,28,7,34.5,42,138,9.5,문자·간판 읽기,33,29,42,34
test,test_6657.jpg,19,5,9.25,10,37,1.0,메뉴·상품,9,9,9,10
test,test_6658.jpg,36,9,9.25,11,37,2.25,위치·방향,11,9,8,9
test,test_6659.jpg,19,5,2.5,3,10,1.0,전화번호,3,2,3,2
test,test_6660.jpg,38,9,6.0,6,24,1.0,가격·금액,6,6,6,6
test,test_6661.jpg,28,7,3.5,4,14,1.0,위치·방향,4,3,3,4
test,test_6662.jpg,27,6,9.0,13,36,1.5,문자·간판 읽기,12,4,7,13
test,test_6663.jpg,23,5,9.25,10,37,1.0,전화번호,8,10,9,10
test,test_6664.jpg,48,11,5.5,6,22,1.0,가격·금액,4,6,6,6
test,test_6665.jpg,69,17,9.75,13,39,3.25,위치·방향,13,12,9,5
test,test_6666.jpg,28,7,6.75,11,27,2.0,기타,7,11,3,6
test,test_6667.jpg,27,7,4.0,4,16,2.0,문자·간판 읽기,4,4,4,4
test,test_6668.jpg,48,10,10.25,12,41,2.75,문자·간판 읽기,9,12,11,9
test,test_6669.jpg,48,12,12.0,12,48,3.0,기타,12,12,12,12
test,test_6670.jpg,40,10,9.25,10,37,2.0,가격·금액,9,10,9,9
test,test_6671.jpg,34,7,3.25,4,13,1.0,메뉴·상품,3,3,4,3
test,test_6672.jpg,27,7,9.5,11,38,1.0,전화번호,11,11,8,8
test,test_6673.jpg,42,10,7.25,9,29,2.25,위치·방향,7,8,9,5
test,test_6674.jpg,23,6,10.0,11,40,2.0,문자·간판 읽기,11,9,10,10
test,test_6675.jpg,27,7,6.5,7,26,2.0,문자·간판 읽기,6,7,6,7
test,test_6676.jpg,28,7,6.0,6,24,1.0,가격·금액,6,6,6,6
test,test_6677.jpg,25,7,15.75,19,63,4.5,문자·간판 읽기,17,19,8,19
test,test_6678.jpg,42,10,6.0,7,24,1.0,위치·방향,7,6,6,5
test,test_6679.jpg,61,16,11.25,16,45,3.25,메뉴·상품,16,9,11,9
test,test_6680.jpg,34,10,9.5,15,38,2.0,기타,15,8,5,10
test,test_6681.jpg,23,6,9.5,10,38,3.0,가격·금액,10,8,10,10
test,test_6682.jpg,41,9,11.5,13,46,4.5,기타,13,10,13,10
test,test_6683.jpg,20,5,1.0,1,4,1.0,전화번호,1,1,1,1
test,test_6684.jpg,45,12,2.25,3,9,1.0,위치·방향,2,2,3,2
test,test_6685.jpg,24,6,9.75,14,39,2.5,문자·간판 읽기,8,9,14,8
test,test_6686.jpg,19,5,5.0,7,20,1.5,기타,7,3,7,3
test,test_6687.jpg,26,7,20.0,20,80,3.0,날짜·시간,20,20,20,20
test,test_6688.jpg,31,9,8.0,8,32,2.0,가격·금액,8,8,8,8
test,test_6689.jpg,69,13,16.0,24,64,3.75,문자·간판 읽기,13,15,12,24
test,test_6690.jpg,22,6,11.0,11,44,1.0,날짜·시간,11,11,11,11
test,test_6691.jpg,37,8,5.5,6,22,1.0,메뉴·상품,5,6,5,6
test,test_6692.jpg,40,11,5.75,7,23,2.0,문자·간판 읽기,7,6,5,5
test,test_6693.jpg,37,10,1.0,1,4,1.0,기타,1,1,1,1
test,test_6694.jpg,38,10,22.5,25,90,5.5,기타,25,20,20,25
test,test_6695.jpg,24,6,6.0,6,24,1.0,문자·간판 읽기,6,6,6,6
test,test_6696.jpg,37,11,3.0,4,12,1.0,위치·방향,2,3,3,4
test,test_6697.jpg,34,7,12.75,15,51,3.25,메뉴·상품,15,14,13,9
test,test_6698.jpg,46,14,20.5,23,82,5.0,기타,21,23,23,15
test,test_6699.jpg,22,6,16.0,16,64,4.0,문자·간판 읽기,16,16,16,16
test,test_6700.jpg,16,4,9.25,16,37,2.0,문자·간판 읽기,10,5,6,16
test,test_6701.jpg,18,5,4.25,5,17,1.0,문자·간판 읽기,4,5,4,4
test,test_6702.jpg,47,11,6.0,9,24,1.0,위치·방향,9,4,5,6
test,test_6703.jpg,42,11,4.0,5,16,1.0,메뉴·상품,5,4,3,4
test,test_6704.jpg,40,11,15.75,27,63,3.75,날짜·시간,12,12,27,12
test,test_6705.jpg,22,6,25.25,27,101,4.0,문자·간판 읽기,26,27,22,26
test,test_6706.jpg,63,11,26.75,28,107,6.0,날짜·시간,28,27,26,26
test,test_6707.jpg,28,7,3.75,4,15,1.0,메뉴·상품,4,3,4,4
test,test_6708.jpg,29,8,7.25,9,29,2.25,메뉴·상품,6,9,5,9
test,test_6709.jpg,44,9,11.0,11,44,3.0,문자·간판 읽기,11,11,11,11
test,test_6710.jpg,42,12,12.25,13,49,2.0,수량·계수,13,12,12,12
test,test_6711.jpg,23,5,11.75,15,47,1.0,전화번호,12,10,10,15
test,test_6712.jpg,30,8,13.25,14,53,4.0,기타,14,14,12,13
test,test_6713.jpg,30,6,8.25,9,33,1.0,전화번호,8,9,8,8
test,test_6714.jpg,25,6,5.5,8,22,1.0,문자·간판 읽기,2,8,4,8
